CustomerID,StoreID,PersonID,CustomerName,PointOfContact
29484,292,291,Next-Door Bike Store,Gustavo Achong
29485,294,293,Professional Sales and Service,Catherine Abel
29486,296,295,Riders Company,Kim Abercrombie
29487,298,297,The Bike Mechanics,Humberto Acevedo
29488,300,299,Nationwide Supply,Pilar Ackerman
29489,302,301,Area Bike Accessories,Frances Adams
29490,304,303,Bicycle Accessories and Kits,Margaret Smith
29491,306,305,Clamps & Brackets Co.,Carla Adams
29492,308,307,Valley Bicycle Specialists,Jay Adams
29493,310,309,New Bikes Company,Ronald Adina
29494,312,311,Vinyl and Plastic Goods Corporation,Samuel Agcaoili
29495,314,313,Top of the Line Bikes,James Aguilar
29496,316,315,Fun Toys and Bikes,Robert Ahlering
29497,318,317,Great Bikes ,François Ferrier
29498,320,319,Metropolitan Sales and Rental,Kim Akers
29499,324,323,Valley Toy Store,Amy Alberts
29500,326,325,Worthwhile Activity Store,Anna Albright
29501,328,327,Purchase Mart,Milton Albury
29502,330,329,Major Sport Suppliers,Paul Alcorn
29503,332,331,Family's Favorite Bike Shop,Gregory Alderson
29504,334,333,Global Plaza,J. Phillip Alexander
29505,336,335,Imported and Domestic Cycles,Michelle Alexander
29506,338,337,Systematic Sales,Sean Jacobson
29507,340,339,eCommerce Bikes,Phyllis Allen
29508,342,341,Mountain Toy Store,Marvin Allen
29509,344,343,Retail Sales and Service,Michael Allen
29510,346,345,Designated Distributors,Cecil Allison
29511,348,347,Bold Bike Accessories,Oscar Alpuerto
29512,350,349,Twin Cycles,Sandra Altamirano
29513,352,351,Tiny Bike Boutique,Selena Alvarado
29514,354,353,Acclaimed Bicycle Company,Emilio Alvaro
29515,356,355,Serious Cycles,Maxwell Amland
29516,358,357,Quality Bike Sales,Mae Anderson
29517,360,359,Novelty Bikes,Ramona Antrim
29518,362,361,Distinctive Cycles Sales & Service,Sabria Appelbaum
29519,364,363,Leading Bike Distributors,Hannah Arakawa
29520,366,365,Activity Center,Kyley Arbelaez
29521,368,367,Brightwork Company,Tom Johnston
29522,370,369,Resale Services,Thomas Armstrong
29523,372,371,The Gear Store,John Arthur
29524,374,373,Immense Manufacturing Company,Chris Ashton
29525,376,375,Extended Bike Sales,Teresa Atkinson
29526,378,377,Pedaling Components,John Ault
29527,380,379,Workout Emporium,Robert Avalos
29528,382,381,Work and Play Association,Stephen Ayers
29529,384,383,Seaside Bike Works,Phillip Bacalzo
29530,386,385,Nice Bikes,Daniel Blanco
29531,388,387,Remarkable Bike Store,Cory Booth
29532,390,389,Road-Way Mart,James Bailey
29533,392,391,Small Cycle Store,Douglas Baldwin
29534,394,393,Blue-Ribbon Bike Company,Jennifer Bales
29535,398,397,Grand Bicycle Stores,Wayne Banack
29536,406,405,Kickstand Sellers,Robert Barker
29537,408,407,Nearest Bike Store,Rebecca Barley
29538,410,409,Fast Bike Works,Brenda Barlow
29539,412,411,Gasless Cycle Shop,Josh Barnhill
29540,414,413,Lubricant and Grease Suppliers,Adam Barr
29541,418,417,Transportation Options,Gytis Barzdukas
29542,420,419,Capital Riding Supplies,David Bartness
29543,422,421,Bike Boutique,Karel Bates
29544,428,427,Finer Cycle Shop,Shaun Beasley
29545,430,429,Center Cycle Shop,John Beaver
29546,432,431,Bulk Discount Store,Christopher Beck
29547,436,435,Second Bike Shop,Benjamin Becker
29548,438,437,First-Rate Outlet,Ann Beebe
29549,440,439,Juvenile Sports Equipment,Shane Belli
29550,442,441,Another Bicycle Company,Stanley Alan
29551,444,443,Fourth Bike Store,Mason Bendixen
29552,446,445,Rodeway Bike Store,John Bennetts
29553,450,449,Unsurpassed Bikes,Edna Benson
29554,452,451,Field Trip Inc,Payton Benson
29555,454,453,Tire Company,Max Benson
29556,456,455,Uncompromising Quality Co,Scot Bent
29557,464,463,Odometers and Accessories Company,Alexander Berger
29558,466,465,Scratch-Resistant Finishes Company,John Berger
29559,472,471,Safe Cycles Shop,Robert Bernacchi
29560,474,473,Number 1 Supply,Matthias Berndt
29561,476,475,Industrial Supplies,John Berry
29562,478,477,Golf and Cycle Store,Steven Brown
29563,480,479,Front Runner Bikes,Chris Bidelman
29564,482,481,Favorite Toy Distributor,Mary Billstrom
29565,484,483,World Bike Discount Store,Jimmy Bischoff
29566,488,487,Historic Bicycle Sales,Mae Black
29567,490,489,Commuter Bicycle Store,Jackie Blackwell
29568,492,491,Coalition Bike Company,Donald Blanton
29569,494,493,Travel Systems,Linda Burnett
29570,496,495,Grease and Oil Products Company,Michael Blythe
29571,498,497,Moderately-Priced Bikes Store,Gabriel Bockenkamp
29572,502,501,Eighty Toy Stores,Corinna Bolender
29573,504,503,Economy Bikes Company,Luis Bonifaz
29574,506,505,Third Bike Store,Randall Boseman
29575,508,507,Atypical Bike Company,Stephanie Bourne
29576,510,509,Bikes for Two,Eli Bowen
29577,512,511,Metal Processing Company,Lester Bowman
29578,514,513,Widget Bicycle Specialists,David Bradley
29579,516,515,Initial Bike Company,Cornelius Brandon
29580,518,517,Latest Sports Equipment,Richard Bready
29581,520,519,Modern Bike Store,Sara Breer
29582,522,521,Raw Materials Inc,Ted Bremer
29583,524,523,Lots of Bikes Storehouse,Alan Brewer
29584,526,525,Futuristic Bikes,Walter Brian
29585,528,527,Parcel Express Delivery Service,Christopher Bright
29586,532,531,North Bike Company,David Brink
29587,534,533,Prosperous Tours,John Brooks
29588,536,535,Nonskid Tire Company,Willie Brooks
29589,538,537,Amalgamated Parts Shop,Carolee Brown
29590,540,539,Metro Bike Works,Jo Brown
29591,542,541,Best o' Bikes,Robert Brown
29592,544,543,Painters Bicycle Specialists,Kevin Browne
29593,546,545,Client Discount Store,Mary Browning
29594,548,547,Eastside Sporting Goods,Dave Browning
29595,550,549,Helmets and Cycles,Bridget Browqett
29596,552,551,Requisite Part Supply,Eric Brumfield
29597,554,553,Racks and Security Systems,Dick Brummer
29598,556,555,Mechanical Products Ltd.,Michael Brundage
29599,558,557,Commendable Bikes,Shirley Bruner
29600,560,559,Online Bike Sellers,June Brunner
29601,562,561,Custom Accessories Company,Dirk Bruno
29602,564,563,Unusual Bicycle Company,Nancy Buchanan
29603,566,565,Courteous Bicycle Specialists,Janaina Barreiro Gambaro Bueno
29604,568,567,Hobby Store,Edward Buensalido
29605,570,569,Professional Cycle Store,Megan Burke
29606,574,573,Fifth Bike Store,Karren Burkhardt
29607,578,577,Rambling Tours,Dana Burnell
29608,580,579,Farthest Bike Store,Timothy Burnett
29609,582,581,Excellent Bikes,Stephen Burton
29610,584,583,Curbside Universe,Deanna Buskirk
29611,586,585,Alternative Vehicles,Jared Bustamante
29612,588,587,Channel Outlet,Richard Byham
29613,590,589,Full Sports Supply,David Byrnes
29614,592,591,Retail Mall,Ryan Calafato
29615,596,595,Metro Metals Co.,Mari Caldwell
29616,598,597,Sheet Metal Manufacturing,Barbara Calone
29617,600,599,Thorough Parts and Repair Services,Lindsey Camacho
29618,602,601,Uttermost Bike Shop,Gustavo Camargo
29619,604,603,Mechanical Sports Center,DeeDee Cameron
29620,608,607,Two-Wheeled Transit Company,Joan Campbell
29621,610,609,Mountain Emporium,David Campbell
29622,612,611,Metro Cycle Shop,Henry Campen
29623,614,613,Outdoor Sporting Goods,Chris Cannon
29624,616,615,Tread Industries,Joseph Cantoni
29625,618,617,Petroleum Products Distributors,Suzana De Abreu Canuto
29626,620,619,Tandem Bicycle Store,Jun Cao
29627,622,621,Bikes and Motorbikes,Johnny Caprio
29628,624,623,Budget Toy Store,Richard Carey
29629,626,625,Camping and Sports Store,Carlton Carlisle
29630,628,627,Ace Bicycle Supply,Ty Loren Carlson
29631,630,629,Rural Department Store,Jane Carmichael
29632,632,631,Sports Commodities,Jovita Carmody
29633,634,633,Riverside Company,Steve Carnes
29634,636,635,Bicycle Exporters,Fernando Caro
29635,638,637,Responsible Bike Dealers,Rob Caron
29636,640,639,Western Bike Supplies,Andy Carothers
29637,642,641,Advanced Bike Components,Donna Carreras
29638,644,643,Aerobic Exercise Company,Rosmarie Carroll
29639,648,647,Corner Bicycle Supply,Joseph Castellucio
29640,650,649,Distance Bikes,Pamela Carlson
29641,652,651,Westside Plaza,Raul Casts
29642,654,653,Ultimate Bike Shop,Elizabeth Catalano
29643,656,655,Outstanding Cycles,Matthew Cavallari
29644,658,657,Vigorous Sports Store,Brigid Cavendish
29645,660,659,Sports Merchandise,Andrew Cencini
29646,662,661,Fitness Toy Store,Stacey Cereghino
29647,664,663,Casual Bicycle Store,Baris Cetinok
29648,666,665,Fitness Discount Store,Sean Chai
29649,668,667,General Cycle Storehouse,Pat Chambers
29650,670,669,Fitness Cycling,Forrest Chandler
29651,672,671,Good Bike Shop,Lee Chapla
29652,676,675,Inexpensive Parts Shop,Neil Charney
29653,682,681,Thrilling Bike Tours,Pei Chow
29654,684,683,This Area Sporting Goods,Yao-Qiang Cheng
29655,686,685,Full-Service Bike Store,Nicky Chesnut
29656,688,687,Plastic Products Manufacturers,Susan Chestnut
29657,690,689,Kids and Adults Cycle Shop,Martin Chisholm
29658,692,691,Grand Discount Store,Mike Choi
29659,694,693,Genuine Bike Shop,Ruth Choin
29660,696,695,Extreme Riding Supplies,Anthony Chor
29661,698,697,Bike Rims Company,Charles Christensen
29662,700,699,Fleet Bikes,Jill Christie
29663,702,701,Local Hardware Factory,Alice Clark
29664,704,703,Only Bikes and Accessories,Gina Clark
29665,706,705,Rental Gallery,James Clark
29666,708,707,South Bike Company,Jane Clayton
29667,710,709,Wonderful Bikes Inc.,Kristine Cleary
29668,714,713,Discount Bicycle Specialists,Connie Coffman
29669,716,715,Famous Bike Sales and Service,Jeanette Cole
29670,718,717,First Supplies,Eric Coleman
29671,720,719,Machines & Cycles Store,Pat Coleman
29672,722,721,Pedals Warehouse,Takiko Collins
29673,724,723,Two Wheels Cycle Store,John Colon
29674,726,725,Westside Cycle Store,Scott Colvin
29675,728,727,Wholesale Bikes,Aaron Con
29676,730,729,Very Best Sports Supply,Peter Connelly
29677,732,731,Urban Sports Emporium,William Conner
29678,734,733,Superlative Bikes,Stephanie Conroy
29679,736,735,Primary Cycle Shop,Amy Consentino
29680,738,737,Sixth Bike Store,Dorothy Contreras
29681,740,739,Touring Services,Patrick Cook
29682,742,741,Vehicle Shop,Scott Cooper
29683,744,743,First Department Stores,Eva Corets
29684,746,745,Grand Sport Boutique,Marlin Coriell
29685,752,751,Elemental Sporting Goods,Pamela Cox
29686,754,753,Distinctive Store,Jack Creasey
29687,758,757,Nearby Bike Mall,Shelley Crow
29688,760,759,Handy Bike Services,Grant Culbertson
29689,762,761,Friendly Bike Shop,Scott Culp
29690,764,763,Fashionable Bikes and Accessories,Conor Cunningham
29691,766,765,Extreme Toy Store,Jose Curry
29692,768,767,Citywide Service and Repair,Thierry D'Hers
29693,770,769,Best Cycle Store,Ryan Danner
29694,772,771,Professional Sporting Goods,Mike Danseglio
29695,774,773,Rugged Bikes,Megan Davis
29696,776,775,Principal Bike Company,Alvaro De Matos Miranda Filho
29697,778,777,One-Piece Handle Bars,Jose De Oliveira
29698,780,779,Finer Riding Supplies,Jacob Dean
29699,782,781,Neighborhood Store,Alexander Deborde
29700,784,783,Online Bike Catalog,Barbara Decker
29701,786,785,Outdoor Equipment Store,Kirk DeGrasse
29702,788,787,Paint Supply,Aidan Delaney
29703,790,789,Preferred Bikes,Stefan Delmarco
29704,792,791,Rally Day Mall,Shawn Demicell
29705,794,793,Rewarding Activities Company,Della Demott Jr
29706,796,795,Rich Department Store,Bruno Deniut
29707,798,797,Sales and Supply Company,Helen Dennis
29708,800,799,Stationary Bikes and Stands,Prashanth Desai
29709,802,801,Successful Sales Company,Bev Desalvo
29710,804,803,Downtown Hotel,Brenda Diaz
29711,806,805,Certified Sports Supply,Gabriele Dickmann
29712,808,807,Registered Cycle Store,Holly Dickson
29713,810,809,Rampart Amusement Company,Dick Dievendorff
29714,812,811,Sundry Sporting Goods,Rudolph Dillon
29715,814,813,Excellent Riding Supplies,Andrew Dixon
29716,816,815,Farthermost Bike Shop,Blaine Dockter
29717,818,817,Suburban Cycle Shop,Cindy Dodd
29718,820,819,Weekend Tours,John Donovan
29719,822,821,Racing Bike Outlet,Patricia Doyle
29720,824,823,Utilitarian Sporting Goods,Gerald Drury
29721,826,825,Bike Goods ,Gary Drury
29722,828,827,Vigorous Exercise Company,Reuben D'sa
29723,830,829,Showcase for Cycles,Ed Dudenhoefer
29724,832,831,Lease-a-Bike Shop,Bernard Duerr
29725,834,833,Functional Store South,Tish Duff
29726,836,835,Active Cycling,Adrian Dumitrascu
29727,838,837,Stock Parts and Supplies,Bart Duncan
29728,840,839,Roadway Supplies,Maciej Dusza
29729,842,841,Sensational Discount Store,Shelley Dyck
29730,844,843,Future Bikes,Linda Ecoffey
29731,846,845,Super Sports Store,Carla Eldridge
29732,848,847,Satin Finish Company,Carol Elliott
29733,850,849,Regional Manufacturing,Shannon Elliott
29734,852,851,Original Bicycle Supply Company,Jauna Elson
29735,854,853,First Center,Michael Emanuel
29736,856,855,Action Bicycle Specialists,Terry Eminhizer
29737,858,857,Roadway Bike Emporium,John Emory
29738,860,859,Sleek Bikes ,Gail Erickson
29739,862,861,Retail Sporting Equipment,Mark Erickson
29740,864,863,Price-Cutter Discount Bikes,Martha Espinoza
29741,868,867,Central Bicycle Specialists,Janeth Esteves
29742,870,869,Vast Bike Sales and Rental,Twanna Evans
29743,872,871,Summer Sports Place,Ann Evans
29744,874,873,Real Sporting Goods,John Evans
29745,876,875,Versatile Sporting Goods Company,Marc Faeber
29746,878,877,Bicycle Outfitters,Fadi Fakhouri
29747,880,879,The Bike Shop,Carolyn Farino
29748,882,881,Safe Toys,Geri Farrell
29749,884,883,Qualified Sales and Repair Services,Hanying Feng
29750,886,885,Our Sporting Goods Store,Rhoda Finley
29751,888,887,Lustrous Paints and Components,Duane Fitzgerald
29752,890,889,Expert Sports Store,James Fine
29753,892,891,Coho Sports,Kathie Flood
29754,894,893,Jumbo Bikes,Jay Fluegel
29755,896,895,Quick Delivery Service,Kelly Focht
29756,898,897,Tough and Reliable Parts,Jeffrey Ford
29757,900,899,Basic Sports Equipment,Garth Fort
29758,902,901,Cash & Carry Bikes,Dorothy Fox
29759,904,903,Convenient Bike Shop,Judith Frazier
29760,906,905,Fitness Bike Accessories,John Fredericksen
29761,908,907,General Bike Corporation,Susan French
29762,910,909,Quitting Business Distributors,Liam Friedland
29763,912,911,Retail Cycle Shop,Mihail Frintu
29764,914,913,Social Activities Club,John Ford
29765,916,915,Blue Bicycle Company,Paul Fulton
29766,920,919,General Riding Supplies,Bob Gage
29767,922,921,Parts Shop,Aldeen Gallagher
29768,924,923,Riding Excursions,Michael Galos
29769,926,925,Unique Bikes,Jon Ganio
29770,928,927,Rural Cycle Emporium,Kathleen Garza
29771,930,929,Associated Bikes,Dominic Gash
29772,932,931,Modular Cycle Systems,Janet Gates
29773,934,933,A Bike Store,Orlando Gee
29774,936,935,Journey Sporting Goods,Darren Gehring
29775,938,937,Two Bike Shops,Jim Geist
29776,940,939,Cycles Wholesaler & Mfg.,Barbara German
29777,942,941,Wheels Inc.,Tom Getzinger
29778,944,943,Number One Bike Co.,Leo Giakoumakis
29779,946,945,Racing Supply Distributors,Cornett Gibbens
29780,948,947,Standard Bikes,Frances Giglio
29781,950,949,The Bicycle Accessories Company,Guy Gilbert
29782,952,951,Active Systems,Janet Gilliat
29783,954,953,Futuristic Sport Distributors,Mary Gimmi
29784,958,957,Big-Time Bike Store,Jeanie Glenn
29785,960,959,The Showroom,Diane Glimp
29786,962,961,Spa and Exercise Outfitters,James Glynn
29787,964,963,Year-Round Sports,Scott Gode
29788,966,965,The New Bike Store,Mete Goktepe
29789,970,969,Primary Bike Distributors,Brian Goldstein
29790,972,971,Major Bicycle Store,Lynn Gonzales
29791,974,973,Leather and Vinyl Manufacturing,Linda Gonzales
29792,976,975,Genial Bike Associates,Abigail Gonzalez
29793,978,977,Commercial Sporting Goods,Michael Graff
29794,980,979,Wholesale Parts,Derek Graham
29795,982,981,Steel Inc.,Lowell Graham
29796,984,983,Riding Cycles,Jon Grande
29797,986,985,Metro Manufacturing,Jane Greer
29798,988,987,Manufacturers Inc,Geoff Grisso
29799,990,989,Locks Company,Douglas Groncki
29800,992,991,Latest Accessories Sales,Brian Groth
29801,994,993,Incomparable Bicycle Store,Faith Gustafson
29802,996,995,Hometown Riding Supplies,Greg Harrison
29803,998,997,Greater Bike Store,Hattie Haemon
29804,1000,999,Games and Sport Supply Company,Matthew Hagemann
29805,1002,1001,Distant Inn,Erin Hagens
29806,1004,1003,Finer Mart,Betty Haines
29807,1010,1009,Cross-Country Riding Supplies,Bryan Hamilton
29808,1012,1011,Stylish Department Stores,James Hamilton
29809,1014,1013,Bike World,Kerim Hanif
29810,1016,1015,Central Discount Store,Jean Handley
29811,1018,1017,Trusted Catalog Store,Mark Hanson
29812,1020,1019,Bicycle Warehouse Inc.,William Hapke
29813,1022,1021,Sharp Bikes,Katherine Harding
29814,1024,1023,Exemplary Cycles,Kimberly Harrington
29815,1026,1025,Metropolitan Sports Supply,Lucy Harrington
29816,1028,1027,Progressive Sports,Keith Harris
29817,1030,1029,Underglaze and Finish Company,Doris Hartwig
29818,1032,1031,Brakes and Gears,Roger Harui
29819,1034,1033,The Accessories Store,Ann Hass
29820,1036,1035,Mountain Bike Store,Mark Hassall
29821,1038,1037,Bike Part Wholesalers,Neal Hasty
29822,1040,1039,Family Cycle Store,James Haugh
29823,1042,1041,Popular Bike Lines,Jeff Hay
29824,1044,1043,Superb Sales and Repair,Brenda Heaney
29825,1046,1045,Better Bike Shop,James Hendergart
29826,1048,1047,Countryside Company,John Hanson
29827,1050,1049,First Bike Store,Valerie Hendricks
29828,1052,1051,Traditional Department Stores,Jay Henningsen
29829,1054,1053,Eastside Cycle Shop,Jeff Henshaw
29830,1056,1055,General Department Stores,Kari Hensien
29831,1060,1059,Operational Manufacturing,Irene Hernandez
29832,1062,1061,Online Bike Warehouse,Jésus Hernandez
29833,1064,1063,Retread Tire Company,Pam Herrick
29834,1066,1065,Small Bike Shop,Cheryl Herring
29835,1068,1067,Superior Hardware Distributors,Ronald Heymsfield
29836,1070,1069,Fitness Sport Boutique,Sidney Higa
29837,1072,1071,Producer Goods Clearinghouse,Onetha Higgs
29838,1074,1073,Recreation Systems,Fran Highfill
29839,1076,1075,Rustic Bike Store,Geneva Hill
29840,1078,1077,Eastside Parts Shop,Andrew Hill
29841,1080,1079,Exchange Parts Inc.,Reinout Hillmann
29842,1082,1081,First Cycle Store,Mike Hines
29843,1084,1083,Running and Cycling Gear,Matthew Hink
29844,1086,1085,Seventh Bike Store,Nancy Hirota
29845,1088,1087,Fast Services,Rose Hirsch
29846,1090,1089,General Associates,Douglas Hite
29847,1092,1091,Good Toys,David Hodgson
29848,1094,1093,Little Bicycle Supply Shop,Helge Hoeing
29849,1096,1095,Retail Toy Store,Barbara Hoffman
29850,1100,1099,All Seasons Sports Supply,Bob Hodges
29851,1102,1101,Leisure Clearing House,Jean Holloway
29852,1106,1105,The Commissary,Eddie Holmes
29853,1108,1107,Affordable Sports Equipment,Juanita Holman
29854,1110,1109,Local Sales and Rental,Peter Houston
29855,1112,1111,Economy Center,Curtis Howard
29856,1114,1113,Community Department Stores,Joe Howard
29857,1116,1115,Area Sheet Metal Supply,Janice Hows
29858,1118,1117,Synthetic Materials Manufacturing,George Huckaby
29859,1120,1119,Rural Sales and Service,Joshua Huff
29860,1122,1121,Tubeless Tire Company,Arlene Huff
29861,1126,1125,Hardware Components,Phyllis Huntsman
29862,1128,1127,Retail Sporting Goods,Lawrence Hurkett
29863,1130,1129,Efficient Cycling,Ryan Ihrig
29864,1132,1131,General Industries,Beth Inghram
29865,1134,1133,Highway Bike Shop,Lucio Iallo
29866,1136,1135,Rental Bikes,Richard Irwin
29867,1138,1137,Roving Sports,Erik Ismert
29868,1140,1139,Express Bike Services,Denean Ison
29869,1142,1141,Major Amusement Company,Raman Iyer
29870,1144,1143,Retail Discount Store,Bronson Jacobs
29871,1146,1145,Vale Riding Supplies,Eric Jacobsen
29872,1148,1147,A Great Bicycle Company,Jodan Jacobson
29873,1150,1149,Certified Bicycle Supply,Mary Alexander
29874,1152,1151,Exceptional Cycle Services,David Jaffe
29875,1154,1153,Instant Cycle Store,Jay Jamison
29876,1156,1155,Leisure Activities,Vance Johns
29877,1158,1157,Paints and Solvents Company,Joyce Jarvis
29878,1160,1159,West Wind Distributors,George Jiang
29879,1162,1161,Bikes for Kids and Adults,Stephen Jiang
29880,1164,1163,Consolidated Sales,Samuel Johnson
29881,1166,1165,Home Town Bike Store,Danielle Johnson
29882,1168,1167,Optimal Bikes,Greg Johnson
29883,1170,1169,Sample Bike Store,Barry Johnson
29884,1172,1171,Extras Sporting Goods,Brian Johnson
29885,1174,1173,Sure & Reliable Sporting Goods,David Johnson
29886,1176,1175,Eleventh Bike Store,Willis Johnson
29887,1178,1177,Enterprise Center,Tamara Johnston
29888,1182,1181,New and Used Bicycles,Brannon Jones
29889,1184,1183,Separate Parts Corporation,Jean Jordan
29890,1186,1185,Basic Bike Company,Peggy Justice
29891,1188,1187,"Fabrikam Inc., West",Diane Krane
29892,1192,1191,Non-Slip Pedal Company,Sandra Kitt
29893,1196,1195,Weekend Bike Tours,Sandeep Kaliyath
29894,1198,1197,"Fabrikam Inc., East",John Kane
29895,1200,1199,General Supplies,Lori Kane
29896,1202,1201,Noiseless Gear Company,Judith Krane
29897,1204,1203,Racing Toys,Kay Krane
29898,1206,1205,Capable Sales and Service,Sandeep Katyal
29899,1210,1209,Pretty Bikes and Toys,Kendall Keil
29900,1212,1211,Road Way Sales and Rental,Victor Kelley
29901,1214,1213,Sturdy Toys,John Kelly
29902,1216,1215,Beneficial Exercises and Activities,Robert Kelly
29903,1218,1217,Fad Outlet,Kevin Kennedy
29904,1220,1219,Commerce Bicycle Specialists,Mary Kesslep
29905,1224,1223,Acceptable Sales & Service,Elizabeth Keyser
29906,1228,1227,District Mall,Imtiaz Khan
29907,1230,1229,Fitness Supplies,Karan Khanna
29908,1232,1231,Mail Market,Joe Kim
29909,1234,1233,Spare Parts Co.,Jim Kim
29910,1236,1235,Twelfth Bike Store,Shane Kim
29911,1238,1237,Consolidated Messenger,Tim Kim
29912,1240,1239,Daring Rides,Russell King
29913,1242,1241,Field Trip Store,Anton Kirilov
29914,1244,1243,Finish and Sealant Products,Christian Kleinerman
29915,1246,1245,Finer Parts Shop,Andrew Kobylinski
29916,1248,1247,Glossy Bikes,Reed Koch
29917,1250,1249,Next Door Cycles,Jim Kennedy
29918,1252,1251,Up-To-Date Sports,Kirk King
29919,1254,1253,Mountain Bike Center,Eugene Kogan
29920,1256,1255,Specialty Sports Store,Scott Konersmann
29921,1258,1257,Scooters and Bikes Store,Joy Koski
29922,1260,1259,Closest Bicycle Store,Pamala Kotc
29923,1262,1261,Roadway Bicycle Supply,Edward Kozlowski
29924,1266,1265,Reasonable Bicycle Sales,Mitch Kennedy
29925,1270,1269,Outdoor Sports Supply,Margaret Krupka
29926,1272,1271,Outdoor Aerobic Systems Company,Deepak Kumar
29927,1274,1273,Self-Contained Cycle Parts Company,Jeffrey Kung
29928,1276,1275,Metal Clearing House,Vamsi Kuppa
29929,1278,1277,Many Bikes Store,Jeffrey Kurtz
29930,1280,1279,Largest Bike Store,Peter Kurniawan
29931,1282,1281,Kickstands and Accessories Company,Eric Lang
29932,1284,1283,Instruments and Parts Company,Rebecca Laszlo
29933,1286,1285,Neighborhood Bicycle Storehouse,Cecilia Laursen
29934,1288,1287,Gear-Shift Bikes Limited,David Lawrence
29935,1290,1289,Frugal Bike Shop,Elsa Leavitt
29936,1292,1291,Family Entertainment Center,Michael Lee
29937,1294,1293,Go-cart and Bike Specialists,Marjorie Lee
29938,1296,1295,Trailblazing Sports,Frank Campbell
29939,1298,1297,Racing Partners,Mark Lee
29940,1300,1299,Perfect Toys,Robertson Lee
29941,1302,1301,Exhibition Showroom,Jolie Lenehan
29942,1304,1303,Authorized Bike Sales and Rental,Roger Lengel
29943,1306,1305,Two-Seater Bikes,A. Leonetti
29944,1308,1307,More Bikes!,Bonnie Lepro
29945,1310,1309,Unified Sports Company,Gloria Lesko
29946,1312,1311,National Manufacturing,Linda Leste
29947,1316,1315,Wheelsets Storehouse,Judy Lew
29948,1318,1317,Town Industries,Elsie Lewin
29949,1320,1319,Security Racks and Locks Wholesalers,George Li
29950,1322,1321,Rapid Bikes,Yale Li
29951,1324,1323,Metro Sports Equipment,Yan Li
29952,1326,1325,Nearby Sporting Goods,Yuhong Li
29953,1328,1327,Front Sporting Goods,Joseph Lique
29954,1330,1329,Elite Bikes,Paulo Lisboa
29955,1332,1331,Catalog Store,David Liu
29956,1334,1333,Chic Department Stores,Jinghao Liu
29957,1336,1335,Eastside Department Store,Kevin Liu
29958,1338,1337,Sports Sales and Rental,Run Liu
29959,1340,1339,Cycle Merchants,Todd Logan
29960,1342,1341,Global Sports Outlet,Kok-Ho Loh
29961,1344,1343,Exotic Bikes,John Long
29962,1346,1345,Fitness Hotel,Sharon Looney
29963,1350,1349,Every Bike Shop,Spencer Low
29964,1352,1351,Grand Industries,Anita Lucerne
29965,1354,1353,Ideal Components,Jose Lugo
29966,1356,1355,Larger Cycle Shop,Richard Lum
29967,1358,1357,Leading Sales & Repair,Judy Lundahl
29968,1362,1361,Metro Bike Mart,Helen Lutes
29969,1364,1363,Tandem Sales and Service,Robert Lyeba
29970,1366,1365,Sensible Sports,Sharon Lynn
29971,1368,1367,Reliable Retail Center,Robert Lyon
29972,1370,1369,Liquidation Sales,Jenny Lysaker
29973,1372,1371,Friendly Bike Shop,Denise Maccietto
29974,1374,1373,Yellow Bicycle Company,Scott MacDonald
29975,1376,1375,Sports Products Store,Walter Mays
29976,1378,1377,Selected Distributors,Patrick Magenheimer
29977,1380,1379,Impervious Paint Company,Kimberly Malmendier
29978,1382,1381,Shipping Specialists,Ajay Manchepalli
29979,1384,1383,Finer Sporting Goods,Parul Manek
29980,1386,1385,Authentic Sales and Service,Tomas Manzanares
29981,1388,1387,Official Parts Shop,Kathy Marcovecchio
29982,1392,1391,Discount Tours,Melissa Marple
29983,1394,1393,Tire Exchange,Cecelia Marshall
29984,1396,1395,Racing Tours,Benjamin Martin
29985,1398,1397,Oils and Fluids Warehouse,Linda Martin
29986,1400,1399,Finished Parts Shop,Mindy Martin
29987,1404,1403,Rally Master Company Inc,Frank Mart¡nez
29988,1406,1405,Professional Cyclists,Steve Masters
29989,1408,1407,Sports Products Store,Joseph Matthews
29990,1410,1409,Exclusive Bicycle Mart,Jennifer Maxham
29991,1412,1411,City Manufacturing,Chris Maxwell
29992,1414,1413,Bike Dealers Association,Sandra Maynard
29993,1416,1415,Pedal Systems Company,John McClane
29994,1418,1417,"Health Spa, Limited",Robin McGuigan
29995,1420,1419,Global Bike Retailers,Stacie Mcanich
29996,1422,1421,Fashionable Department Stores,Katie McAskill-White
29997,1424,1423,Closeout Boutique,Lola McCarthy
29998,1426,1425,Bicycle Merchandise Warehouse,Jane McCarty
29999,1428,1427,Spoke Manufacturers,Nikki McCormick
30000,1430,1429,Leather Seat Factory,James McCoy
30001,1432,1431,Good Bicycle Store,Christinia McDonald
30002,1434,1433,Endurance Bikes,Alejandro McGuel
30003,1436,1435,Practical Bike Supply Company,Yvonne McKay
30004,1438,1437,Some Discount Store,Nkenge McLin
30005,1440,1439,Variety Cycling,Nancy McPhearson
30006,1442,1441,Accessories Network,Nellie Medina
30007,1444,1443,Remote Bicycle Specialists,Raquel Mello
30008,1448,1447,Friendly Neighborhood Bikes,R. Morgan Mendoza
30009,1450,1449,Guaranteed Sales and Service,Tosh Meston
30010,1454,1453,Recommended Bicycles,Stephen Mew
30011,1456,1455,Sunny Place Bikes,Eric Meyer
30012,1458,1457,Alpine Ski House,Helen Meyer
30013,1460,1459,Cycles and Scooters,Deanna Meyer
30014,1462,1461,Small Bike Accessories Shop,Gary Meyerhoff
30015,1464,1463,List Price Catalog Company,Ramesh Meyyappan
30016,1466,1465,Seats and Saddles Company,Thomas Michaels
30017,1468,1467,Village Tours,Jan Miksovsky
30018,1470,1469,All Cycle Shop,Virginia Miller
30019,1472,1471,Tachometers and Accessories,Matthew Miller
30020,1474,1473,Cycles Sales and Repair,Emilo Miller
30021,1476,1475,Low Price Cycles,Ben Miller
30022,1478,1477,Metropolitan Manufacturing,Dylan Miller
30023,1480,1479,Orange Bicycle Company,Frank Miller
30024,1482,1481,Riding Associates,Neva Mitchell
30025,1484,1483,Essential Bike Works,Linda Mitchell
30026,1486,1485,Rural Mountain Bike Mart,Scott Mitchell
30027,1490,1489,Engineered Bike Systems,Joseph Mitzner
30028,1796,1795,Professional Containers and Packaging Co.,Laura Steele
30029,1798,1797,One Bike Company,Shanay Steelman
30030,1802,1801,Cycling Goods,Stefano Stefani
30031,1804,1803,Cycle Clearance,Alan Steiner
30032,1806,1805,Black Bicycle Company,Derik Stenerson
30033,1808,1807,Transport Bikes,Vassar Stern
30034,1810,1809,Sellers of Cycles,Wathalee Steuber
30035,1812,1811,Maintenance and Repair for Bicycles,Alice Steiner
30036,1814,1813,Fitness Department Stores,Liza Marie Stevens
30037,1816,1815,Famous Bike Shop,Jim Stewart
30038,1818,1817,Eastward Bike Accessories,Judy Storjohann
30039,1822,1821,Gift and Toy Store,Robert Stotka
30040,1824,1823,Major Sporting Goods,Kayla Stotler
30041,1826,1825,Executive Discount Store,Charles Strange
30042,1828,1827,Major Cycling,Ruby Sue Styles
30043,1830,1829,Getaway Inn,Min Su
30044,1832,1831,Downhill Bicycle Specialists,Gary Suess
30045,1834,1833,Bike Experts,Ruth Suffin
30046,1836,1835,Extraordinary Bike Works,Elizabeth Sullivan
30047,1838,1837,Valley Bicycle Distributors,Michael Sullivan
30048,1840,1839,Top Sports Supply,Marcia Sultan
30049,1842,1841,Racing Sales and Service,Nate Sun
30050,1844,1843,Metropolitan Bicycle Supply,Krishna Sunkammurali
30051,1846,1845,Honest Repair Service,Brad Sutton
30052,1850,1849,Wheel Gallery,Abraham Swearengin
30053,1852,1851,Top Bike Market,Katherine Swan
30054,1856,1855,Grown-up Bike Store,Shelly Szymanski
30055,1858,1857,Bicycle Lines Distributors,Julie Taft-Rider
30056,1860,1859,Sparkling Paint and Finishes,Clarence Tatman
30057,1862,1861,Racing Association,Damon Taylor
30058,1864,1863,Plastic Parts Company,Mike Taylor
30059,1866,1865,Gears and Parts Company,Denis Taylor
30060,1868,1867,Executive Gift Store,Jeff Teper
30061,1870,1869,Big Cycle Mall,Chad Tedford
30062,1872,1871,Budget Bike Company,Sameer Tejani
30063,1874,1873,Eighth Bike Store,Vanessa Tench
30064,1876,1875,Demand Distributors,Judy Thames
30065,1878,1877,Immediate Repair Shop,Karen Theisen
30066,1880,1879,Off-Price Bike Center,Ram Thirunavukkarasu
30067,1882,1881,Red Bicycle Company,Phyllis Thomas
30068,1884,1883,Retirement Activities Association,James Thomas
30069,1886,1885,Trendy Department Stores,Donald Thompson
30070,1888,1887,Vintage Sport Boutique,Kendra Thompson
30071,1890,1889,Travel Sports,Daniel Thompson
30072,1892,1891,West Side Mart,Andrea Thomsen
30073,1894,1893,The Bike Outlet,Rossane Thoreson
30074,1896,1895,Tenth Bike Store,Yuping Tian
30075,1898,1897,Valuable Bike Parts Company,Mike Tiano
30076,1900,1899,Fun Times Club,Diane Tibbott
30077,1902,1901,Chain and Chain Tool Distributions,Danielle Tiedt
30078,1904,1903,Mobile Outlet,Tony Ting
30079,1906,1905,Regional Cycle Shop,John Tippett
30080,1910,1909,Wingtip Toys,Delia Toone
30081,1912,1911,The Cycle Store,Alvin Torre
30082,1914,1913,Educational Services,Anna Townsend
30083,1916,1915,Active Life Toys,Glenn Track
30084,1918,1917,Simple Bike Parts,Abe Tramel
30085,1924,1923,Bike Products and Accessories,Doris Traube
30086,1926,1925,Fitness Toys,Jean Trenary
30087,1928,1927,Quick Parts and Service,Billy Trent
30088,1930,1929,Reliable Brake Systems,David Trolen
30089,1932,1931,Thrifty Parts and Sales,Michael John Troyer
30090,1934,1933,A Typical Bike Shop,Christie Trujillo
30091,1936,1935,Active Transport Inc.,Lynn Tsoflias
30092,1938,1937,Cycle Parts and Accessories,Gracia Tuell
30093,1940,1939,Fasteners & Bolts Outlet,Phyllis Tuffield
30094,1944,1943,Quantity Discounts,Sairaj Uddin
30095,1946,1945,Swift Cycles,Sunil Uppal
30096,1948,1947,Classic Cycle Store,Mary Vaca
30097,1950,1949,Helpful Sales and Repair Service ,Rachel Valdez
30098,1952,1951,Large Bike Shop,Esther Valle
30099,1954,1953,Recreation Supplies,H. Valentine
30100,1956,1955,Wire Baskets and Parts,Jessie Valerio
30101,1958,1957,Ultimate Bicycle Company,Johnathan Van Eaton
30102,1960,1959,Sports Store,Roger Van Houten
30103,1962,1961,Metropolitan Equipment,Mandy Vance
30104,1964,1963,Extended Tours,Rose Vandenouer
30105,1966,1965,Convenient Sales and Service,Gregory Vanderbout
30106,1968,1967,Solid Bike Parts,Michael Vanderhyde
30107,1970,1969,Permanent Finish Products,Margaret Vanderkamp
30108,1972,1971,Mercantile Outlet,Kara Vanderlinden
30109,1976,1975,Exhilarating Cycles,Nieves Vargas
30110,1978,1977,Exercise Center,Gary Vargas
30111,1980,1979,Great Bicycle Supply,Ranjit Varkey Chudukatil
30112,1982,1981,Mail-Order Outlet,Patricia Vasquez
30113,1984,1983,Nearby Cycle Shop,Raja Venugopal
30114,1986,1985,Recreation Toy Store,Kevin Verboort
30115,1988,1987,Retreat Inn,Dora Verdad
30116,1990,1989,Technical Parts Manufacturing,Wanda Vernon
30117,1992,1991,Totes & Baskets Company,Robert Vessa
30118,1994,1993,World of Bikes,Caroline Vicknair
28866,NULL,16867,Aaron Adams,NULL
13323,NULL,16901,Adam Adams,NULL
21139,NULL,16724,Alex Adams,NULL
29170,NULL,10263,Alexandra Adams,NULL
19419,NULL,10312,Allison Adams,NULL
11971,NULL,10274,Amanda Adams,NULL
26746,NULL,10292,Amber Adams,NULL
16845,NULL,10314,Andrea Adams,NULL
18504,NULL,16699,Angel Adams,NULL
13280,NULL,10299,Bailey Adams,NULL
28678,NULL,1770,Ben Adams,NULL
18646,NULL,4194,Blake Adams,NULL
19822,NULL,16691,Carlos Adams,NULL
26598,NULL,4891,Charles Adams,NULL
19410,NULL,10251,Chloe Adams,NULL
21423,NULL,16872,Connor Adams,NULL
18075,NULL,10293,Courtney Adams,NULL
27849,NULL,4503,Dalton Adams,NULL
21871,NULL,4970,Devin Adams,NULL
25292,NULL,5055,Eduardo Adams,NULL
17163,NULL,3731,Edward Adams,NULL
13214,NULL,16858,Elijah Adams,NULL
24777,NULL,16902,Eric Adams,NULL
18814,NULL,16730,Evan Adams,NULL
20374,NULL,3889,Fernando Adams,NULL
19527,NULL,16850,Gabriel Adams,NULL
24758,NULL,10302,Gabriella Adams,NULL
11172,NULL,10282,Gabrielle Adams,NULL
12154,NULL,10279,Hailey Adams,NULL
24786,NULL,10283,Haley Adams,NULL
18987,NULL,16656,Hunter Adams,NULL
29422,NULL,4747,Ian Adams,NULL
26174,NULL,16747,Isaac Adams,NULL
15715,NULL,10261,Isabella Adams,NULL
28360,NULL,16722,Isaiah Adams,NULL
22191,NULL,16894,Jack Adams,NULL
17449,NULL,16910,Jackson Adams,NULL
24979,NULL,10304,Jada Adams,NULL
12889,NULL,16828,James Adams,NULL
17488,NULL,16859,Jason Adams,NULL
27311,NULL,10295,Jenna Adams,NULL
15362,NULL,10257,Jennifer Adams,NULL
29030,NULL,4034,Jeremy Adams,NULL
17172,NULL,16754,Jesse Adams,NULL
28247,NULL,16831,Jonathan Adams,NULL
16377,NULL,10297,Jordan Adams,NULL
20387,NULL,16890,Jordan Adams,NULL
15477,NULL,16819,Jose Adams,NULL
26073,NULL,10253,Julia Adams,NULL
11869,NULL,10258,Kaitlyn Adams,NULL
16877,NULL,10305,Katelyn Adams,NULL
23518,NULL,10268,Katherine Adams,NULL
17548,NULL,10311,Kaylee Adams,NULL
14581,NULL,16846,Kevin Adams,NULL
18812,NULL,16845,Kyle Adams,NULL
14466,NULL,16837,Logan Adams,NULL
18559,NULL,4823,Lucas Adams,NULL
22517,NULL,16862,Luis Adams,NULL
13265,NULL,16884,Luke Adams,NULL
14640,NULL,10300,Mackenzie Adams,NULL
11931,NULL,4658,Marcus Adams,NULL
22734,NULL,10281,Maria Adams,NULL
12950,NULL,10289,Mary Adams,NULL
20528,NULL,16734,Mason Adams,NULL
11659,NULL,4118,Miguel Adams,NULL
12663,NULL,10259,Morgan Adams,NULL
11217,NULL,10262,Natalie Adams,NULL
17380,NULL,16840,Nathan Adams,NULL
16977,NULL,16662,Noah Adams,NULL
17644,NULL,10284,Rebecca Adams,NULL
22104,NULL,4577,Richard Adams,NULL
12901,NULL,16792,Robert Adams,NULL
18905,NULL,16638,Samuel Adams,NULL
16986,NULL,10303,Sara Adams,NULL
23536,NULL,10309,Savannah Adams,NULL
16293,NULL,16767,Sean Adams,NULL
16854,NULL,4350,Seth Adams,NULL
14042,NULL,10277,Stephanie Adams,NULL
27367,NULL,10265,Sydney Adams,NULL
29285,NULL,16835,Thomas Adams,NULL
14890,NULL,3805,Wyatt Adams,NULL
22133,NULL,4429,Xavier Adams,NULL
18083,NULL,4388,Osarumwense Agbonile,NULL
28740,NULL,12041,Alisha Alan,NULL
27366,NULL,16003,Bob Alan,NULL
17721,NULL,6184,Cheryl Alan,NULL
21224,NULL,14644,Jamie Alan,NULL
23601,NULL,10543,Kari Alan,NULL
19332,NULL,3107,Kelvin Alan,NULL
28210,NULL,18784,Meghan Alan,NULL
15384,NULL,4413,Xavier Alan,NULL
13677,NULL,15970,Brian Albrecht,NULL
20285,NULL,5508,Aaron Alexander,NULL
24223,NULL,3982,Abigail Alexander,NULL
17387,NULL,12927,Aidan Alexander,NULL
24775,NULL,2823,Alexandra Alexander,NULL
26333,NULL,7634,Alexandria Alexander,NULL
25893,NULL,7120,Alexia Alexander,NULL
27476,NULL,12778,Alexis Alexander,NULL
17282,NULL,20216,Alyssa Alexander,NULL
28822,NULL,3057,Amanda Alexander,NULL
22637,NULL,7458,Ana Alexander,NULL
27996,NULL,7678,Angela Alexander,NULL
22714,NULL,7161,Angelica Alexander,NULL
16647,NULL,3683,Anna Alexander,NULL
20176,NULL,13220,Antonio Alexander,NULL
17423,NULL,7719,Arianna Alexander,NULL
20007,NULL,12597,Ashley Alexander,NULL
26673,NULL,6266,Austin Alexander,NULL
26584,NULL,6726,Benjamin Alexander,NULL
15273,NULL,6919,Brandon Alexander,NULL
14503,NULL,19276,Brianna Alexander,NULL
20526,NULL,7210,Brittany Alexander,NULL
22774,NULL,5561,Caleb Alexander,NULL
26255,NULL,6315,Cameron Alexander,NULL
17654,NULL,6800,Caroline Alexander,NULL
18106,NULL,13268,Carson Alexander,NULL
21475,NULL,6843,Cassidy Alexander,NULL
15817,NULL,20323,Chloe Alexander,NULL
28611,NULL,6216,Christian Alexander,NULL
21435,NULL,5610,Connor Alexander,NULL
24651,NULL,12972,Dakota Alexander,NULL
23359,NULL,13478,Dalton Alexander,NULL
15783,NULL,6675,David Alexander,NULL
28286,NULL,20099,Destiny Alexander,NULL
24402,NULL,13718,Devin Alexander,NULL
20319,NULL,6975,Dylan Alexander,NULL
12172,NULL,13757,Eduardo Alexander,NULL
18524,NULL,13658,Edward Alexander,NULL
11738,NULL,5910,Elijah Alexander,NULL
13089,NULL,12690,Elizabeth Alexander,NULL
21424,NULL,13011,Emily Alexander,NULL
28185,NULL,5304,Eric Alexander,NULL
19664,NULL,6511,Ethan Alexander,NULL
27276,NULL,7839,Faith Alexander,NULL
17128,NULL,13129,Fernando Alexander,NULL
14073,NULL,5861,Gabriel Alexander,NULL
17670,NULL,3360,Gabrielle Alexander,NULL
14682,NULL,12208,Gail Alexander,NULL
29322,NULL,13308,Gavin Alexander,NULL
24074,NULL,19672,Grace Alexander,NULL
19666,NULL,3211,Hailey Alexander,NULL
11837,NULL,3445,Haley Alexander,NULL
23280,NULL,13061,Hannah Alexander,NULL
26281,NULL,13899,Ian Alexander,NULL
22823,NULL,7492,Isabel Alexander,NULL
27555,NULL,2658,Isabella Alexander,NULL
15992,NULL,7529,Isabelle Alexander,NULL
25983,NULL,5204,Jack Alexander,NULL
20876,NULL,5354,Jackson Alexander,NULL
16139,NULL,7761,Jacqueline Alexander,NULL
26110,NULL,6375,James Alexander,NULL
17151,NULL,19874,Jasmine Alexander,NULL
29328,NULL,5406,Jason Alexander,NULL
11721,NULL,20538,Jennifer Alexander,NULL
19239,NULL,13530,Jeremy Alexander,NULL
11780,NULL,3530,Jessica Alexander,NULL
11165,NULL,7251,Jocelyn Alexander,NULL
22720,NULL,6421,Jonathan Alexander,NULL
21412,NULL,5163,Jordan Alexander,NULL
26627,NULL,5661,Jose Alexander,NULL
15291,NULL,20427,Julia Alexander,NULL
13217,NULL,13346,Julian Alexander,NULL
12272,NULL,6625,Justin Alexander,NULL
12915,NULL,20642,Kaitlyn Alexander,NULL
22224,NULL,2984,Katherine Alexander,NULL
12083,NULL,12733,Kayla Alexander,NULL
16736,NULL,7568,Kelly Alexander,NULL
12411,NULL,5815,Kevin Alexander,NULL
27394,NULL,5762,Kyle Alexander,NULL
18950,NULL,19069,Lauren Alexander,NULL
19116,NULL,6472,Logan Alexander,NULL
21459,NULL,5458,Luis Alexander,NULL
29043,NULL,5112,Luke Alexander,NULL
14447,NULL,12508,Madison Alexander,NULL
16102,NULL,13851,Marcus Alexander,NULL
28401,NULL,3288,Maria Alexander,NULL
21837,NULL,19175,Megan Alexander,NULL
27377,NULL,7592,Melanie Alexander,NULL
24821,NULL,7350,Melissa Alexander,NULL
15372,NULL,13575,Miguel Alexander,NULL
27641,NULL,7293,Miranda Alexander,NULL
24765,NULL,20742,Morgan Alexander,NULL
23370,NULL,7325,Mya Alexander,NULL
25760,NULL,2753,Natalie Alexander,NULL
18795,NULL,5965,Nathan Alexander,NULL
27236,NULL,19990,Nicole Alexander,NULL
24337,NULL,6114,Noah Alexander,NULL
14667,NULL,19371,Olivia Alexander,NULL
13305,NULL,12807,Oscar Alexander,NULL
18604,NULL,7798,Paige Alexander,NULL
13699,NULL,19781,Rachel Alexander,NULL
19654,NULL,13802,Richard Alexander,NULL
22799,NULL,7385,Riley Alexander,NULL
14025,NULL,6165,Robert Alexander,NULL
14078,NULL,6570,Ryan Alexander,NULL
17624,NULL,12547,Samantha Alexander,NULL
19551,NULL,6016,Samuel Alexander,NULL
19411,NULL,12644,Sarah Alexander,NULL
11938,NULL,13987,Seth Alexander,NULL
21645,NULL,13170,Spencer Alexander,NULL
24950,NULL,3139,Stephanie Alexander,NULL
16760,NULL,2905,Sydney Alexander,NULL
17482,NULL,3605,Taylor Alexander,NULL
20760,NULL,5712,Thomas Alexander,NULL
24579,NULL,12847,Trevor Alexander,NULL
11248,NULL,12887,Tristan Alexander,NULL
20421,NULL,19472,Victoria Alexander,NULL
13017,NULL,13433,Xavier Alexander,NULL
23144,NULL,7036,Zachary Alexander,NULL
20075,NULL,17561,Aaron Allen,NULL
29135,NULL,17573,Adam Allen,NULL
19663,NULL,16841,Alex Allen,NULL
17293,NULL,10915,Alexandra Allen,NULL
19757,NULL,10960,Allison Allen,NULL
22353,NULL,10921,Amanda Allen,NULL
25580,NULL,10936,Amber Allen,NULL
18798,NULL,10961,Andrea Allen,NULL
15571,NULL,16806,Angel Allen,NULL
27218,NULL,10943,Bailey Allen,NULL
17382,NULL,4183,Blake Allen,NULL
23383,NULL,17563,Caleb Allen,NULL
29270,NULL,16804,Carlos Allen,NULL
13475,NULL,4881,Charles Allen,NULL
22994,NULL,10903,Chloe Allen,NULL
18776,NULL,17565,Connor Allen,NULL
22260,NULL,10938,Courtney Allen,NULL
15806,NULL,4955,Devin Allen,NULL
12882,NULL,5042,Eduardo Allen,NULL
28028,NULL,17537,Elijah Allen,NULL
18894,NULL,17574,Eric Allen,NULL
19811,NULL,16851,Evan Allen,NULL
16805,NULL,3876,Fernando Allen,NULL
11622,NULL,17510,Gabriel Allen,NULL
23150,NULL,10946,Gabriella Allen,NULL
26759,NULL,10923,Hailey Allen,NULL
17640,NULL,10926,Haley Allen,NULL
14247,NULL,17430,Hunter Allen,NULL
16031,NULL,4735,Ian Allen,NULL
22261,NULL,16897,Isaac Allen,NULL
15741,NULL,10910,Isabella Allen,NULL
12529,NULL,16825,Isaiah Allen,NULL
29137,NULL,17572,Jack Allen,NULL
18994,NULL,16794,Jackson Allen,NULL
26866,NULL,10951,Jada Allen,NULL
28565,NULL,17551,James Allen,NULL
15529,NULL,17556,Jason Allen,NULL
23484,NULL,10939,Jenna Allen,NULL
27106,NULL,10904,Jennifer Allen,NULL
25281,NULL,4017,Jeremy Allen,NULL
28795,NULL,16899,Jesse Allen,NULL
19731,NULL,17558,Jonathan Allen,NULL
26574,NULL,17569,Jordan Allen,NULL
19835,NULL,10941,Jordan Allen,NULL
24053,NULL,17452,Jose Allen,NULL
24120,NULL,10905,Kaitlyn Allen,NULL
27669,NULL,10955,Katelyn Allen,NULL
17457,NULL,10918,Katherine Allen,NULL
26653,NULL,10958,Kaylee Allen,NULL
15812,NULL,17382,Logan Allen,NULL
16802,NULL,4812,Lucas Allen,NULL
26019,NULL,17559,Luis Allen,NULL
11316,NULL,17567,Luke Allen,NULL
21333,NULL,10944,Mackenzie Allen,NULL
29240,NULL,10928,Madeline Allen,NULL
23729,NULL,4642,Marcus Allen,NULL
21203,NULL,10932,Mary Allen,NULL
17625,NULL,16876,Mason Allen,NULL
11385,NULL,4106,Miguel Allen,NULL
16008,NULL,10908,Morgan Allen,NULL
16997,NULL,10913,Natalie Allen,NULL
19721,NULL,17438,Noah Allen,NULL
21787,NULL,10927,Rebecca Allen,NULL
16756,NULL,4559,Richard Allen,NULL
19542,NULL,17448,Robert Allen,NULL
13917,NULL,17418,Samuel Allen,NULL
17461,NULL,10950,Sara Allen,NULL
19409,NULL,10956,Savannah Allen,NULL
12097,NULL,16912,Sean Allen,NULL
12946,NULL,4336,Seth Allen,NULL
19134,NULL,10942,Sierra Allen,NULL
20183,NULL,10930,Sophia Allen,NULL
24518,NULL,10922,Stephanie Allen,NULL
13363,NULL,10916,Sydney Allen,NULL
13485,NULL,17473,Thomas Allen,NULL
24802,NULL,16915,Timothy Allen,NULL
28804,NULL,3789,Wyatt Allen,NULL
17645,NULL,14905,Albert Alonso,NULL
25350,NULL,6623,Alberto Alonso,NULL
23323,NULL,2798,Alfredo Alonso,NULL
17341,NULL,2738,Andy Alonso,NULL
23227,NULL,14368,Anne Alonso,NULL
13647,NULL,6949,Armando Alonso,NULL
19054,NULL,10959,Arthur Alonso,NULL
27609,NULL,6015,Audrey Alonso,NULL
13504,NULL,6080,Beth Alonso,NULL
22852,NULL,15744,Billy Alonso,NULL
17061,NULL,18478,Brandi Alonso,NULL
21830,NULL,13525,Briana Alonso,NULL
20775,NULL,10860,Bruce Alonso,NULL
27902,NULL,10001,Carolyn Alonso,NULL
14539,NULL,17862,Carrie Alonso,NULL
23422,NULL,19153,Casey Alonso,NULL
23759,NULL,14620,Clinton Alonso,NULL
15495,NULL,19062,Craig Alonso,NULL
28568,NULL,5958,Daisy Alonso,NULL
23683,NULL,18837,Dana Alonso,NULL
18217,NULL,14755,Danny Alonso,NULL
27501,NULL,10222,Darren Alonso,NULL
15347,NULL,9793,Deanna Alonso,NULL
26017,NULL,19108,Derrick Alonso,NULL
22124,NULL,13848,Desiree Alonso,NULL
24590,NULL,18652,Diana Alonso,NULL
20630,NULL,15515,Diane Alonso,NULL
28512,NULL,20464,Dwayne Alonso,NULL
16420,NULL,6681,Eddie Alonso,NULL
26842,NULL,14274,Felicia Alonso,NULL
21738,NULL,2446,Francis Alonso,NULL
18767,NULL,19027,Gary Alonso,NULL
20958,NULL,10767,Gerald Alonso,NULL
22587,NULL,15052,Gina Alonso,NULL
19964,NULL,16418,Gloria Alonso,NULL
12134,NULL,14712,Hector Alonso,NULL
27792,NULL,6356,Jacquelyn Alonso,NULL
15062,NULL,7055,Jaime Alonso,NULL
15616,NULL,6239,Janet Alonso,NULL
15675,NULL,10326,Jay Alonso,NULL
27977,NULL,7700,Jerome Alonso,NULL
11826,NULL,5505,Jessie Alonso,NULL
20841,NULL,18381,Jésus Alonso,NULL
27884,NULL,15093,Jill Alonso,NULL
18280,NULL,15640,Jimmy Alonso,NULL
27862,NULL,13977,Joanna Alonso,NULL
28766,NULL,11051,Joe Alonso,NULL
25952,NULL,12471,Jon Alonso,NULL
15238,NULL,14482,Jonathon Alonso,NULL
19918,NULL,14043,Joy Alonso,NULL
13749,NULL,7000,Julio Alonso,NULL
21196,NULL,18567,Kathleen Alonso,NULL
16427,NULL,15145,Kendra Alonso,NULL
20212,NULL,14219,Krista Alonso,NULL
16686,NULL,6302,Kristine Alonso,NULL
20956,NULL,14327,Kristy Alonso,NULL
14057,NULL,14854,Lance Alonso,NULL
13586,NULL,18426,Larry Alonso,NULL
13591,NULL,6134,Latasha Alonso,NULL
12323,NULL,14443,Lawrence Alonso,NULL
20846,NULL,14405,Lee Alonso,NULL
24457,NULL,18795,Meghan Alonso,NULL
20621,NULL,10640,Meredith Alonso,NULL
19307,NULL,14567,Micheal Alonso,NULL
24842,NULL,13766,Monique Alonso,NULL
15830,NULL,17363,Naomi Alonso,NULL
25009,NULL,18748,Natasha Alonso,NULL
13332,NULL,6849,Neil Alonso,NULL
22142,NULL,19224,Nelson Alonso,NULL
15550,NULL,18789,Orlando Alonso,NULL
22692,NULL,15024,Paula Alonso,NULL
22303,NULL,19192,Philip Alonso,NULL
27960,NULL,14964,Randall Alonso,NULL
17313,NULL,6438,Raquel Alonso,NULL
14825,NULL,9896,Rebekah Alonso,NULL
24166,NULL,15004,Renee Alonso,NULL
14070,NULL,15590,Ricky Alonso,NULL
14533,NULL,14805,Roberto Alonso,NULL
17800,NULL,13018,Robyn Alonso,NULL
25540,NULL,13679,Rodney Alonso,NULL
18094,NULL,11158,Roy Alonso,NULL
16881,NULL,11261,Ruben Alonso,NULL
21051,NULL,14171,Sabrina Alonso,NULL
24683,NULL,20051,Shannon Alonso,NULL
25054,NULL,14530,Sheila Alonso,NULL
28315,NULL,18612,Stacy Alonso,NULL
14780,NULL,10436,Tabitha Alonso,NULL
26942,NULL,14021,Tanya Alonso,NULL
13138,NULL,15201,Teresa Alonso,NULL
24186,NULL,6729,Theodore Alonso,NULL
25155,NULL,13896,Theresa Alonso,NULL
19464,NULL,6798,Tyrone Alonso,NULL
18138,NULL,14696,Walter Alonso,NULL
17067,NULL,7103,Adrienne Alvarez,NULL
16624,NULL,14897,Albert Alvarez,NULL
23358,NULL,6609,Alberto Alvarez,NULL
11329,NULL,2731,Andy Alvarez,NULL
11961,NULL,14360,Anne Alvarez,NULL
17777,NULL,6942,Armando Alvarez,NULL
24892,NULL,10952,Arthur Alvarez,NULL
22450,NULL,6003,Audrey Alvarez,NULL
29305,NULL,6069,Beth Alvarez,NULL
28179,NULL,15735,Billy Alvarez,NULL
16209,NULL,9991,Carolyn Alvarez,NULL
23410,NULL,17855,Carrie Alvarez,NULL
28557,NULL,19145,Casey Alvarez,NULL
12320,NULL,6177,Cheryl Alvarez,NULL
15625,NULL,14610,Clinton Alvarez,NULL
22819,NULL,5875,Daisy Alvarez,NULL
15067,NULL,18830,Dana Alvarez,NULL
13820,NULL,14750,Danny Alvarez,NULL
14838,NULL,10213,Darren Alvarez,NULL
24720,NULL,9783,Deanna Alvarez,NULL
13005,NULL,13842,Desiree Alvarez,NULL
13638,NULL,18645,Diana Alvarez,NULL
26851,NULL,15448,Diane Alvarez,NULL
22800,NULL,20401,Dwayne Alvarez,NULL
28428,NULL,9678,Ebony Alvarez,NULL
13831,NULL,6662,Eddie Alvarez,NULL
14311,NULL,19270,Erik Alvarez,NULL
15615,NULL,18695,Erika Alvarez,NULL
21552,NULL,2404,Francis Alvarez,NULL
26704,NULL,19317,Frank Alvarez,NULL
24700,NULL,19021,Gary Alvarez,NULL
25751,NULL,15048,Gina Alvarez,NULL
18297,NULL,16354,Gloria Alvarez,NULL
28058,NULL,7047,Jaime Alvarez,NULL
11006,NULL,6229,Janet Alvarez,NULL
11140,NULL,13623,Javier Alvarez,NULL
29171,NULL,10318,Jay Alvarez,NULL
14324,NULL,5415,Jessie Alvarez,NULL
25569,NULL,18375,Jésus Alvarez,NULL
20041,NULL,12387,Joe Alvarez,NULL
12752,NULL,14476,Jonathon Alvarez,NULL
26469,NULL,13963,Joy Alvarez,NULL
26205,NULL,6994,Julio Alvarez,NULL
11108,NULL,10536,Kari Alvarez,NULL
17793,NULL,18557,Kathleen Alvarez,NULL
15267,NULL,15137,Kendra Alvarez,NULL
19467,NULL,14214,Krista Alvarez,NULL
12303,NULL,9580,Kristi Alvarez,NULL
27937,NULL,6292,Kristine Alvarez,NULL
15588,NULL,14320,Kristy Alvarez,NULL
16190,NULL,14847,Lance Alvarez,NULL
14235,NULL,18419,Larry Alvarez,NULL
18047,NULL,6128,Latasha Alvarez,NULL
20719,NULL,14435,Lawrence Alvarez,NULL
19890,NULL,14396,Lee Alvarez,NULL
17090,NULL,18514,Leslie Alvarez,NULL
14047,NULL,13801,Linda Alvarez,NULL
26662,NULL,14097,Lori Alvarez,NULL
21124,NULL,7149,Mallory Alvarez,NULL
18221,NULL,15685,Marc Alvarez,NULL
20947,NULL,10097,Marie Alvarez,NULL
23651,NULL,6889,Marvin Alvarez,NULL
17494,NULL,14515,Mathew Alvarez,NULL
11986,NULL,2679,Max Alvarez,NULL
27655,NULL,14052,Melinda Alvarez,NULL
25070,NULL,16813,Melody Alvarez,NULL
12480,NULL,10631,Meredith Alvarez,NULL
13495,NULL,14559,Micheal Alvarez,NULL
11844,NULL,9004,Michele Alvarez,NULL
28820,NULL,17284,Naomi Alvarez,NULL
17874,NULL,18742,Natasha Alvarez,NULL
22467,NULL,6842,Neil Alvarez,NULL
28120,NULL,11691,Pedro Alvarez,NULL
11123,NULL,19185,Philip Alvarez,NULL
26750,NULL,14953,Randall Alvarez,NULL
17808,NULL,6351,Raquel Alvarez,NULL
18746,NULL,7745,Reginald Alvarez,NULL
28920,NULL,15000,Renée Alvarez,NULL
24057,NULL,15580,Ricky Alvarez,NULL
28387,NULL,14791,Roberto Alvarez,NULL
11243,NULL,13712,Robin Alvarez,NULL
12255,NULL,12931,Robyn Alvarez,NULL
29286,NULL,13666,Rodney Alvarez,NULL
22009,NULL,11802,Ross Alvarez,NULL
16709,NULL,11150,Roy Alvarez,NULL
12543,NULL,11252,Ruben Alvarez,NULL
27943,NULL,14162,Sabrina Alvarez,NULL
11551,NULL,19979,Shannon Alvarez,NULL
27478,NULL,14456,Sheila Alvarez,NULL
11901,NULL,18606,Stacy Alvarez,NULL
15028,NULL,10426,Tabitha Alvarez,NULL
17279,NULL,14011,Tanya Alvarez,NULL
22542,NULL,15189,Teresa Alvarez,NULL
25690,NULL,6724,Theodore Alvarez,NULL
12280,NULL,13890,Theresa Alvarez,NULL
27693,NULL,6786,Tyrone Alvarez,NULL
18022,NULL,19230,Victor Alvarez,NULL
24010,NULL,14688,Walter Alvarez,NULL
12129,NULL,13930,Wendy Alvarez,NULL
28899,NULL,12568,Alejandro Anand,NULL
29113,NULL,19809,Alícia Anand,NULL
24009,NULL,16675,Alison Anand,NULL
21088,NULL,5367,Alvin Anand,NULL
11096,NULL,5114,Andrés Anand,NULL
11180,NULL,20564,April Anand,NULL
22626,NULL,10739,Arturo Anand,NULL
20344,NULL,7791,Ashlee Anand,NULL
19626,NULL,20316,Bradley Anand,NULL
19847,NULL,9368,Brendan Anand,NULL
28086,NULL,8604,Bridget Anand,NULL
28717,NULL,9197,Calvin Anand,NULL
15165,NULL,16981,Carl Anand,NULL
25918,NULL,4526,Carly Anand,NULL
25522,NULL,16324,Casey Anand,NULL
29342,NULL,8924,Cassie Anand,NULL
28400,NULL,4246,Cedric Anand,NULL
24484,NULL,20360,Chad Anand,NULL
11237,NULL,7511,Clarence Anand,NULL
20890,NULL,12672,Clayton Anand,NULL
27645,NULL,13514,Colin Anand,NULL
12647,NULL,12352,Colleen Anand,NULL
16565,NULL,20482,Corey Anand,NULL
18660,NULL,8762,Cristina Anand,NULL
29111,NULL,5353,Dale Anand,NULL
24717,NULL,15623,Damien Anand,NULL
20891,NULL,8372,Darrell Anand,NULL
20178,NULL,8872,Deborah Anand,NULL
25600,NULL,20273,Derek Anand,NULL
28665,NULL,4679,Donna Anand,NULL
22874,NULL,9250,Drew Anand,NULL
14535,NULL,2576,Dustin Anand,NULL
26129,NULL,4724,Jodi Anand,NULL
14058,NULL,17077,Johnny Anand,NULL
12868,NULL,19973,Julie Anand,NULL
11989,NULL,16579,Kara Anand,NULL
17185,NULL,3541,Karla Anand,NULL
13263,NULL,4627,Kate Anand,NULL
18726,NULL,16365,Katrina Anand,NULL
23861,NULL,20524,Keith Anand,NULL
20451,NULL,12145,Kelli Anand,NULL
22513,NULL,20230,Kenneth Anand,NULL
16475,NULL,4181,Kurt Anand,NULL
27150,NULL,11322,Lacey Anand,NULL
28347,NULL,16409,Latoya Anand,NULL
14316,NULL,5237,Leonard Anand,NULL
19368,NULL,19858,Lindsay Anand,NULL
22592,NULL,20682,Lindsey Anand,NULL
18397,NULL,13116,Louis Anand,NULL
14437,NULL,17159,Mitchell Anand,NULL
12508,NULL,16628,Nichole Anand,NULL
20567,NULL,5294,Nicolas Anand,NULL
19949,NULL,4474,Niñia Anand,NULL
19375,NULL,12779,Omar Anand,NULL
14929,NULL,20439,Peter Anand,NULL
17005,NULL,8818,Priscilla Anand,NULL
29306,NULL,12897,Rafael Anand,NULL
21383,NULL,17033,Ricardo Anand,NULL
15054,NULL,13331,Roger Anand,NULL
14810,NULL,16880,Russell Anand,NULL
26208,NULL,8549,Sharon Anand,NULL
25524,NULL,17119,Shaun Anand,NULL
14696,NULL,20403,Shawn Anand,NULL
21863,NULL,3607,Shawna Anand,NULL
14907,NULL,8710,Sheena Anand,NULL
29088,NULL,11935,Tamara Anand,NULL
16204,NULL,4295,Terrence Anand,NULL
17875,NULL,4234,Tommy Anand,NULL
25407,NULL,17210,Tony Anand,NULL
27141,NULL,8491,Tonya Anand,NULL
19349,NULL,5096,Warren Anand,NULL
22686,NULL,9147,Wayne Anand,NULL
26857,NULL,13418,Willie Anand,NULL
21831,NULL,3663,Yolanda Anand,NULL
28691,NULL,12548,Alejandro Andersen,NULL
19029,NULL,19795,Alicia Andersen,NULL
25460,NULL,12018,Alisha Andersen,NULL
27947,NULL,16657,Alison Andersen,NULL
13744,NULL,5128,Alvin Andersen,NULL
19492,NULL,5083,Andres Andersen,NULL
20973,NULL,20548,April Andersen,NULL
15758,NULL,10530,Arturo Andersen,NULL
11059,NULL,8960,Ashlee Andersen,NULL
17984,NULL,11610,Barbara Andersen,NULL
25324,NULL,17287,Bethany Andersen,NULL
23934,NULL,3704,Bonnie Andersen,NULL
26992,NULL,9402,Brad Andersen,NULL
22698,NULL,20301,Bradley Andersen,NULL
15121,NULL,9350,Brendan Andersen,NULL
17792,NULL,8585,Bridget Andersen,NULL
22920,NULL,9179,Calvin Andersen,NULL
11057,NULL,16962,Carl Andersen,NULL
12625,NULL,4508,Carly Andersen,NULL
25406,NULL,16304,Casey Andersen,NULL
14428,NULL,8901,Cassie Andersen,NULL
19249,NULL,20343,Chad Andersen,NULL
27945,NULL,19881,Christine Andersen,NULL
27780,NULL,11408,Christy Andersen,NULL
12546,NULL,7276,Clarence Andersen,NULL
15631,NULL,12651,Clayton Andersen,NULL
25053,NULL,13501,Colin Andersen,NULL
13801,NULL,12333,Colleen Andersen,NULL
23169,NULL,20466,Corey Andersen,NULL
14992,NULL,5329,Dale Andersen,NULL
29402,NULL,13652,Damien Andersen,NULL
19280,NULL,8351,Darrell Andersen,NULL
16473,NULL,12227,Dawn Andersen,NULL
19610,NULL,8856,Deborah Andersen,NULL
22412,NULL,9232,Drew Andersen,NULL
26684,NULL,2566,Dustin Andersen,NULL
27353,NULL,9461,Gilbert Andersen,NULL
26213,NULL,9293,Grant Andersen,NULL
28510,NULL,2593,Gregory Andersen,NULL
11468,NULL,12983,Jaclyn Andersen,NULL
25268,NULL,9457,Jaime Andersen,NULL
20259,NULL,11504,Jenny Andersen,NULL
20975,NULL,16907,Jerry Andersen,NULL
26766,NULL,4709,Jodi Andersen,NULL
24564,NULL,17061,Johnny Andersen,NULL
22494,NULL,12438,Jon Andersen,NULL
24095,NULL,19961,Julie Andersen,NULL
14704,NULL,16565,Kara Andersen,NULL
23105,NULL,5153,Karl Andersen,NULL
20595,NULL,3512,Karla Andersen,NULL
14237,NULL,4604,Kate Andersen,NULL
21865,NULL,19920,Kathryn Andersen,NULL
19032,NULL,16346,Katrina Andersen,NULL
11612,NULL,20506,Keith Andersen,NULL
22602,NULL,12126,Kelli Andersen,NULL
21366,NULL,2871,Kelvin Andersen,NULL
21128,NULL,2618,Kenneth Andersen,NULL
11570,NULL,20585,Kristin Andersen,NULL
15053,NULL,4159,Kurt Andersen,NULL
19600,NULL,11298,Lacey Andersen,NULL
29057,NULL,16391,Latoya Andersen,NULL
17772,NULL,5214,Leonard Andersen,NULL
27142,NULL,19836,Lindsay Andersen,NULL
13261,NULL,20666,Lindsey Andersen,NULL
17160,NULL,13101,Louis Andersen,NULL
20977,NULL,16815,Mario Andersen,NULL
15786,NULL,11553,Marshall Andersen,NULL
15206,NULL,9070,Maurice Andersen,NULL
14770,NULL,4382,Melvin Andersen,NULL
26226,NULL,8413,Michele Andersen,NULL
25026,NULL,17145,Mitchell Andersen,NULL
12653,NULL,16611,Nichole Andersen,NULL
27594,NULL,5275,Nicolas Andersen,NULL
18338,NULL,4446,Nina Andersen,NULL
19233,NULL,12755,Omar Andersen,NULL
19298,NULL,8792,Priscilla Andersen,NULL
12691,NULL,12876,Rafael Andersen,NULL
19336,NULL,17014,Ricardo Andersen,NULL
24469,NULL,13307,Roger Andersen,NULL
14695,NULL,16864,Russell Andersen,NULL
26930,NULL,8527,Sharon Andersen,NULL
19272,NULL,17103,Shaun Andersen,NULL
13654,NULL,20386,Shawn Andersen,NULL
19556,NULL,3586,Shawna Andersen,NULL
21047,NULL,8689,Sheena Andersen,NULL
29392,NULL,11907,Tamara Andersen,NULL
24465,NULL,20003,Tara Andersen,NULL
20302,NULL,8635,Tasha Andersen,NULL
22016,NULL,4270,Terrence Andersen,NULL
13527,NULL,8468,Tonya Andersen,NULL
20815,NULL,16428,Tracy Andersen,NULL
11919,NULL,2844,Warren Andersen,NULL
28550,NULL,9127,Wayne Andersen,NULL
27970,NULL,13400,Willie Andersen,NULL
21954,NULL,3640,Yolanda Andersen,NULL
15249,NULL,12046,Abigail Anderson,NULL
22723,NULL,18280,Alexander Anderson,NULL
23857,NULL,10716,Alexandra Anderson,NULL
26059,NULL,18885,Andrew Anderson,NULL
23270,NULL,12187,Anna Anderson,NULL
25951,NULL,18619,Anthony Anderson,NULL
20680,NULL,12423,Ashley Anderson,NULL
26053,NULL,18234,Austin Anderson,NULL
20809,NULL,18052,Benjamin Anderson,NULL
11076,NULL,4157,Blake Anderson,NULL
16222,NULL,18230,Brandon Anderson,NULL
19818,NULL,11720,Brianna Anderson,NULL
16595,NULL,17657,Cameron Anderson,NULL
29281,NULL,4853,Charles Anderson,NULL
13986,NULL,11584,Chloe Anderson,NULL
16503,NULL,18129,Christian Anderson,NULL
15772,NULL,18113,Christopher Anderson,NULL
19188,NULL,4467,Dalton Anderson,NULL
20694,NULL,18530,Daniel Anderson,NULL
22097,NULL,17932,David Anderson,NULL
12895,NULL,11494,Destiny Anderson,NULL
22822,NULL,4923,Devin Anderson,NULL
18062,NULL,18491,Dylan Anderson,NULL
23941,NULL,5016,Eduardo Anderson,NULL
26328,NULL,4241,Edward Anderson,NULL
25220,NULL,12239,Emily Anderson,NULL
18580,NULL,11862,Emma Anderson,NULL
13061,NULL,17922,Ethan Anderson,NULL
22328,NULL,11309,Grace Anderson,NULL
11883,NULL,12286,Hannah Anderson,NULL
15281,NULL,17907,Hunter Anderson,NULL
28860,NULL,4704,Ian Anderson,NULL
13743,NULL,11225,Isabella Anderson,NULL
19452,NULL,18693,Jacob Anderson,NULL
14398,NULL,17611,James Anderson,NULL
23553,NULL,11399,Jasmine Anderson,NULL
23393,NULL,11093,Jennifer Anderson,NULL
11285,NULL,3992,Jeremy Anderson,NULL
20367,NULL,12096,Jessica Anderson,NULL
28946,NULL,18334,John Anderson,NULL
12885,NULL,17674,Jonathan Anderson,NULL
21653,NULL,17342,Jose Anderson,NULL
12777,NULL,18926,Joseph Anderson,NULL
20507,NULL,18779,Joshua Anderson,NULL
21309,NULL,11049,Julia Anderson,NULL
28660,NULL,17865,Justin Anderson,NULL
24101,NULL,11132,Kaitlyn Anderson,NULL
24205,NULL,10818,Katherine Anderson,NULL
14454,NULL,11962,Kayla Anderson,NULL
25377,NULL,11635,Lauren Anderson,NULL
20701,NULL,11917,Liz Anderson,NULL
15821,NULL,17755,Logan Anderson,NULL
29266,NULL,4786,Lucas Anderson,NULL
28359,NULL,12327,Madison Anderson,NULL
12963,NULL,4616,Marcus Anderson,NULL
15257,NULL,18834,Matthew Anderson,NULL
23859,NULL,11681,Megan Anderson,NULL
14111,NULL,18732,Michael Anderson,NULL
19393,NULL,4079,Miguel Anderson,NULL
28775,NULL,11182,Morgan Anderson,NULL
13364,NULL,11268,Natalie Anderson,NULL
14876,NULL,17822,Nathan Anderson,NULL
29206,NULL,18996,Nicholas Anderson,NULL
12837,NULL,11445,Nicole Anderson,NULL
23301,NULL,17177,Noah Anderson,NULL
23666,NULL,11763,Olivia Anderson,NULL
28057,NULL,11349,Rachel Anderson,NULL
24924,NULL,5093,Richard Anderson,NULL
18353,NULL,17183,Robert Anderson,NULL
13271,NULL,17996,Ryan Anderson,NULL
24964,NULL,12376,Samantha Anderson,NULL
14199,NULL,17833,Samuel Anderson,NULL
19476,NULL,12473,Sarah Anderson,NULL
13296,NULL,4310,Seth Anderson,NULL
16145,NULL,10764,Sydney Anderson,NULL
15851,NULL,12144,Taylor Anderson,NULL
11633,NULL,17416,Thomas Anderson,NULL
13148,NULL,18604,Tyler Anderson,NULL
15799,NULL,11809,Victoria Anderson,NULL
23707,NULL,18412,William Anderson,NULL
14284,NULL,3767,Wyatt Anderson,NULL
17086,NULL,4389,Xavier Anderson,NULL
11324,NULL,18495,Zachary Anderson,NULL
14800,NULL,17847,Abby Arthur,NULL
20871,NULL,3150,Adriana Arthur,NULL
26183,NULL,15849,Allen Arthur,NULL
16710,NULL,7537,Carla Arthur,NULL
12567,NULL,8329,Carmen Arthur,NULL
25583,NULL,9941,Carolyn Arthur,NULL
22410,NULL,19617,Cassandra Arthur,NULL
25439,NULL,18318,Janelle Arthur,NULL
27314,NULL,2912,Jarrod Arthur,NULL
12694,NULL,10271,Jay Arthur,NULL
20751,NULL,8013,Jermaine Arthur,NULL
14093,NULL,15305,Jillian Arthur,NULL
27701,NULL,20075,Joel Arthur,NULL
18730,NULL,15890,Johnathan Arthur,NULL
16438,NULL,3215,Kaitlin Arthur,NULL
16675,NULL,10689,Kristi Arthur,NULL
20228,NULL,19461,Raymond Arthur,NULL
22939,NULL,9841,Rebekah Arthur,NULL
19089,NULL,7651,Regina Arthur,NULL
14776,NULL,20119,Ronald Arthur,NULL
16482,NULL,10375,Tabitha Arthur,NULL
21363,NULL,7420,Tammy Arthur,NULL
15706,NULL,16191,Tina Arthur,NULL
12287,NULL,16055,Andre Arun,NULL
16238,NULL,7247,Ann Arun,NULL
27700,NULL,3748,Barry Arun,NULL
27767,NULL,18845,Brandy Arun,NULL
13630,NULL,15359,Brenda Arun,NULL
25671,NULL,19502,Brett Arun,NULL
21037,NULL,10806,Bruce Arun,NULL
20453,NULL,3916,Bryant Arun,NULL
21393,NULL,15409,Candace Arun,NULL
24859,NULL,3814,Cesar Arun,NULL
25511,NULL,18938,Chelsea Arun,NULL
19518,NULL,4082,Clifford Arun,NULL
16527,NULL,19328,Cory Arun,NULL
26702,NULL,19732,Cynthia Arun,NULL
29219,NULL,10172,Darren Arun,NULL
28218,NULL,16238,Denise Arun,NULL
26391,NULL,7479,Dominique Arun,NULL
16933,NULL,20033,Donald Arun,NULL
27923,NULL,19420,Douglas Arun,NULL
21066,NULL,9634,Ebony Arun,NULL
20298,NULL,8128,Edgar Arun,NULL
28463,NULL,7965,Emmanuel Arun,NULL
17802,NULL,2967,Erick Arun,NULL
27842,NULL,3101,Evelyn Arun,NULL
14763,NULL,20195,George Arun,NULL
25940,NULL,11841,Gerald Arun,NULL
23667,NULL,2864,Harold Arun,NULL
20149,NULL,15254,Heidi Arun,NULL
27177,NULL,15960,Henry Arun,NULL
27154,NULL,19578,Holly Arun,NULL
20716,NULL,19696,Kristina Arun,NULL
11074,NULL,7914,Levi Arun,NULL
25634,NULL,3437,Lydia Arun,NULL
26697,NULL,15925,Manuel Arun,NULL
19030,NULL,3861,Marco Arun,NULL
22844,NULL,10051,Marie Arun,NULL
25745,NULL,3386,Mayra Arun,NULL
23930,NULL,7197,Meagan Arun,NULL
26963,NULL,10589,Meredith Arun,NULL
19065,NULL,10151,Michele Arun,NULL
18587,NULL,19543,Monica Arun,NULL
21169,NULL,15461,Nancy Arun,NULL
29153,NULL,11646,Pedro Arun,NULL
27133,NULL,20159,Phillip Arun,NULL
23784,NULL,3972,Preston Arun,NULL
23976,NULL,15499,Rachael Arun,NULL
23658,NULL,11754,Ross Arun,NULL
23620,NULL,11103,Roy Arun,NULL
20959,NULL,11202,Ruben Arun,NULL
17294,NULL,3267,Ruth Arun,NULL
25643,NULL,7815,Sergio Arun,NULL
27784,NULL,19374,Shane Arun,NULL
29009,NULL,4030,Stanley Arun,NULL
16766,NULL,3033,Summer Arun,NULL
18045,NULL,3330,Toni Arun,NULL
15221,NULL,15800,Troy Arun,NULL
18634,NULL,18976,Veronica Arun,NULL
25655,NULL,7596,Virginia Arun,NULL
19414,NULL,12008,Alexis Ashe,NULL
21693,NULL,11535,Alyssa Ashe,NULL
18734,NULL,11630,Barbara Ashe,NULL
19350,NULL,16276,Bethany Ashe,NULL
25228,NULL,9427,Brad Ashe,NULL
23749,NULL,18473,Brandi Ashe,NULL
22940,NULL,13445,Briana Ashe,NULL
12264,NULL,10852,Bruce Ashe,NULL
20284,NULL,9742,Deanna Ashe,NULL
16612,NULL,9686,Ebony Ashe,NULL
12335,NULL,16695,Francisco Ashe,NULL
19434,NULL,8285,Geoffrey Ashe,NULL
25300,NULL,14651,Jamie Ashe,NULL
17756,NULL,15085,Jill Ashe,NULL
28959,NULL,15635,Jimmy Ashe,NULL
20997,NULL,13970,Joanna Ashe,NULL
18440,NULL,11042,Joe Ashe,NULL
16168,NULL,19935,Kathryn Ashe,NULL
26770,NULL,20641,Katie Ashe,NULL
13384,NULL,16836,Mario Ashe,NULL
28932,NULL,11760,Marshall Ashe,NULL
20430,NULL,9091,Maurice Ashe,NULL
26817,NULL,4411,Melvin Ashe,NULL
24553,NULL,8438,Michele Ashe,NULL
23129,NULL,16491,Misty Ashe,NULL
11897,NULL,18715,Orlando Ashe,NULL
19374,NULL,14952,Paula Ashe,NULL
28706,NULL,7756,Reginald Ashe,NULL
19093,NULL,20022,Tara Ashe,NULL
24881,NULL,8653,Tasha Ashe,NULL
27531,NULL,3927,Abigail Bailey,NULL
21812,NULL,15169,Adrian Bailey,NULL
28676,NULL,15135,Alex Bailey,NULL
27475,NULL,8849,Alexa Bailey,NULL
13378,NULL,2772,Alexandra Bailey,NULL
13209,NULL,8871,Alexandria Bailey,NULL
21377,NULL,8844,Allison Bailey,NULL
26595,NULL,20127,Alyssa Bailey,NULL
20414,NULL,3000,Amanda Bailey,NULL
20207,NULL,15132,Angel Bailey,NULL
24737,NULL,8873,Angela Bailey,NULL
23053,NULL,3628,Anna Bailey,NULL
13691,NULL,8853,Ariana Bailey,NULL
16904,NULL,8875,Arianna Bailey,NULL
12094,NULL,8831,Bailey Bailey,NULL
16988,NULL,15148,Brian Bailey,NULL
28619,NULL,19201,Brianna Bailey,NULL
13799,NULL,15162,Bryan Bailey,NULL
13469,NULL,15150,Bryce Bailey,NULL
15972,NULL,8854,Caitlin Bailey,NULL
16780,NULL,15131,Carlos Bailey,NULL
28330,NULL,15172,Charles Bailey,NULL
24801,NULL,15153,Chase Bailey,NULL
14564,NULL,20250,Chloe Bailey,NULL
16853,NULL,8851,Christina Bailey,NULL
19124,NULL,15170,Cody Bailey,NULL
27510,NULL,15157,Cole Bailey,NULL
19722,NULL,15188,Dalton Bailey,NULL
27284,NULL,8846,Danielle Bailey,NULL
22941,NULL,20017,Destiny Bailey,NULL
25366,NULL,15174,Eduardo Bailey,NULL
25044,NULL,19499,Emma Bailey,NULL
25370,NULL,8868,Erin Bailey,NULL
27649,NULL,15139,Evan Bailey,NULL
25846,NULL,8879,Faith Bailey,NULL
15505,NULL,8833,Gabriella Bailey,NULL
19055,NULL,15164,Garrett Bailey,NULL
25414,NULL,19599,Grace Bailey,NULL
26270,NULL,3158,Hailey Bailey,NULL
27562,NULL,3385,Haley Bailey,NULL
22275,NULL,15179,Ian Bailey,NULL
14491,NULL,15141,Isaac Bailey,NULL
22123,NULL,20771,Isabella Bailey,NULL
17751,NULL,15134,Isaiah Bailey,NULL
28610,NULL,8877,Jacqueline Bailey,NULL
27052,NULL,8836,Jada Bailey,NULL
11319,NULL,8869,Jade Bailey,NULL
20647,NULL,15158,Jared Bailey,NULL
28658,NULL,19803,Jasmine Bailey,NULL
18448,NULL,20454,Jennifer Bailey,NULL
20122,NULL,15190,Jeremy Bailey,NULL
18061,NULL,15143,Jesse Bailey,NULL
12945,NULL,3474,Jessica Bailey,NULL
21243,NULL,15155,Juan Bailey,NULL
16641,NULL,20349,Julia Bailey,NULL
12153,NULL,20566,Kaitlyn Bailey,NULL
28618,NULL,8837,Katelyn Bailey,NULL
28905,NULL,2927,Katherine Bailey,NULL
29224,NULL,8842,Kaylee Bailey,NULL
25897,NULL,8862,Kimberly Bailey,NULL
15864,NULL,3703,Lauren Bailey,NULL
24929,NULL,15180,Lucas Bailey,NULL
18233,NULL,8832,Mackenzie Bailey,NULL
25362,NULL,8863,Makayla Bailey,NULL
18329,NULL,15178,Marcus Bailey,NULL
19150,NULL,3232,Maria Bailey,NULL
27243,NULL,8870,Mariah Bailey,NULL
15292,NULL,19091,Megan Bailey,NULL
19572,NULL,8880,Melissa Bailey,NULL
21483,NULL,8859,Michelle Bailey,NULL
21354,NULL,20672,Morgan Bailey,NULL
16334,NULL,2696,Natalie Bailey,NULL
29336,NULL,15152,Nathaniel Bailey,NULL
28842,NULL,19901,Nicole Bailey,NULL
23892,NULL,19309,Olivia Bailey,NULL
18985,NULL,8878,Paige Bailey,NULL
15880,NULL,15147,Patrick Bailey,NULL
18921,NULL,19706,Rachel Bailey,NULL
22050,NULL,15176,Richard Bailey,NULL
19163,NULL,8884,Riley Bailey,NULL
22872,NULL,8834,Sara Bailey,NULL
23428,NULL,8840,Savannah Bailey,NULL
27710,NULL,15144,Sean Bailey,NULL
21452,NULL,15184,Seth Bailey,NULL
12515,NULL,8866,Shelby Bailey,NULL
12883,NULL,3076,Stephanie Bailey,NULL
15907,NULL,15166,Steven Bailey,NULL
18948,NULL,2848,Sydney Bailey,NULL
16434,NULL,3550,Taylor Bailey,NULL
18456,NULL,15146,Timothy Bailey,NULL
20677,NULL,8867,Trinity Bailey,NULL
29169,NULL,19393,Victoria Bailey,NULL
12305,NULL,15186,Xavier Bailey,NULL
15554,NULL,8848,Zoe Bailey,NULL
17862,NULL,16214,Aaron Baker,NULL
12849,NULL,16221,Adam Baker,NULL
27072,NULL,16232,Alex Baker,NULL
26586,NULL,10327,Alexandra Baker,NULL
26495,NULL,10374,Allison Baker,NULL
23589,NULL,10333,Amanda Baker,NULL
14634,NULL,10348,Amber Baker,NULL
15542,NULL,10376,Andrea Baker,NULL
11666,NULL,16228,Angel Baker,NULL
26271,NULL,10356,Bailey Baker,NULL
25368,NULL,4195,Blake Baker,NULL
23968,NULL,16216,Caleb Baker,NULL
15419,NULL,16227,Carlos Baker,NULL
19313,NULL,4892,Charles Baker,NULL
21324,NULL,10316,Chloe Baker,NULL
26345,NULL,16217,Connor Baker,NULL
18988,NULL,10350,Courtney Baker,NULL
23207,NULL,4504,Dalton Baker,NULL
19242,NULL,4972,Devin Baker,NULL
18092,NULL,5056,Eduardo Baker,NULL
18507,NULL,3732,Edward Baker,NULL
26287,NULL,16208,Elijah Baker,NULL
24357,NULL,16223,Eric Baker,NULL
19893,NULL,16236,Evan Baker,NULL
17533,NULL,3891,Fernando Baker,NULL
14336,NULL,16206,Gabriel Baker,NULL
17404,NULL,10363,Gabriella Baker,NULL
14618,NULL,10340,Gabrielle Baker,NULL
16378,NULL,10336,Hailey Baker,NULL
19719,NULL,16832,Hunter Baker,NULL
26200,NULL,4750,Ian Baker,NULL
14356,NULL,10322,Isabella Baker,NULL
12106,NULL,16230,Isaiah Baker,NULL
17866,NULL,16219,Jack Baker,NULL
28008,NULL,10366,Jada Baker,NULL
14894,NULL,16791,James Baker,NULL
15951,NULL,10352,Jenna Baker,NULL
11800,NULL,10319,Jennifer Baker,NULL
23471,NULL,4035,Jeremy Baker,NULL
21766,NULL,16242,Jesse Baker,NULL
18527,NULL,16793,Jonathan Baker,NULL
11504,NULL,10353,Jordan Baker,NULL
22937,NULL,16865,Jose Baker,NULL
24650,NULL,10317,Julia Baker,NULL
13232,NULL,10320,Kaitlyn Baker,NULL
19703,NULL,10367,Katelyn Baker,NULL
19334,NULL,10329,Katherine Baker,NULL
11703,NULL,10372,Kaylee Baker,NULL
13032,NULL,16204,Kevin Baker,NULL
18982,NULL,16889,Kyle Baker,NULL
29160,NULL,16802,Logan Baker,NULL
11807,NULL,4824,Lucas Baker,NULL
20539,NULL,16212,Luis Baker,NULL
22952,NULL,16218,Luke Baker,NULL
16563,NULL,10361,Mackenzie Baker,NULL
19130,NULL,10343,Madeline Baker,NULL
17520,NULL,4660,Marcus Baker,NULL
15911,NULL,10339,Maria Baker,NULL
20306,NULL,10346,Mary Baker,NULL
13270,NULL,16237,Mason Baker,NULL
14824,NULL,4120,Miguel Baker,NULL
18833,NULL,10321,Morgan Baker,NULL
17437,NULL,10325,Natalie Baker,NULL
29000,NULL,16816,Nathan Baker,NULL
26685,NULL,16844,Noah Baker,NULL
29036,NULL,10342,Rebecca Baker,NULL
13898,NULL,4578,Richard Baker,NULL
27300,NULL,16853,Robert Baker,NULL
11827,NULL,10364,Sara Baker,NULL
11081,NULL,10369,Savannah Baker,NULL
24778,NULL,16244,Sean Baker,NULL
21520,NULL,4352,Seth Baker,NULL
19465,NULL,10355,Sierra Baker,NULL
16356,NULL,10345,Sophia Baker,NULL
15287,NULL,10334,Stephanie Baker,NULL
22093,NULL,10328,Sydney Baker,NULL
25344,NULL,16873,Thomas Baker,NULL
19688,NULL,16246,Timothy Baker,NULL
25101,NULL,3807,Wyatt Baker,NULL
20659,NULL,4430,Xavier Baker,NULL
15903,NULL,3955,Abigail Barnes,NULL
29215,NULL,12795,Abigail Barnes,NULL
21654,NULL,12901,Aidan Barnes,NULL
22268,NULL,2801,Alexandra Barnes,NULL
18840,NULL,7604,Alexandria Barnes,NULL
15231,NULL,7098,Alexia Barnes,NULL
23935,NULL,12746,Alexis Barnes,NULL
13335,NULL,20180,Alyssa Barnes,NULL
20744,NULL,3026,Amanda Barnes,NULL
18870,NULL,7434,Ana Barnes,NULL
26532,NULL,7646,Angela Barnes,NULL
15128,NULL,7133,Angelica Barnes,NULL
20436,NULL,3658,Anna Barnes,NULL
18688,NULL,13187,Antonio Barnes,NULL
13321,NULL,7693,Arianna Barnes,NULL
29156,NULL,12563,Ashley Barnes,NULL
17865,NULL,13586,Blake Barnes,NULL
15340,NULL,7175,Brittany Barnes,NULL
11973,NULL,6775,Caroline Barnes,NULL
15343,NULL,13237,Carson Barnes,NULL
17459,NULL,6813,Cassidy Barnes,NULL
23558,NULL,12943,Dakota Barnes,NULL
17858,NULL,13450,Dalton Barnes,NULL
24750,NULL,20064,Destiny Barnes,NULL
16768,NULL,13729,Eduardo Barnes,NULL
15416,NULL,13631,Edward Barnes,NULL
24939,NULL,12657,Elizabeth Barnes,NULL
15996,NULL,12986,Emily Barnes,NULL
15726,NULL,7809,Faith Barnes,NULL
11300,NULL,13098,Fernando Barnes,NULL
14883,NULL,3334,Gabrielle Barnes,NULL
16783,NULL,19639,Grace Barnes,NULL
15555,NULL,3183,Hailey Barnes,NULL
21339,NULL,3413,Haley Barnes,NULL
14421,NULL,13024,Hannah Barnes,NULL
16106,NULL,13865,Ian Barnes,NULL
15693,NULL,7470,Isabel Barnes,NULL
25239,NULL,2522,Isabella Barnes,NULL
15453,NULL,7505,Isabelle Barnes,NULL
11167,NULL,19844,Jasmine Barnes,NULL
28097,NULL,20501,Jennifer Barnes,NULL
21446,NULL,13497,Jeremy Barnes,NULL
15068,NULL,3507,Jessica Barnes,NULL
23080,NULL,7224,Jocelyn Barnes,NULL
25279,NULL,6855,Jordyn Barnes,NULL
21999,NULL,20388,Julia Barnes,NULL
24526,NULL,13321,Julian Barnes,NULL
15162,NULL,20606,Kaitlyn Barnes,NULL
24256,NULL,12705,Kayla Barnes,NULL
25204,NULL,7541,Kelly Barnes,NULL
26625,NULL,19034,Lauren Barnes,NULL
22082,NULL,13910,Lucas Barnes,NULL
18567,NULL,13071,Madison Barnes,NULL
13718,NULL,13817,Marcus Barnes,NULL
20459,NULL,3260,Maria Barnes,NULL
19621,NULL,8077,Mariah Barnes,NULL
23701,NULL,7057,Marissa Barnes,NULL
11281,NULL,19134,Megan Barnes,NULL
29073,NULL,8117,Melanie Barnes,NULL
12888,NULL,7853,Melissa Barnes,NULL
13310,NULL,13543,Miguel Barnes,NULL
21062,NULL,7268,Miranda Barnes,NULL
27603,NULL,7303,Mya Barnes,NULL
24295,NULL,2723,Natalie Barnes,NULL
23156,NULL,12519,Samantha Barnes,NULL
22188,NULL,12616,Sarah Barnes,NULL
21603,NULL,13954,Seth Barnes,NULL
21788,NULL,13140,Spencer Barnes,NULL
19698,NULL,3104,Stephanie Barnes,NULL
19759,NULL,2870,Sydney Barnes,NULL
14279,NULL,3582,Taylor Barnes,NULL
20369,NULL,12818,Trevor Barnes,NULL
22681,NULL,12862,Tristan Barnes,NULL
13810,NULL,7396,Vanessa Barnes,NULL
24653,NULL,19430,Victoria Barnes,NULL
13925,NULL,13670,Wyatt Barnes,NULL
23382,NULL,13393,Xavier Barnes,NULL
26012,NULL,15005,Mark Bebbington,NULL
11025,NULL,12565,Alejandro Beck,NULL
17248,NULL,19807,Alicia Beck,NULL
11463,NULL,12037,Alisha Beck,NULL
28889,NULL,16672,Alison Beck,NULL
19314,NULL,5318,Alvin Beck,NULL
14302,NULL,20560,April Beck,NULL
26666,NULL,7785,Ashlee Beck,NULL
26547,NULL,11628,Barbara Beck,NULL
16312,NULL,16273,Bethany Beck,NULL
29097,NULL,3728,Bonnie Beck,NULL
12635,NULL,9422,Brad Beck,NULL
22388,NULL,20312,Bradley Beck,NULL
17952,NULL,9363,Brendan Beck,NULL
29106,NULL,9192,Calvin Beck,NULL
16311,NULL,16978,Carl Beck,NULL
20597,NULL,4523,Carly Beck,NULL
22403,NULL,4202,Cedric Beck,NULL
20714,NULL,19896,Christine Beck,NULL
19366,NULL,11424,Christy Beck,NULL
11579,NULL,12669,Clayton Beck,NULL
28256,NULL,13510,Colin Beck,NULL
28331,NULL,12348,Colleen Beck,NULL
16576,NULL,20478,Corey Beck,NULL
12284,NULL,8756,Cristina Beck,NULL
24022,NULL,5350,Dale Beck,NULL
23989,NULL,15241,Damien Beck,NULL
20960,NULL,8365,Darrell Beck,NULL
17415,NULL,12241,Dawn Beck,NULL
17322,NULL,20271,Derek Beck,NULL
17092,NULL,4345,Devon Beck,NULL
18247,NULL,4675,Donna Beck,NULL
12838,NULL,5104,Ralph Beck,NULL
21519,NULL,8551,Franklin Becker,NULL
14794,NULL,9640,Gilbert Becker,NULL
21390,NULL,9308,Grant Becker,NULL
13104,NULL,2603,Gregory Becker,NULL
27764,NULL,12997,Jaclyn Becker,NULL
28278,NULL,9481,Jaime Becker,NULL
17290,NULL,11527,Jenny Becker,NULL
20857,NULL,16924,Jerry Becker,NULL
26043,NULL,4721,Jodi Becker,NULL
22591,NULL,12457,Jon Becker,NULL
13614,NULL,19970,Julie Becker,NULL
21167,NULL,16574,Kara Becker,NULL
12730,NULL,3537,Karla Becker,NULL
16447,NULL,4623,Kate Becker,NULL
24588,NULL,19929,Kathryn Becker,NULL
26997,NULL,20639,Katie Becker,NULL
11416,NULL,16361,Katrina Becker,NULL
27515,NULL,20520,Keith Becker,NULL
16633,NULL,12140,Kelli Becker,NULL
11968,NULL,16533,Kelsey Becker,NULL
12842,NULL,3048,Kelvin Becker,NULL
16581,NULL,2625,Kenneth Becker,NULL
12514,NULL,11318,Lacey Becker,NULL
17330,NULL,16406,Latoya Becker,NULL
22405,NULL,5233,Leonard Becker,NULL
23951,NULL,19851,Lindsay Becker,NULL
25841,NULL,20677,Lindsey Becker,NULL
24193,NULL,13112,Louis Becker,NULL
13914,NULL,3923,Abigail Bell,NULL
11874,NULL,15032,Adrian Bell,NULL
16754,NULL,14997,Alex Bell,NULL
21600,NULL,8745,Alexa Bell,NULL
26126,NULL,2767,Alexandra Bell,NULL
13758,NULL,8764,Alexandria Bell,NULL
28863,NULL,8734,Allison Bell,NULL
18775,NULL,8736,Andrea Bell,NULL
14469,NULL,8767,Angela Bell,NULL
23394,NULL,3625,Anna Bell,NULL
29149,NULL,8748,Ariana Bell,NULL
27675,NULL,8768,Arianna Bell,NULL
13203,NULL,8717,Bailey Bell,NULL
28603,NULL,15013,Brian Bell,NULL
17538,NULL,19198,Brianna Bell,NULL
23253,NULL,8752,Brooke Bell,NULL
16394,NULL,15028,Bryan Bell,NULL
20025,NULL,15015,Bryce Bell,NULL
21469,NULL,8750,Caitlin Bell,NULL
24756,NULL,14991,Carlos Bell,NULL
25314,NULL,15035,Charles Bell,NULL
18091,NULL,15018,Chase Bell,NULL
23514,NULL,20245,Chloe Bell,NULL
26099,NULL,8746,Christina Bell,NULL
12965,NULL,15034,Cody Bell,NULL
20311,NULL,15026,Cole Bell,NULL
27944,NULL,15059,Dalton Bell,NULL
14041,NULL,8739,Danielle Bell,NULL
12419,NULL,20011,Destiny Bell,NULL
28429,NULL,15038,Devin Bell,NULL
27101,NULL,15040,Eduardo Bell,NULL
26715,NULL,8721,Gabriella Bell,NULL
22373,NULL,3304,Gabrielle Bell,NULL
14265,NULL,15030,Garrett Bell,NULL
12748,NULL,19596,Grace Bell,NULL
29437,NULL,3380,Haley Bell,NULL
12507,NULL,15046,Ian Bell,NULL
27698,NULL,20763,Isabella Bell,NULL
27197,NULL,14996,Isaiah Bell,NULL
21601,NULL,8771,Jacqueline Bell,NULL
25194,NULL,8723,Jada Bell,NULL
26246,NULL,8761,Jade Bell,NULL
25862,NULL,15027,Jared Bell,NULL
16759,NULL,19799,Jasmine Bell,NULL
24040,NULL,20449,Jennifer Bell,NULL
26525,NULL,15064,Jeremy Bell,NULL
17699,NULL,15008,Jesse Bell,NULL
22178,NULL,3471,Jessica Bell,NULL
17215,NULL,15020,Juan Bell,NULL
21652,NULL,20347,Julia Bell,NULL
21086,NULL,8727,Katelyn Bell,NULL
25417,NULL,8730,Savannah Bell,NULL
27785,NULL,15021,Sebastian Bell,NULL
18940,NULL,15054,Seth Bell,NULL
27370,NULL,3073,Stephanie Bell,NULL
15534,NULL,15031,Steven Bell,NULL
17358,NULL,2842,Sydney Bell,NULL
23286,NULL,3547,Taylor Bell,NULL
28101,NULL,15010,Timothy Bell,NULL
27898,NULL,8759,Trinity Bell,NULL
15168,NULL,15056,Xavier Bell,NULL
24290,NULL,8740,Zoe Bell,NULL
28751,NULL,11019,Joe Belson,NULL
27411,NULL,13280,Mason Bendixen,NULL
28300,NULL,3951,Abigail Bennett,NULL
18998,NULL,12894,Aidan Bennett,NULL
24961,NULL,2797,Alexandra Bennett,NULL
26690,NULL,7093,Alexia Bennett,NULL
21786,NULL,12744,Alexis Bennett,NULL
25852,NULL,3024,Amanda Bennett,NULL
17391,NULL,7643,Angela Bennett,NULL
23290,NULL,7129,Angelica Bennett,NULL
11631,NULL,13182,Antonio Bennett,NULL
23767,NULL,7687,Arianna Bennett,NULL
24788,NULL,12561,Ashley Bennett,NULL
20381,NULL,13584,Blake Bennett,NULL
22332,NULL,7172,Brittany Bennett,NULL
17508,NULL,6773,Caroline Bennett,NULL
16951,NULL,6809,Cassidy Bennett,NULL
26091,NULL,20280,Chloe Bennett,NULL
11871,NULL,13447,Dalton Bennett,NULL
21920,NULL,20057,Destiny Bennett,NULL
27563,NULL,14283,Devin Bennett,NULL
29154,NULL,13726,Eduardo Bennett,NULL
18682,NULL,12984,Emily Bennett,NULL
19880,NULL,19534,Emma Bennett,NULL
27174,NULL,13096,Fernando Bennett,NULL
20467,NULL,3331,Gabrielle Bennett,NULL
17588,NULL,13276,Gavin Bennett,NULL
28819,NULL,19636,Grace Bennett,NULL
20538,NULL,3180,Hailey Bennett,NULL
23813,NULL,13020,Hannah Bennett,NULL
15454,NULL,13863,Ian Bennett,NULL
17043,NULL,2502,Isabella Bennett,NULL
18674,NULL,7502,Isabelle Bennett,NULL
11199,NULL,7729,Jacqueline Bennett,NULL
15904,NULL,12789,Janice Bennett,NULL
13708,NULL,20491,Jennifer Bennett,NULL
13182,NULL,13492,Jeremy Bennett,NULL
24330,NULL,3502,Jessica Bennett,NULL
22230,NULL,6850,Jordyn Bennett,NULL
23577,NULL,20383,Julia Bennett,NULL
23738,NULL,13317,Julian Bennett,NULL
16942,NULL,20600,Kaitlyn Bennett,NULL
15315,NULL,2950,Katherine Bennett,NULL
19235,NULL,12700,Kayla Bennett,NULL
29221,NULL,7534,Kelly Bennett,NULL
28287,NULL,19023,Lauren Bennett,NULL
12453,NULL,13069,Madison Bennett,NULL
29029,NULL,13813,Marcus Bennett,NULL
22983,NULL,3257,Maria Bennett,NULL
21684,NULL,8073,Mariah Bennett,NULL
28805,NULL,7580,Marissa Bennett,NULL
12439,NULL,19130,Megan Bennett,NULL
28337,NULL,7847,Melissa Bennett,NULL
26546,NULL,13540,Miguel Bennett,NULL
18819,NULL,7265,Miranda Bennett,NULL
15097,NULL,20705,Morgan Bennett,NULL
18568,NULL,7301,Mya Bennett,NULL
23467,NULL,19950,Nicole Bennett,NULL
28067,NULL,19339,Olivia Bennett,NULL
20313,NULL,13363,Oscar Bennett,NULL
17096,NULL,12515,Samantha Bennett,NULL
17145,NULL,12612,Sarah Bennett,NULL
24493,NULL,13946,Seth Bennett,NULL
18807,NULL,13137,Spencer Bennett,NULL
11014,NULL,2868,Sydney Bennett,NULL
28972,NULL,3579,Taylor Bennett,NULL
21795,NULL,12856,Tristan Bennett,NULL
25096,NULL,19427,Victoria Bennett,NULL
13658,NULL,13669,Wyatt Bennett,NULL
26803,NULL,13999,Xavier Bennett,NULL
14820,NULL,9247,Drew Bhat,NULL
13079,NULL,13217,Edwin Bhat,NULL
15225,NULL,3656,Yolanda Bhat,NULL
27905,NULL,16830,Mario Black,NULL
15450,NULL,11714,Marshall Black,NULL
21779,NULL,9088,Maurice Black,NULL
12429,NULL,4406,Melvin Black,NULL
13995,NULL,8433,Michele Black,NULL
18696,NULL,4572,Mindy Black,NULL
27127,NULL,16485,Misty Black,NULL
25691,NULL,17156,Mitchell Black,NULL
22422,NULL,16625,Nichole Black,NULL
23945,NULL,5290,Nicolas Black,NULL
17968,NULL,4470,Nina Black,NULL
28147,NULL,12775,Omar Black,NULL
21213,NULL,20435,Peter Black,NULL
15766,NULL,8810,Priscilla Black,NULL
11966,NULL,12892,Rafael Black,NULL
25301,NULL,9539,Raul Black,NULL
19730,NULL,17027,Ricardo Black,NULL
28416,NULL,13327,Roger Black,NULL
18897,NULL,16878,Russell Black,NULL
17355,NULL,17113,Shaun Black,NULL
19499,NULL,20399,Shawn Black,NULL
15205,NULL,3601,Shawna Black,NULL
19248,NULL,8706,Sheena Black,NULL
24202,NULL,11928,Tamara Black,NULL
24216,NULL,20018,Tara Black,NULL
24718,NULL,4293,Terrence Black,NULL
26396,NULL,17253,Terry Black,NULL
24376,NULL,4232,Tommy Black,NULL
27306,NULL,17206,Tony Black,NULL
21254,NULL,8488,Tonya Black,NULL
24903,NULL,16439,Tracy Black,NULL
26538,NULL,4671,Warren Black,NULL
25056,NULL,9143,Wayne Black,NULL
18172,NULL,13416,Willie Black,NULL
18132,NULL,7128,Adrienne Blanco,NULL
13581,NULL,14920,Albert Blanco,NULL
27867,NULL,6637,Alberto Blanco,NULL
17626,NULL,2818,Alfredo Blanco,NULL
14923,NULL,2754,Andy Blanco,NULL
20014,NULL,14380,Anne Blanco,NULL
13918,NULL,6965,Armando Blanco,NULL
21913,NULL,10972,Arthur Blanco,NULL
12657,NULL,6041,Audrey Blanco,NULL
29444,NULL,6100,Beth Blanco,NULL
23316,NULL,15762,Billy Blanco,NULL
20986,NULL,18493,Brandi Blanco,NULL
20455,NULL,10875,Bruce Blanco,NULL
13524,NULL,6202,Cheryl Blanco,NULL
14195,NULL,14634,Clinton Blanco,NULL
16230,NULL,19077,Craig Blanco,NULL
20551,NULL,6151,Daisy Blanco,NULL
13773,NULL,17829,Dana Blanco,NULL
17877,NULL,14770,Danny Blanco,NULL
14382,NULL,10240,Darren Blanco,NULL
29024,NULL,9816,Deanna Blanco,NULL
17473,NULL,9706,Ebony Blanco,NULL
29093,NULL,19291,Erik Blanco,NULL
14669,NULL,18716,Erika Blanco,NULL
12297,NULL,14295,Felicia Blanco,NULL
25750,NULL,2537,Francis Blanco,NULL
23975,NULL,18349,Frank Blanco,NULL
17712,NULL,19038,Gary Blanco,NULL
28918,NULL,15065,Gina Blanco,NULL
22938,NULL,14727,Hector Blanco,NULL
13411,NULL,6364,Jacquelyn Blanco,NULL
22528,NULL,7076,Jaime Blanco,NULL
23492,NULL,14668,Jamie Blanco,NULL
23608,NULL,5671,Jessie Blanco,NULL
20448,NULL,18394,Jésus Blanco,NULL
17838,NULL,15105,Jill Blanco,NULL
14013,NULL,15659,Jimmy Blanco,NULL
25733,NULL,13993,Joanna Blanco,NULL
25675,NULL,11068,Joe Blanco,NULL
17809,NULL,12642,Josue Blanco,NULL
17678,NULL,7018,Julio Blanco,NULL
19627,NULL,10564,Kari Blanco,NULL
25232,NULL,16114,Kellie Blanco,NULL
20563,NULL,15163,Kendra Blanco,NULL
27580,NULL,14235,Krista Blanco,NULL
15464,NULL,9602,Kristi Blanco,NULL
25695,NULL,6319,Kristine Blanco,NULL
24959,NULL,14340,Kristy Blanco,NULL
13255,NULL,14866,Lance Blanco,NULL
21216,NULL,18449,Larry Blanco,NULL
11189,NULL,14459,Lawrence Blanco,NULL
16660,NULL,14419,Lee Blanco,NULL
27695,NULL,18533,Leslie Blanco,NULL
15735,NULL,14122,Lori Blanco,NULL
21958,NULL,5972,Mallory Blanco,NULL
24908,NULL,15712,Marc Blanco,NULL
12595,NULL,14539,Mathew Blanco,NULL
26360,NULL,2705,Max Blanco,NULL
17961,NULL,18811,Meghan Blanco,NULL
11113,NULL,14592,Micheal Blanco,NULL
24122,NULL,9025,Michele Blanco,NULL
14103,NULL,13783,Monique Blanco,NULL
26405,NULL,17499,Naomi Blanco,NULL
15808,NULL,18761,Natasha Blanco,NULL
19934,NULL,6864,Neil Blanco,NULL
23718,NULL,19364,Nelson Blanco,NULL
22575,NULL,18937,Orlando Blanco,NULL
12538,NULL,15181,Paula Blanco,NULL
26217,NULL,11721,Pedro Blanco,NULL
15603,NULL,19207,Philip Blanco,NULL
26321,NULL,14979,Randall Blanco,NULL
18149,NULL,9913,Rebekah Blanco,NULL
25770,NULL,6585,Reginald Blanco,NULL
16606,NULL,15605,Ricky Blanco,NULL
24179,NULL,13188,Robyn Blanco,NULL
20158,NULL,13698,Rodney Blanco,NULL
26334,NULL,11821,Ross Blanco,NULL
20203,NULL,11172,Roy Blanco,NULL
13564,NULL,14186,Sabrina Blanco,NULL
17724,NULL,14695,Sheila Blanco,NULL
14767,NULL,18622,Stacy Blanco,NULL
21609,NULL,10451,Tabitha Blanco,NULL
19324,NULL,14037,Tanya Blanco,NULL
29380,NULL,15217,Teresa Blanco,NULL
26824,NULL,13912,Theresa Blanco,NULL
19458,NULL,6814,Tyrone Blanco,NULL
15586,NULL,19249,Victor Blanco,NULL
19604,NULL,13951,Wendy Blanco,NULL
19121,NULL,20558,Kaitlyn Blue,NULL
18585,NULL,2924,Katherine Blue,NULL
28810,NULL,8732,Kaylee Blue,NULL
15382,NULL,8753,Kimberly Blue,NULL
18890,NULL,3700,Lauren Blue,NULL
28169,NULL,15050,Lucas Blue,NULL
12925,NULL,8718,Mackenzie Blue,NULL
19000,NULL,8755,Makayla Blue,NULL
27550,NULL,15045,Marcus Blue,NULL
16226,NULL,3230,Maria Blue,NULL
19131,NULL,15002,Mason Blue,NULL
18791,NULL,19085,Megan Blue,NULL
17861,NULL,8763,Melanie Blue,NULL
13848,NULL,8774,Melissa Blue,NULL
15947,NULL,8751,Michelle Blue,NULL
13056,NULL,20668,Morgan Blue,NULL
20307,NULL,2692,Natalie Blue,NULL
24437,NULL,19897,Nicole Blue,NULL
14412,NULL,19953,Nicole Blue,NULL
15994,NULL,19341,Olivia Blue,NULL
27008,NULL,13366,Oscar Blue,NULL
20326,NULL,7774,Paige Blue,NULL
21703,NULL,8773,Paige Blue,NULL
22263,NULL,15011,Patrick Blue,NULL
20359,NULL,19701,Rachel Blue,NULL
17162,NULL,19744,Rachel Blue,NULL
12006,NULL,13771,Richard Blue,NULL
17868,NULL,15042,Richard Blue,NULL
23042,NULL,7362,Riley Blue,NULL
17118,NULL,8722,Sara Blue,NULL
17691,NULL,7601,Alexandria Bradley,NULL
15677,NULL,20124,Alyssa Bradley,NULL
25289,NULL,2999,Amanda Bradley,NULL
27294,NULL,7432,Ana Bradley,NULL
13989,NULL,20288,Chloe Bradley,NULL
15884,NULL,12940,Dakota Bradley,NULL
27322,NULL,19125,Derrick Bradley,NULL
20582,NULL,13870,Desiree Bradley,NULL
15140,NULL,15670,Diane Bradley,NULL
29476,NULL,12655,Elizabeth Bradley,NULL
14211,NULL,19496,Emma Bradley,NULL
13401,NULL,8760,Erin Bradley,NULL
18506,NULL,14998,Evan Bradley,NULL
20301,NULL,16563,Gloria Bradley,NULL
27783,NULL,7468,Isabel Bradley,NULL
19185,NULL,7733,Jacqueline Bradley,NULL
23022,NULL,7217,Jocelyn Bradley,NULL
23596,NULL,2953,Katherine Bradley,NULL
27760,NULL,6152,Latasha Bradley,NULL
25397,NULL,13908,Lucas Bradley,NULL
13343,NULL,8113,Melanie Bradley,NULL
16955,NULL,15016,Nathaniel Bradley,NULL
20506,NULL,7772,Paige Bradley,NULL
15850,NULL,19739,Rachel Bradley,NULL
29173,NULL,13767,Richard Bradley,NULL
18142,NULL,7360,Riley Bradley,NULL
26883,NULL,8757,Shelby Bradley,NULL
29454,NULL,19391,Victoria Bradley,NULL
11811,NULL,3945,Abigail Brooks,NULL
23076,NULL,14145,Adrian Brooks,NULL
14251,NULL,14114,Alex Brooks,NULL
28874,NULL,7919,Alexa Brooks,NULL
22138,NULL,2792,Alexandra Brooks,NULL
27759,NULL,7942,Alexandria Brooks,NULL
14605,NULL,7912,Allison Brooks,NULL
24657,NULL,20161,Alyssa Brooks,NULL
13224,NULL,3019,Amanda Brooks,NULL
21708,NULL,7913,Andrea Brooks,NULL
27045,NULL,14111,Angel Brooks,NULL
22548,NULL,7948,Angela Brooks,NULL
14366,NULL,3649,Anna Brooks,NULL
25670,NULL,7923,Ariana Brooks,NULL
14410,NULL,7949,Arianna Brooks,NULL
15941,NULL,7900,Bailey Brooks,NULL
23694,NULL,14129,Brian Brooks,NULL
25942,NULL,19227,Brianna Brooks,NULL
24263,NULL,7928,Brooke Brooks,NULL
12061,NULL,14130,Bryce Brooks,NULL
12096,NULL,7924,Caitlin Brooks,NULL
14628,NULL,14110,Carlos Brooks,NULL
19869,NULL,19527,Carol Brooks,NULL
20181,NULL,7915,Catherine Brooks,NULL
19201,NULL,14147,Charles Brooks,NULL
22764,NULL,14132,Chase Brooks,NULL
27103,NULL,20275,Chloe Brooks,NULL
22496,NULL,7920,Christina Brooks,NULL
25842,NULL,14137,Cole Brooks,NULL
13173,NULL,14165,Dalton Brooks,NULL
19999,NULL,7917,Danielle Brooks,NULL
18105,NULL,20049,Destiny Brooks,NULL
11164,NULL,14151,Devin Brooks,NULL
15320,NULL,14153,Eduardo Brooks,NULL
15759,NULL,7937,Erin Brooks,NULL
23401,NULL,14115,Evan Brooks,NULL
26324,NULL,7953,Faith Brooks,NULL
23092,NULL,3324,Gabrielle Brooks,NULL
18425,NULL,14142,Garrett Brooks,NULL
22231,NULL,19629,Grace Brooks,NULL
13835,NULL,3174,Hailey Brooks,NULL
17193,NULL,3404,Haley Brooks,NULL
28290,NULL,14158,Ian Brooks,NULL
23385,NULL,14119,Isaac Brooks,NULL
13895,NULL,2461,Isabella Brooks,NULL
19864,NULL,14113,Isaiah Brooks,NULL
28254,NULL,7950,Jacqueline Brooks,NULL
21428,NULL,7906,Jada Brooks,NULL
19109,NULL,7938,Jade Brooks,NULL
24476,NULL,14139,Jared Brooks,NULL
19252,NULL,19832,Jasmine Brooks,NULL
17411,NULL,20483,Jennifer Brooks,NULL
24713,NULL,14166,Jeremy Brooks,NULL
22719,NULL,14121,Jesse Brooks,NULL
26856,NULL,3497,Jessica Brooks,NULL
18516,NULL,14133,Juan Brooks,NULL
11949,NULL,20374,Julia Brooks,NULL
15475,NULL,20594,Kaitlyn Brooks,NULL
27279,NULL,7908,Katelyn Brooks,NULL
22098,NULL,2944,Katherine Brooks,NULL
24110,NULL,7911,Kaylee Brooks,NULL
27561,NULL,7929,Kimberly Brooks,NULL
24445,NULL,19015,Lauren Brooks,NULL
16089,NULL,14161,Lucas Brooks,NULL
24292,NULL,7901,Mackenzie Brooks,NULL
22252,NULL,7932,Makayla Brooks,NULL
27638,NULL,14156,Marcus Brooks,NULL
20422,NULL,3251,Maria Brooks,NULL
21620,NULL,7939,Mariah Brooks,NULL
21142,NULL,14118,Mason Brooks,NULL
15508,NULL,19118,Megan Brooks,NULL
17589,NULL,7940,Melanie Brooks,NULL
19198,NULL,7955,Melissa Brooks,NULL
19537,NULL,7926,Michelle Brooks,NULL
15548,NULL,20698,Morgan Brooks,NULL
25071,NULL,2716,Natalie Brooks,NULL
19218,NULL,14131,Nathaniel Brooks,NULL
26467,NULL,19936,Nicole Brooks,NULL
18665,NULL,19333,Olivia Brooks,NULL
22232,NULL,7951,Paige Brooks,NULL
20644,NULL,14128,Patrick Brooks,NULL
27604,NULL,14154,Richard Brooks,NULL
29264,NULL,7956,Riley Brooks,NULL
12288,NULL,7905,Sara Brooks,NULL
24558,NULL,7909,Savannah Brooks,NULL
11617,NULL,14123,Sean Brooks,NULL
12638,NULL,14135,Sebastian Brooks,NULL
11746,NULL,14163,Seth Brooks,NULL
25103,NULL,7934,Shelby Brooks,NULL
25387,NULL,3097,Stephanie Brooks,NULL
14877,NULL,14143,Steven Brooks,NULL
26707,NULL,2862,Sydney Brooks,NULL
24313,NULL,3573,Taylor Brooks,NULL
17600,NULL,14126,Timothy Brooks,NULL
18784,NULL,7936,Trinity Brooks,NULL
16479,NULL,19418,Victoria Brooks,NULL
15770,NULL,14164,Xavier Brooks,NULL
19017,NULL,7918,Zoe Brooks,NULL
20363,NULL,18182,Alexander Brown,NULL
13977,NULL,10704,Alexandra Brown,NULL
27749,NULL,11997,Alexis Brown,NULL
26468,NULL,11525,Alyssa Brown,NULL
19819,NULL,18870,Andrew Brown,NULL
16247,NULL,12176,Anna Brown,NULL
19399,NULL,18599,Anthony Brown,NULL
25165,NULL,12413,Ashley Brown,NULL
23590,NULL,18212,Austin Brown,NULL
15187,NULL,17923,Benjamin Brown,NULL
21647,NULL,4146,Blake Brown,NULL
14400,NULL,18437,Brandon Brown,NULL
13041,NULL,17632,Cameron Brown,NULL
27051,NULL,4843,Charles Brown,NULL
25890,NULL,11571,Chloe Brown,NULL
22755,NULL,18016,Christian Brown,NULL
20295,NULL,18019,Christopher Brown,NULL
21813,NULL,4458,Dalton Brown,NULL
22752,NULL,18661,Daniel Brown,NULL
27191,NULL,18131,David Brown,NULL
25847,NULL,11482,Destiny Brown,NULL
22040,NULL,4917,Devin Brown,NULL
12449,NULL,18485,Dylan Brown,NULL
22070,NULL,5007,Eduardo Brown,NULL
27621,NULL,4229,Edward Brown,NULL
27090,NULL,11908,Elizabeth Brown,NULL
21914,NULL,12225,Emily Brown,NULL
27616,NULL,11853,Emma Brown,NULL
17369,NULL,17859,Ethan Brown,NULL
19001,NULL,3838,Fernando Brown,NULL
15749,NULL,11302,Grace Brown,NULL
28680,NULL,12273,Hannah Brown,NULL
27036,NULL,17895,Hunter Brown,NULL
13888,NULL,4694,Ian Brown,NULL
26692,NULL,11215,Isabella Brown,NULL
16815,NULL,18682,Jacob Brown,NULL
11192,NULL,17599,James Brown,NULL
15853,NULL,11388,Jasmine Brown,NULL
15939,NULL,11085,Jennifer Brown,NULL
11671,NULL,12085,Jessica Brown,NULL
20637,NULL,18292,John Brown,NULL
11875,NULL,17570,Jonathan Brown,NULL
18500,NULL,17264,Jose Brown,NULL
28042,NULL,18914,Joseph Brown,NULL
20695,NULL,18765,Joshua Brown,NULL
18065,NULL,11035,Julia Brown,NULL
27672,NULL,18037,Justin Brown,NULL
29120,NULL,11123,Kaitlyn Brown,NULL
14538,NULL,10803,Katherine Brown,NULL
16094,NULL,11946,Kayla Brown,NULL
28651,NULL,11620,Lauren Brown,NULL
19135,NULL,17667,Logan Brown,NULL
19816,NULL,4778,Lucas Brown,NULL
21763,NULL,12318,Madison Brown,NULL
17575,NULL,4608,Marcus Brown,NULL
15886,NULL,18821,Matthew Brown,NULL
15844,NULL,11673,Megan Brown,NULL
23151,NULL,18720,Michael Brown,NULL
26194,NULL,4070,Miguel Brown,NULL
29197,NULL,11170,Morgan Brown,NULL
18475,NULL,11257,Natalie Brown,NULL
13277,NULL,17792,Nathan Brown,NULL
11506,NULL,18984,Nicholas Brown,NULL
11334,NULL,11435,Nicole Brown,NULL
26336,NULL,17294,Noah Brown,NULL
11218,NULL,11750,Olivia Brown,NULL
22294,NULL,11341,Rachel Brown,NULL
29357,NULL,5082,Richard Brown,NULL
12910,NULL,17144,Robert Brown,NULL
11086,NULL,17979,Ryan Brown,NULL
25147,NULL,12367,Samantha Brown,NULL
26999,NULL,17763,Samuel Brown,NULL
21687,NULL,12461,Sarah Brown,NULL
14731,NULL,4301,Seth Brown,NULL
15392,NULL,10753,Sydney Brown,NULL
26502,NULL,12133,Taylor Brown,NULL
15544,NULL,17361,Thomas Brown,NULL
11839,NULL,18537,Tyler Brown,NULL
19532,NULL,11797,Victoria Brown,NULL
18579,NULL,18397,William Brown,NULL
21329,NULL,3756,Wyatt Brown,NULL
28823,NULL,4381,Xavier Brown,NULL
22478,NULL,10017,Carolyn Browning,NULL
19299,NULL,17873,Carrie Browning,NULL
16449,NULL,19163,Casey Browning,NULL
19979,NULL,6263,Janet Browning,NULL
23120,NULL,13648,Javier Browning,NULL
24251,NULL,10347,Jay Browning,NULL
12482,NULL,7717,Jerome Browning,NULL
26372,NULL,10121,Marie Browning,NULL
29400,NULL,6920,Marvin Browning,NULL
12801,NULL,17047,Melody Browning,NULL
21927,NULL,10656,Meredith Browning,NULL
13451,NULL,13746,Robin Browning,NULL
16540,NULL,6752,Theodore Browning,NULL
12067,NULL,5504,Aaron Bryant,NULL
22042,NULL,3981,Abigail Bryant,NULL
24326,NULL,5251,Adam Bryant,NULL
15364,NULL,12926,Aidan Bryant,NULL
12598,NULL,2822,Alexandra Bryant,NULL
18359,NULL,7633,Alexandria Bryant,NULL
16971,NULL,7119,Alexia Bryant,NULL
12417,NULL,12777,Alexis Bryant,NULL
13874,NULL,20214,Alyssa Bryant,NULL
27537,NULL,3056,Amanda Bryant,NULL
14141,NULL,7457,Ana Bryant,NULL
26329,NULL,7160,Angelica Bryant,NULL
14727,NULL,3682,Anna Bryant,NULL
13016,NULL,13218,Antonio Bryant,NULL
19169,NULL,7718,Arianna Bryant,NULL
17020,NULL,12596,Ashley Bryant,NULL
11529,NULL,6261,Austin Bryant,NULL
14909,NULL,6722,Benjamin Bryant,NULL
15202,NULL,13613,Blake Bryant,NULL
27798,NULL,6916,Brandon Bryant,NULL
15960,NULL,19275,Brianna Bryant,NULL
22545,NULL,7209,Brittany Bryant,NULL
15371,NULL,6312,Cameron Bryant,NULL
29136,NULL,6799,Caroline Bryant,NULL
11190,NULL,13265,Carson Bryant,NULL
13208,NULL,6841,Cassidy Bryant,NULL
13230,NULL,20321,Chloe Bryant,NULL
22218,NULL,6213,Christian Bryant,NULL
23842,NULL,5609,Connor Bryant,NULL
17613,NULL,12969,Dakota Bryant,NULL
18565,NULL,13476,Dalton Bryant,NULL
17173,NULL,6674,David Bryant,NULL
28258,NULL,20097,Destiny Bryant,NULL
18947,NULL,13717,Devin Bryant,NULL
14614,NULL,6973,Dylan Bryant,NULL
23782,NULL,13657,Edward Bryant,NULL
17407,NULL,12689,Elizabeth Bryant,NULL
27227,NULL,13010,Emily Bryant,NULL
18569,NULL,19574,Emma Bryant,NULL
13471,NULL,5302,Eric Bryant,NULL
13405,NULL,6510,Ethan Bryant,NULL
24992,NULL,7835,Faith Bryant,NULL
20609,NULL,13128,Fernando Bryant,NULL
27656,NULL,5857,Gabriel Bryant,NULL
29349,NULL,3358,Gabrielle Bryant,NULL
21584,NULL,13305,Gavin Bryant,NULL
20371,NULL,19670,Grace Bryant,NULL
11232,NULL,3210,Hailey Bryant,NULL
13482,NULL,3443,Haley Bryant,NULL
20116,NULL,13058,Hannah Bryant,NULL
26259,NULL,6063,Hunter Bryant,NULL
27319,NULL,13893,Ian Bryant,NULL
25986,NULL,7490,Isabel Bryant,NULL
22995,NULL,2651,Isabella Bryant,NULL
23397,NULL,7527,Isabelle Bryant,NULL
15940,NULL,5202,Jack Bryant,NULL
25332,NULL,5352,Jackson Bryant,NULL
27318,NULL,6374,James Bryant,NULL
20463,NULL,19873,Jasmine Bryant,NULL
26485,NULL,5405,Jason Bryant,NULL
14869,NULL,20537,Jennifer Bryant,NULL
23705,NULL,13529,Jeremy Bryant,NULL
16092,NULL,3529,Jessica Bryant,NULL
23336,NULL,7249,Jocelyn Bryant,NULL
19358,NULL,6419,Jonathan Bryant,NULL
18645,NULL,5160,Jordan Bryant,NULL
12766,NULL,6885,Jordyn Bryant,NULL
27629,NULL,5660,Jose Bryant,NULL
12907,NULL,20423,Julia Bryant,NULL
28679,NULL,13344,Julian Bryant,NULL
29335,NULL,6622,Justin Bryant,NULL
13455,NULL,20640,Kaitlyn Bryant,NULL
11517,NULL,2982,Katherine Bryant,NULL
25581,NULL,12732,Kayla Bryant,NULL
13943,NULL,7567,Kelly Bryant,NULL
11587,NULL,5813,Kevin Bryant,NULL
23164,NULL,5760,Kyle Bryant,NULL
11752,NULL,19064,Lauren Bryant,NULL
15914,NULL,6469,Logan Bryant,NULL
17121,NULL,13936,Lucas Bryant,NULL
21646,NULL,5455,Luis Bryant,NULL
24991,NULL,5111,Luke Bryant,NULL
16481,NULL,12505,Madison Bryant,NULL
26370,NULL,3287,Maria Bryant,NULL
13102,NULL,8103,Mariah Bryant,NULL
28892,NULL,7082,Marissa Bryant,NULL
18670,NULL,7590,Melanie Bryant,NULL
13218,NULL,7349,Melissa Bryant,NULL
29348,NULL,13573,Miguel Bryant,NULL
16073,NULL,7291,Miranda Bryant,NULL
21522,NULL,20741,Morgan Bryant,NULL
26711,NULL,7324,Mya Bryant,NULL
28095,NULL,2752,Natalie Bryant,NULL
21450,NULL,5964,Nathan Bryant,NULL
15297,NULL,19989,Nicole Bryant,NULL
16417,NULL,6113,Noah Bryant,NULL
23497,NULL,19369,Olivia Bryant,NULL
19012,NULL,12805,Oscar Bryant,NULL
25915,NULL,7797,Paige Bryant,NULL
22019,NULL,19780,Rachel Bryant,NULL
15518,NULL,13799,Richard Bryant,NULL
26775,NULL,7383,Riley Bryant,NULL
28829,NULL,6163,Robert Bryant,NULL
25206,NULL,6568,Ryan Bryant,NULL
18345,NULL,12545,Samantha Bryant,NULL
18975,NULL,6014,Samuel Bryant,NULL
11923,NULL,12641,Sarah Bryant,NULL
24626,NULL,13985,Seth Bryant,NULL
25025,NULL,13168,Spencer Bryant,NULL
20634,NULL,3136,Stephanie Bryant,NULL
11412,NULL,2903,Sydney Bryant,NULL
15901,NULL,3603,Taylor Bryant,NULL
14407,NULL,5711,Thomas Bryant,NULL
11090,NULL,12846,Trevor Bryant,NULL
24441,NULL,12886,Tristan Bryant,NULL
12929,NULL,7421,Vanessa Bryant,NULL
28636,NULL,19470,Victoria Bryant,NULL
25264,NULL,13693,Wyatt Bryant,NULL
22130,NULL,13432,Xavier Bryant,NULL
21655,NULL,7035,Zachary Bryant,NULL
21414,NULL,5500,Aaron Butler,NULL
17389,NULL,3973,Abigail Butler,NULL
27925,NULL,5246,Adam Butler,NULL
14490,NULL,12918,Aidan Butler,NULL
25528,NULL,7627,Alexandria Butler,NULL
23882,NULL,7116,Alexia Butler,NULL
26541,NULL,12769,Alexis Butler,NULL
23201,NULL,20205,Alyssa Butler,NULL
15406,NULL,3051,Amanda Butler,NULL
26040,NULL,7452,Ana Butler,NULL
11082,NULL,7672,Angela Butler,NULL
16556,NULL,7156,Angelica Butler,NULL
28814,NULL,3676,Anna Butler,NULL
12756,NULL,13212,Antonio Butler,NULL
23713,NULL,7712,Arianna Butler,NULL
26118,NULL,12590,Ashley Butler,NULL
18293,NULL,6254,Austin Butler,NULL
18972,NULL,6716,Benjamin Butler,NULL
13583,NULL,13606,Blake Butler,NULL
12145,NULL,6910,Brandon Butler,NULL
25278,NULL,19265,Brianna Butler,NULL
28641,NULL,7201,Brittany Butler,NULL
21264,NULL,5555,Caleb Butler,NULL
23812,NULL,6304,Cameron Butler,NULL
11690,NULL,6793,Caroline Butler,NULL
12672,NULL,13257,Carson Butler,NULL
21792,NULL,6834,Cassidy Butler,NULL
14026,NULL,20317,Chloe Butler,NULL
27752,NULL,6766,Christian Butler,NULL
26061,NULL,5603,Connor Butler,NULL
27423,NULL,12962,Dakota Butler,NULL
13345,NULL,13469,Dalton Butler,NULL
16138,NULL,6670,David Butler,NULL
27865,NULL,20092,Destiny Butler,NULL
17153,NULL,13713,Devin Butler,NULL
20121,NULL,6968,Dylan Butler,NULL
13533,NULL,13747,Eduardo Butler,NULL
20655,NULL,13651,Edward Butler,NULL
21551,NULL,5905,Elijah Butler,NULL
21057,NULL,12683,Elizabeth Butler,NULL
20964,NULL,13005,Emily Butler,NULL
20394,NULL,19561,Emma Butler,NULL
17651,NULL,6502,Ethan Butler,NULL
18460,NULL,7828,Faith Butler,NULL
28368,NULL,13121,Fernando Butler,NULL
26935,NULL,5850,Gabriel Butler,NULL
13152,NULL,3352,Gabrielle Butler,NULL
23977,NULL,12196,Gail Butler,NULL
22949,NULL,13301,Gavin Butler,NULL
11066,NULL,19662,Grace Butler,NULL
19865,NULL,3204,Hailey Butler,NULL
28596,NULL,3434,Haley Butler,NULL
13111,NULL,13050,Hannah Butler,NULL
25953,NULL,6053,Hunter Butler,NULL
16241,NULL,7483,Isabel Butler,NULL
18437,NULL,2596,Isabella Butler,NULL
13910,NULL,7523,Isabelle Butler,NULL
20486,NULL,5197,Jack Butler,NULL
18324,NULL,5342,Jackson Butler,NULL
27540,NULL,7751,Jacqueline Butler,NULL
23112,NULL,6369,James Butler,NULL
17439,NULL,19865,Jasmine Butler,NULL
17510,NULL,5399,Jason Butler,NULL
25478,NULL,20530,Jennifer Butler,NULL
11236,NULL,13521,Jeremy Butler,NULL
15370,NULL,3523,Jessica Butler,NULL
26180,NULL,6415,Jonathan Butler,NULL
24434,NULL,5154,Jordan Butler,NULL
13083,NULL,6877,Jordyn Butler,NULL
29064,NULL,5654,Jose Butler,NULL
26780,NULL,20417,Julia Butler,NULL
23328,NULL,13342,Julian Butler,NULL
28848,NULL,6617,Justin Butler,NULL
19286,NULL,20633,Kaitlyn Butler,NULL
26760,NULL,2975,Katherine Butler,NULL
25748,NULL,12727,Kayla Butler,NULL
22804,NULL,7558,Kelly Butler,NULL
14450,NULL,5809,Kevin Butler,NULL
14327,NULL,5753,Kyle Butler,NULL
14448,NULL,19055,Lauren Butler,NULL
28340,NULL,13929,Lucas Butler,NULL
17611,NULL,5447,Luis Butler,NULL
24652,NULL,5106,Luke Butler,NULL
28242,NULL,12499,Madison Butler,NULL
19886,NULL,13841,Marcus Butler,NULL
16067,NULL,3280,Maria Butler,NULL
19805,NULL,8098,Mariah Butler,NULL
14590,NULL,7077,Marissa Butler,NULL
22989,NULL,19156,Megan Butler,NULL
25067,NULL,7584,Melanie Butler,NULL
14352,NULL,7344,Melissa Butler,NULL
16061,NULL,13566,Miguel Butler,NULL
14340,NULL,7285,Miranda Butler,NULL
20500,NULL,20736,Morgan Butler,NULL
13866,NULL,7318,Mya Butler,NULL
26401,NULL,2746,Natalie Butler,NULL
27058,NULL,5957,Nathan Butler,NULL
14081,NULL,19982,Nicole Butler,NULL
12164,NULL,6105,Noah Butler,NULL
27241,NULL,13389,Oscar Butler,NULL
12968,NULL,7790,Paige Butler,NULL
22122,NULL,19773,Rachel Butler,NULL
17593,NULL,13792,Richard Butler,NULL
25844,NULL,7380,Riley Butler,NULL
14781,NULL,6157,Robert Butler,NULL
21416,NULL,6562,Ryan Butler,NULL
20674,NULL,6006,Samuel Butler,NULL
26094,NULL,12636,Sarah Butler,NULL
15300,NULL,13976,Seth Butler,NULL
18616,NULL,13158,Spencer Butler,NULL
25777,NULL,3129,Stephanie Butler,NULL
22358,NULL,2892,Sydney Butler,NULL
19718,NULL,3598,Taylor Butler,NULL
28296,NULL,5705,Thomas Butler,NULL
27415,NULL,12840,Trevor Butler,NULL
25865,NULL,12880,Tristan Butler,NULL
20545,NULL,7413,Vanessa Butler,NULL
13284,NULL,19457,Victoria Butler,NULL
17009,NULL,13687,Wyatt Butler,NULL
17698,NULL,13424,Xavier Butler,NULL
22052,NULL,7030,Zachary Butler,NULL
17857,NULL,5836,Albert Cabello,NULL
21050,NULL,17340,Alan Cai,NULL
13938,NULL,12516,Alejandro Cai,NULL
19775,NULL,11982,Alisha Cai,NULL
11115,NULL,4765,Alvin Cai,NULL
24920,NULL,20734,Amy Cai,NULL
16081,NULL,10185,Arturo Cai,NULL
26163,NULL,5947,Autumn Cai,NULL
22227,NULL,11580,Barbara Cai,NULL
22173,NULL,4822,Bianca Cai,NULL
25898,NULL,17579,Brittney Cai,NULL
26747,NULL,16773,Candice Cai,NULL
19921,NULL,4871,Cara Cai,NULL
19559,NULL,3655,Cedric Cai,NULL
20936,NULL,11376,Christy Cai,NULL
22609,NULL,6952,Clarence Cai,NULL
14537,NULL,12619,Clayton Cai,NULL
17739,NULL,13472,Colin Cai,NULL
15088,NULL,12295,Colleen Cai,NULL
24062,NULL,2383,Crystal Cai,NULL
21259,NULL,18274,Curtis Cai,NULL
28563,NULL,17928,Dennis Cai,NULL
22816,NULL,2495,Erica Cai,NULL
18256,NULL,9106,Gilbert Cai,NULL
13787,NULL,5719,Glenn Cai,NULL
27128,NULL,2650,Heather Cai,NULL
11386,NULL,12952,Jaclyn Cai,NULL
22327,NULL,5433,Jake Cai,NULL
13505,NULL,2468,Jamie Cai,NULL
15582,NULL,18075,Jeffery Cai,NULL
29387,NULL,11473,Jenny Cai,NULL
12249,NULL,5547,Jessie Cai,NULL
23773,NULL,13571,Jon Cai,NULL
22031,NULL,18328,Jorge Cai,NULL
22572,NULL,17429,Karen Cai,NULL
11402,NULL,12088,Kelli Cai,NULL
25456,NULL,19948,Kelvin Cai,NULL
16533,NULL,2518,Kristen Cai,NULL
25625,NULL,17385,Krystal Cai,NULL
12733,NULL,12398,Lacey Cai,NULL
21113,NULL,2411,Laura Cai,NULL
18125,NULL,17476,Leah Cai,NULL
11241,NULL,2436,Lisa Cai,NULL
27109,NULL,5781,Mandy Cai,NULL
25779,NULL,11212,Marshall Cai,NULL
28859,NULL,5374,Micah Cai,NULL
16301,NULL,12719,Omar Cai,NULL
29440,NULL,12832,Rafael Cai,NULL
16599,NULL,6441,Ramón Cai,NULL
13002,NULL,13269,Roger Cai,NULL
19042,NULL,5599,Ronnie Cai,NULL
22618,NULL,4988,Rosa Cai,NULL
26156,NULL,2548,Shannon Cai,NULL
20575,NULL,17630,Stacey Cai,NULL
22155,NULL,6542,Steve Cai,NULL
19101,NULL,17782,Susan Cai,NULL
25051,NULL,5045,Suzanne Cai,NULL
19744,NULL,11879,Tamara Cai,NULL
18204,NULL,20690,Tiffany Cai,NULL
18265,NULL,4762,Trisha Cai,NULL
19469,NULL,17525,Valerie Cai,NULL
11757,NULL,17976,Vincent Cai,NULL
24918,NULL,12240,Warren Cai,NULL
17643,NULL,18126,Wesley Cai,NULL
25960,NULL,13369,Willie Cai,NULL
21151,NULL,16167,Aaron Campbell,NULL
21400,NULL,16179,Adam Campbell,NULL
11984,NULL,16188,Alex Campbell,NULL
16914,NULL,9714,Alexandra Campbell,NULL
21143,NULL,9761,Allison Campbell,NULL
21807,NULL,9720,Amanda Campbell,NULL
20192,NULL,9737,Amber Campbell,NULL
25689,NULL,9763,Andrea Campbell,NULL
19546,NULL,16185,Angel Campbell,NULL
12776,NULL,4212,Blake Campbell,NULL
11729,NULL,16170,Caleb Campbell,NULL
19246,NULL,16183,Carlos Campbell,NULL
11212,NULL,9700,Chloe Campbell,NULL
20194,NULL,16172,Connor Campbell,NULL
29228,NULL,9738,Courtney Campbell,NULL
29023,NULL,4521,Dalton Campbell,NULL
23653,NULL,4991,Devin Campbell,NULL
26593,NULL,5068,Eduardo Campbell,NULL
21119,NULL,3746,Edward Campbell,NULL
25575,NULL,16161,Elijah Campbell,NULL
13354,NULL,16180,Eric Campbell,NULL
24342,NULL,16190,Evan Campbell,NULL
23366,NULL,3902,Fernando Campbell,NULL
23380,NULL,16159,Gabriel Campbell,NULL
18841,NULL,9747,Gabriella Campbell,NULL
15507,NULL,9724,Hailey Campbell,NULL
17304,NULL,9731,Haley Campbell,NULL
17422,NULL,16150,Hunter Campbell,NULL
26168,NULL,4763,Ian Campbell,NULL
13900,NULL,16193,Isaac Campbell,NULL
20350,NULL,9711,Isabella Campbell,NULL
20405,NULL,16186,Isaiah Campbell,NULL
24150,NULL,16177,Jack Campbell,NULL
11575,NULL,16181,Jackson Campbell,NULL
24643,NULL,9749,Jada Campbell,NULL
28613,NULL,16141,James Campbell,NULL
13625,NULL,16165,Jason Campbell,NULL
22876,NULL,9739,Jenna Campbell,NULL
12958,NULL,9703,Jennifer Campbell,NULL
22543,NULL,4052,Jeremy Campbell,NULL
23506,NULL,16195,Jesse Campbell,NULL
12784,NULL,16142,Jonathan Campbell,NULL
13290,NULL,16175,Jordan Campbell,NULL
28268,NULL,9740,Jordan Campbell,NULL
15013,NULL,9701,Julia Campbell,NULL
21004,NULL,9709,Kaitlyn Campbell,NULL
18071,NULL,9751,Katelyn Campbell,NULL
28448,NULL,9718,Katherine Campbell,NULL
20658,NULL,9760,Kaylee Campbell,NULL
12177,NULL,16158,Kevin Campbell,NULL
14293,NULL,16157,Kyle Campbell,NULL
11695,NULL,16144,Logan Campbell,NULL
29329,NULL,4283,Lucas Campbell,NULL
19170,NULL,16166,Luis Campbell,NULL
13722,NULL,16173,Luke Campbell,NULL
11696,NULL,9743,Mackenzie Campbell,NULL
12898,NULL,9734,Madeline Campbell,NULL
17499,NULL,4676,Marcus Campbell,NULL
24388,NULL,9726,Maria Campbell,NULL
26989,NULL,16192,Mason Campbell,NULL
26010,NULL,9710,Morgan Campbell,NULL
11512,NULL,9713,Natalie Campbell,NULL
27080,NULL,16147,Nathan Campbell,NULL
21730,NULL,16152,Noah Campbell,NULL
20687,NULL,9732,Rebecca Campbell,NULL
19892,NULL,4591,Richard Campbell,NULL
28761,NULL,16154,Robert Campbell,NULL
18109,NULL,16148,Samuel Campbell,NULL
21721,NULL,9748,Sara Campbell,NULL
15989,NULL,9756,Savannah Campbell,NULL
20071,NULL,16197,Sean Campbell,NULL
18716,NULL,4365,Seth Campbell,NULL
23822,NULL,9741,Sierra Campbell,NULL
11829,NULL,9735,Sophia Campbell,NULL
11744,NULL,9722,Stephanie Campbell,NULL
13465,NULL,9716,Sydney Campbell,NULL
18095,NULL,16156,Thomas Campbell,NULL
25845,NULL,16199,Timothy Campbell,NULL
27602,NULL,3821,Wyatt Campbell,NULL
28089,NULL,4442,Xavier Campbell,NULL
21725,NULL,9727,Gabrielle Cannata,NULL
16178,NULL,2826,Alfredo Carlson,NULL
23445,NULL,2762,Andy Carlson,NULL
22305,NULL,14388,Anne Carlson,NULL
17484,NULL,6974,Armando Carlson,NULL
11343,NULL,10977,Arthur Carlson,NULL
25263,NULL,6047,Audrey Carlson,NULL
14023,NULL,6106,Beth Carlson,NULL
19667,NULL,15766,Billy Carlson,NULL
16276,NULL,18499,Brandi Carlson,NULL
26436,NULL,13759,Briana Carlson,NULL
28432,NULL,10883,Bruce Carlson,NULL
11900,NULL,19815,Byron Carlson,NULL
23828,NULL,10023,Carolyn Carlson,NULL
23917,NULL,17875,Carrie Carlson,NULL
26293,NULL,19168,Casey Carlson,NULL
29365,NULL,6208,Cheryl Carlson,NULL
11116,NULL,14638,Clinton Carlson,NULL
17218,NULL,19083,Craig Carlson,NULL
17976,NULL,6214,Daisy Carlson,NULL
14863,NULL,17832,Dana Carlson,NULL
27859,NULL,14775,Danny Carlson,NULL
29478,NULL,10248,Darren Carlson,NULL
28436,NULL,19129,Derrick Carlson,NULL
14864,NULL,13875,Desiree Carlson,NULL
21014,NULL,18677,Diana Carlson,NULL
21074,NULL,15727,Diane Carlson,NULL
13959,NULL,9712,Ebony Carlson,NULL
23347,NULL,6702,Eddie Carlson,NULL
16444,NULL,18722,Erika Carlson,NULL
19502,NULL,14297,Felicia Carlson,NULL
27340,NULL,2570,Francis Carlson,NULL
11896,NULL,18353,Frank Carlson,NULL
24115,NULL,19045,Gary Carlson,NULL
27660,NULL,10787,Gerald Carlson,NULL
20521,NULL,15070,Gina Carlson,NULL
15632,NULL,16616,Gloria Carlson,NULL
28997,NULL,14735,Hector Carlson,NULL
17470,NULL,7084,Jaime Carlson,NULL
23770,NULL,14674,Jamie Carlson,NULL
25808,NULL,6268,Janet Carlson,NULL
20264,NULL,10354,Jay Carlson,NULL
21817,NULL,7724,Jerome Carlson,NULL
15683,NULL,5744,Jessie Carlson,NULL
16059,NULL,18400,Jésus Carlson,NULL
21886,NULL,15112,Jill Carlson,NULL
12642,NULL,15666,Jimmy Carlson,NULL
15594,NULL,13997,Joanna Carlson,NULL
25627,NULL,11074,Joe Carlson,NULL
17073,NULL,14502,Jonathon Carlson,NULL
19954,NULL,12701,Jose Carlson,NULL
13981,NULL,14269,Joy Carlson,NULL
17885,NULL,7022,Julio Carlson,NULL
14856,NULL,10571,Kari Carlson,NULL
20916,NULL,18587,Kathleen Carlson,NULL
18044,NULL,15168,Kendra Carlson,NULL
28209,NULL,14240,Krista Carlson,NULL
21055,NULL,9609,Kristi Carlson,NULL
28753,NULL,6326,Kristine Carlson,NULL
28217,NULL,14342,Kristy Carlson,NULL
22856,NULL,14872,Lance Carlson,NULL
20915,NULL,6158,Latasha Carlson,NULL
22064,NULL,14464,Lawrence Carlson,NULL
21079,NULL,14423,Lee Carlson,NULL
12609,NULL,13832,Linda Carlson,NULL
19281,NULL,5979,Mallory Carlson,NULL
17501,NULL,15716,Marc Carlson,NULL
29311,NULL,10124,Marie Carlson,NULL
23012,NULL,14544,Mathew Carlson,NULL
15109,NULL,18815,Meghan Carlson,NULL
20921,NULL,14083,Melinda Carlson,NULL
21008,NULL,17098,Melody Carlson,NULL
24691,NULL,10664,Meredith Carlson,NULL
27164,NULL,14599,Micheal Carlson,NULL
25648,NULL,9035,Michele Carlson,NULL
21136,NULL,18769,Natasha Carlson,NULL
19226,NULL,6871,Neil Carlson,NULL
12273,NULL,19419,Nelson Carlson,NULL
11893,NULL,18982,Orlando Carlson,NULL
13292,NULL,15242,Paula Carlson,NULL
11915,NULL,19213,Philip Carlson,NULL
13829,NULL,14983,Randall Carlson,NULL
29377,NULL,9921,Rebekah Carlson,NULL
22677,NULL,6592,Reginald Carlson,NULL
20204,NULL,15025,Renee Carlson,NULL
29260,NULL,15611,Ricky Carlson,NULL
19786,NULL,13750,Robin Carlson,NULL
14183,NULL,13247,Robyn Carlson,NULL
24552,NULL,11825,Ross Carlson,NULL
20257,NULL,11177,Roy Carlson,NULL
25304,NULL,11287,Ruben Carlson,NULL
23933,NULL,14190,Sabrina Carlson,NULL
11009,NULL,20229,Shannon Carlson,NULL
14977,NULL,18629,Stacy Carlson,NULL
14688,NULL,10460,Tabitha Carlson,NULL
16183,NULL,14044,Tanya Carlson,NULL
12852,NULL,15225,Teresa Carlson,NULL
24694,NULL,6761,Theodore Carlson,NULL
19629,NULL,13919,Theresa Carlson,NULL
22662,NULL,6821,Tyrone Carlson,NULL
14425,NULL,19253,Victor Carlson,NULL
19943,NULL,13615,Walter Carlson,NULL
20220,NULL,13960,Wendy Carlson,NULL
29172,NULL,10591,Arturo Carson,NULL
23995,NULL,20306,Bradley Carson,NULL
18537,NULL,19922,Kathryn Carson,NULL
11995,NULL,2910,Kelvin Carson,NULL
24459,NULL,20586,Kristin Carson,NULL
13623,NULL,17149,Mitchell Carson,NULL
20062,NULL,16868,Russell Carson,NULL
14722,NULL,8533,Sharon Carson,NULL
11126,NULL,17105,Shaun Carson,NULL
11356,NULL,4274,Terrence Carson,NULL
27916,NULL,16420,Aaron Carter,NULL
12042,NULL,16451,Alex Carter,NULL
19980,NULL,9937,Alexandra Carter,NULL
21756,NULL,9977,Allison Carter,NULL
11041,NULL,9940,Amanda Carter,NULL
16679,NULL,9952,Amber Carter,NULL
27678,NULL,16447,Angel Carter,NULL
21332,NULL,9963,Bailey Carter,NULL
24698,NULL,4201,Blake Carter,NULL
11067,NULL,16424,Caleb Carter,NULL
25867,NULL,16445,Carlos Carter,NULL
22899,NULL,4896,Charles Carter,NULL
23836,NULL,9923,Chloe Carter,NULL
27578,NULL,9955,Courtney Carter,NULL
13893,NULL,4509,Dalton Carter,NULL
11584,NULL,4977,Devin Carter,NULL
24974,NULL,5060,Eduardo Carter,NULL
23824,NULL,3737,Edward Carter,NULL
21618,NULL,16415,Elijah Carter,NULL
19852,NULL,16441,Eric Carter,NULL
18780,NULL,16453,Evan Carter,NULL
14563,NULL,3895,Fernando Carter,NULL
22071,NULL,16413,Gabriel Carter,NULL
12983,NULL,9966,Gabriella Carter,NULL
16596,NULL,9945,Gabrielle Carter,NULL
15348,NULL,16392,Greg Carter,NULL
23184,NULL,9942,Hailey Carter,NULL
13719,NULL,16457,Isaac Carter,NULL
21420,NULL,9931,Isabella Carter,NULL
27572,NULL,16448,Isaiah Carter,NULL
21460,NULL,16436,Jack Carter,NULL
20010,NULL,16443,Jackson Carter,NULL
13338,NULL,9971,Jada Carter,NULL
14257,NULL,16383,James Carter,NULL
11724,NULL,16417,Jason Carter,NULL
13890,NULL,9926,Jennifer Carter,NULL
22184,NULL,4040,Jeremy Carter,NULL
22141,NULL,16458,Jesse Carter,NULL
17694,NULL,9946,Joan Carter,NULL
14578,NULL,16385,Jonathan Carter,NULL
11950,NULL,9958,Jordan Carter,NULL
28669,NULL,16431,Jordan Carter,NULL
12532,NULL,16396,Jose Carter,NULL
28249,NULL,9925,Julia Carter,NULL
20739,NULL,9929,Kaitlyn Carter,NULL
11268,NULL,9972,Katelyn Carter,NULL
11861,NULL,9939,Katherine Carter,NULL
17412,NULL,9975,Kaylee Carter,NULL
13194,NULL,16403,Kevin Carter,NULL
12395,NULL,16401,Kyle Carter,NULL
12475,NULL,16387,Logan Carter,NULL
20763,NULL,4275,Lucas Carter,NULL
25883,NULL,16419,Luis Carter,NULL
14635,NULL,16427,Luke Carter,NULL
15845,NULL,9964,Mackenzie Carter,NULL
27522,NULL,9948,Madeline Carter,NULL
21471,NULL,4665,Marcus Carter,NULL
11289,NULL,9943,Maria Carter,NULL
16821,NULL,9950,Mary Carter,NULL
23887,NULL,16455,Mason Carter,NULL
13776,NULL,4124,Miguel Carter,NULL
16079,NULL,9933,Natalie Carter,NULL
24948,NULL,16389,Nathan Carter,NULL
25954,NULL,16393,Noah Carter,NULL
17681,NULL,16395,Robert Carter,NULL
26455,NULL,16390,Samuel Carter,NULL
18060,NULL,9968,Sara Carter,NULL
12090,NULL,9974,Savannah Carter,NULL
23889,NULL,16459,Sean Carter,NULL
20126,NULL,4356,Seth Carter,NULL
20328,NULL,9962,Sierra Carter,NULL
25230,NULL,9949,Sophia Carter,NULL
12959,NULL,9938,Sydney Carter,NULL
22792,NULL,16399,Thomas Carter,NULL
17429,NULL,3812,Wyatt Carter,NULL
24389,NULL,4435,Xavier Carter,NULL
18529,NULL,14929,Albert Castro,NULL
21093,NULL,6372,Jacquelyn Castro,NULL
21661,NULL,17242,Terry Champion,NULL
28909,NULL,4219,Tommy Champion,NULL
15375,NULL,12025,Alisha Chande,NULL
15703,NULL,16661,Alison Chande,NULL
24893,NULL,5175,Alvin Chande,NULL
14860,NULL,10576,Arturo Chande,NULL
23096,NULL,7771,Ashlee Chande,NULL
27064,NULL,11614,Barbara Chande,NULL
12285,NULL,17291,Bethany Chande,NULL
23992,NULL,3710,Bonnie Chande,NULL
22430,NULL,9408,Brad Chande,NULL
29450,NULL,20304,Bradley Chande,NULL
11798,NULL,9354,Brendan Chande,NULL
12379,NULL,8590,Bridget Chande,NULL
11483,NULL,9182,Calvin Chande,NULL
18932,NULL,16965,Carl Chande,NULL
26149,NULL,16306,Casey Chande,NULL
11103,NULL,8905,Cassie Chande,NULL
20728,NULL,4068,Cedric Chande,NULL
11546,NULL,19884,Christine Chande,NULL
26214,NULL,11415,Christy Chande,NULL
22699,NULL,7329,Clarence Chande,NULL
26233,NULL,8743,Cristina Chande,NULL
17242,NULL,5334,Dale Chande,NULL
12659,NULL,14058,Damien Chande,NULL
11635,NULL,8357,Darrell Chande,NULL
15617,NULL,12232,Dawn Chande,NULL
23633,NULL,8860,Deborah Chande,NULL
26743,NULL,20257,Derek Chande,NULL
12924,NULL,4328,Devon Chande,NULL
24118,NULL,4661,Donna Chande,NULL
20930,NULL,9238,Drew Chande,NULL
18786,NULL,2568,Dustin Chande,NULL
18003,NULL,13200,Edwin Chande,NULL
20232,NULL,8415,Franklin Chande,NULL
13346,NULL,2595,Gregory Chande,NULL
18698,NULL,12987,Jaclyn Chande,NULL
12313,NULL,9462,Jaime Chande,NULL
17111,NULL,11511,Jenny Chande,NULL
18331,NULL,16909,Jerry Chande,NULL
26412,NULL,4610,Kate Chande,NULL
18043,NULL,20627,Katie Chande,NULL
19968,NULL,16349,Katrina Chande,NULL
19191,NULL,20511,Keith Chande,NULL
22933,NULL,12128,Kelli Chande,NULL
14846,NULL,16520,Kelsey Chande,NULL
24555,NULL,11304,Lacey Chande,NULL
23309,NULL,16397,Latoya Chande,NULL
18184,NULL,5220,Leonard Chande,NULL
18244,NULL,19840,Lindsay Chande,NULL
20094,NULL,20669,Lindsey Chande,NULL
16681,NULL,13104,Louis Chande,NULL
23256,NULL,16820,Mario Chande,NULL
11460,NULL,4392,Melvin Chande,NULL
13078,NULL,8417,Michele Chande,NULL
27472,NULL,4561,Mindy Chande,NULL
21059,NULL,16476,Misty Chande,NULL
25373,NULL,16614,Nichole Chande,NULL
12720,NULL,5280,Nicolas Chande,NULL
19263,NULL,4451,Nina Chande,NULL
27261,NULL,12760,Omar Chande,NULL
29358,NULL,8795,Priscilla Chande,NULL
26418,NULL,12879,Rafael Chande,NULL
21176,NULL,9523,Raul Chande,NULL
24471,NULL,17019,Ricardo Chande,NULL
19473,NULL,13312,Roger Chande,NULL
11543,NULL,8695,Sheena Chande,NULL
28693,NULL,11915,Tamara Chande,NULL
28529,NULL,20008,Tara Chande,NULL
28528,NULL,8637,Tasha Chande,NULL
15462,NULL,17192,Tony Chande,NULL
11992,NULL,8474,Tonya Chande,NULL
12588,NULL,16430,Tracy Chande,NULL
17307,NULL,3313,Warren Chande,NULL
16229,NULL,9133,Wayne Chande,NULL
16163,NULL,13402,Willie Chande,NULL
24455,NULL,12554,Alejandro Chander,NULL
12572,NULL,12027,Alisha Chander,NULL
18249,NULL,16663,Alison Chander,NULL
29460,NULL,5088,Andres Chander,NULL
11446,NULL,17293,Bethany Chander,NULL
21382,NULL,9409,Brad Chander,NULL
18124,NULL,9185,Calvin Chander,NULL
14315,NULL,16967,Carl Chander,NULL
26961,NULL,4513,Carly Chander,NULL
16554,NULL,16309,Casey Chander,NULL
18258,NULL,8906,Cassie Chander,NULL
21677,NULL,4086,Cedric Chander,NULL
17839,NULL,19886,Christine Chander,NULL
21548,NULL,11416,Christy Chander,NULL
13982,NULL,7352,Clarence Chander,NULL
12847,NULL,13505,Colin Chander,NULL
24708,NULL,20472,Corey Chander,NULL
24046,NULL,8744,Cristina Chander,NULL
19929,NULL,5337,Dale Chander,NULL
11080,NULL,14268,Damien Chander,NULL
24943,NULL,8359,Darrell Chander,NULL
13818,NULL,12233,Dawn Chander,NULL
16557,NULL,20259,Derek Chander,NULL
24612,NULL,4331,Devon Chander,NULL
19177,NULL,4663,Donna Chander,NULL
25111,NULL,9239,Drew Chander,NULL
11895,NULL,2569,Dustin Chander,NULL
17370,NULL,13204,Edwin Chander,NULL
18006,NULL,8439,Franklin Chander,NULL
12511,NULL,9300,Grant Chander,NULL
22001,NULL,2597,Gregory Chander,NULL
12804,NULL,12989,Jaclyn Chander,NULL
19412,NULL,9466,Jaime Chander,NULL
19917,NULL,11513,Jenny Chander,NULL
28180,NULL,16911,Jerry Chander,NULL
27935,NULL,17066,Johnny Chander,NULL
13257,NULL,12446,Jon Chander,NULL
18763,NULL,19964,Julie Chander,NULL
23398,NULL,5159,Karl Chander,NULL
23648,NULL,3520,Karla Chander,NULL
24174,NULL,20512,Keith Chander,NULL
26934,NULL,12131,Kelli Chander,NULL
27879,NULL,2928,Kelvin Chander,NULL
13176,NULL,4166,Kurt Chander,NULL
26138,NULL,16398,Latoya Chander,NULL
16586,NULL,5221,Leonard Chander,NULL
19972,NULL,19842,Lindsay Chander,NULL
26949,NULL,20671,Lindsey Chander,NULL
12590,NULL,16822,Mario Chander,NULL
19090,NULL,11612,Marshall Chander,NULL
14086,NULL,9075,Maurice Chander,NULL
24266,NULL,4396,Melvin Chander,NULL
18508,NULL,8422,Michele Chander,NULL
27421,NULL,4562,Mindy Chander,NULL
17333,NULL,16479,Misty Chander,NULL
28451,NULL,16615,Nichole Chander,NULL
12819,NULL,5283,Nicolas Chander,NULL
23446,NULL,4452,Nina Chander,NULL
17241,NULL,12761,Omar Chander,NULL
14836,NULL,20426,Peter Chander,NULL
16530,NULL,8797,Priscilla Chander,NULL
18167,NULL,9526,Raul Chander,NULL
25214,NULL,13315,Roger Chander,NULL
29067,NULL,16869,Russell Chander,NULL
25607,NULL,8534,Sharon Chander,NULL
20216,NULL,20391,Shawn Chander,NULL
12516,NULL,3592,Shawna Chander,NULL
16308,NULL,8696,Sheena Chander,NULL
11741,NULL,11916,Tamara Chander,NULL
13333,NULL,20010,Tara Chander,NULL
15073,NULL,8639,Tasha Chander,NULL
11492,NULL,4279,Terrence Chander,NULL
26127,NULL,17243,Terry Chander,NULL
19086,NULL,4221,Tommy Chander,NULL
13653,NULL,17193,Tony Chander,NULL
15794,NULL,8478,Tonya Chander,NULL
17965,NULL,3535,Warren Chander,NULL
24344,NULL,9136,Wayne Chander,NULL
21818,NULL,13407,Willie Chander,NULL
16519,NULL,3645,Yolanda Chander,NULL
20946,NULL,3469,Abby Chandra,NULL
14181,NULL,3137,Adriana Chandra,NULL
29327,NULL,15835,Allen Chandra,NULL
25262,NULL,16044,Andre Chandra,NULL
18209,NULL,7232,Ann Chandra,NULL
14032,NULL,10896,Arthur Chandra,NULL
11501,NULL,19762,Brandy Chandra,NULL
15100,NULL,15351,Brenda Chandra,NULL
12737,NULL,19489,Brett Chandra,NULL
14970,NULL,10797,Bruce Chandra,NULL
23315,NULL,8319,Carmen Chandra,NULL
23799,NULL,9932,Carolyn Chandra,NULL
19463,NULL,19607,Cassandra Chandra,NULL
20236,NULL,3803,Cesar Chandra,NULL
22829,NULL,18930,Chelsea Chandra,NULL
28690,NULL,20227,Cory Chandra,NULL
22000,NULL,19723,Cynthia Chandra,NULL
20698,NULL,10163,Darren Chandra,NULL
18141,NULL,9725,Deanna Chandra,NULL
19377,NULL,8213,Dominic Chandra,NULL
26765,NULL,7463,Dominique Chandra,NULL
11485,NULL,20025,Donald Chandra,NULL
29391,NULL,9623,Ebony Chandra,NULL
29362,NULL,7952,Emmanuel Chandra,NULL
15080,NULL,3085,Evelyn Chandra,NULL
12440,NULL,16684,Francisco Chandra,NULL
27657,NULL,7854,Frederick Chandra,NULL
19909,NULL,8269,Geoffrey Chandra,NULL
12799,NULL,20185,George Chandra,NULL
25131,NULL,11832,Gerald Chandra,NULL
17236,NULL,2847,Harold Chandra,NULL
25993,NULL,15243,Heidi Chandra,NULL
17771,NULL,19572,Holly Chandra,NULL
11597,NULL,18208,Janelle Chandra,NULL
24171,NULL,2902,Jarrod Chandra,NULL
15411,NULL,10260,Jay Chandra,NULL
14299,NULL,8002,Jermaine Chandra,NULL
15298,NULL,10990,Joe Chandra,NULL
12562,NULL,19688,Kristina Chandra,NULL
24987,NULL,16090,Kristopher Chandra,NULL
12093,NULL,7898,Levi Chandra,NULL
22462,NULL,3425,Lydia Chandra,NULL
28466,NULL,3851,Marco Chandra,NULL
25775,NULL,10035,Marie Chandra,NULL
16453,NULL,3376,Mayra Chandra,NULL
12331,NULL,7189,Meagan Chandra,NULL
16257,NULL,10139,Michele Chandra,NULL
24306,NULL,16130,Molly Chandra,NULL
18898,NULL,19536,Monica Chandra,NULL
22597,NULL,15491,Rachael Chandra,NULL
22463,NULL,19450,Raymond Chandra,NULL
28486,NULL,9831,Rebekah Chandra,NULL
15057,NULL,7638,Regina Chandra,NULL
20801,NULL,20109,Ronald Chandra,NULL
24583,NULL,11086,Roy Chandra,NULL
25319,NULL,11189,Ruben Chandra,NULL
16208,NULL,3259,Ruth Chandra,NULL
22837,NULL,7799,Sergio Chandra,NULL
19287,NULL,19362,Shane Chandra,NULL
20836,NULL,4018,Stanley Chandra,NULL
24880,NULL,3022,Summer Chandra,NULL
12474,NULL,7407,Tammy Chandra,NULL
23202,NULL,8049,Terrance Chandra,NULL
13974,NULL,16182,Tina Chandra,NULL
21406,NULL,15789,Troy Chandra,NULL
14681,NULL,18971,Veronica Chandra,NULL
27588,NULL,7579,Virginia Chandra,NULL
15712,NULL,18881,Whitney Chandra,NULL
21418,NULL,19800,Alicia Chapman,NULL
21134,NULL,15997,Bob Chapman,NULL
24404,NULL,3907,Bryant Chapman,NULL
27534,NULL,15397,Candace Chapman,NULL
15254,NULL,7519,Carla Chapman,NULL
21168,NULL,4069,Clifford Chapman,NULL
18636,NULL,8111,Edgar Chapman,NULL
12399,NULL,15956,Henry Chapman,NULL
22966,NULL,4715,Jodi Chapman,NULL
19050,NULL,20066,Joel Chapman,NULL
12768,NULL,15885,Johnathan Chapman,NULL
27382,NULL,3202,Kaitlin Chapman,NULL
26221,NULL,10475,Kari Chapman,NULL
11988,NULL,19923,Kathryn Chapman,NULL
18144,NULL,20629,Katie Chapman,NULL
23897,NULL,16350,Katrina Chapman,NULL
21986,NULL,10676,Kristi Chapman,NULL
11276,NULL,15449,Nancy Chapman,NULL
27145,NULL,15530,Pamela Chapman,NULL
12037,NULL,19655,Patricia Chapman,NULL
17785,NULL,11638,Pedro Chapman,NULL
23240,NULL,20151,Phillip Chapman,NULL
18268,NULL,3960,Preston Chapman,NULL
12397,NULL,17108,Shaun Chapman,NULL
28420,NULL,16432,Tracy Chapman,NULL
17846,NULL,12553,Alejandro Chavez,NULL
23555,NULL,5087,Andres Chavez,NULL
21949,NULL,12654,Clayton Chavez,NULL
16032,NULL,13503,Colin Chavez,NULL
20049,NULL,12335,Colleen Chavez,NULL
15731,NULL,20470,Corey Chavez,NULL
18909,NULL,4713,Jodi Chavez,NULL
11678,NULL,17065,Johnny Chavez,NULL
13786,NULL,12443,Jon Chavez,NULL
13285,NULL,16566,Kara Chavez,NULL
16704,NULL,3516,Karla Chavez,NULL
23563,NULL,4164,Kurt Chavez,NULL
11227,NULL,11590,Marshall Chavez,NULL
28187,NULL,5519,Aaron Chen,NULL
22274,NULL,5262,Adam Chen,NULL
26591,NULL,5791,Aimee Chen,NULL
13579,NULL,17299,Alan Chen,NULL
14947,NULL,12468,Alejandro Chen,NULL
14225,NULL,11940,Alisha Chen,NULL
26863,NULL,4316,Alvin Chen,NULL
19352,NULL,9752,Arturo Chen,NULL
24190,NULL,6277,Austin Chen,NULL
21408,NULL,5907,Autumn Chen,NULL
22870,NULL,11537,Barbara Chen,NULL
22146,NULL,6737,Benjamin Chen,NULL
24891,NULL,4771,Bianca Chen,NULL
29031,NULL,6933,Brandon Chen,NULL
22610,NULL,17987,Brent Chen,NULL
20379,NULL,17533,Brittney Chen,NULL
22045,NULL,6328,Cameron Chen,NULL
17065,NULL,3178,Cedric Chen,NULL
28015,NULL,6227,Christian Chen,NULL
15147,NULL,17702,Clarence Chen,NULL
16627,NULL,5851,Claudia Chen,NULL
15219,NULL,12575,Clayton Chen,NULL
16535,NULL,13422,Colin Chen,NULL
20321,NULL,12254,Colleen Chen,NULL
28150,NULL,5620,Connor Chen,NULL
26566,NULL,20743,Crystal Chen,NULL
23979,NULL,5788,Damien Chen,NULL
25050,NULL,5612,Darryl Chen,NULL
27208,NULL,6682,David Chen,NULL
16580,NULL,12152,Dawn Chen,NULL
17627,NULL,17888,Dennis Chen,NULL
16781,NULL,6987,Dylan Chen,NULL
16267,NULL,13123,Edwin Chen,NULL
27272,NULL,5923,Elijah Chen,NULL
15493,NULL,5314,Eric Chen,NULL
18308,NULL,2473,Erica Chen,NULL
17853,NULL,6451,Ernest Chen,NULL
20547,NULL,6525,Ethan Chen,NULL
28376,NULL,5445,Eugene Chen,NULL
26564,NULL,7582,Franklin Chen,NULL
27906,NULL,8654,Gilbert Chen,NULL
27134,NULL,5669,Glenn Chen,NULL
29408,NULL,2628,Heather Chen,NULL
22760,NULL,6074,Hunter Chen,NULL
17579,NULL,5216,Jack Chen,NULL
27075,NULL,5364,Jackson Chen,NULL
22847,NULL,12900,Jaclyn Chen,NULL
22845,NULL,5388,Jake Chen,NULL
11641,NULL,6387,James Chen,NULL
28868,NULL,5414,Jason Chen,NULL
16827,NULL,18036,Jeffery Chen,NULL
27966,NULL,11433,Jenny Chen,NULL
24069,NULL,5507,Jessie Chen,NULL
26920,NULL,13526,Jon Chen,NULL
13096,NULL,6431,Jonathan Chen,NULL
25854,NULL,5170,Jordan Chen,NULL
20442,NULL,18285,Jorge Chen,NULL
26871,NULL,6636,Justin Chen,NULL
19325,NULL,12049,Kelli Chen,NULL
23341,NULL,16168,Kelvin Chen,NULL
22249,NULL,5823,Kevin Chen,NULL
22002,NULL,2499,Kristen Chen,NULL
13530,NULL,17352,Krystal Chen,NULL
13166,NULL,5773,Kyle Chen,NULL
12800,NULL,12358,Lacey Chen,NULL
29449,NULL,2387,Laura Chen,NULL
16577,NULL,17440,Leah Chen,NULL
28514,NULL,2415,Lisa Chen,NULL
17059,NULL,14146,Louis Chen,NULL
21252,NULL,5470,Luis Chen,NULL
18876,NULL,5123,Luke Chen,NULL
15663,NULL,5729,Mandy Chen,NULL
27941,NULL,17697,Margaret Chen,NULL
19037,NULL,10788,Marshall Chen,NULL
16087,NULL,6551,Micah Chen,NULL
25175,NULL,5976,Nathan Chen,NULL
26290,NULL,6124,Noah Chen,NULL
11734,NULL,12677,Omar Chen,NULL
22023,NULL,12785,Rafael Chen,NULL
25543,NULL,6392,Ramon Chen,NULL
13004,NULL,18139,Randy Chen,NULL
18073,NULL,6178,Robert Chen,NULL
21120,NULL,13225,Roger Chen,NULL
23435,NULL,4947,Rosa Chen,NULL
20646,NULL,6580,Ryan Chen,NULL
22024,NULL,6024,Samuel Chen,NULL
13811,NULL,17641,Sandra Chen,NULL
18479,NULL,17587,Stacey Chen,NULL
18902,NULL,6505,Steve Chen,NULL
23294,NULL,5000,Suzanne Chen,NULL
12382,NULL,13012,Tamara Chen,NULL
12456,NULL,5726,Thomas Chen,NULL
23348,NULL,2655,Tiffany Chen,NULL
21083,NULL,5956,Trisha Chen,NULL
19911,NULL,17485,Valerie Chen,NULL
29427,NULL,18086,Wesley Chen,NULL
28322,NULL,13339,Willie Chen,NULL
13247,NULL,7045,Zachary Chen,NULL
12699,NULL,20700,Amy Chow,NULL
19232,NULL,17791,Candice Chow,NULL
12681,NULL,11329,Christy Chow,NULL
26015,NULL,5873,Gabriel Chow,NULL
27815,NULL,2440,Jamie Chow,NULL
11536,NULL,6482,Logan Chow,NULL
28644,NULL,4889,Martha Chow,NULL
18444,NULL,2523,Shannon Chow,NULL
21849,NULL,18191,Todd Chow,NULL
24305,NULL,11819,Warren Chow,NULL
12772,NULL,12066,Abigail Clark,NULL
23271,NULL,10733,Alexandra Clark,NULL
25039,NULL,12020,Alexis Clark,NULL
18347,NULL,11555,Alyssa Clark,NULL
26777,NULL,18896,Andrew Clark,NULL
16871,NULL,11608,Anna Clark,NULL
27071,NULL,18385,Anthony Clark,NULL
12398,NULL,12444,Ashley Clark,NULL
24319,NULL,18201,Benjamin Clark,NULL
21269,NULL,4175,Blake Clark,NULL
21485,NULL,18453,Brandon Clark,NULL
19212,NULL,11735,Brianna Clark,NULL
15421,NULL,17543,Cameron Clark,NULL
18656,NULL,4870,Charles Clark,NULL
24340,NULL,11017,Chloe Clark,NULL
13695,NULL,18049,Christian Clark,NULL
27808,NULL,18255,Christopher Clark,NULL
11294,NULL,4480,Dalton Clark,NULL
15016,NULL,18581,Daniel Clark,NULL
24820,NULL,18141,David Clark,NULL
28600,NULL,11510,Destiny Clark,NULL
25512,NULL,4944,Devin Clark,NULL
23135,NULL,18538,Dylan Clark,NULL
28240,NULL,5032,Eduardo Clark,NULL
23888,NULL,4258,Edward Clark,NULL
26005,NULL,11931,Elizabeth Clark,NULL
12086,NULL,12255,Emily Clark,NULL
13070,NULL,11884,Emma Clark,NULL
26731,NULL,17861,Ethan Clark,NULL
14872,NULL,3867,Fernando Clark,NULL
12098,NULL,11326,Grace Clark,NULL
22055,NULL,12301,Hannah Clark,NULL
11936,NULL,17220,Hunter Clark,NULL
18545,NULL,4723,Ian Clark,NULL
21330,NULL,11241,Isabella Clark,NULL
27264,NULL,18706,Jacob Clark,NULL
13014,NULL,17639,James Clark,NULL
25403,NULL,11417,Jasmine Clark,NULL
25881,NULL,11105,Jennifer Clark,NULL
18323,NULL,4009,Jeremy Clark,NULL
28650,NULL,12112,Jessica Clark,NULL
23721,NULL,18312,John Clark,NULL
13870,NULL,17713,Jonathan Clark,NULL
26727,NULL,17408,Jose Clark,NULL
15395,NULL,18959,Joseph Clark,NULL
26137,NULL,18801,Joshua Clark,NULL
27087,NULL,18093,Justin Clark,NULL
16863,NULL,11149,Kaitlyn Clark,NULL
17171,NULL,10838,Katherine Clark,NULL
17034,NULL,11657,Lauren Clark,NULL
18039,NULL,17799,Logan Clark,NULL
16782,NULL,4803,Lucas Clark,NULL
14062,NULL,12346,Madison Clark,NULL
27958,NULL,4634,Marcus Clark,NULL
13394,NULL,18852,Matthew Clark,NULL
20093,NULL,11699,Megan Clark,NULL
21154,NULL,18751,Michael Clark,NULL
16987,NULL,4097,Miguel Clark,NULL
21502,NULL,11196,Morgan Clark,NULL
20125,NULL,11283,Natalie Clark,NULL
12432,NULL,17685,Nathan Clark,NULL
13339,NULL,11466,Nicole Clark,NULL
18223,NULL,17326,Noah Clark,NULL
22081,NULL,11782,Olivia Clark,NULL
22161,NULL,11373,Rachel Clark,NULL
18777,NULL,4551,Richard Clark,NULL
28255,NULL,17267,Robert Clark,NULL
17164,NULL,18014,Ryan Clark,NULL
26573,NULL,12397,Samantha Clark,NULL
23146,NULL,12489,Sarah Clark,NULL
22034,NULL,4327,Seth Clark,NULL
16610,NULL,10784,Sydney Clark,NULL
21439,NULL,17316,Thomas Clark,NULL
12908,NULL,18632,Tyler Clark,NULL
24815,NULL,11833,Victoria Clark,NULL
29021,NULL,18363,William Clark,NULL
25077,NULL,3781,Wyatt Clark,NULL
18967,NULL,4402,Xavier Clark,NULL
23893,NULL,18586,Zachary Clark,NULL
16749,NULL,5488,Aaron Coleman,NULL
23868,NULL,12798,Abigail Coleman,NULL
21484,NULL,3961,Abigail Coleman,NULL
20077,NULL,12906,Aidan Coleman,NULL
19820,NULL,2805,Alexandra Coleman,NULL
13289,NULL,7608,Alexandria Coleman,NULL
13478,NULL,7102,Alexia Coleman,NULL
11244,NULL,12751,Alexis Coleman,NULL
15366,NULL,20189,Alyssa Coleman,NULL
24363,NULL,3034,Amanda Coleman,NULL
21335,NULL,7438,Ana Coleman,NULL
18439,NULL,7654,Angela Coleman,NULL
25186,NULL,7138,Angelica Coleman,NULL
26338,NULL,3662,Anna Coleman,NULL
27461,NULL,7698,Arianna Coleman,NULL
27297,NULL,12572,Ashley Coleman,NULL
14865,NULL,6242,Austin Coleman,NULL
23486,NULL,6699,Benjamin Coleman,NULL
26526,NULL,13593,Blake Coleman,NULL
29131,NULL,6898,Brandon Coleman,NULL
15579,NULL,7180,Brittany Coleman,NULL
28605,NULL,5538,Caleb Coleman,NULL
28796,NULL,6293,Cameron Coleman,NULL
16568,NULL,6779,Caroline Coleman,NULL
21493,NULL,13240,Carson Coleman,NULL
28166,NULL,6817,Cassidy Coleman,NULL
24743,NULL,20293,Chloe Coleman,NULL
25798,NULL,6753,Christian Coleman,NULL
19687,NULL,5591,Connor Coleman,NULL
23412,NULL,13455,Dalton Coleman,NULL
22871,NULL,6653,David Coleman,NULL
12122,NULL,20071,Destiny Coleman,NULL
11797,NULL,13697,Devin Coleman,NULL
27403,NULL,6951,Dylan Coleman,NULL
26818,NULL,13733,Eduardo Coleman,NULL
20472,NULL,13636,Edward Coleman,NULL
23695,NULL,5889,Elijah Coleman,NULL
11932,NULL,12664,Elizabeth Coleman,NULL
18576,NULL,12991,Emily Coleman,NULL
27684,NULL,19547,Emma Coleman,NULL
19138,NULL,5277,Eric Coleman,NULL
16693,NULL,6491,Ethan Coleman,NULL
25700,NULL,7813,Faith Coleman,NULL
21250,NULL,13103,Fernando Coleman,NULL
17706,NULL,5838,Gabriel Coleman,NULL
28164,NULL,3337,Gabrielle Coleman,NULL
24527,NULL,13286,Gavin Coleman,NULL
28032,NULL,19644,Grace Coleman,NULL
18536,NULL,3188,Hailey Coleman,NULL
21320,NULL,13029,Hannah Coleman,NULL
25976,NULL,6036,Hunter Coleman,NULL
21276,NULL,13872,Ian Coleman,NULL
12530,NULL,7475,Isabel Coleman,NULL
27136,NULL,2535,Isabella Coleman,NULL
18835,NULL,7508,Isabelle Coleman,NULL
25416,NULL,5185,Jack Coleman,NULL
27467,NULL,5328,Jackson Coleman,NULL
17212,NULL,7738,Jacqueline Coleman,NULL
21351,NULL,6345,James Coleman,NULL
11145,NULL,19848,Jasmine Coleman,NULL
13739,NULL,5383,Jason Coleman,NULL
27298,NULL,20508,Jennifer Coleman,NULL
13553,NULL,3511,Jessica Coleman,NULL
22087,NULL,3418,Joan Coleman,NULL
26699,NULL,19246,Joan Coleman,NULL
20606,NULL,7227,Jocelyn Coleman,NULL
14486,NULL,6402,Jonathan Coleman,NULL
11858,NULL,5140,Jordan Coleman,NULL
13353,NULL,6861,Jordyn Coleman,NULL
25349,NULL,6196,Jose Coleman,NULL
11303,NULL,20393,Julia Coleman,NULL
24760,NULL,13326,Julian Coleman,NULL
20323,NULL,6604,Justin Coleman,NULL
19117,NULL,20615,Kaitlyn Coleman,NULL
23825,NULL,2959,Katherine Coleman,NULL
12048,NULL,12710,Kayla Coleman,NULL
15769,NULL,7545,Kelly Coleman,NULL
12302,NULL,5794,Kevin Coleman,NULL
13419,NULL,19040,Lauren Coleman,NULL
18686,NULL,6448,Logan Coleman,NULL
27060,NULL,13916,Lucas Coleman,NULL
14230,NULL,5431,Luis Coleman,NULL
11723,NULL,5637,Luke Coleman,NULL
23586,NULL,13078,Madison Coleman,NULL
28663,NULL,13823,Marcus Coleman,NULL
17827,NULL,3269,Maria Coleman,NULL
24523,NULL,8083,Mariah Coleman,NULL
25896,NULL,7061,Marissa Coleman,NULL
24452,NULL,19141,Megan Coleman,NULL
15639,NULL,8122,Melanie Coleman,NULL
23698,NULL,7856,Melissa Coleman,NULL
27400,NULL,13548,Miguel Coleman,NULL
17620,NULL,7272,Miranda Coleman,NULL
23956,NULL,20714,Morgan Coleman,NULL
27418,NULL,7306,Mya Coleman,NULL
20124,NULL,2728,Natalie Coleman,NULL
21558,NULL,19959,Nicole Coleman,NULL
11297,NULL,6090,Noah Coleman,NULL
14337,NULL,19348,Olivia Coleman,NULL
18358,NULL,13373,Oscar Coleman,NULL
15263,NULL,7777,Paige Coleman,NULL
16648,NULL,19753,Rachel Coleman,NULL
13233,NULL,13774,Richard Coleman,NULL
29139,NULL,7365,Riley Coleman,NULL
25333,NULL,6141,Robert Coleman,NULL
25153,NULL,6546,Ryan Coleman,NULL
13930,NULL,12524,Samantha Coleman,NULL
17450,NULL,5992,Samuel Coleman,NULL
26111,NULL,12620,Sarah Coleman,NULL
15993,NULL,13145,Spencer Coleman,NULL
22264,NULL,3110,Stephanie Coleman,NULL
23480,NULL,2878,Sydney Coleman,NULL
18104,NULL,3585,Taylor Coleman,NULL
17672,NULL,5688,Thomas Coleman,NULL
25313,NULL,12823,Trevor Coleman,NULL
15883,NULL,12867,Tristan Coleman,NULL
21589,NULL,7400,Vanessa Coleman,NULL
23708,NULL,19440,Victoria Coleman,NULL
23284,NULL,13674,Wyatt Coleman,NULL
27630,NULL,13403,Xavier Coleman,NULL
16962,NULL,7012,Zachary Coleman,NULL
27663,NULL,15761,Aaron Collins,NULL
14250,NULL,15777,Adam Collins,NULL
28781,NULL,15787,Alex Collins,NULL
12548,NULL,9389,Alexandra Collins,NULL
28581,NULL,9433,Allison Collins,NULL
20783,NULL,9397,Amanda Collins,NULL
18963,NULL,9411,Amber Collins,NULL
12250,NULL,9434,Andrea Collins,NULL
11970,NULL,9418,Bailey Collins,NULL
11610,NULL,4217,Blake Collins,NULL
22360,NULL,15764,Caleb Collins,NULL
16223,NULL,15783,Carlos Collins,NULL
29041,NULL,4909,Charles Collins,NULL
25853,NULL,9379,Chloe Collins,NULL
27270,NULL,15765,Connor Collins,NULL
14357,NULL,4528,Dalton Collins,NULL
19415,NULL,4995,Devin Collins,NULL
13987,NULL,5075,Eduardo Collins,NULL
28627,NULL,3750,Edward Collins,NULL
18824,NULL,15757,Elijah Collins,NULL
15275,NULL,15779,Eric Collins,NULL
15255,NULL,15790,Evan Collins,NULL
25461,NULL,3909,Fernando Collins,NULL
16983,NULL,15754,Gabriel Collins,NULL
13592,NULL,9423,Gabriella Collins,NULL
15975,NULL,9403,Gabrielle Collins,NULL
11709,NULL,9400,Hailey Collins,NULL
18534,NULL,15743,Hunter Collins,NULL
25904,NULL,4769,Ian Collins,NULL
26077,NULL,15795,Isaac Collins,NULL
16814,NULL,9385,Isabella Collins,NULL
12065,NULL,15786,Isaiah Collins,NULL
25887,NULL,15776,Jack Collins,NULL
29200,NULL,15781,Jackson Collins,NULL
11668,NULL,9426,Jada Collins,NULL
26742,NULL,15734,James Collins,NULL
17458,NULL,15759,Jason Collins,NULL
19858,NULL,9412,Jenna Collins,NULL
11364,NULL,9381,Jennifer Collins,NULL
13087,NULL,4059,Jeremy Collins,NULL
17012,NULL,9405,Joan Collins,NULL
16849,NULL,15736,Jonathan Collins,NULL
20398,NULL,9414,Jordan Collins,NULL
26489,NULL,15772,Jordan Collins,NULL
24748,NULL,15748,Jose Collins,NULL
13390,NULL,9380,Julia Collins,NULL
26263,NULL,9383,Kaitlyn Collins,NULL
15782,NULL,9428,Katelyn Collins,NULL
16973,NULL,9395,Katherine Collins,NULL
13657,NULL,9431,Kaylee Collins,NULL
26650,NULL,15751,Kevin Collins,NULL
14654,NULL,15750,Kyle Collins,NULL
13983,NULL,15738,Logan Collins,NULL
21921,NULL,4289,Lucas Collins,NULL
22765,NULL,15760,Luis Collins,NULL
20633,NULL,15770,Luke Collins,NULL
23340,NULL,9421,Mackenzie Collins,NULL
12057,NULL,9407,Madeline Collins,NULL
22262,NULL,4682,Marcus Collins,NULL
17497,NULL,9401,Maria Collins,NULL
28591,NULL,9410,Mary Collins,NULL
21368,NULL,15793,Mason Collins,NULL
17362,NULL,4139,Miguel Collins,NULL
18936,NULL,9384,Morgan Collins,NULL
17963,NULL,9386,Natalie Collins,NULL
19704,NULL,15741,Nathan Collins,NULL
21298,NULL,15745,Noah Collins,NULL
26153,NULL,9406,Rebecca Collins,NULL
16256,NULL,4597,Richard Collins,NULL
11280,NULL,15746,Robert Collins,NULL
11634,NULL,15742,Samuel Collins,NULL
26478,NULL,9425,Sara Collins,NULL
15164,NULL,9430,Savannah Collins,NULL
15938,NULL,15796,Sean Collins,NULL
23927,NULL,4374,Seth Collins,NULL
18549,NULL,9415,Sierra Collins,NULL
11261,NULL,9398,Stephanie Collins,NULL
13733,NULL,9394,Sydney Collins,NULL
20638,NULL,15749,Thomas Collins,NULL
24990,NULL,15797,Timothy Collins,NULL
28295,NULL,3827,Wyatt Collins,NULL
16646,NULL,4450,Xavier Collins,NULL
23874,NULL,3919,Abigail Cook,NULL
27396,NULL,15527,Adrian Cook,NULL
18519,NULL,15476,Alex Cook,NULL
12046,NULL,9183,Alexa Cook,NULL
17397,NULL,2764,Alexandra Cook,NULL
18820,NULL,9211,Alexandria Cook,NULL
18609,NULL,20120,Alyssa Cook,NULL
11279,NULL,2996,Amanda Cook,NULL
26486,NULL,9178,Andrea Cook,NULL
21799,NULL,15474,Angel Cook,NULL
20899,NULL,9213,Angela Cook,NULL
17527,NULL,3622,Anna Cook,NULL
11525,NULL,9187,Ariana Cook,NULL
21634,NULL,9214,Arianna Cook,NULL
24354,NULL,9166,Bailey Cook,NULL
27278,NULL,15500,Brian Cook,NULL
29132,NULL,19194,Brianna Cook,NULL
21804,NULL,9194,Brooke Cook,NULL
28640,NULL,15501,Bryce Cook,NULL
26955,NULL,15473,Carlos Cook,NULL
11219,NULL,15531,Charles Cook,NULL
25336,NULL,15507,Chase Cook,NULL
26790,NULL,20243,Chloe Cook,NULL
25517,NULL,9184,Christina Cook,NULL
12450,NULL,15528,Cody Cook,NULL
23197,NULL,15513,Cole Cook,NULL
18851,NULL,14926,Dalton Cook,NULL
13385,NULL,9180,Danielle Cook,NULL
14252,NULL,20006,Destiny Cook,NULL
21924,NULL,15534,Eduardo Cook,NULL
14117,NULL,19492,Emma Cook,NULL
29280,NULL,9204,Erin Cook,NULL
18991,NULL,15483,Evan Cook,NULL
27871,NULL,9218,Faith Cook,NULL
26460,NULL,9169,Gabriella Cook,NULL
27637,NULL,3301,Gabrielle Cook,NULL
16885,NULL,15517,Garrett Cook,NULL
25445,NULL,19591,Grace Cook,NULL
20199,NULL,3153,Hailey Cook,NULL
27535,NULL,14918,Ian Cook,NULL
13994,NULL,15488,Isaac Cook,NULL
13172,NULL,20760,Isabella Cook,NULL
19223,NULL,9215,Jacqueline Cook,NULL
13360,NULL,9174,Jada Cook,NULL
25687,NULL,9205,Jade Cook,NULL
12464,NULL,15514,Jared Cook,NULL
14408,NULL,19797,Jasmine Cook,NULL
23550,NULL,20446,Jennifer Cook,NULL
24672,NULL,14927,Jeremy Cook,NULL
22239,NULL,15489,Jesse Cook,NULL
22131,NULL,3468,Jessica Cook,NULL
23554,NULL,3377,Joan Cook,NULL
17146,NULL,15510,Juan Cook,NULL
25341,NULL,20555,Kaitlyn Cook,NULL
12787,NULL,9175,Katelyn Cook,NULL
26479,NULL,2922,Katherine Cook,NULL
11904,NULL,9177,Kaylee Cook,NULL
28190,NULL,9195,Kimberly Cook,NULL
28836,NULL,3695,Lauren Cook,NULL
23955,NULL,14922,Lucas Cook,NULL
14589,NULL,9168,Mackenzie Cook,NULL
28243,NULL,14917,Marcus Cook,NULL
19011,NULL,3226,Maria Cook,NULL
17614,NULL,15484,Mason Cook,NULL
20299,NULL,19081,Megan Cook,NULL
25508,NULL,9219,Melissa Cook,NULL
17594,NULL,9193,Michelle Cook,NULL
19403,NULL,20658,Morgan Cook,NULL
11707,NULL,2688,Natalie Cook,NULL
17567,NULL,15505,Nathaniel Cook,NULL
15979,NULL,19894,Nicole Cook,NULL
23180,NULL,19299,Olivia Cook,NULL
24822,NULL,9216,Paige Cook,NULL
27577,NULL,15498,Patrick Cook,NULL
23614,NULL,19698,Rachel Cook,NULL
19136,NULL,14915,Richard Cook,NULL
16373,NULL,9172,Sara Cook,NULL
21442,NULL,9176,Savannah Cook,NULL
12087,NULL,15495,Sean Cook,NULL
18321,NULL,15511,Sebastian Cook,NULL
23010,NULL,14923,Seth Cook,NULL
23194,NULL,9199,Shelby Cook,NULL
17583,NULL,3070,Stephanie Cook,NULL
27053,NULL,15522,Steven Cook,NULL
13118,NULL,2838,Sydney Cook,NULL
16794,NULL,3545,Taylor Cook,NULL
25837,NULL,15496,Timothy Cook,NULL
14732,NULL,9201,Trinity Cook,NULL
20620,NULL,19388,Victoria Cook,NULL
24633,NULL,14925,Xavier Cook,NULL
24616,NULL,9181,Zoe Cook,NULL
24329,NULL,3930,Abigail Cooper,NULL
15005,NULL,14667,Adrian Cooper,NULL
27362,NULL,14635,Alex Cooper,NULL
14381,NULL,8966,Alexa Cooper,NULL
19541,NULL,2775,Alexandra Cooper,NULL
29294,NULL,8953,Allison Cooper,NULL
12171,NULL,20132,Alyssa Cooper,NULL
14606,NULL,3004,Amanda Cooper,NULL
29323,NULL,8955,Andrea Cooper,NULL
14997,NULL,14633,Angel Cooper,NULL
19526,NULL,8426,Angela Cooper,NULL
14515,NULL,3632,Anna Cooper,NULL
17348,NULL,8968,Ariana Cooper,NULL
18340,NULL,8427,Arianna Cooper,NULL
17863,NULL,8941,Bailey Cooper,NULL
13760,NULL,14649,Brian Cooper,NULL
25925,NULL,19205,Brianna Cooper,NULL
19536,NULL,8972,Brooke Cooper,NULL
28973,NULL,14662,Bryan Cooper,NULL
22096,NULL,14652,Bryce Cooper,NULL
20735,NULL,8969,Caitlin Cooper,NULL
17608,NULL,14630,Carlos Cooper,NULL
12605,NULL,20253,Carol Cooper,NULL
12953,NULL,8957,Catherine Cooper,NULL
21640,NULL,14670,Charles Cooper,NULL
27194,NULL,14656,Chase Cooper,NULL
26512,NULL,8967,Christina Cooper,NULL
16028,NULL,14669,Cody Cooper,NULL
19707,NULL,14659,Cole Cooper,NULL
27240,NULL,14685,Dalton Cooper,NULL
25849,NULL,8959,Danielle Cooper,NULL
19206,NULL,20021,Destiny Cooper,NULL
19711,NULL,14675,Devin Cooper,NULL
15409,NULL,14676,Eduardo Cooper,NULL
14741,NULL,19504,Emma Cooper,NULL
26844,NULL,8419,Erin Cooper,NULL
15952,NULL,14637,Evan Cooper,NULL
18596,NULL,8943,Gabriella Cooper,NULL
14120,NULL,3307,Gabrielle Cooper,NULL
25861,NULL,14663,Garrett Cooper,NULL
16012,NULL,19604,Grace Cooper,NULL
23478,NULL,3160,Hailey Cooper,NULL
15897,NULL,3388,Haley Cooper,NULL
19151,NULL,14680,Ian Cooper,NULL
28809,NULL,14639,Isaac Cooper,NULL
27634,NULL,8430,Jacqueline Cooper,NULL
21304,NULL,8948,Jada Cooper,NULL
24966,NULL,8420,Jade Cooper,NULL
11187,NULL,20457,Jennifer Cooper,NULL
26556,NULL,14687,Jeremy Cooper,NULL
16015,NULL,3477,Jessica Cooper,NULL
28794,NULL,14657,Juan Cooper,NULL
28622,NULL,20352,Julia Cooper,NULL
27801,NULL,20572,Kaitlyn Cooper,NULL
25159,NULL,8949,Katelyn Cooper,NULL
14314,NULL,2931,Katherine Cooper,NULL
21801,NULL,8952,Kaylee Cooper,NULL
22457,NULL,8412,Kimberly Cooper,NULL
22684,NULL,3706,Lauren Cooper,NULL
23706,NULL,8942,Mackenzie Cooper,NULL
26470,NULL,14679,Marcus Cooper,NULL
25384,NULL,3235,Maria Cooper,NULL
27901,NULL,8421,Mariah Cooper,NULL
23034,NULL,8424,Melanie Cooper,NULL
20073,NULL,8432,Melissa Cooper,NULL
17822,NULL,8970,Michelle Cooper,NULL
23510,NULL,20678,Morgan Cooper,NULL
29033,NULL,2699,Natalie Cooper,NULL
12079,NULL,14653,Nathaniel Cooper,NULL
18836,NULL,19908,Nicole Cooper,NULL
16210,NULL,19312,Olivia Cooper,NULL
14119,NULL,8431,Paige Cooper,NULL
16833,NULL,14678,Richard Cooper,NULL
23913,NULL,8434,Riley Cooper,NULL
18050,NULL,8944,Sara Cooper,NULL
21651,NULL,14645,Sean Cooper,NULL
17599,NULL,14658,Sebastian Cooper,NULL
24740,NULL,8414,Shelby Cooper,NULL
24976,NULL,3081,Stephanie Cooper,NULL
16435,NULL,14665,Steven Cooper,NULL
28594,NULL,2850,Sydney Cooper,NULL
22105,NULL,3554,Taylor Cooper,NULL
20651,NULL,14647,Timothy Cooper,NULL
17367,NULL,8418,Trinity Cooper,NULL
13637,NULL,19396,Victoria Cooper,NULL
20185,NULL,14682,Xavier Cooper,NULL
27751,NULL,8964,Zoe Cooper,NULL
21275,NULL,3935,Abigail Cox,NULL
20443,NULL,14803,Adrian Cox,NULL
15915,NULL,14768,Alex Cox,NULL
20505,NULL,8514,Alexa Cox,NULL
24830,NULL,2779,Alexandra Cox,NULL
16918,NULL,8538,Alexandria Cox,NULL
14335,NULL,8504,Allison Cox,NULL
11083,NULL,20135,Alyssa Cox,NULL
27556,NULL,3008,Amanda Cox,NULL
13830,NULL,8506,Andrea Cox,NULL
18793,NULL,14764,Angel Cox,NULL
28989,NULL,8540,Angela Cox,NULL
18969,NULL,3636,Anna Cox,NULL
15270,NULL,8517,Ariana Cox,NULL
18927,NULL,8542,Arianna Cox,NULL
17444,NULL,8494,Bailey Cox,NULL
14439,NULL,14785,Brian Cox,NULL
15329,NULL,19209,Brianna Cox,NULL
27449,NULL,14798,Bryan Cox,NULL
20205,NULL,14786,Bryce Cox,NULL
20510,NULL,8519,Caitlin Cox,NULL
20480,NULL,14762,Carlos Cox,NULL
28054,NULL,8546,Carol Cox,NULL
13122,NULL,8510,Catherine Cox,NULL
19982,NULL,14806,Charles Cox,NULL
11162,NULL,14792,Chase Cox,NULL
29126,NULL,20256,Chloe Cox,NULL
20660,NULL,8516,Christina Cox,NULL
12426,NULL,14804,Cody Cox,NULL
25315,NULL,14795,Cole Cox,NULL
16819,NULL,14822,Dalton Cox,NULL
11207,NULL,8512,Danielle Cox,NULL
13447,NULL,20030,Destiny Cox,NULL
13418,NULL,14807,Devin Cox,NULL
22102,NULL,14808,Eduardo Cox,NULL
27249,NULL,19507,Emma Cox,NULL
26815,NULL,8529,Erin Cox,NULL
25369,NULL,14771,Evan Cox,NULL
19691,NULL,8496,Gabriella Cox,NULL
12019,NULL,3309,Gabrielle Cox,NULL
17590,NULL,14799,Garrett Cox,NULL
14649,NULL,19612,Grace Cox,NULL
12448,NULL,3163,Hailey Cox,NULL
23890,NULL,3393,Haley Cox,NULL
13417,NULL,14818,Ian Cox,NULL
15797,NULL,14773,Isaac Cox,NULL
27730,NULL,2397,Isabella Cox,NULL
13584,NULL,14767,Isaiah Cox,NULL
22246,NULL,8544,Jacqueline Cox,NULL
26781,NULL,8532,Jan Cox,NULL
26209,NULL,8498,Jan Cox,NULL
28114,NULL,14797,Jared Cox,NULL
25086,NULL,19811,Jasmine Cox,NULL
21934,NULL,20463,Jennifer Cox,NULL
20331,NULL,14823,Jeremy Cox,NULL
24285,NULL,14777,Jesse Cox,NULL
28816,NULL,3482,Jessica Cox,NULL
28281,NULL,14793,Juan Cox,NULL
20670,NULL,20357,Julia Cox,NULL
13306,NULL,20575,Kaitlyn Cox,NULL
21742,NULL,8499,Katelyn Cox,NULL
28984,NULL,2933,Katherine Cox,NULL
23800,NULL,8503,Kaylee Cox,NULL
11636,NULL,8524,Kimberly Cox,NULL
13337,NULL,3709,Lauren Cox,NULL
25393,NULL,14819,Lucas Cox,NULL
16757,NULL,8495,Mackenzie Cox,NULL
24231,NULL,8525,Makayla Cox,NULL
18945,NULL,14814,Marcus Cox,NULL
28807,NULL,3238,Maria Cox,NULL
13351,NULL,8535,Mariah Cox,NULL
11657,NULL,19100,Megan Cox,NULL
12496,NULL,8536,Melanie Cox,NULL
23402,NULL,8548,Melissa Cox,NULL
17328,NULL,8522,Michelle Cox,NULL
23742,NULL,20681,Morgan Cox,NULL
24352,NULL,2702,Natalie Cox,NULL
19661,NULL,14788,Nathaniel Cox,NULL
22950,NULL,19912,Nicole Cox,NULL
13499,NULL,19314,Olivia Cox,NULL
24673,NULL,8545,Paige Cox,NULL
21497,NULL,14783,Patrick Cox,NULL
29340,NULL,19715,Rachel Cox,NULL
17440,NULL,14811,Richard Cox,NULL
24345,NULL,8550,Riley Cox,NULL
27758,NULL,8497,Sara Cox,NULL
15819,NULL,8501,Savannah Cox,NULL
26086,NULL,14778,Sean Cox,NULL
26454,NULL,14794,Sebastian Cox,NULL
28293,NULL,8526,Shelby Cox,NULL
12366,NULL,3083,Stephanie Cox,NULL
15964,NULL,14801,Steven Cox,NULL
11436,NULL,3558,Taylor Cox,NULL
28196,NULL,14780,Timothy Cox,NULL
22043,NULL,8528,Trinity Cox,NULL
24297,NULL,19400,Victoria Cox,NULL
27388,NULL,14821,Xavier Cox,NULL
17755,NULL,8513,Zoe Cox,NULL
16747,NULL,18189,Alexander Davis,NULL
12047,NULL,10707,Alexandra Davis,NULL
13243,NULL,11526,Alyssa Davis,NULL
18794,NULL,18872,Andrew Davis,NULL
23720,NULL,12178,Anna Davis,NULL
13188,NULL,18602,Anthony Davis,NULL
26407,NULL,12414,Ashley Davis,NULL
13366,NULL,18216,Austin Davis,NULL
13672,NULL,17933,Benjamin Davis,NULL
17485,NULL,4148,Blake Davis,NULL
24398,NULL,18438,Brandon Davis,NULL
19774,NULL,11713,Brianna Davis,NULL
17609,NULL,4845,Charles Davis,NULL
24142,NULL,18027,Christian Davis,NULL
22022,NULL,18070,Christopher Davis,NULL
11711,NULL,18668,Daniel Davis,NULL
22159,NULL,18132,David Davis,NULL
11747,NULL,11484,Destiny Davis,NULL
15556,NULL,18259,Dylan Davis,NULL
22283,NULL,5009,Eduardo Davis,NULL
28896,NULL,4231,Edward Davis,NULL
11959,NULL,11909,Elizabeth Davis,NULL
27267,NULL,12229,Emily Davis,NULL
23024,NULL,11855,Emma Davis,NULL
13660,NULL,17863,Ethan Davis,NULL
16954,NULL,3840,Fernando Davis,NULL
12127,NULL,11303,Grace Davis,NULL
24738,NULL,12274,Hannah Davis,NULL
11088,NULL,17897,Hunter Davis,NULL
20754,NULL,4695,Ian Davis,NULL
22929,NULL,11216,Isabella Davis,NULL
20489,NULL,18683,Jacob Davis,NULL
11922,NULL,17604,James Davis,NULL
26529,NULL,11389,Jasmine Davis,NULL
16382,NULL,11087,Jennifer Davis,NULL
25834,NULL,4536,Jeremy Davis,NULL
28223,NULL,12086,Jessica Davis,NULL
20682,NULL,18324,John Davis,NULL
29259,NULL,17580,Jonathan Davis,NULL
24981,NULL,17266,Jose Davis,NULL
13352,NULL,18915,Joseph Davis,NULL
18410,NULL,18766,Joshua Davis,NULL
20294,NULL,11039,Julia Davis,NULL
28074,NULL,18044,Justin Davis,NULL
16381,NULL,11951,Kayla Davis,NULL
11138,NULL,11623,Lauren Davis,NULL
13445,NULL,17683,Logan Davis,NULL
19378,NULL,4780,Lucas Davis,NULL
14759,NULL,12320,Madison Davis,NULL
17337,NULL,4609,Marcus Davis,NULL
17557,NULL,18822,Matthew Davis,NULL
23183,NULL,11674,Megan Davis,NULL
19671,NULL,18721,Michael Davis,NULL
28853,NULL,4072,Miguel Davis,NULL
27359,NULL,11175,Morgan Davis,NULL
27070,NULL,17795,Nathan Davis,NULL
13201,NULL,18985,Nicholas Davis,NULL
22957,NULL,11437,Nicole Davis,NULL
28617,NULL,17300,Noah Davis,NULL
14404,NULL,11343,Rachel Davis,NULL
15549,NULL,5084,Richard Davis,NULL
14755,NULL,17148,Robert Davis,NULL
27870,NULL,17982,Ryan Davis,NULL
28244,NULL,12370,Samantha Davis,NULL
23823,NULL,17773,Samuel Davis,NULL
22351,NULL,12462,Sarah Davis,NULL
16339,NULL,4304,Seth Davis,NULL
17791,NULL,10755,Sydney Davis,NULL
28193,NULL,12135,Taylor Davis,NULL
16764,NULL,17380,Thomas Davis,NULL
16883,NULL,18540,Tyler Davis,NULL
13704,NULL,11799,Victoria Davis,NULL
14415,NULL,18398,William Davis,NULL
24732,NULL,3757,Wyatt Davis,NULL
22621,NULL,4383,Xavier Davis,NULL
16579,NULL,18335,Zachary Davis,NULL
24513,NULL,12521,Alejandro Deng,NULL
28564,NULL,11989,Alisha Deng,NULL
24567,NULL,16633,Alison Deng,NULL
27143,NULL,4833,Alvin Deng,NULL
13667,NULL,5051,Andres Deng,NULL
11117,NULL,20526,April Deng,NULL
28102,NULL,10247,Arturo Deng,NULL
14791,NULL,8930,Ashlee Deng,NULL
20445,NULL,11585,Barbara Deng,NULL
19320,NULL,17260,Bethany Deng,NULL
24060,NULL,3669,Bonnie Deng,NULL
20042,NULL,9374,Brad Deng,NULL
25726,NULL,9317,Brendan Deng,NULL
14509,NULL,8554,Bridget Deng,NULL
12254,NULL,9152,Calvin Deng,NULL
18284,NULL,16935,Carl Deng,NULL
22452,NULL,4477,Carly Deng,NULL
19674,NULL,16278,Casey Deng,NULL
28385,NULL,8876,Cassie Deng,NULL
22611,NULL,20320,Chad Deng,NULL
28276,NULL,11382,Christy Deng,NULL
21084,NULL,7014,Clarence Deng,NULL
17285,NULL,12626,Clayton Deng,NULL
18299,NULL,13480,Colin Deng,NULL
27728,NULL,12302,Colleen Deng,NULL
28921,NULL,20444,Corey Deng,NULL
14972,NULL,8716,Cristina Deng,NULL
28399,NULL,5300,Dale Deng,NULL
16873,NULL,10947,Damien Deng,NULL
25450,NULL,9547,Darrell Deng,NULL
16439,NULL,12203,Dawn Deng,NULL
23324,NULL,8822,Deborah Deng,NULL
19967,NULL,4299,Devon Deng,NULL
15926,NULL,4632,Donna Deng,NULL
17882,NULL,9200,Drew Deng,NULL
11422,NULL,2552,Dustin Deng,NULL
17085,NULL,13175,Edwin Deng,NULL
15765,NULL,9170,Gilbert Deng,NULL
16625,NULL,9258,Grant Deng,NULL
21968,NULL,9432,Jaime Deng,NULL
22813,NULL,16882,Jerry Deng,NULL
16161,NULL,4685,Jodi Deng,NULL
21409,NULL,17036,Johnny Deng,NULL
25631,NULL,19938,Julie Deng,NULL
21550,NULL,16540,Kara Deng,NULL
17210,NULL,5117,Karl Deng,NULL
29382,NULL,3478,Karla Deng,NULL
15723,NULL,4579,Kate Deng,NULL
15521,NULL,19902,Kathryn Deng,NULL
16194,NULL,20599,Katie Deng,NULL
28277,NULL,16326,Katrina Deng,NULL
13059,NULL,20488,Keith Deng,NULL
22794,NULL,12094,Kelli Deng,NULL
23949,NULL,20450,Kelvin Deng,NULL
20235,NULL,2608,Kenneth Deng,NULL
13859,NULL,20567,Kristin Deng,NULL
13635,NULL,4127,Kurt Deng,NULL
15341,NULL,12407,Lacey Deng,NULL
21969,NULL,16368,Latoya Deng,NULL
27821,NULL,5179,Leonard Deng,NULL
29447,NULL,19813,Lindsay Deng,NULL
12754,NULL,20646,Lindsey Deng,NULL
22369,NULL,13072,Louis Deng,NULL
15954,NULL,11280,Marshall Deng,NULL
23453,NULL,9045,Maurice Deng,NULL
27797,NULL,4353,Melvin Deng,NULL
21946,NULL,8374,Michele Deng,NULL
17707,NULL,4533,Mindy Deng,NULL
14861,NULL,16444,Misty Deng,NULL
18150,NULL,17121,Mitchell Deng,NULL
19933,NULL,16582,Nichole Deng,NULL
17738,NULL,5241,Nicolas Deng,NULL
13790,NULL,4417,Nina Deng,NULL
24158,NULL,12725,Omar Deng,NULL
24006,NULL,20406,Peter Deng,NULL
25127,NULL,8766,Priscilla Deng,NULL
27181,NULL,12839,Rafael Deng,NULL
16272,NULL,9490,Raul Deng,NULL
21111,NULL,16986,Ricardo Deng,NULL
28873,NULL,13279,Roger Deng,NULL
20314,NULL,16839,Russell Deng,NULL
26893,NULL,8500,Sharon Deng,NULL
13572,NULL,17079,Shaun Deng,NULL
16590,NULL,20365,Shawn Deng,NULL
27791,NULL,3548,Shawna Deng,NULL
19099,NULL,8656,Sheena Deng,NULL
25515,NULL,19976,Tara Deng,NULL
11459,NULL,8607,Tasha Deng,NULL
22663,NULL,4238,Terrence Deng,NULL
17635,NULL,17215,Terry Deng,NULL
27309,NULL,17164,Tony Deng,NULL
17936,NULL,8442,Tonya Deng,NULL
21978,NULL,16411,Tracy Deng,NULL
21453,NULL,9095,Wayne Deng,NULL
27876,NULL,13376,Willie Deng,NULL
28427,NULL,3612,Yolanda Deng,NULL
18695,NULL,5514,Aaron Diaz,NULL
22641,NULL,12213,Abigail Diaz,NULL
18376,NULL,3459,Abigail Diaz,NULL
23982,NULL,5256,Adam Diaz,NULL
23846,NULL,12934,Aidan Diaz,NULL
12436,NULL,14892,Albert Diaz,NULL
14174,NULL,6603,Alberto Diaz,NULL
21731,NULL,2828,Alexandra Diaz,NULL
19926,NULL,7640,Alexandria Diaz,NULL
22281,NULL,7124,Alexia Diaz,NULL
11877,NULL,12783,Alexis Diaz,NULL
17988,NULL,2783,Alfredo Diaz,NULL
13908,NULL,20222,Alyssa Diaz,NULL
16966,NULL,3063,Amanda Diaz,NULL
27216,NULL,7464,Ana Diaz,NULL
20829,NULL,2726,Andy Diaz,NULL
27259,NULL,7683,Angela Diaz,NULL
19208,NULL,7168,Angelica Diaz,NULL
24803,NULL,3687,Anna Diaz,NULL
13094,NULL,13229,Antonio Diaz,NULL
14902,NULL,7723,Arianna Diaz,NULL
17978,NULL,6937,Armando Diaz,NULL
19460,NULL,10945,Arthur Diaz,NULL
27113,NULL,12604,Ashley Diaz,NULL
28509,NULL,5999,Audrey Diaz,NULL
12550,NULL,6270,Austin Diaz,NULL
19706,NULL,6732,Benjamin Diaz,NULL
21313,NULL,6064,Beth Diaz,NULL
21839,NULL,15731,Billy Diaz,NULL
18135,NULL,13625,Blake Diaz,NULL
16424,NULL,18470,Brandi Diaz,NULL
23676,NULL,6923,Brandon Diaz,NULL
13131,NULL,13406,Briana Diaz,NULL
26320,NULL,19282,Brianna Diaz,NULL
20019,NULL,7214,Brittany Diaz,NULL
19907,NULL,10847,Bruce Diaz,NULL
21140,NULL,19553,Byron Diaz,NULL
16371,NULL,5568,Caleb Diaz,NULL
14494,NULL,6320,Cameron Diaz,NULL
20572,NULL,6806,Caroline Diaz,NULL
24360,NULL,9984,Carolyn Diaz,NULL
27654,NULL,17852,Carrie Diaz,NULL
16813,NULL,13272,Carson Diaz,NULL
29356,NULL,19142,Casey Diaz,NULL
11847,NULL,6847,Cassidy Diaz,NULL
11092,NULL,6174,Cheryl Diaz,NULL
24667,NULL,20333,Chloe Diaz,NULL
21623,NULL,5614,Connor Diaz,NULL
26939,NULL,19057,Craig Diaz,NULL
15967,NULL,12978,Dakota Diaz,NULL
11514,NULL,13483,Dalton Diaz,NULL
12361,NULL,18829,Dana Diaz,NULL
18190,NULL,14746,Danny Diaz,NULL
16327,NULL,10206,Darren Diaz,NULL
11267,NULL,6679,David Diaz,NULL
17720,NULL,9780,Deanna Diaz,NULL
14853,NULL,19097,Derrick Diaz,NULL
28262,NULL,20102,Destiny Diaz,NULL
15829,NULL,13723,Devin Diaz,NULL
25855,NULL,6982,Dylan Diaz,NULL
17845,NULL,9671,Ebony Diaz,NULL
12498,NULL,13763,Eduardo Diaz,NULL
19702,NULL,13663,Edward Diaz,NULL
20000,NULL,5914,Elijah Diaz,NULL
27189,NULL,12695,Elizabeth Diaz,NULL
23802,NULL,13016,Emily Diaz,NULL
18711,NULL,19582,Emma Diaz,NULL
18655,NULL,5308,Eric Diaz,NULL
11565,NULL,19267,Erik Diaz,NULL
11590,NULL,18690,Erika Diaz,NULL
21398,NULL,6518,Ethan Diaz,NULL
22363,NULL,7844,Faith Diaz,NULL
15026,NULL,14262,Felicia Diaz,NULL
23711,NULL,13133,Fernando Diaz,NULL
29086,NULL,19311,Frank Diaz,NULL
28586,NULL,5868,Gabriel Diaz,NULL
14893,NULL,3368,Gabrielle Diaz,NULL
27482,NULL,19016,Gary Diaz,NULL
11773,NULL,13313,Gavin Diaz,NULL
25118,NULL,10761,Gerald Diaz,NULL
20482,NULL,15043,Gina Diaz,NULL
25270,NULL,16321,Gloria Diaz,NULL
21735,NULL,19679,Grace Diaz,NULL
11693,NULL,3220,Hailey Diaz,NULL
22738,NULL,3449,Haley Diaz,NULL
22088,NULL,13064,Hannah Diaz,NULL
26836,NULL,14702,Hector Diaz,NULL
27242,NULL,6068,Hunter Diaz,NULL
11689,NULL,13902,Ian Diaz,NULL
28236,NULL,7496,Isabel Diaz,NULL
20559,NULL,2673,Isabella Diaz,NULL
23820,NULL,7532,Isabelle Diaz,NULL
23372,NULL,5209,Jack Diaz,NULL
24831,NULL,5357,Jackson Diaz,NULL
17024,NULL,7765,Jacqueline Diaz,NULL
18747,NULL,6344,Jacquelyn Diaz,NULL
17795,NULL,7042,Jaime Diaz,NULL
21790,NULL,6380,James Diaz,NULL
25626,NULL,6225,Janet Diaz,NULL
16098,NULL,19879,Jasmine Diaz,NULL
17374,NULL,5410,Jason Diaz,NULL
16692,NULL,10313,Jay Diaz,NULL
16115,NULL,20543,Jennifer Diaz,NULL
26283,NULL,13534,Jeremiah Diaz,NULL
13449,NULL,7692,Jerome Diaz,NULL
18084,NULL,3534,Jessica Diaz,NULL
26985,NULL,18372,Jésus Diaz,NULL
22936,NULL,15081,Jill Diaz,NULL
25474,NULL,15629,Jimmy Diaz,NULL
26695,NULL,7258,Jocelyn Diaz,NULL
27180,NULL,11038,Joe Diaz,NULL
13190,NULL,6425,Jonathan Diaz,NULL
24408,NULL,5166,Jordan Diaz,NULL
16865,NULL,6891,Jordyn Diaz,NULL
21481,NULL,5665,Jose Diaz,NULL
15207,NULL,2845,Josue Diaz,NULL
24728,NULL,20436,Julia Diaz,NULL
15813,NULL,13354,Julian Diaz,NULL
24094,NULL,6991,Julio Diaz,NULL
18427,NULL,6631,Justin Diaz,NULL
29230,NULL,20645,Kaitlyn Diaz,NULL
11526,NULL,2988,Katherine Diaz,NULL
28375,NULL,18551,Kathleen Diaz,NULL
24988,NULL,12739,Kayla Diaz,NULL
18330,NULL,15884,Kellie Diaz,NULL
23678,NULL,7575,Kelly Diaz,NULL
13021,NULL,15133,Kendra Diaz,NULL
22477,NULL,5819,Kevin Diaz,NULL
28913,NULL,14205,Krista Diaz,NULL
22413,NULL,10734,Kristi Diaz,NULL
25719,NULL,6288,Kristine Diaz,NULL
16105,NULL,14316,Kristy Diaz,NULL
14580,NULL,5765,Kyle Diaz,NULL
25323,NULL,14844,Lance Diaz,NULL
13664,NULL,18415,Larry Diaz,NULL
24538,NULL,6126,Latasha Diaz,NULL
13331,NULL,19072,Lauren Diaz,NULL
27932,NULL,18510,Leslie Diaz,NULL
12025,NULL,6475,Logan Diaz,NULL
27187,NULL,13940,Lucas Diaz,NULL
11203,NULL,5463,Luis Diaz,NULL
12054,NULL,5118,Luke Diaz,NULL
17289,NULL,7145,Mallory Diaz,NULL
11058,NULL,15681,Marc Diaz,NULL
26330,NULL,13856,Marcus Diaz,NULL
15771,NULL,3292,Maria Diaz,NULL
25465,NULL,8108,Mariah Diaz,NULL
15333,NULL,10095,Marie Diaz,NULL
29265,NULL,7090,Marissa Diaz,NULL
27942,NULL,6886,Marvin Diaz,NULL
24303,NULL,19180,Megan Diaz,NULL
14714,NULL,18781,Meghan Diaz,NULL
27618,NULL,7595,Melanie Diaz,NULL
22762,NULL,7356,Melissa Diaz,NULL
11599,NULL,16764,Melody Diaz,NULL
18652,NULL,10627,Meredith Diaz,NULL
21149,NULL,13579,Miguel Diaz,NULL
18227,NULL,7297,Miranda Diaz,NULL
20296,NULL,20748,Morgan Diaz,NULL
21355,NULL,6767,Mya Diaz,NULL
14472,NULL,2758,Natalie Diaz,NULL
16421,NULL,18738,Natasha Diaz,NULL
14495,NULL,5968,Nathan Diaz,NULL
18181,NULL,6839,Neil Diaz,NULL
21387,NULL,19124,Nelson Diaz,NULL
28264,NULL,19995,Nicole Diaz,NULL
17860,NULL,6118,Noah Diaz,NULL
22665,NULL,18679,Orlando Diaz,NULL
23568,NULL,7803,Paige Diaz,NULL
23594,NULL,14909,Paula Diaz,NULL
12954,NULL,11687,Pedro Diaz,NULL
12855,NULL,19181,Philip Diaz,NULL
24316,NULL,19790,Rachel Diaz,NULL
29345,NULL,14945,Randall Diaz,NULL
21378,NULL,9886,Rebekah Diaz,NULL
24581,NULL,7743,Reginald Diaz,NULL
26682,NULL,13808,Richard Diaz,NULL
18335,NULL,15577,Ricky Diaz,NULL
26639,NULL,7389,Riley Diaz,NULL
15902,NULL,6169,Robert Diaz,NULL
22202,NULL,14789,Roberto Diaz,NULL
20903,NULL,12883,Robyn Diaz,NULL
16274,NULL,11798,Ross Diaz,NULL
25136,NULL,11249,Ruben Diaz,NULL
16910,NULL,6575,Ryan Diaz,NULL
24208,NULL,14159,Sabrina Diaz,NULL
16875,NULL,12551,Samantha Diaz,NULL
14065,NULL,6020,Samuel Diaz,NULL
17597,NULL,12650,Sarah Diaz,NULL
23055,NULL,13992,Seth Diaz,NULL
27349,NULL,14415,Sheila Diaz,NULL
13892,NULL,13177,Spencer Diaz,NULL
12340,NULL,18601,Stacy Diaz,NULL
15694,NULL,3144,Stephanie Diaz,NULL
29022,NULL,2909,Sydney Diaz,NULL
19034,NULL,10418,Tabitha Diaz,NULL
20661,NULL,3609,Taylor Diaz,NULL
16946,NULL,15187,Teresa Diaz,NULL
11785,NULL,6721,Theodore Diaz,NULL
16020,NULL,5720,Thomas Diaz,NULL
20519,NULL,12852,Trevor Diaz,NULL
18517,NULL,12891,Tristan Diaz,NULL
13116,NULL,6782,Tyrone Diaz,NULL
29100,NULL,7427,Vanessa Diaz,NULL
12481,NULL,19228,Victor Diaz,NULL
29326,NULL,19477,Victoria Diaz,NULL
21643,NULL,13092,Wyatt Diaz,NULL
26813,NULL,13438,Xavier Diaz,NULL
25425,NULL,7040,Zachary Diaz,NULL
23392,NULL,7118,Adrienne Dominguez,NULL
27125,NULL,14916,Albert Dominguez,NULL
26078,NULL,6634,Alberto Dominguez,NULL
28443,NULL,2812,Alfredo Dominguez,NULL
14126,NULL,2745,Andy Dominguez,NULL
13258,NULL,14374,Anne Dominguez,NULL
19432,NULL,6960,Armando Dominguez,NULL
16537,NULL,10968,Arthur Dominguez,NULL
14615,NULL,6029,Audrey Dominguez,NULL
15459,NULL,6094,Beth Dominguez,NULL
24103,NULL,15756,Billy Dominguez,NULL
27000,NULL,18486,Brandi Dominguez,NULL
11561,NULL,13630,Briana Dominguez,NULL
28741,NULL,10872,Bruce Dominguez,NULL
22653,NULL,10013,Carolyn Dominguez,NULL
18810,NULL,19160,Casey Dominguez,NULL
16916,NULL,6197,Cheryl Dominguez,NULL
15933,NULL,14628,Clinton Dominguez,NULL
15117,NULL,17825,Dana Dominguez,NULL
13966,NULL,10235,Darren Dominguez,NULL
23779,NULL,9808,Deanna Dominguez,NULL
13588,NULL,6088,Deb Dominguez,NULL
22679,NULL,19116,Derrick Dominguez,NULL
11427,NULL,13861,Desiree Dominguez,NULL
29292,NULL,18664,Diana Dominguez,NULL
19241,NULL,15604,Diane Dominguez,NULL
25806,NULL,20545,Dwayne Dominguez,NULL
17350,NULL,9695,Ebony Dominguez,NULL
17184,NULL,6691,Eddie Dominguez,NULL
26037,NULL,19286,Erik Dominguez,NULL
21251,NULL,18707,Erika Dominguez,NULL
14196,NULL,14286,Felicia Dominguez,NULL
13684,NULL,2505,Francis Dominguez,NULL
15049,NULL,18346,Frank Dominguez,NULL
17633,NULL,19032,Gary Dominguez,NULL
20631,NULL,10775,Gerald Dominguez,NULL
20213,NULL,15060,Gina Dominguez,NULL
16322,NULL,16507,Gloria Dominguez,NULL
12518,NULL,6361,Jacquelyn Dominguez,NULL
19521,NULL,7069,Jaime Dominguez,NULL
19318,NULL,14664,Jamie Dominguez,NULL
11665,NULL,6256,Janet Dominguez,NULL
12536,NULL,13641,Javier Dominguez,NULL
21857,NULL,10338,Jay Dominguez,NULL
22987,NULL,7708,Jerome Dominguez,NULL
25628,NULL,5605,Jessie Dominguez,NULL
17087,NULL,18389,Jésus Dominguez,NULL
26927,NULL,15100,Jill Dominguez,NULL
21959,NULL,15652,Jimmy Dominguez,NULL
17003,NULL,13986,Joanna Dominguez,NULL
28461,NULL,11062,Joe Dominguez,NULL
15600,NULL,12577,Josue Dominguez,NULL
22175,NULL,14148,Joy Dominguez,NULL
17094,NULL,7010,Julio Dominguez,NULL
17789,NULL,10555,Kari Dominguez,NULL
17244,NULL,16062,Kellie Dominguez,NULL
27963,NULL,15156,Kendra Dominguez,NULL
13644,NULL,9594,Kristi Dominguez,NULL
14020,NULL,6313,Kristine Dominguez,NULL
19182,NULL,14860,Lance Dominguez,NULL
22197,NULL,18440,Larry Dominguez,NULL
15086,NULL,6145,Latasha Dominguez,NULL
17225,NULL,14454,Lawrence Dominguez,NULL
24597,NULL,14413,Lee Dominguez,NULL
27346,NULL,18528,Leslie Dominguez,NULL
20051,NULL,13821,Linda Dominguez,NULL
12648,NULL,14117,Lori Dominguez,NULL
25549,NULL,7171,Mallory Dominguez,NULL
12539,NULL,15706,Marc Dominguez,NULL
22431,NULL,10117,Marie Dominguez,NULL
25449,NULL,6912,Marvin Dominguez,NULL
16433,NULL,14532,Mathew Dominguez,NULL
14370,NULL,18804,Meghan Dominguez,NULL
18581,NULL,14072,Melinda Dominguez,NULL
18315,NULL,16990,Melody Dominguez,NULL
12521,NULL,10651,Meredith Dominguez,NULL
26142,NULL,14585,Micheal Dominguez,NULL
26794,NULL,9021,Michele Dominguez,NULL
22778,NULL,13776,Monique Dominguez,NULL
14720,NULL,17449,Naomi Dominguez,NULL
23769,NULL,18756,Natasha Dominguez,NULL
23663,NULL,6859,Neil Dominguez,NULL
23952,NULL,19307,Nelson Dominguez,NULL
16468,NULL,18880,Orlando Dominguez,NULL
19338,NULL,15111,Paula Dominguez,NULL
29134,NULL,11712,Pedro Dominguez,NULL
15730,NULL,19204,Philip Dominguez,NULL
12131,NULL,14974,Randall Dominguez,NULL
27470,NULL,6538,Raquel Dominguez,NULL
27877,NULL,9908,Rebekah Dominguez,NULL
11545,NULL,7767,Reginald Dominguez,NULL
19340,NULL,15017,Renee Dominguez,NULL
25658,NULL,15600,Ricky Dominguez,NULL
26917,NULL,14816,Roberto Dominguez,NULL
16685,NULL,13738,Robin Dominguez,NULL
23305,NULL,13122,Robyn Dominguez,NULL
14899,NULL,13691,Rodney Dominguez,NULL
29189,NULL,11168,Roy Dominguez,NULL
16573,NULL,11271,Ruben Dominguez,NULL
28116,NULL,14182,Sabrina Dominguez,NULL
28395,NULL,20140,Shannon Dominguez,NULL
19105,NULL,18617,Stacy Dominguez,NULL
21925,NULL,10444,Tabitha Dominguez,NULL
13601,NULL,14033,Tanya Dominguez,NULL
20963,NULL,15213,Teresa Dominguez,NULL
21987,NULL,6743,Theodore Dominguez,NULL
18769,NULL,13905,Theresa Dominguez,NULL
28250,NULL,6805,Tyrone Dominguez,NULL
14784,NULL,19243,Victor Dominguez,NULL
12576,NULL,13599,Walter Dominguez,NULL
11035,NULL,13948,Wendy Dominguez,NULL
19692,NULL,15693,Aaron Edwards,NULL
24414,NULL,15702,Adam Edwards,NULL
14505,NULL,15717,Alex Edwards,NULL
13358,NULL,9329,Alexandra Edwards,NULL
19501,NULL,9375,Allison Edwards,NULL
16127,NULL,9334,Amanda Edwards,NULL
20517,NULL,9349,Amber Edwards,NULL
28004,NULL,9377,Andrea Edwards,NULL
29124,NULL,15709,Angel Edwards,NULL
20090,NULL,4215,Blake Edwards,NULL
21610,NULL,15694,Caleb Edwards,NULL
16680,NULL,15707,Carlos Edwards,NULL
26577,NULL,9321,Cindy Edwards,NULL
16950,NULL,15695,Connor Edwards,NULL
27606,NULL,9351,Courtney Edwards,NULL
12173,NULL,4527,Dalton Edwards,NULL
14700,NULL,3749,Edward Edwards,NULL
28157,NULL,15687,Elijah Edwards,NULL
24627,NULL,15704,Eric Edwards,NULL
21888,NULL,15718,Evan Edwards,NULL
23185,NULL,3906,Fernando Edwards,NULL
28803,NULL,9364,Gabriella Edwards,NULL
28297,NULL,9341,Gabrielle Edwards,NULL
24258,NULL,9337,Hailey Edwards,NULL
18015,NULL,9342,Haley Edwards,NULL
24220,NULL,15674,Hunter Edwards,NULL
29158,NULL,4768,Ian Edwards,NULL
13372,NULL,15726,Isaac Edwards,NULL
12881,NULL,9327,Isabella Edwards,NULL
29354,NULL,15714,Isaiah Edwards,NULL
27611,NULL,15701,Jack Edwards,NULL
25785,NULL,15705,Jackson Edwards,NULL
27508,NULL,15662,James Edwards,NULL
11127,NULL,9367,Jan Edwards,NULL
21082,NULL,15690,Jason Edwards,NULL
20515,NULL,9355,Jenna Edwards,NULL
12962,NULL,9323,Jennifer Edwards,NULL
20288,NULL,4056,Jeremiah Edwards,NULL
20304,NULL,15729,Jesse Edwards,NULL
29347,NULL,15663,Jonathan Edwards,NULL
20481,NULL,15700,Jordan Edwards,NULL
16107,NULL,9357,Jordan Edwards,NULL
12078,NULL,15677,Jose Edwards,NULL
16200,NULL,9322,Julia Edwards,NULL
20372,NULL,9325,Kaitlyn Edwards,NULL
14898,NULL,9370,Katelyn Edwards,NULL
13696,NULL,9332,Katherine Edwards,NULL
22851,NULL,9372,Kaylee Edwards,NULL
14734,NULL,15683,Kevin Edwards,NULL
26060,NULL,15682,Kyle Edwards,NULL
25002,NULL,15665,Logan Edwards,NULL
17572,NULL,4288,Lucas Edwards,NULL
26193,NULL,15691,Luis Edwards,NULL
11686,NULL,15699,Luke Edwards,NULL
23458,NULL,9361,Mackenzie Edwards,NULL
20771,NULL,9345,Madeline Edwards,NULL
18099,NULL,4681,Marcus Edwards,NULL
28298,NULL,9338,Maria Edwards,NULL
14481,NULL,9347,Mary Edwards,NULL
17550,NULL,15722,Mason Edwards,NULL
25979,NULL,4138,Miguel Edwards,NULL
25888,NULL,9326,Morgan Edwards,NULL
13340,NULL,9328,Natalie Edwards,NULL
19876,NULL,15667,Nathan Edwards,NULL
21814,NULL,15675,Noah Edwards,NULL
17135,NULL,4594,Richard Edwards,NULL
12024,NULL,15668,Samuel Edwards,NULL
21262,NULL,9366,Sara Edwards,NULL
13367,NULL,9371,Savannah Edwards,NULL
28339,NULL,15730,Sean Edwards,NULL
11023,NULL,4373,Seth Edwards,NULL
14397,NULL,9359,Sierra Edwards,NULL
18232,NULL,9346,Sophia Edwards,NULL
26713,NULL,9335,Stephanie Edwards,NULL
26724,NULL,9331,Sydney Edwards,NULL
15517,NULL,15679,Thomas Edwards,NULL
26104,NULL,15733,Timothy Edwards,NULL
19728,NULL,3825,Wyatt Edwards,NULL
16393,NULL,4449,Xavier Edwards,NULL
25415,NULL,15626,Aaron Evans,NULL
25820,NULL,15634,Adam Evans,NULL
12365,NULL,15649,Alex Evans,NULL
24322,NULL,9273,Alexandra Evans,NULL
11209,NULL,9318,Allison Evans,NULL
12558,NULL,9278,Amanda Evans,NULL
27933,NULL,9294,Amber Evans,NULL
26465,NULL,9319,Andrea Evans,NULL
21362,NULL,15647,Angel Evans,NULL
16939,NULL,9301,Bailey Evans,NULL
15781,NULL,4214,Blake Evans,NULL
16072,NULL,15627,Caleb Evans,NULL
23538,NULL,15643,Carlos Evans,NULL
12770,NULL,4907,Charles Evans,NULL
20348,NULL,9264,Chloe Evans,NULL
15402,NULL,15628,Connor Evans,NULL
13906,NULL,9296,Courtney Evans,NULL
12710,NULL,4525,Dalton Evans,NULL
22136,NULL,4994,Devin Evans,NULL
23288,NULL,5071,Eduardo Evans,NULL
25884,NULL,15619,Elijah Evans,NULL
14648,NULL,15636,Eric Evans,NULL
23181,NULL,15650,Evan Evans,NULL
18497,NULL,3904,Fernando Evans,NULL
23487,NULL,15618,Gabriel Evans,NULL
21356,NULL,9307,Gabriella Evans,NULL
26642,NULL,9285,Gabrielle Evans,NULL
12422,NULL,9281,Hailey Evans,NULL
18584,NULL,9286,Haley Evans,NULL
25493,NULL,15607,Hunter Evans,NULL
17186,NULL,15655,Isaac Evans,NULL
26236,NULL,9271,Isabella Evans,NULL
28050,NULL,15648,Isaiah Evans,NULL
17489,NULL,15633,Jack Evans,NULL
14321,NULL,15641,Jackson Evans,NULL
20665,NULL,15597,James Evans,NULL
20029,NULL,9312,Jan Evans,NULL
23584,NULL,15621,Jason Evans,NULL
17683,NULL,9297,Jenna Evans,NULL
15519,NULL,9267,Jennifer Evans,NULL
28085,NULL,4055,Jeremiah Evans,NULL
21916,NULL,15656,Jesse Evans,NULL
15185,NULL,15598,Jonathan Evans,NULL
29209,NULL,15632,Jordan Evans,NULL
24937,NULL,9298,Jordan Evans,NULL
15982,NULL,15610,Jose Evans,NULL
27292,NULL,9265,Julia Evans,NULL
13452,NULL,9269,Kaitlyn Evans,NULL
26240,NULL,9314,Katelyn Evans,NULL
16152,NULL,9277,Katherine Evans,NULL
19642,NULL,9316,Kaylee Evans,NULL
13193,NULL,15617,Kevin Evans,NULL
27890,NULL,15615,Kyle Evans,NULL
11556,NULL,4286,Lucas Evans,NULL
29176,NULL,15630,Luke Evans,NULL
18592,NULL,9303,Mackenzie Evans,NULL
21445,NULL,9289,Madeline Evans,NULL
27290,NULL,4680,Marcus Evans,NULL
22544,NULL,9284,Maria Evans,NULL
17356,NULL,9292,Mary Evans,NULL
15439,NULL,15653,Mason Evans,NULL
27568,NULL,4135,Miguel Evans,NULL
26829,NULL,9270,Morgan Evans,NULL
22724,NULL,15609,Noah Evans,NULL
16892,NULL,9288,Rebecca Evans,NULL
19641,NULL,4593,Richard Evans,NULL
20709,NULL,15602,Samuel Evans,NULL
16143,NULL,9310,Sara Evans,NULL
28112,NULL,9315,Savannah Evans,NULL
11305,NULL,15658,Sean Evans,NULL
29108,NULL,4370,Seth Evans,NULL
20198,NULL,9299,Sierra Evans,NULL
29241,NULL,9290,Sophia Evans,NULL
20039,NULL,9280,Stephanie Evans,NULL
19204,NULL,9276,Sydney Evans,NULL
20537,NULL,15613,Thomas Evans,NULL
23291,NULL,15660,Timothy Evans,NULL
18530,NULL,3823,Wyatt Evans,NULL
19098,NULL,4447,Xavier Evans,NULL
11205,NULL,18028,Abby Fernandez,NULL
19596,NULL,15867,Allen Fernandez,NULL
12931,NULL,7264,Ann Fernandez,NULL
22399,NULL,10925,Arthur Fernandez,NULL
20271,NULL,3779,Barry Fernandez,NULL
13326,NULL,16023,Bob Fernandez,NULL
22958,NULL,18864,Brandy Fernandez,NULL
16493,NULL,15377,Brenda Fernandez,NULL
16214,NULL,19521,Brett Fernandez,NULL
26888,NULL,10826,Bruce Fernandez,NULL
14656,NULL,3936,Bryant Fernandez,NULL
11105,NULL,15430,Candace Fernandez,NULL
26855,NULL,7562,Carla Fernandez,NULL
29302,NULL,9961,Carolyn Fernandez,NULL
14134,NULL,19637,Cassandra Fernandez,NULL
20035,NULL,3835,Cesar Fernandez,NULL
19905,NULL,18953,Chelsea Fernandez,NULL
21026,NULL,4100,Clifford Fernandez,NULL
13409,NULL,19347,Cory Fernandez,NULL
26352,NULL,19749,Cynthia Fernandez,NULL
28992,NULL,10188,Darren Fernandez,NULL
24554,NULL,9758,Deanna Fernandez,NULL
18724,NULL,16258,Denise Fernandez,NULL
23630,NULL,8251,Dominic Fernandez,NULL
12839,NULL,7500,Dominique Fernandez,NULL
24462,NULL,20052,Donald Fernandez,NULL
17196,NULL,19438,Douglas Fernandez,NULL
24663,NULL,9652,Ebony Fernandez,NULL
28955,NULL,7987,Emmanuel Fernandez,NULL
15668,NULL,2993,Erick Fernandez,NULL
24427,NULL,3120,Evelyn Fernandez,NULL
24097,NULL,16712,Francisco Fernandez,NULL
19963,NULL,8303,Geoffrey Fernandez,NULL
19974,NULL,20213,George Fernandez,NULL
29359,NULL,2887,Harold Fernandez,NULL
22798,NULL,15275,Heidi Fernandez,NULL
14779,NULL,15980,Henry Fernandez,NULL
12675,NULL,19595,Holly Fernandez,NULL
22032,NULL,8196,Ivan Fernandez,NULL
12866,NULL,18502,Janelle Fernandez,NULL
20137,NULL,2935,Jarrod Fernandez,NULL
20155,NULL,10288,Jay Fernandez,NULL
25277,NULL,8032,Jermaine Fernandez,NULL
12599,NULL,15328,Jillian Fernandez,NULL
17099,NULL,20093,Joel Fernandez,NULL
25144,NULL,15902,Johnathan Fernandez,NULL
13788,NULL,10509,Kari Fernandez,NULL
19585,NULL,10708,Kristi Fernandez,NULL
12581,NULL,19710,Kristina Fernandez,NULL
19271,NULL,16116,Kristopher Fernandez,NULL
15654,NULL,7935,Levi Fernandez,NULL
14523,NULL,3453,Lydia Fernandez,NULL
16514,NULL,15940,Manuel Fernandez,NULL
24701,NULL,3882,Marco Fernandez,NULL
28929,NULL,10067,Marie Fernandez,NULL
28645,NULL,16756,Martin Fernandez,NULL
19448,NULL,7221,Meagan Fernandez,NULL
25606,NULL,10609,Meredith Fernandez,NULL
24884,NULL,8977,Michele Fernandez,NULL
28513,NULL,16160,Molly Fernandez,NULL
14854,NULL,15478,Nancy Fernandez,NULL
17703,NULL,15562,Pamela Fernandez,NULL
14932,NULL,11667,Pedro Fernandez,NULL
26365,NULL,20174,Phillip Fernandez,NULL
23993,NULL,15516,Rachael Fernandez,NULL
23004,NULL,19476,Raymond Fernandez,NULL
23970,NULL,9865,Rebekah Fernandez,NULL
26881,NULL,7671,Regina Fernandez,NULL
28939,NULL,20141,Ronald Fernandez,NULL
11763,NULL,11773,Ross Fernandez,NULL
15444,NULL,11126,Roy Fernandez,NULL
19927,NULL,11221,Ruben Fernandez,NULL
20546,NULL,3294,Ruth Fernandez,NULL
25544,NULL,7837,Sergio Fernandez,NULL
13127,NULL,19390,Shane Fernandez,NULL
24064,NULL,4051,Stanley Fernandez,NULL
25762,NULL,7384,Stefanie Fernandez,NULL
25724,NULL,10395,Tabitha Fernandez,NULL
25825,NULL,7445,Tammy Fernandez,NULL
29438,NULL,8088,Terrance Fernandez,NULL
22722,NULL,16211,Tina Fernandez,NULL
12553,NULL,3359,Toni Fernandez,NULL
14653,NULL,15818,Troy Fernandez,NULL
24560,NULL,18993,Veronica Fernandez,NULL
29355,NULL,7619,Virginia Fernandez,NULL
15757,NULL,13221,Edwin Ferrier,NULL
16762,NULL,8597,Franklin Ferrier,NULL
19825,NULL,9681,Gilbert Ferrier,NULL
20898,NULL,9311,Grant Ferrier,NULL
18822,NULL,2606,Gregory Ferrier,NULL
17299,NULL,13002,Jaclyn Ferrier,NULL
23528,NULL,9485,Jaime Ferrier,NULL
21955,NULL,11531,Jenny Ferrier,NULL
14730,NULL,16930,Jerry Ferrier,NULL
28535,NULL,18522,Leslie Ferrier,NULL
13149,NULL,13811,Linda Ferrier,NULL
12509,NULL,15696,Marc Ferrier,NULL
14383,NULL,6900,Marvin Ferrier,NULL
23426,NULL,14521,Mathew Ferrier,NULL
14774,NULL,2687,Max Ferrier,NULL
14617,NULL,5496,Aaron Flores,NULL
23672,NULL,3970,Abigail Flores,NULL
11044,NULL,5244,Adam Flores,NULL
16886,NULL,12916,Aidan Flores,NULL
26165,NULL,2814,Alexandra Flores,NULL
17032,NULL,7624,Alexandria Flores,NULL
14896,NULL,7113,Alexia Flores,NULL
23193,NULL,12764,Alexis Flores,NULL
18612,NULL,20202,Alyssa Flores,NULL
22981,NULL,3045,Amanda Flores,NULL
20095,NULL,7450,Ana Flores,NULL
20028,NULL,7666,Angela Flores,NULL
20141,NULL,7153,Angelica Flores,NULL
18346,NULL,3672,Anna Flores,NULL
14259,NULL,13208,Antonio Flores,NULL
21727,NULL,7709,Arianna Flores,NULL
18869,NULL,12585,Ashley Flores,NULL
16956,NULL,6251,Austin Flores,NULL
18025,NULL,6712,Benjamin Flores,NULL
11206,NULL,13604,Blake Flores,NULL
25621,NULL,6908,Brandon Flores,NULL
27706,NULL,19261,Brianna Flores,NULL
16906,NULL,7198,Brittany Flores,NULL
12165,NULL,5553,Caleb Flores,NULL
22062,NULL,6301,Cameron Flores,NULL
19155,NULL,6790,Caroline Flores,NULL
25375,NULL,13255,Carson Flores,NULL
23368,NULL,6828,Cassidy Flores,NULL
23278,NULL,20310,Chloe Flores,NULL
27258,NULL,6763,Christian Flores,NULL
15755,NULL,5600,Connor Flores,NULL
23390,NULL,12958,Dakota Flores,NULL
28238,NULL,13466,Dalton Flores,NULL
22083,NULL,6668,David Flores,NULL
25835,NULL,20090,Destiny Flores,NULL
15559,NULL,13709,Devin Flores,NULL
24797,NULL,6966,Dylan Flores,NULL
28969,NULL,13744,Eduardo Flores,NULL
25176,NULL,13647,Edward Flores,NULL
22547,NULL,5900,Elijah Flores,NULL
13206,NULL,13003,Emily Flores,NULL
15543,NULL,19557,Emma Flores,NULL
13437,NULL,6501,Ethan Flores,NULL
18849,NULL,7823,Faith Flores,NULL
11834,NULL,13117,Fernando Flores,NULL
27111,NULL,5848,Gabriel Flores,NULL
17265,NULL,19658,Grace Flores,NULL
22119,NULL,3201,Hailey Flores,NULL
21482,NULL,3430,Haley Flores,NULL
19525,NULL,13046,Hannah Flores,NULL
27210,NULL,6051,Hunter Flores,NULL
28904,NULL,13882,Ian Flores,NULL
23715,NULL,7482,Isabel Flores,NULL
25161,NULL,2588,Isabella Flores,NULL
15526,NULL,7520,Isabelle Flores,NULL
19020,NULL,5194,Jack Flores,NULL
23560,NULL,7748,Jacqueline Flores,NULL
13260,NULL,6367,James Flores,NULL
20540,NULL,19861,Jasmine Flores,NULL
18663,NULL,5396,Jason Flores,NULL
21155,NULL,13519,Jeremiah Flores,NULL
27251,NULL,3522,Jessica Flores,NULL
27198,NULL,7243,Jocelyn Flores,NULL
28615,NULL,6410,Jonathan Flores,NULL
17035,NULL,5151,Jordan Flores,NULL
25288,NULL,6873,Jordyn Flores,NULL
11177,NULL,5651,Jose Flores,NULL
17263,NULL,20410,Julia Flores,NULL
15846,NULL,13340,Julian Flores,NULL
18774,NULL,6615,Justin Flores,NULL
27532,NULL,20628,Kaitlyn Flores,NULL
21180,NULL,2972,Katherine Flores,NULL
28574,NULL,12723,Kayla Flores,NULL
16414,NULL,7555,Kelly Flores,NULL
15878,NULL,5806,Kevin Flores,NULL
18650,NULL,5750,Kyle Flores,NULL
14631,NULL,6459,Logan Flores,NULL
12026,NULL,13926,Lucas Flores,NULL
16949,NULL,5444,Luis Flores,NULL
24733,NULL,5103,Luke Flores,NULL
14416,NULL,13089,Madison Flores,NULL
16913,NULL,13836,Marcus Flores,NULL
17359,NULL,3278,María Flores,NULL
17406,NULL,8094,Mariah Flores,NULL
15998,NULL,7073,Marissa Flores,NULL
23074,NULL,19154,Megan Flores,NULL
23175,NULL,8132,Melanie Flores,NULL
23687,NULL,7341,Melissa Flores,NULL
19750,NULL,13563,Miguel Flores,NULL
17243,NULL,7283,Miranda Flores,NULL
19817,NULL,20731,Morgan Flores,NULL
11314,NULL,7316,Mya Flores,NULL
16732,NULL,2739,Natalie Flores,NULL
24637,NULL,5953,Nathan Flores,NULL
26038,NULL,19974,Nicole Flores,NULL
17256,NULL,6102,Noah Flores,NULL
26638,NULL,19357,Olivia Flores,NULL
29415,NULL,13383,Oscar Flores,NULL
25395,NULL,7787,Paige Flores,NULL
22527,NULL,19770,Rachel Flores,NULL
26718,NULL,13788,Richard Flores,NULL
25411,NULL,7376,Riley Flores,NULL
26097,NULL,6154,Robert Flores,NULL
19357,NULL,6558,Ryan Flores,NULL
14499,NULL,6004,Samuel Flores,NULL
23162,NULL,12634,Sarah Flores,NULL
17142,NULL,13971,Seth Flores,NULL
27095,NULL,13156,Spencer Flores,NULL
25992,NULL,3123,Stephanie Flores,NULL
29276,NULL,2889,Sydney Flores,NULL
27063,NULL,3596,Taylor Flores,NULL
24680,NULL,5700,Thomas Flores,NULL
27676,NULL,12836,Trevor Flores,NULL
18370,NULL,12875,Tristan Flores,NULL
23365,NULL,7409,Vanessa Flores,NULL
28266,NULL,13685,Wyatt Flores,NULL
23866,NULL,13419,Xavier Flores,NULL
23376,NULL,7027,Zachary Flores,NULL
15566,NULL,5502,Aaron Foster,NULL
19823,NULL,3975,Abigail Foster,NULL
12105,NULL,12199,Abigail Foster,NULL
26445,NULL,12923,Aidan Foster,NULL
11982,NULL,2817,Alexandra Foster,NULL
18114,NULL,7630,Alexandria Foster,NULL
11568,NULL,7117,Alexia Foster,NULL
19417,NULL,12772,Alexis Foster,NULL
14875,NULL,20207,Alyssa Foster,NULL
11201,NULL,3054,Amanda Foster,NULL
18834,NULL,7456,Ana Foster,NULL
23814,NULL,7675,Angela Foster,NULL
12791,NULL,7158,Angelica Foster,NULL
11646,NULL,3680,Anna Foster,NULL
12795,NULL,13215,Antonio Foster,NULL
18313,NULL,7715,Arianna Foster,NULL
20969,NULL,12593,Ashley Foster,NULL
14753,NULL,6258,Austin Foster,NULL
27680,NULL,6718,Benjamin Foster,NULL
13240,NULL,13610,Blake Foster,NULL
26605,NULL,6913,Brandon Foster,NULL
28769,NULL,19271,Brianna Foster,NULL
12893,NULL,7206,Brittany Foster,NULL
27112,NULL,5557,Caleb Foster,NULL
19804,NULL,6308,Cameron Foster,NULL
14240,NULL,6796,Caroline Foster,NULL
16959,NULL,13262,Carson Foster,NULL
20488,NULL,6838,Cassidy Foster,NULL
13492,NULL,6211,Christian Foster,NULL
28282,NULL,20318,Cindy Foster,NULL
18378,NULL,13473,Dalton Foster,NULL
21294,NULL,6672,David Foster,NULL
21501,NULL,12966,Deb Foster,NULL
12194,NULL,20095,Destiny Foster,NULL
13459,NULL,13716,Devin Foster,NULL
15156,NULL,6970,Dylan Foster,NULL
11926,NULL,13751,Eduardo Foster,NULL
18355,NULL,13655,Edward Foster,NULL
19779,NULL,13008,Emily Foster,NULL
15468,NULL,19571,Emma Foster,NULL
22976,NULL,5296,Eric Foster,NULL
26055,NULL,6507,Ethan Foster,NULL
19872,NULL,7831,Faith Foster,NULL
27521,NULL,5853,Gabriel Foster,NULL
27741,NULL,3355,Gabrielle Foster,NULL
28237,NULL,3208,Hailey Foster,NULL
14258,NULL,3438,Haley Foster,NULL
28647,NULL,13054,Hannah Foster,NULL
20269,NULL,6059,Hunter Foster,NULL
16485,NULL,13889,Ian Foster,NULL
21745,NULL,7487,Isabel Foster,NULL
27892,NULL,2633,Isabella Foster,NULL
26377,NULL,7525,Isabelle Foster,NULL
20008,NULL,5200,Jack Foster,NULL
13922,NULL,5347,Jackson Foster,NULL
20020,NULL,7758,Jacqueline Foster,NULL
27914,NULL,19869,Jasmine Foster,NULL
12934,NULL,5402,Jason Foster,NULL
13029,NULL,20533,Jennifer Foster,NULL
26069,NULL,3526,Jessica Foster,NULL
20741,NULL,7246,Jocelyn Foster,NULL
22186,NULL,6417,Jonathan Foster,NULL
20807,NULL,5157,Jordan Foster,NULL
28785,NULL,5658,Jose Foster,NULL
26238,NULL,20420,Julia Foster,NULL
21575,NULL,6620,Justin Foster,NULL
28083,NULL,20636,Kaitlyn Foster,NULL
16970,NULL,2979,Katherine Foster,NULL
19693,NULL,12729,Kayla Foster,NULL
21427,NULL,7565,Kelly Foster,NULL
11274,NULL,5755,Kyle Foster,NULL
19755,NULL,19061,Lauren Foster,NULL
21302,NULL,6465,Logan Foster,NULL
13519,NULL,13932,Lucas Foster,NULL
26009,NULL,5450,Luis Foster,NULL
15137,NULL,5108,Luke Foster,NULL
14038,NULL,12502,Madison Foster,NULL
25357,NULL,13846,Marcus Foster,NULL
28715,NULL,3284,Maria Foster,NULL
13865,NULL,8100,Mariah Foster,NULL
17486,NULL,7079,Marissa Foster,NULL
24112,NULL,19165,Mary Foster,NULL
14572,NULL,7587,Melanie Foster,NULL
20352,NULL,7346,Melissa Foster,NULL
27652,NULL,13570,Miguel Foster,NULL
27567,NULL,7288,Miranda Foster,NULL
12109,NULL,20738,Morgan Foster,NULL
23230,NULL,7321,Mya Foster,NULL
15966,NULL,2749,Natalie Foster,NULL
20954,NULL,5961,Nathan Foster,NULL
23494,NULL,19986,Nicole Foster,NULL
21479,NULL,6109,Noah Foster,NULL
23806,NULL,19366,Olivia Foster,NULL
13901,NULL,12802,Oscar Foster,NULL
27428,NULL,7793,Paige Foster,NULL
28018,NULL,19776,Rachel Foster,NULL
14379,NULL,13795,Richard Foster,NULL
22754,NULL,6161,Robert Foster,NULL
11269,NULL,6565,Ryan Foster,NULL
16355,NULL,12543,Sam Foster,NULL
18523,NULL,6008,Samuel Foster,NULL
25791,NULL,13980,Seth Foster,NULL
21612,NULL,13163,Spencer Foster,NULL
21586,NULL,3133,Stephanie Foster,NULL
18860,NULL,2896,Sydney Foster,NULL
18611,NULL,3600,Taylor Foster,NULL
17516,NULL,5708,Thomas Foster,NULL
28964,NULL,12843,Trevor Foster,NULL
25426,NULL,12882,Tristan Foster,NULL
16372,NULL,7417,Vanessa Foster,NULL
20908,NULL,13689,Wyatt Foster,NULL
18509,NULL,13427,Xavier Foster,NULL
17378,NULL,7033,Zachary Foster,NULL
22601,NULL,5814,Aimee Gao,NULL
25653,NULL,17323,Alan Gao,NULL
15065,NULL,12501,Alejandro Gao,NULL
23218,NULL,11967,Alisha Gao,NULL
21996,NULL,20720,Amy Gao,NULL
28714,NULL,10041,Arturo Gao,NULL
24085,NULL,5936,Autumn Gao,NULL
24018,NULL,11568,Barbara Gao,NULL
13112,NULL,4798,Bianca Gao,NULL
26266,NULL,18013,Brent Gao,NULL
17493,NULL,17816,Candice Gao,NULL
15642,NULL,4856,Cara Gao,NULL
12053,NULL,3480,Cedric Gao,NULL
26204,NULL,11359,Christy Gao,NULL
12631,NULL,6810,Clarence Gao,NULL
13690,NULL,5879,Claudia Gao,NULL
22827,NULL,12607,Clayton Gao,NULL
18108,NULL,13456,Colin Gao,NULL
15108,NULL,12281,Colleen Gao,NULL
14795,NULL,20770,Crystal Gao,NULL
20429,NULL,18264,Curtis Gao,NULL
22693,NULL,5644,Darryl Gao,NULL
16443,NULL,12182,Dawn Gao,NULL
18187,NULL,17914,Dennis Gao,NULL
25716,NULL,13161,Edwin Gao,NULL
19087,NULL,2488,Erica Gao,NULL
27828,NULL,6479,Ernest Gao,NULL
29464,NULL,5478,Eugene Gao,NULL
13797,NULL,7885,Franklin Gao,NULL
24165,NULL,8961,Gilbert Gao,NULL
20108,NULL,5704,Glenn Gao,NULL
19061,NULL,2643,Heather Gao,NULL
25667,NULL,12937,Jaclyn Gao,NULL
19955,NULL,5420,Jake Gao,NULL
26022,NULL,2456,Jamie Gao,NULL
20564,NULL,5532,Jessie Gao,NULL
27823,NULL,17562,Joan Gao,NULL
11456,NULL,13559,Jon Gao,NULL
23573,NULL,18315,Jorge Gao,NULL
18153,NULL,17415,Karen Gao,NULL
20172,NULL,12077,Kelli Gao,NULL
21797,NULL,18772,Kelvin Gao,NULL
12774,NULL,2512,Kristen Gao,NULL
25821,NULL,17375,Krystal Gao,NULL
16531,NULL,12386,Lacey Gao,NULL
22029,NULL,2401,Laura Gao,NULL
19753,NULL,2430,Lisa Gao,NULL
14666,NULL,13048,Louis Gao,NULL
12560,NULL,5766,Mandy Gao,NULL
16401,NULL,17725,Margaret Gao,NULL
25782,NULL,11064,Marshall Gao,NULL
13582,NULL,4922,Martha Gao,NULL
25106,NULL,5360,Micah Gao,NULL
25083,NULL,12706,Omar Gao,NULL
18733,NULL,12819,Rafael Gao,NULL
17823,NULL,6429,Ramon Gao,NULL
25113,NULL,18170,Randy Gao,NULL
16788,NULL,5587,Ronnie Gao,NULL
26034,NULL,4975,Rosa Gao,NULL
12594,NULL,17669,Sandra Gao,NULL
27571,NULL,2541,Shannon Gao,NULL
16662,NULL,17616,Stacey Gao,NULL
14797,NULL,6529,Steve Gao,NULL
27471,NULL,17771,Susan Gao,NULL
21486,NULL,5030,Suzanne Gao,NULL
22709,NULL,11867,Tamara Gao,NULL
16352,NULL,2674,Tiffany Gao,NULL
11061,NULL,18220,Todd Gao,NULL
28953,NULL,4749,Trisha Gao,NULL
23157,NULL,17514,Valerie Gao,NULL
17719,NULL,17962,Vincent Gao,NULL
14608,NULL,12097,Warren Gao,NULL
12346,NULL,18112,Wesley Gao,NULL
14154,NULL,13358,Willie Gao,NULL
26948,NULL,18007,Abby Garcia,NULL
14531,NULL,12061,Abigail Garcia,NULL
23500,NULL,3181,Adriana Garcia,NULL
23247,NULL,18306,Alexander Garcia,NULL
14107,NULL,10730,Alexandra Garcia,NULL
13259,NULL,15864,Allen Garcia,NULL
27666,NULL,11549,Alyssa Garcia,NULL
12705,NULL,16074,Andre Garcia,NULL
23242,NULL,18891,Andrew Garcia,NULL
15572,NULL,11604,Anna Garcia,NULL
25394,NULL,18322,Anthony Garcia,NULL
29413,NULL,10924,Arthur Garcia,NULL
21293,NULL,12440,Ashley Garcia,NULL
28876,NULL,17434,Austin Garcia,NULL
27433,NULL,3776,Barry Garcia,NULL
17595,NULL,18193,Benjamin Garcia,NULL
11859,NULL,4171,Blake Garcia,NULL
19186,NULL,16020,Bob Garcia,NULL
24418,NULL,18430,Brandon Garcia,NULL
26028,NULL,18860,Brandy Garcia,NULL
13574,NULL,15376,Brenda Garcia,NULL
14162,NULL,19518,Brett Garcia,NULL
21626,NULL,11730,Brianna Garcia,NULL
18037,NULL,10822,Bruce Garcia,NULL
11431,NULL,3933,Bryant Garcia,NULL
18641,NULL,17516,Cameron Garcia,NULL
14172,NULL,7560,Carla Garcia,NULL
24781,NULL,7173,Carmen Garcia,NULL
20999,NULL,9960,Carolyn Garcia,NULL
26371,NULL,19635,Cassandra Garcia,NULL
19194,NULL,3833,Cesar Garcia,NULL
20250,NULL,4865,Charles Garcia,NULL
21961,NULL,18952,Chelsea Garcia,NULL
11037,NULL,11014,Chloe Garcia,NULL
16491,NULL,18211,Christian Garcia,NULL
15973,NULL,18244,Christopher Garcia,NULL
22807,NULL,7328,Cindy Garcia,NULL
12267,NULL,4098,Clifford Garcia,NULL
21546,NULL,19344,Cory Garcia,NULL
18601,NULL,19747,Cynthia Garcia,NULL
18768,NULL,4476,Dalton Garcia,NULL
11818,NULL,18580,Daniel Garcia,NULL
28716,NULL,10186,Darren Garcia,NULL
22683,NULL,18135,David Garcia,NULL
16297,NULL,9757,Deanna Garcia,NULL
11975,NULL,11505,Destiny Garcia,NULL
14246,NULL,4938,Devin Garcia,NULL
19504,NULL,8249,Dominic Garcia,NULL
16528,NULL,7498,Dominique Garcia,NULL
18929,NULL,20048,Donald Garcia,NULL
24860,NULL,19436,Douglas Garcia,NULL
14646,NULL,18517,Dylan Garcia,NULL
14163,NULL,9651,Ebony Garcia,NULL
17729,NULL,8154,Edgar Garcia,NULL
24291,NULL,5025,Eduardo Garcia,NULL
24972,NULL,4254,Edward Garcia,NULL
14757,NULL,11926,Elizabeth Garcia,NULL
23192,NULL,12251,Emily Garcia,NULL
23019,NULL,11877,Emma Garcia,NULL
12263,NULL,7983,Emmanuel Garcia,NULL
25317,NULL,2991,Erick Garcia,NULL
14738,NULL,17965,Ethan Garcia,NULL
25701,NULL,16707,Francisco Garcia,NULL
16489,NULL,7884,Frederick Garcia,NULL
27183,NULL,8299,Geoffrey Garcia,NULL
20160,NULL,20212,George Garcia,NULL
21734,NULL,11321,Grace Garcia,NULL
28105,NULL,12296,Hannah Garcia,NULL
14087,NULL,2885,Harold Garcia,NULL
15682,NULL,15271,Heidi Garcia,NULL
11287,NULL,15978,Henry Garcia,NULL
26558,NULL,19592,Holly Garcia,NULL
21305,NULL,17198,Hunter Garcia,NULL
18382,NULL,11237,Isabella Garcia,NULL
17354,NULL,8192,Ivan Garcia,NULL
27386,NULL,17634,James Garcia,NULL
27089,NULL,18482,Janelle Garcia,NULL
22297,NULL,11410,Jasmine Garcia,NULL
12488,NULL,10287,Jay Garcia,NULL
15307,NULL,11102,Jennifer Garcia,NULL
26798,NULL,4002,Jeremiah Garcia,NULL
21566,NULL,8030,Jermaine Garcia,NULL
27031,NULL,12109,Jessica Garcia,NULL
11870,NULL,15325,Jillian Garcia,NULL
11544,NULL,20089,Joel Garcia,NULL
16432,NULL,18205,John Garcia,NULL
18883,NULL,17706,Jonathan Garcia,NULL
13425,NULL,17392,Jose Garcia,NULL
11954,NULL,18955,Joseph Garcia,NULL
23768,NULL,18794,Joshua Garcia,NULL
11304,NULL,11060,Julia Garcia,NULL
16360,NULL,18076,Justin Garcia,NULL
26310,NULL,11145,Kaitlyn Garcia,NULL
14805,NULL,10507,Kari Garcia,NULL
22113,NULL,10833,Katherine Garcia,NULL
21308,NULL,11977,Kayla Garcia,NULL
18594,NULL,10706,Kristi Garcia,NULL
25446,NULL,19709,Kristina Garcia,NULL
19070,NULL,16115,Kristopher Garcia,NULL
23407,NULL,11650,Lauren Garcia,NULL
21232,NULL,7933,Levi Garcia,NULL
17095,NULL,17784,Logan Garcia,NULL
27545,NULL,4797,Lucas Garcia,NULL
28194,NULL,3452,Lydia Garcia,NULL
24507,NULL,12342,Madison Garcia,NULL
13779,NULL,15938,Manuel Garcia,NULL
15336,NULL,3881,Marco Garcia,NULL
16095,NULL,4630,Marcus Garcia,NULL
27953,NULL,10066,Marie Garcia,NULL
23332,NULL,16755,Martin Garcia,NULL
23872,NULL,18846,Matthew Garcia,NULL
17837,NULL,3410,Mayra Garcia,NULL
16242,NULL,11694,Megan Garcia,NULL
17110,NULL,10606,Meredith Garcia,NULL
26554,NULL,18744,Michael Garcia,NULL
14980,NULL,8976,Michele Garcia,NULL
27032,NULL,4093,Miguel Garcia,NULL
20267,NULL,19560,Monica Garcia,NULL
26252,NULL,11193,Morgan Garcia,NULL
19515,NULL,15477,Nancy Garcia,NULL
23041,NULL,11279,Natalie Garcia,NULL
14085,NULL,17843,Nathan Garcia,NULL
17414,NULL,19007,Nicholas Garcia,NULL
13067,NULL,11776,Olivia Garcia,NULL
11424,NULL,15561,Pamela Garcia,NULL
11651,NULL,19675,Patricia Garcia,NULL
19945,NULL,20173,Phillip Garcia,NULL
24602,NULL,3995,Preston Garcia,NULL
12986,NULL,11365,Rachel Garcia,NULL
14007,NULL,9862,Rebekah Garcia,NULL
16795,NULL,7668,Regina Garcia,NULL
25994,NULL,4540,Richard Garcia,NULL
26039,NULL,17226,Robert Garcia,NULL
25720,NULL,20139,Ronald Garcia,NULL
15585,NULL,11124,Roy Garcia,NULL
19613,NULL,11220,Ruben Garcia,NULL
20623,NULL,3289,Ruth Garcia,NULL
15692,NULL,18003,Ryan Garcia,NULL
20772,NULL,12390,Samantha Garcia,NULL
26528,NULL,17708,Samuel Garcia,NULL
11907,NULL,12483,Sarah Garcia,NULL
23980,NULL,7836,Sergio Garcia,NULL
27465,NULL,4323,Seth Garcia,NULL
19294,NULL,4048,Stanley Garcia,NULL
27743,NULL,7379,Stefanie Garcia,NULL
28700,NULL,3050,Summer Garcia,NULL
11322,NULL,10780,Sydney Garcia,NULL
27778,NULL,10394,Tabitha Garcia,NULL
12293,NULL,7442,Tammy Garcia,NULL
11830,NULL,12155,Taylor Garcia,NULL
17764,NULL,8085,Terrance Garcia,NULL
21090,NULL,17437,Thomas Garcia,NULL
17231,NULL,16210,Tina Garcia,NULL
22193,NULL,3356,Toni Garcia,NULL
29290,NULL,15817,Troy Garcia,NULL
22777,NULL,18558,Tyler Garcia,NULL
16943,NULL,18991,Veronica Garcia,NULL
24501,NULL,11824,Victoria Garcia,NULL
24599,NULL,7615,Virginia Garcia,NULL
24944,NULL,18910,Whitney Garcia,NULL
24941,NULL,3777,Wyatt Garcia,NULL
20300,NULL,4398,Xavier Garcia,NULL
22125,NULL,18571,Zachary Garcia,NULL
14953,NULL,7122,Adrienne Gill,NULL
17733,NULL,6635,Alberto Gill,NULL
23629,NULL,2815,Alfredo Gill,NULL
22673,NULL,2747,Andy Gill,NULL
27469,NULL,14376,Anne Gill,NULL
24196,NULL,6961,Armando Gill,NULL
26689,NULL,10970,Arthur Gill,NULL
13717,NULL,6031,Audrey Gill,NULL
19997,NULL,6095,Beth Gill,NULL
16700,NULL,15758,Billy Gill,NULL
12124,NULL,18487,Brandi Gill,NULL
12654,NULL,13653,Briana Gill,NULL
18483,NULL,19731,Byron Gill,NULL
23094,NULL,10014,Carolyn Gill,NULL
28065,NULL,17870,Carrie Gill,NULL
16040,NULL,19161,Casey Gill,NULL
28410,NULL,6199,Cheryl Gill,NULL
26210,NULL,14631,Clinton Gill,NULL
29379,NULL,19073,Craig Gill,NULL
26395,NULL,6110,Daisy Gill,NULL
25780,NULL,17827,Dana Gill,NULL
22320,NULL,14766,Danny Gill,NULL
11408,NULL,10237,Darren Gill,NULL
13336,NULL,9810,Deanna Gill,NULL
19353,NULL,13866,Desiree Gill,NULL
25710,NULL,18665,Diana Gill,NULL
15578,NULL,15624,Diane Gill,NULL
19675,NULL,20562,Dwayne Gill,NULL
11533,NULL,9698,Ebony Gill,NULL
12715,NULL,6692,Eddie Gill,NULL
29424,NULL,19287,Erik Gill,NULL
18202,NULL,18710,Erika Gill,NULL
28701,NULL,14288,Felicia Gill,NULL
19495,NULL,2514,Francis Gill,NULL
14197,NULL,18347,Frank Gill,NULL
25108,NULL,19033,Gary Gill,NULL
28487,NULL,10778,Gerald Gill,NULL
24177,NULL,15062,Gina Gill,NULL
19644,NULL,16524,Gloria Gill,NULL
26187,NULL,14725,Hector Gill,NULL
21860,NULL,6362,Jacquelyn Gill,NULL
26152,NULL,7071,Jaime Gill,NULL
25192,NULL,6257,Janet Gill,NULL
28449,NULL,12601,Jarred Gill,NULL
15645,NULL,13642,Javier Gill,NULL
27975,NULL,10341,Jay Gill,NULL
22386,NULL,7710,Jerome Gill,NULL
21673,NULL,18390,Jésus Gill,NULL
26870,NULL,15102,Jill Gill,NULL
29098,NULL,15654,Jimmy Gill,NULL
26186,NULL,13988,Joanna Gill,NULL
13766,NULL,11065,Joe Gill,NULL
22487,NULL,14493,Jonathon Gill,NULL
26993,NULL,7011,Julio Gill,NULL
22324,NULL,10558,Kari Gill,NULL
20713,NULL,18578,Kathleen Gill,NULL
17292,NULL,16083,Kellie Gill,NULL
12236,NULL,15160,Kendra Gill,NULL
12664,NULL,14232,Krista Gill,NULL
27171,NULL,9596,Kristi Gill,NULL
19977,NULL,6314,Kristine Gill,NULL
13669,NULL,14337,Kristy Gill,NULL
12614,NULL,14862,Lance Gill,NULL
11602,NULL,18443,Larry Gill,NULL
25713,NULL,6148,Latasha Gill,NULL
20224,NULL,14457,Lawrence Gill,NULL
27694,NULL,14414,Lee Gill,NULL
14670,NULL,18529,Leslie Gill,NULL
17758,NULL,13822,Linda Gill,NULL
22510,NULL,14120,Lori Gill,NULL
16698,NULL,5969,Mallory Gill,NULL
12974,NULL,15708,Marc Gill,NULL
11383,NULL,10118,Marie Gill,NULL
17821,NULL,6915,Marvin Gill,NULL
27486,NULL,14535,Mathew Gill,NULL
13819,NULL,2697,Max Gill,NULL
19231,NULL,18806,Meghan Gill,NULL
11151,NULL,14076,Melinda Gill,NULL
13532,NULL,17009,Melody Gill,NULL
24268,NULL,10652,Meredith Gill,NULL
25593,NULL,14586,Micheal Gill,NULL
17834,NULL,9023,Michele Gill,NULL
17727,NULL,13778,Monique Gill,NULL
25590,NULL,17465,Naomi Gill,NULL
20388,NULL,18758,Natasha Gill,NULL
17934,NULL,19327,Nelson Gill,NULL
21360,NULL,18899,Orlando Gill,NULL
28524,NULL,15136,Paula Gill,NULL
21832,NULL,11715,Pedro Gill,NULL
22599,NULL,19206,Philip Gill,NULL
18165,NULL,14976,Randall Gill,NULL
17217,NULL,6555,Raquel Gill,NULL
27161,NULL,7769,Reginald Gill,NULL
23246,NULL,15019,Renee Gill,NULL
15607,NULL,15601,Ricky Gill,NULL
14362,NULL,14817,Roberto Gill,NULL
12477,NULL,13739,Robin Gill,NULL
12765,NULL,13150,Robyn Gill,NULL
14996,NULL,11817,Ross Gill,NULL
29465,NULL,11169,Roy Gill,NULL
17938,NULL,11275,Ruben Gill,NULL
24117,NULL,20153,Shannon Gill,NULL
17375,NULL,14655,Sheila Gill,NULL
12679,NULL,18618,Stacy Gill,NULL
14254,NULL,10447,Tabitha Gill,NULL
11731,NULL,14035,Tanya Gill,NULL
21991,NULL,15214,Teresa Gill,NULL
11149,NULL,6747,Theodore Gill,NULL
28573,NULL,6808,Tyrone Gill,NULL
19639,NULL,19245,Victor Gill,NULL
28975,NULL,13603,Walter Gill,NULL
17518,NULL,13949,Wendy Gill,NULL
13077,NULL,12564,Alejandro Goel,NULL
20423,NULL,19806,Alicia Goel,NULL
26767,NULL,12033,Alisha Goel,NULL
15452,NULL,16670,Alison Goel,NULL
17102,NULL,5100,Andres Goel,NULL
16166,NULL,20559,April Goel,NULL
14549,NULL,10670,Arturo Goel,NULL
27326,NULL,7784,Ashlee Goel,NULL
12988,NULL,11626,Barbara Goel,NULL
27511,NULL,16271,Bethany Goel,NULL
11405,NULL,3725,Bonnie Goel,NULL
29085,NULL,9420,Brad Goel,NULL
15803,NULL,20311,Bradley Goel,NULL
26134,NULL,8601,Bridget Goel,NULL
17213,NULL,9191,Calvin Goel,NULL
17249,NULL,16976,Carl Goel,NULL
12989,NULL,4520,Carly Goel,NULL
23754,NULL,8918,Cassie Goel,NULL
28219,NULL,20355,Chad Goel,NULL
21231,NULL,19895,Christine Goel,NULL
26409,NULL,11422,Christy Goel,NULL
17189,NULL,7444,Clarence Goel,NULL
21591,NULL,12666,Clayton Goel,NULL
26616,NULL,13508,Colin Goel,NULL
14200,NULL,12345,Colleen Goel,NULL
11594,NULL,20477,Corey Goel,NULL
22805,NULL,8754,Cristina Goel,NULL
20416,NULL,5349,Dale Goel,NULL
27772,NULL,8364,Darrell Goel,NULL
23535,NULL,12238,Dawn Goel,NULL
11489,NULL,8865,Deborah Goel,NULL
17045,NULL,20269,Derek Goel,NULL
14121,NULL,4344,Devon Goel,NULL
29430,NULL,4674,Donna Goel,NULL
17352,NULL,9245,Drew Goel,NULL
23260,NULL,13213,Edwin Goel,NULL
26410,NULL,8530,Franklin Goel,NULL
15596,NULL,9622,Gilbert Goel,NULL
27460,NULL,9306,Grant Goel,NULL
28712,NULL,2602,Gregory Goel,NULL
22053,NULL,9478,Jaime Goel,NULL
22061,NULL,11522,Jenny Goel,NULL
20447,NULL,4719,Jodi Goel,NULL
22569,NULL,17074,Johnny Goel,NULL
15673,NULL,12456,Jon Goel,NULL
16265,NULL,19968,Julie Goel,NULL
16465,NULL,16573,Kara Goel,NULL
18705,NULL,5168,Karl Goel,NULL
11146,NULL,3532,Karla Goel,NULL
21783,NULL,4620,Kate Goel,NULL
12740,NULL,19927,Kathryn Goel,NULL
27708,NULL,20638,Katie Goel,NULL
21682,NULL,16360,Katrina Goel,NULL
15496,NULL,12138,Kelli Goel,NULL
18552,NULL,16531,Kelsey Goel,NULL
24286,NULL,3030,Kelvin Goel,NULL
21663,NULL,2624,Kenneth Goel,NULL
25473,NULL,20591,Kristin Goel,NULL
12726,NULL,4174,Kurt Goel,NULL
18704,NULL,11316,Lacey Goel,NULL
11239,NULL,16405,Latoya Goel,NULL
16644,NULL,5232,Leonard Goel,NULL
28380,NULL,19850,Lindsay Goel,NULL
26894,NULL,20676,Lindsey Goel,NULL
24055,NULL,13111,Louis Goel,NULL
12360,NULL,16829,Mario Goel,NULL
27691,NULL,11690,Marshall Goel,NULL
11410,NULL,9086,Maurice Goel,NULL
25442,NULL,4405,Melvin Goel,NULL
15041,NULL,8429,Michele Goel,NULL
18245,NULL,16484,Misty Goel,NULL
17277,NULL,16624,Nichole Goel,NULL
15166,NULL,4464,Nina Goel,NULL
12649,NULL,12773,Omar Goel,NULL
15264,NULL,20434,Peter Goel,NULL
24052,NULL,8809,Priscilla Goel,NULL
23942,NULL,12890,Rafael Goel,NULL
15539,NULL,9538,Raul Goel,NULL
25961,NULL,17025,Ricardo Goel,NULL
23652,NULL,13325,Roger Goel,NULL
18341,NULL,16877,Russell Goel,NULL
19430,NULL,8543,Sharon Goel,NULL
22417,NULL,17112,Shaun Goel,NULL
19058,NULL,20398,Shawn Goel,NULL
29332,NULL,3599,Shawna Goel,NULL
12833,NULL,8705,Sheena Goel,NULL
14347,NULL,20016,Tara Goel,NULL
19478,NULL,8646,Tasha Goel,NULL
19389,NULL,4290,Terrence Goel,NULL
22909,NULL,4230,Tommy Goel,NULL
29123,NULL,8487,Tonya Goel,NULL
18178,NULL,16438,Tracy Goel,NULL
13678,NULL,4461,Warren Goel,NULL
22656,NULL,13414,Willie Goel,NULL
26435,NULL,3654,Yolanda Goel,NULL
20961,NULL,20518,Keith Goldberg,NULL
16159,NULL,4571,Mindy Goldberg,NULL
27789,NULL,5289,Nicolas Goldberg,NULL
24839,NULL,11925,Tamara Goldberg,NULL
21454,NULL,5297,Alvin Goldstein,NULL
13518,NULL,9362,Brendan Goldstein,NULL
12337,NULL,2574,Dustin Goldstein,NULL
22786,NULL,13692,Wyatt Goldstein,NULL
11920,NULL,7095,Adrienne Gomez,NULL
12383,NULL,14891,Albert Gomez,NULL
25177,NULL,6600,Alberto Gomez,NULL
18200,NULL,2778,Alfredo Gomez,NULL
18721,NULL,2722,Andy Gomez,NULL
13045,NULL,14355,Anne Gomez,NULL
21175,NULL,6935,Armando Gomez,NULL
24917,NULL,10937,Arthur Gomez,NULL
27776,NULL,5993,Audrey Gomez,NULL
13254,NULL,6058,Beth Gomez,NULL
13596,NULL,15725,Billy Gomez,NULL
14675,NULL,18468,Brandi Gomez,NULL
28784,NULL,13368,Briana Gomez,NULL
15695,NULL,10842,Bruce Gomez,NULL
24049,NULL,19520,Byron Gomez,NULL
12512,NULL,9982,Carolyn Gomez,NULL
22965,NULL,17848,Carrie Gomez,NULL
22497,NULL,19137,Casey Gomez,NULL
21672,NULL,19054,Craig Gomez,NULL
24547,NULL,18826,Dana Gomez,NULL
16636,NULL,14743,Danny Gomez,NULL
15655,NULL,9774,Deanna Gomez,NULL
18694,NULL,19095,Derrick Gomez,NULL
12295,NULL,20331,Dwayne Gomez,NULL
20904,NULL,9668,Ebony Gomez,NULL
23354,NULL,6657,Eddie Gomez,NULL
29180,NULL,19264,Erik Gomez,NULL
11441,NULL,18688,Erika Gomez,NULL
18219,NULL,14259,Felicia Gomez,NULL
22084,NULL,20746,Francis Gomez,NULL
18011,NULL,19305,Frank Gomez,NULL
15640,NULL,19011,Gary Gomez,NULL
17743,NULL,10754,Gerald Gomez,NULL
29337,NULL,15775,Hector Gomez,NULL
16592,NULL,6341,Jacquelyn Gomez,NULL
17956,NULL,2840,Jaime Gomez,NULL
29399,NULL,6222,Janet Gomez,NULL
26232,NULL,10308,Jay Gomez,NULL
25057,NULL,7689,Jerome Gomez,NULL
29401,NULL,18367,Jésus Gomez,NULL
29315,NULL,15077,Jill Gomez,NULL
19937,NULL,15622,Jimmy Gomez,NULL
16574,NULL,11037,Joe Gomez,NULL
12658,NULL,13885,Joy Gomez,NULL
23771,NULL,6989,Julio Gomez,NULL
12229,NULL,10526,Kari Gomez,NULL
16158,NULL,18547,Kathleen Gomez,NULL
25432,NULL,15847,Kellie Gomez,NULL
23320,NULL,15124,Kendra Gomez,NULL
12760,NULL,14200,Krista Gomez,NULL
26911,NULL,10727,Kristi Gomez,NULL
18627,NULL,6281,Kristine Gomez,NULL
19237,NULL,14309,Kristy Gomez,NULL
19339,NULL,14839,Lance Gomez,NULL
25778,NULL,18411,Larry Gomez,NULL
12722,NULL,6122,Latasha Gomez,NULL
17684,NULL,18507,Leslie Gomez,NULL
24898,NULL,7144,Mallory Gomez,NULL
21880,NULL,15678,Marc Gomez,NULL
25795,NULL,10091,Marie Gomez,NULL
28479,NULL,6883,Marvin Gomez,NULL
19517,NULL,2630,Max Gomez,NULL
25805,NULL,16728,Melody Gomez,NULL
27965,NULL,10625,Meredith Gomez,NULL
16057,NULL,8997,Michele Gomez,NULL
24300,NULL,17208,Naomi Gomez,NULL
23733,NULL,18733,Natasha Gomez,NULL
29426,NULL,6835,Neil Gomez,NULL
29053,NULL,19087,Nelson Gomez,NULL
29353,NULL,18639,Orlando Gomez,NULL
24288,NULL,11682,Pedro Gomez,NULL
28038,NULL,19176,Philip Gomez,NULL
11762,NULL,14940,Randall Gomez,NULL
13486,NULL,9880,Rebekah Gomez,NULL
28504,NULL,7737,Reginald Gomez,NULL
25371,NULL,14994,Renee Gomez,NULL
18737,NULL,15573,Ricky Gomez,NULL
16046,NULL,12833,Robyn Gomez,NULL
24348,NULL,11242,Ruben Gomez,NULL
17854,NULL,19919,Shannon Gomez,NULL
21165,NULL,14379,Sheila Gomez,NULL
22292,NULL,18597,Stacy Gomez,NULL
16688,NULL,10415,Tabitha Gomez,NULL
24164,NULL,15183,Teresa Gomez,NULL
13503,NULL,6715,Theodore Gomez,NULL
23297,NULL,6777,Tyrone Gomez,NULL
28203,NULL,19222,Victor Gomez,NULL
18804,NULL,5503,Aaron Gonzales,NULL
20333,NULL,12202,Abigail Gonzales,NULL
28765,NULL,3978,Abigail Gonzales,NULL
20335,NULL,5250,Adam Gonzales,NULL
14109,NULL,12924,Aidan Gonzales,NULL
23844,NULL,2821,Alexandra Gonzales,NULL
15312,NULL,7631,Alexandria Gonzales,NULL
23521,NULL,12774,Alexis Gonzales,NULL
25792,NULL,20209,Alyssa Gonzales,NULL
16217,NULL,3055,Amanda Gonzales,NULL
22037,NULL,7676,Angela Gonzales,NULL
27192,NULL,7159,Angelica Gonzales,NULL
16477,NULL,3681,Anna Gonzales,NULL
22270,NULL,13216,Antonio Gonzales,NULL
19710,NULL,7716,Arianna Gonzales,NULL
18600,NULL,12594,Ashley Gonzales,NULL
25191,NULL,6260,Austin Gonzales,NULL
21576,NULL,6720,Benjamin Gonzales,NULL
13357,NULL,13611,Blake Gonzales,NULL
28824,NULL,6914,Brandon Gonzales,NULL
21148,NULL,19273,Brianna Gonzales,NULL
21710,NULL,7208,Brittany Gonzales,NULL
11692,NULL,5560,Caleb Gonzales,NULL
29005,NULL,6309,Cameron Gonzales,NULL
27576,NULL,6797,Caroline Gonzales,NULL
25146,NULL,13263,Carson Gonzales,NULL
23818,NULL,6840,Cassidy Gonzales,NULL
16895,NULL,20319,Chloe Gonzales,NULL
28601,NULL,6212,Christian Gonzales,NULL
16923,NULL,5608,Connor Gonzales,NULL
24086,NULL,12968,Dakota Gonzales,NULL
21456,NULL,13475,Dalton Gonzales,NULL
22047,NULL,6673,David Gonzales,NULL
19398,NULL,6972,Dylan Gonzales,NULL
19665,NULL,13752,Eduardo Gonzales,NULL
25870,NULL,13656,Edward Gonzales,NULL
13999,NULL,5908,Elijah Gonzales,NULL
19689,NULL,12687,Elizabeth Gonzales,NULL
21777,NULL,13009,Emily Gonzales,NULL
15681,NULL,19573,Emma Gonzales,NULL
25293,NULL,5299,Eric Gonzales,NULL
20696,NULL,6508,Ethan Gonzales,NULL
18429,NULL,7833,Faith Gonzales,NULL
25097,NULL,13125,Fernando Gonzales,NULL
13927,NULL,5856,Gabriel Gonzales,NULL
14438,NULL,3357,Gabrielle Gonzales,NULL
24488,NULL,13304,Gavin Gonzales,NULL
23174,NULL,19669,Gloria Gonzales,NULL
17156,NULL,3209,Hailey Gonzales,NULL
23071,NULL,3440,Haley Gonzales,NULL
21299,NULL,13055,Hannah Gonzales,NULL
26570,NULL,6060,Hunter Gonzales,NULL
11308,NULL,13892,Ian Gonzales,NULL
28556,NULL,7488,Isabel Gonzales,NULL
14815,NULL,2649,Isabella Gonzales,NULL
28289,NULL,5201,Jack Gonzales,NULL
19019,NULL,5348,Jackson Gonzales,NULL
12111,NULL,7760,Jacqueline Gonzales,NULL
12413,NULL,6373,James Gonzales,NULL
18392,NULL,19871,Jasmine Gonzales,NULL
13793,NULL,5403,Jason Gonzales,NULL
26008,NULL,20535,Jennifer Gonzales,NULL
28037,NULL,13524,Jeremiah Gonzales,NULL
15610,NULL,3528,Jessica Gonzales,NULL
29212,NULL,7248,Jocelyn Gonzales,NULL
28036,NULL,6418,Jonathan Gonzales,NULL
23681,NULL,5158,Jordan Gonzales,NULL
19995,NULL,6882,Jordyn Gonzales,NULL
22014,NULL,5659,Jose Gonzales,NULL
28670,NULL,20421,Julia Gonzales,NULL
12190,NULL,6621,Justin Gonzales,NULL
27097,NULL,20637,Kaitlyn Gonzales,NULL
13408,NULL,2981,Katherine Gonzales,NULL
21494,NULL,12731,Kayla Gonzales,NULL
23833,NULL,5812,Kevin Gonzales,NULL
15272,NULL,5757,Kyle Gonzales,NULL
26122,NULL,19063,Lauren Gonzales,NULL
16607,NULL,6467,Logan Gonzales,NULL
29463,NULL,13933,Lucas Gonzales,NULL
15856,NULL,5452,Luis Gonzales,NULL
18426,NULL,5109,Luke Gonzales,NULL
25330,NULL,12503,Madison Gonzales,NULL
25334,NULL,13849,Marcus Gonzales,NULL
25858,NULL,8101,Mariah Gonzales,NULL
16462,NULL,7080,Marissa Gonzales,NULL
21828,NULL,19172,Megan Gonzales,NULL
18089,NULL,7589,Melanie Gonzales,NULL
20470,NULL,7348,Melissa Gonzales,NULL
17335,NULL,13572,Miguel Gonzales,NULL
11660,NULL,7290,Miranda Gonzales,NULL
26105,NULL,20740,Morgan Gonzales,NULL
11516,NULL,7322,Mya Gonzales,NULL
16891,NULL,2751,Natalie Gonzales,NULL
12107,NULL,5963,Nathan Gonzales,NULL
17737,NULL,19988,Nicole Gonzales,NULL
20200,NULL,6112,Noah Gonzales,NULL
24201,NULL,19368,Olivia Gonzales,NULL
27481,NULL,12804,Oscar Gonzales,NULL
21702,NULL,7795,Paige Gonzales,NULL
15337,NULL,19777,Rachel Gonzales,NULL
22725,NULL,13798,Richard Gonzales,NULL
27266,NULL,7382,Riley Gonzales,NULL
17373,NULL,6567,Ryan Gonzales,NULL
14115,NULL,12544,Samantha Gonzales,NULL
28841,NULL,6012,Samuel Gonzales,NULL
13871,NULL,12640,Sarah Gonzales,NULL
25380,NULL,13983,Seth Gonzales,NULL
17206,NULL,13165,Spencer Gonzales,NULL
16799,NULL,3134,Stephanie Gonzales,NULL
13371,NULL,2897,Sydney Gonzales,NULL
21590,NULL,3602,Taylor Gonzales,NULL
15361,NULL,5709,Thomas Gonzales,NULL
16085,NULL,12844,Trevor Gonzales,NULL
17526,NULL,12885,Tristan Gonzales,NULL
24969,NULL,7418,Vanessa Gonzales,NULL
11751,NULL,19466,Victoria Gonzales,NULL
24774,NULL,13428,Xavier Gonzales,NULL
20123,NULL,16272,Aaron Gonzalez,NULL
22480,NULL,18085,Abby Gonzalez,NULL
14852,NULL,16288,Adam Gonzalez,NULL
12300,NULL,3189,Adriana Gonzalez,NULL
14452,NULL,16301,Alex Gonzalez,NULL
25572,NULL,15872,Allen Gonzalez,NULL
11745,NULL,9861,Allison Gonzalez,NULL
24296,NULL,10392,Amanda Gonzalez,NULL
23879,NULL,9839,Amber Gonzalez,NULL
25440,NULL,16082,Andre Gonzalez,NULL
22891,NULL,9863,Andrea Gonzalez,NULL
19695,NULL,16296,Angel Gonzalez,NULL
11894,NULL,7273,Ann Gonzalez,NULL
28747,NULL,10929,Arthur Gonzalez,NULL
18059,NULL,9849,Bailey Gonzalez,NULL
28356,NULL,4196,Blake Gonzalez,NULL
24569,NULL,16028,Bob Gonzalez,NULL
27368,NULL,18871,Brandy Gonzalez,NULL
25028,NULL,15386,Brenda Gonzalez,NULL
24618,NULL,19526,Brett Gonzalez,NULL
28457,NULL,10831,Bruce Gonzalez,NULL
12826,NULL,16275,Caleb Gonzalez,NULL
19327,NULL,15433,Candace Gonzalez,NULL
18336,NULL,7566,Carla Gonzalez,NULL
20471,NULL,16295,Carlos Gonzalez,NULL
22407,NULL,9969,Carolyn Gonzalez,NULL
17967,NULL,19645,Cassandra Gonzalez,NULL
17716,NULL,3841,Cesar Gonzalez,NULL
14739,NULL,4894,Charles Gonzalez,NULL
18103,NULL,18960,Chelsea Gonzalez,NULL
14461,NULL,10377,Chloe Gonzalez,NULL
26822,NULL,7336,Cindy Gonzalez,NULL
24505,NULL,4107,Clifford Gonzalez,NULL
27376,NULL,9842,Courtney Gonzalez,NULL
15787,NULL,19754,Cynthia Gonzalez,NULL
20003,NULL,4506,Dalton Gonzalez,NULL
24204,NULL,10192,Darren Gonzalez,NULL
15204,NULL,9764,Deanna Gonzalez,NULL
27886,NULL,16263,Denise Gonzalez,NULL
18485,NULL,4973,Devin Gonzalez,NULL
13693,NULL,8254,Dominic Gonzalez,NULL
27976,NULL,7509,Dominique Gonzalez,NULL
11079,NULL,20058,Donald Gonzalez,NULL
20174,NULL,19441,Douglas Gonzalez,NULL
11034,NULL,9657,Ebony Gonzalez,NULL
15648,NULL,8162,Edgar Gonzalez,NULL
27132,NULL,5057,Eduardo Gonzalez,NULL
15968,NULL,3734,Edward Gonzalez,NULL
19092,NULL,16292,Eric Gonzalez,NULL
26399,NULL,3002,Erick Gonzalez,NULL
27422,NULL,16302,Evan Gonzalez,NULL
12859,NULL,3126,Evelyn Gonzalez,NULL
26243,NULL,3892,Fernando Gonzalez,NULL
12245,NULL,16717,Francisco Gonzalez,NULL
17607,NULL,7891,Frederick Gonzalez,NULL
14471,NULL,16264,Gabriel Gonzalez,NULL
15872,NULL,9853,Gabriella Gonzalez,NULL
17122,NULL,9825,Gabrielle Gonzalez,NULL
11603,NULL,8306,Geoffrey Gonzalez,NULL
11942,NULL,20219,George Gonzalez,NULL
12844,NULL,10746,Gerald Gonzalez,NULL
23587,NULL,10398,Hailey Gonzalez,NULL
20706,NULL,9828,Haley Gonzalez,NULL
13157,NULL,15281,Heidi Gonzalez,NULL
26224,NULL,15986,Henry Gonzalez,NULL
25201,NULL,16253,Hunter Gonzalez,NULL
25346,NULL,4751,Ian Gonzalez,NULL
17165,NULL,16307,Isaac Gonzalez,NULL
26475,NULL,10384,Isabella Gonzalez,NULL
15898,NULL,16298,Isaiah Gonzalez,NULL
19625,NULL,8204,Ivan Gonzalez,NULL
23254,NULL,16286,Jack Gonzalez,NULL
14480,NULL,16293,Jackson Gonzalez,NULL
18842,NULL,16247,James Gonzalez,NULL
15262,NULL,9856,Jan Gonzalez,NULL
16007,NULL,18548,Janelle Gonzalez,NULL
11562,NULL,2943,Jarrod Gonzalez,NULL
28030,NULL,16267,Jason Gonzalez,NULL
14238,NULL,10294,Jay Gonzalez,NULL
17690,NULL,9843,Jenna Gonzalez,NULL
26337,NULL,10380,Jennifer Gonzalez,NULL
17468,NULL,4037,Jeremiah Gonzalez,NULL
28500,NULL,8036,Jermaine Gonzalez,NULL
22750,NULL,16308,Jesse Gonzalez,NULL
24092,NULL,15340,Jillian Gonzalez,NULL
27007,NULL,11029,Joe Gonzalez,NULL
15043,NULL,20098,Joel Gonzalez,NULL
19367,NULL,15905,Johnathan Gonzalez,NULL
13272,NULL,9844,Jordan Gonzalez,NULL
15157,NULL,16285,Jordan Gonzalez,NULL
22236,NULL,16256,Jose Gonzalez,NULL
16413,NULL,10378,Julia Gonzalez,NULL
21126,NULL,3246,Kaitlin Gonzalez,NULL
13349,NULL,10381,Kaitlyn Gonzalez,NULL
22228,NULL,9858,Katelyn Gonzalez,NULL
22234,NULL,10389,Katherine Gonzalez,NULL
21895,NULL,9860,Kaylee Gonzalez,NULL
27668,NULL,16262,Kevin Gonzalez,NULL
13734,NULL,10717,Kristi Gonzalez,NULL
19264,NULL,16120,Kristopher Gonzalez,NULL
26601,NULL,16261,Kyle Gonzalez,NULL
28635,NULL,7941,Levi Gonzalez,NULL
17483,NULL,16249,Logan Gonzalez,NULL
17480,NULL,4269,Lucas Gonzalez,NULL
20384,NULL,16268,Luis Gonzalez,NULL
16442,NULL,16283,Luke Gonzalez,NULL
29352,NULL,3457,Lydia Gonzalez,NULL
23110,NULL,9850,Mackenzie Gonzalez,NULL
18922,NULL,9832,Madeline Gonzalez,NULL
27598,NULL,3894,Marco Gonzalez,NULL
27754,NULL,4662,Marcus Gonzalez,NULL
20351,NULL,9824,Maria Gonzalez,NULL
15525,NULL,10075,Marie Gonzalez,NULL
22832,NULL,16761,Martin Gonzalez,NULL
14043,NULL,9838,Mary Gonzalez,NULL
26358,NULL,16303,Mason Gonzalez,NULL
27119,NULL,3415,Mayra Gonzalez,NULL
22171,NULL,10617,Meredith Gonzalez,NULL
18491,NULL,8984,Michele Gonzalez,NULL
18385,NULL,4121,Miguel Gonzalez,NULL
16370,NULL,16164,Molly Gonzalez,NULL
28421,NULL,19564,Monica Gonzalez,NULL
13065,NULL,10382,Morgan Gonzalez,NULL
19922,NULL,15481,Nancy Gonzalez,NULL
25215,NULL,10385,Natalie Gonzalez,NULL
26843,NULL,16254,Noah Gonzalez,NULL
22702,NULL,19682,Patricia Gonzalez,NULL
21780,NULL,11672,Pedro Gonzalez,NULL
18207,NULL,20178,Phillip Gonzalez,NULL
14156,NULL,4001,Preston Gonzalez,NULL
23636,NULL,15520,Rachael Gonzalez,NULL
28755,NULL,19483,Raymond Gonzalez,NULL
22763,NULL,9830,Rebecca Gonzalez,NULL
16927,NULL,9872,Rebekah Gonzalez,NULL
27116,NULL,7677,Regina Gonzalez,NULL
19159,NULL,4580,Richard Gonzalez,NULL
24289,NULL,16255,Robert Gonzalez,NULL
21505,NULL,20144,Ronald Gonzalez,NULL
13040,NULL,11135,Roy Gonzalez,NULL
22468,NULL,11226,Ruben Gonzalez,NULL
12693,NULL,3297,Ruth Gonzalez,NULL
28143,NULL,16250,Samuel Gonzalez,NULL
20788,NULL,9855,Sara Gonzalez,NULL
15644,NULL,9859,Savannah Gonzalez,NULL
28271,NULL,16311,Sean Gonzalez,NULL
26357,NULL,7843,Sergio Gonzalez,NULL
20362,NULL,4354,Seth Gonzalez,NULL
14125,NULL,19398,Shane Gonzalez,NULL
21301,NULL,9848,Sierra Gonzalez,NULL
18112,NULL,9833,Sophia Gonzalez,NULL
16305,NULL,4058,Stanley Gonzalez,NULL
28709,NULL,7390,Stefanie Gonzalez,NULL
15349,NULL,10396,Stephanie Gonzalez,NULL
20266,NULL,3060,Summer Gonzalez,NULL
18915,NULL,10387,Sydney Gonzalez,NULL
26136,NULL,10401,Tabitha Gonzalez,NULL
25657,NULL,7449,Tammy Gonzalez,NULL
21833,NULL,8096,Terrance Gonzalez,NULL
18964,NULL,16257,Thomas Gonzalez,NULL
11790,NULL,16313,Timothy Gonzalez,NULL
19653,NULL,16220,Tina Gonzalez,NULL
26575,NULL,3366,Toni Gonzalez,NULL
28517,NULL,15825,Troy Gonzalez,NULL
23311,NULL,19000,Veronica Gonzalez,NULL
11929,NULL,7623,Virginia Gonzalez,NULL
22607,NULL,18919,Whitney Gonzalez,NULL
17859,NULL,3809,Wyatt Gonzalez,NULL
13033,NULL,4432,Xavier Gonzalez,NULL
16478,NULL,14506,Adrian Gray,NULL
28056,NULL,14469,Alex Gray,NULL
28246,NULL,8246,Alexa Gray,NULL
25929,NULL,2786,Alexandra Gray,NULL
25363,NULL,8271,Alexandria Gray,NULL
20571,NULL,8236,Allison Gray,NULL
20193,NULL,20147,Alyssa Gray,NULL
12116,NULL,3014,Amanda Gray,NULL
24299,NULL,8238,Andrea Gray,NULL
25462,NULL,14465,Angel Gray,NULL
15744,NULL,8274,Angela Gray,NULL
23069,NULL,3642,Anna Gray,NULL
11425,NULL,8250,Ariana Gray,NULL
14914,NULL,8275,Arianna Gray,NULL
22392,NULL,8226,Bailey Gray,NULL
26729,NULL,14488,Brian Gray,NULL
24960,NULL,19220,Brianna Gray,NULL
26756,NULL,8259,Brooke Gray,NULL
20650,NULL,14501,Bryan Gray,NULL
11781,NULL,14463,Carlos Gray,NULL
21364,NULL,14508,Charles Gray,NULL
15688,NULL,14491,Chase Gray,NULL
23469,NULL,8248,Christina Gray,NULL
13198,NULL,20263,Cindy Gray,NULL
14459,NULL,14507,Cody Gray,NULL
27658,NULL,14497,Cole Gray,NULL
11627,NULL,14524,Dalton Gray,NULL
26119,NULL,8239,Danielle Gray,NULL
19633,NULL,20041,Destiny Gray,NULL
16584,NULL,14511,Devin Gray,NULL
18364,NULL,14512,Eduardo Gray,NULL
23374,NULL,19517,Emma Gray,NULL
16505,NULL,8266,Erin Gray,NULL
25172,NULL,14471,Evan Gray,NULL
22914,NULL,8279,Faith Gray,NULL
22276,NULL,8229,Gabriella Gray,NULL
15560,NULL,3318,Gabrielle Gray,NULL
20169,NULL,14503,Garrett Gray,NULL
21078,NULL,19620,Grace Gray,NULL
21711,NULL,3169,Hailey Gray,NULL
15842,NULL,3399,Haley Gray,NULL
11193,NULL,14519,Ian Gray,NULL
12373,NULL,14474,Isaac Gray,NULL
16820,NULL,2414,Isabella Gray,NULL
20397,NULL,14468,Isaiah Gray,NULL
18853,NULL,8276,Jacqueline Gray,NULL
27030,NULL,8231,Jan Gray,NULL
26449,NULL,14498,Jared Gray,NULL
19904,NULL,19823,Jasmine Gray,NULL
23331,NULL,14526,Jeremiah Gray,NULL
14626,NULL,14478,Jesse Gray,NULL
19479,NULL,3492,Jessica Gray,NULL
11809,NULL,14495,Juan Gray,NULL
14089,NULL,20588,Kaitlyn Gray,NULL
15289,NULL,8232,Katelyn Gray,NULL
22166,NULL,2938,Katherine Gray,NULL
15551,NULL,8235,Kaylee Gray,NULL
28100,NULL,8261,Kimberly Gray,NULL
20018,NULL,3716,Lauren Gray,NULL
21474,NULL,14520,Lucas Gray,NULL
17680,NULL,8228,Mackenzie Gray,NULL
17127,NULL,8262,Makayla Gray,NULL
18389,NULL,14516,Marcus Gray,NULL
22278,NULL,8268,Mariah Gray,NULL
22089,NULL,14472,Mason Gray,NULL
13178,NULL,19110,Megan Gray,NULL
20355,NULL,8270,Melanie Gray,NULL
18995,NULL,8280,Melissa Gray,NULL
26600,NULL,8255,Michelle Gray,NULL
28307,NULL,20694,Morgan Gray,NULL
14165,NULL,2710,Natalie Gray,NULL
17697,NULL,14489,Nathaniel Gray,NULL
19018,NULL,19928,Nicole Gray,NULL
28439,NULL,19325,Olivia Gray,NULL
16960,NULL,8278,Paige Gray,NULL
13055,NULL,14485,Patrick Gray,NULL
15415,NULL,19721,Rachel Gray,NULL
22211,NULL,14514,Richard Gray,NULL
14351,NULL,8281,Riley Gray,NULL
29247,NULL,8230,Sara Gray,NULL
13694,NULL,8233,Savannah Gray,NULL
16722,NULL,14479,Sean Gray,NULL
13878,NULL,14496,Sebastian Gray,NULL
20087,NULL,14522,Seth Gray,NULL
29145,NULL,8263,Shelby Gray,NULL
17064,NULL,3090,Stephanie Gray,NULL
14294,NULL,14505,Steven Gray,NULL
11735,NULL,2858,Sydney Gray,NULL
20536,NULL,3567,Taylor Gray,NULL
23210,NULL,14484,Timothy Gray,NULL
21585,NULL,8264,Trinity Gray,NULL
15365,NULL,19412,Victoria Gray,NULL
28643,NULL,14523,Xavier Gray,NULL
23482,NULL,8244,Zoe Gray,NULL
24953,NULL,16746,Aaron Green,NULL
13069,NULL,16774,Adam Green,NULL
20317,NULL,16805,Alex Green,NULL
28269,NULL,10205,Alexandra Green,NULL
16111,NULL,10246,Allison Green,NULL
21808,NULL,10209,Amanda Green,NULL
14651,NULL,10223,Amber Green,NULL
21326,NULL,10249,Andrea Green,NULL
21685,NULL,10230,Bailey Green,NULL
11719,NULL,4193,Blake Green,NULL
23036,NULL,16751,Caleb Green,NULL
18387,NULL,16789,Carlos Green,NULL
19831,NULL,4890,Charles Green,NULL
14658,NULL,10194,Chloe Green,NULL
20689,NULL,16569,Connor Green,NULL
14367,NULL,10224,Courtney Green,NULL
18343,NULL,4501,Dalton Green,NULL
26440,NULL,4969,Devin Green,NULL
26081,NULL,3729,Edward Green,NULL
27380,NULL,16778,Eric Green,NULL
15322,NULL,16809,Evan Green,NULL
17258,NULL,3888,Fernando Green,NULL
11955,NULL,16735,Gabriel Green,NULL
28035,NULL,10234,Gabriella Green,NULL
21815,NULL,10214,Gabrielle Green,NULL
20542,NULL,10212,Hailey Green,NULL
19879,NULL,4746,Ian Green,NULL
22783,NULL,16812,Isaac Green,NULL
26620,NULL,10202,Isabella Green,NULL
23337,NULL,16799,Isaiah Green,NULL
12137,NULL,16771,Jack Green,NULL
17475,NULL,16782,Jackson Green,NULL
18673,NULL,16567,James Green,NULL
26710,NULL,10238,Jan Green,NULL
27850,NULL,16739,Jason Green,NULL
11527,NULL,10226,Jenna Green,NULL
12571,NULL,10197,Jennifer Green,NULL
28253,NULL,4033,Jeremiah Green,NULL
23051,NULL,16817,Jesse Green,NULL
17332,NULL,16575,Jonathan Green,NULL
27915,NULL,10227,Jordan Green,NULL
21578,NULL,16727,Jordan Green,NULL
27320,NULL,16688,Jose Green,NULL
18874,NULL,10195,Julia Green,NULL
16650,NULL,10198,Kaitlyn Green,NULL
19295,NULL,10241,Katelyn Green,NULL
15949,NULL,10208,Katherine Green,NULL
26185,NULL,10245,Kaylee Green,NULL
24358,NULL,16716,Kevin Green,NULL
28328,NULL,16713,Kyle Green,NULL
23319,NULL,16744,Luis Green,NULL
28392,NULL,16671,Luke Green,NULL
28073,NULL,10233,Mackenzie Green,NULL
16240,NULL,10217,Madeline Green,NULL
15974,NULL,4656,Marcus Green,NULL
14750,NULL,10220,Mary Green,NULL
27548,NULL,16810,Mason Green,NULL
29274,NULL,4117,Miguel Green,NULL
28469,NULL,10199,Morgan Green,NULL
20435,NULL,10203,Natalie Green,NULL
17487,NULL,16593,Nathan Green,NULL
23213,NULL,16659,Noah Green,NULL
15834,NULL,10216,Rebecca Green,NULL
11805,NULL,4575,Richard Green,NULL
18771,NULL,16685,Robert Green,NULL
14096,NULL,16644,Samuel Green,NULL
21657,NULL,10236,Sara Green,NULL
29253,NULL,10244,Savannah Green,NULL
23875,NULL,16821,Sean Green,NULL
14354,NULL,4349,Seth Green,NULL
24222,NULL,10228,Sierra Green,NULL
24977,NULL,10218,Sophia Green,NULL
24113,NULL,10211,Stephanie Green,NULL
23522,NULL,10207,Sydney Green,NULL
18856,NULL,16698,Thomas Green,NULL
21523,NULL,16827,Timothy Green,NULL
18606,NULL,3804,Wyatt Green,NULL
23567,NULL,4427,Xavier Green,NULL
23791,NULL,5512,Aaron Griffin,NULL
19256,NULL,3986,Abigail Griffin,NULL
18669,NULL,5255,Adam Griffin,NULL
23717,NULL,12933,Aidan Griffin,NULL
16245,NULL,2827,Alexandra Griffin,NULL
26464,NULL,7639,Alexandria Griffin,NULL
18027,NULL,7123,Alexia Griffin,NULL
25376,NULL,12782,Alexis Griffin,NULL
15379,NULL,3061,Amanda Griffin,NULL
11960,NULL,7462,Ana Griffin,NULL
11133,NULL,7681,Angela Griffin,NULL
29056,NULL,7166,Angelica Griffin,NULL
11234,NULL,3686,Anna Griffin,NULL
16060,NULL,13227,Antonio Griffin,NULL
24865,NULL,12603,Ashley Griffin,NULL
12095,NULL,6269,Austin Griffin,NULL
13454,NULL,6730,Benjamin Griffin,NULL
18699,NULL,13621,Blake Griffin,NULL
16487,NULL,19280,Brianna Griffin,NULL
20097,NULL,7213,Brittany Griffin,NULL
13169,NULL,5565,Caleb Griffin,NULL
12075,NULL,6318,Cameron Griffin,NULL
17726,NULL,6803,Caroline Griffin,NULL
21241,NULL,13271,Carson Griffin,NULL
26496,NULL,6846,Cassidy Griffin,NULL
13438,NULL,20328,Chloe Griffin,NULL
23073,NULL,6218,Christian Griffin,NULL
12775,NULL,5613,Connor Griffin,NULL
13283,NULL,12976,Dakota Griffin,NULL
21608,NULL,6678,David Griffin,NULL
19158,NULL,20101,Destiny Griffin,NULL
26042,NULL,13721,Devin Griffin,NULL
19153,NULL,6981,Dylan Griffin,NULL
26342,NULL,13762,Eduardo Griffin,NULL
13430,NULL,13661,Edward Griffin,NULL
24444,NULL,5913,Elijah Griffin,NULL
22137,NULL,12694,Elizabeth Griffin,NULL
19657,NULL,13015,Emily Griffin,NULL
28588,NULL,19580,Emma Griffin,NULL
14881,NULL,5307,Eric Griffin,NULL
23171,NULL,6516,Ethan Griffin,NULL
27407,NULL,7842,Faith Griffin,NULL
23027,NULL,13132,Fernando Griffin,NULL
25744,NULL,5867,Gabriel Griffin,NULL
18414,NULL,3364,Gabrielle Griffin,NULL
13436,NULL,12212,Gail Griffin,NULL
26196,NULL,13311,Gavin Griffin,NULL
11443,NULL,19677,Grace Griffin,NULL
15277,NULL,3214,Hailey Griffin,NULL
18925,NULL,3447,Haley Griffin,NULL
20514,NULL,13063,Hannah Griffin,NULL
11286,NULL,6067,Hunter Griffin,NULL
16968,NULL,13901,Ian Griffin,NULL
16064,NULL,2667,Isabella Griffin,NULL
24986,NULL,7531,Isabelle Griffin,NULL
17686,NULL,5208,Jack Griffin,NULL
18681,NULL,7764,Jacqueline Griffin,NULL
28189,NULL,6379,James Griffin,NULL
22367,NULL,19876,Jasmine Griffin,NULL
11200,NULL,5409,Jason Griffin,NULL
14244,NULL,20541,Jennifer Griffin,NULL
18158,NULL,13533,Jeremiah Griffin,NULL
27224,NULL,3533,Jessica Griffin,NULL
23623,NULL,7257,Jocelyn Griffin,NULL
16838,NULL,6424,Jonathan Griffin,NULL
13095,NULL,5165,Jordan Griffin,NULL
13757,NULL,6890,Jordyn Griffin,NULL
11685,NULL,5663,Jose Griffin,NULL
18550,NULL,20432,Julia Griffin,NULL
11328,NULL,13353,Julian Griffin,NULL
28129,NULL,6630,Justin Griffin,NULL
19516,NULL,20644,Kaitlyn Griffin,NULL
27543,NULL,2986,Katherine Griffin,NULL
22091,NULL,12737,Kayla Griffin,NULL
15422,NULL,7572,Kelly Griffin,NULL
15486,NULL,5817,Kevin Griffin,NULL
25199,NULL,5764,Kyle Griffin,NULL
21789,NULL,19071,Lauren Griffin,NULL
28625,NULL,6474,Logan Griffin,NULL
28020,NULL,13939,Lucas Griffin,NULL
17144,NULL,5461,Luis Griffin,NULL
13867,NULL,5116,Luke Griffin,NULL
25093,NULL,12510,Madison Griffin,NULL
20756,NULL,13853,Marcus Griffin,NULL
18407,NULL,3291,Maria Griffin,NULL
25973,NULL,8106,Mariah Griffin,NULL
25291,NULL,7087,Marissa Griffin,NULL
22287,NULL,19179,Megan Griffin,NULL
26517,NULL,7594,Melanie Griffin,NULL
28780,NULL,7354,Melissa Griffin,NULL
21464,NULL,13577,Miguel Griffin,NULL
17477,NULL,7296,Miranda Griffin,NULL
24983,NULL,20745,Morgan Griffin,NULL
15280,NULL,7330,Mya Griffin,NULL
25163,NULL,2757,Natalie Griffin,NULL
16147,NULL,5967,Nathan Griffin,NULL
14349,NULL,19993,Nicole Griffin,NULL
29118,NULL,6116,Noah Griffin,NULL
21208,NULL,19373,Olivia Griffin,NULL
22556,NULL,12809,Oscar Griffin,NULL
14095,NULL,7801,Paige Griffin,NULL
18255,NULL,19788,Rachel Griffin,NULL
27650,NULL,13805,Richard Griffin,NULL
17534,NULL,6168,Robert Griffin,NULL
15412,NULL,6574,Ryan Griffin,NULL
25149,NULL,12550,Samantha Griffin,NULL
12454,NULL,6018,Samuel Griffin,NULL
17271,NULL,12649,Sarah Griffin,NULL
17585,NULL,13990,Seth Griffin,NULL
13784,NULL,13176,Spencer Griffin,NULL
28261,NULL,3142,Stephanie Griffin,NULL
23269,NULL,3608,Taylor Griffin,NULL
19015,NULL,5717,Thomas Griffin,NULL
29269,NULL,7426,Vanessa Griffin,NULL
20737,NULL,19475,Victoria Griffin,NULL
29150,NULL,13090,Wyatt Griffin,NULL
22877,NULL,13437,Xavier Griffin,NULL
16990,NULL,7039,Zachary Griffin,NULL
17075,NULL,5825,Aimee Guo,NULL
12265,NULL,17331,Alan Guo,NULL
17799,NULL,12507,Alejandro Guo,NULL
23571,NULL,11975,Alisha Guo,NULL
28878,NULL,4692,Alvin Guo,NULL
15301,NULL,20724,Amy Guo,NULL
20941,NULL,10110,Arturo Guo,NULL
14213,NULL,5943,Autumn Guo,NULL
12110,NULL,4805,Bianca Guo,NULL
25945,NULL,18020,Brent Guo,NULL
22456,NULL,17568,Brittney Guo,NULL
23228,NULL,16765,Candice Guo,NULL
15721,NULL,4862,Cara Guo,NULL
27487,NULL,3562,Cedric Guo,NULL
23639,NULL,11368,Christy Guo,NULL
20265,NULL,6874,Clarence Guo,NULL
20796,NULL,5885,Claudia Guo,NULL
22302,NULL,12611,Clayton Guo,NULL
17535,NULL,12285,Colleen Guo,NULL
19379,NULL,20773,Crystal Guo,NULL
16673,NULL,18269,Curtis Guo,NULL
19319,NULL,5649,Darryl Guo,NULL
25603,NULL,12189,Dawn Guo,NULL
13735,NULL,17919,Dennis Guo,NULL
18742,NULL,9488,Don Guo,NULL
14168,NULL,13166,Edwin Guo,NULL
25717,NULL,6485,Ernest Guo,NULL
15700,NULL,5485,Eugene Guo,NULL
17191,NULL,9022,Gilbert Guo,NULL
18712,NULL,5713,Glenn Guo,NULL
13119,NULL,12945,Jaclyn Guo,NULL
19969,NULL,5425,Jake Guo,NULL
20151,NULL,2462,Jamie Guo,NULL
20926,NULL,18065,Jeffery Guo,NULL
26776,NULL,11464,Jenny Guo,NULL
12793,NULL,5539,Jessie Guo,NULL
22927,NULL,13562,Jon Guo,NULL
26590,NULL,18320,Jorge Guo,NULL
24570,NULL,17420,Karen Guo,NULL
17705,NULL,19289,Kelvin Guo,NULL
12033,NULL,2515,Kristen Guo,NULL
17381,NULL,17381,Krystal Guo,NULL
16744,NULL,12392,Lacey Guo,NULL
13488,NULL,2406,Laura Guo,NULL
19562,NULL,17472,Leah Guo,NULL
17314,NULL,2433,Lisa Guo,NULL
15764,NULL,13053,Louis Guo,NULL
17018,NULL,5775,Mandy Guo,NULL
23431,NULL,17729,Margaret Guo,NULL
24749,NULL,11134,Marshall Guo,NULL
28536,NULL,4928,Martha Guo,NULL
24163,NULL,5368,Micah Guo,NULL
24037,NULL,6432,Ramon Guo,NULL
22956,NULL,18176,Randy Guo,NULL
13539,NULL,13260,Roger Guo,NULL
24474,NULL,4979,Rosa Guo,NULL
23664,NULL,17675,Sandra Guo,NULL
27552,NULL,2543,Shannon Guo,NULL
24207,NULL,17623,Stacey Guo,NULL
13774,NULL,6534,Steve Guo,NULL
26543,NULL,17776,Susan Guo,NULL
25507,NULL,5038,Suzanne Guo,NULL
26821,NULL,11873,Tamara Guo,NULL
25927,NULL,2678,Tiffany Guo,NULL
12732,NULL,18226,Todd Guo,NULL
18253,NULL,4754,Trisha Guo,NULL
21676,NULL,17518,Valerie Guo,NULL
18235,NULL,17970,Vincent Guo,NULL
16470,NULL,18117,Wesley Guo,NULL
13506,NULL,13364,Willie Guo,NULL
18906,NULL,7112,Adrienne Gutierrez,NULL
15461,NULL,6628,Alberto Gutierrez,NULL
24724,NULL,2807,Alfredo Gutierrez,NULL
12798,NULL,2742,Andy Gutierrez,NULL
23642,NULL,14372,Anne Gutierrez,NULL
29310,NULL,6956,Armando Gutierrez,NULL
12504,NULL,10965,Arthur Gutierrez,NULL
17829,NULL,6025,Audrey Gutierrez,NULL
11395,NULL,6089,Beth Gutierrez,NULL
28559,NULL,15753,Billy Gutierrez,NULL
17774,NULL,18483,Brandi Gutierrez,NULL
24442,NULL,13590,Briana Gutierrez,NULL
26861,NULL,10868,Bruce Gutierrez,NULL
13494,NULL,19689,Byron Gutierrez,NULL
20131,NULL,10010,Carolyn Gutierrez,NULL
28139,NULL,17868,Carrie Gutierrez,NULL
12519,NULL,19158,Casey Gutierrez,NULL
25213,NULL,6190,Cheryl Gutierrez,NULL
21001,NULL,14625,Clinton Gutierrez,NULL
19049,NULL,19068,Craig Gutierrez,NULL
21541,NULL,6040,Daisy Gutierrez,NULL
20254,NULL,17821,Dana Gutierrez,NULL
16052,NULL,14761,Danny Gutierrez,NULL
25714,NULL,10231,Darren Gutierrez,NULL
11346,NULL,9801,Deanna Gutierrez,NULL
15216,NULL,13855,Desiree Gutierrez,NULL
19676,NULL,18658,Diana Gutierrez,NULL
19487,NULL,20513,Dwayne Gutierrez,NULL
25975,NULL,9692,Ebony Gutierrez,NULL
28370,NULL,6689,Eddie Gutierrez,NULL
19670,NULL,19284,Erik Gutierrez,NULL
17227,NULL,18702,Erika Gutierrez,NULL
17817,NULL,14282,Felicia Gutierrez,NULL
25245,NULL,2484,Francis Gutierrez,NULL
22846,NULL,18342,Frank Gutierrez,NULL
12701,NULL,19031,Gary Gutierrez,NULL
25542,NULL,10773,Gerald Gutierrez,NULL
21092,NULL,15057,Gina Gutierrez,NULL
17540,NULL,16470,Gloria Gutierrez,NULL
26423,NULL,14720,Hector Gutierrez,NULL
12384,NULL,6359,Jacquelyn Gutierrez,NULL
25227,NULL,12538,Jaime Gutierrez,NULL
11457,NULL,7065,Jaime Gutierrez,NULL
24129,NULL,14660,Jamie Gutierrez,NULL
18231,NULL,6248,Janet Gutierrez,NULL
28687,NULL,13635,Javier Gutierrez,NULL
13155,NULL,10335,Jay Gutierrez,NULL
12783,NULL,7704,Jerome Gutierrez,NULL
28893,NULL,5566,Jessie Gutierrez,NULL
16437,NULL,18386,Jésus Gutierrez,NULL
26024,NULL,15096,Jill Gutierrez,NULL
11494,NULL,15646,Jimmy Gutierrez,NULL
15894,NULL,13982,Joanna Gutierrez,NULL
26227,NULL,11058,Joe Gutierrez,NULL
16529,NULL,14487,Jonathon Gutierrez,NULL
18466,NULL,14102,Joy Gutierrez,NULL
22525,NULL,7006,Julio Gutierrez,NULL
15756,NULL,10547,Kari Gutierrez,NULL
17786,NULL,18573,Kathleen Gutierrez,NULL
17966,NULL,16019,Kellie Gutierrez,NULL
12565,NULL,15154,Kendra Gutierrez,NULL
15071,NULL,14226,Krista Gutierrez,NULL
22638,NULL,9592,Kristi Gutierrez,NULL
25133,NULL,6311,Kristine Gutierrez,NULL
24138,NULL,14331,Kristy Gutierrez,NULL
13597,NULL,14859,Lance Gutierrez,NULL
25926,NULL,18435,Larry Gutierrez,NULL
15022,NULL,6142,Latasha Gutierrez,NULL
19564,NULL,14451,Lawrence Gutierrez,NULL
14144,NULL,14411,Lee Gutierrez,NULL
25758,NULL,18527,Leslie Gutierrez,NULL
28575,NULL,13816,Linda Gutierrez,NULL
24065,NULL,14116,Lori Gutierrez,NULL
21827,NULL,7167,Mallory Gutierrez,NULL
29431,NULL,10112,Marie Gutierrez,NULL
25938,NULL,6905,Marvin Gutierrez,NULL
23901,NULL,2693,Max Gutierrez,NULL
26021,NULL,18799,Meghan Gutierrez,NULL
29412,NULL,14068,Melinda Gutierrez,NULL
11111,NULL,10647,Meredith Gutierrez,NULL
27299,NULL,14580,Micheal Gutierrez,NULL
16271,NULL,9017,Michele Gutierrez,NULL
20166,NULL,13773,Monique Gutierrez,NULL
27280,NULL,17406,Naomi Gutierrez,NULL
17048,NULL,18753,Natasha Gutierrez,NULL
21489,NULL,6856,Neil Gutierrez,NULL
25920,NULL,18844,Orlando Gutierrez,NULL
19422,NULL,15076,Paula Gutierrez,NULL
15224,NULL,11706,Pedro Gutierrez,NULL
21979,NULL,19199,Philip Gutierrez,NULL
21506,NULL,14971,Randall Gutierrez,NULL
28697,NULL,6500,Raquel Gutierrez,NULL
16450,NULL,9904,Rebekah Gutierrez,NULL
17896,NULL,15012,Renee Gutierrez,NULL
19773,NULL,15594,Ricky Gutierrez,NULL
11355,NULL,14813,Roberto Gutierrez,NULL
21104,NULL,13730,Robin Gutierrez,NULL
20628,NULL,13684,Rodney Gutierrez,NULL
12406,NULL,11812,Ross Gutierrez,NULL
20835,NULL,11267,Ruben Gutierrez,NULL
17101,NULL,20103,Shannon Gutierrez,NULL
18405,NULL,14601,Sheila Gutierrez,NULL
21853,NULL,18615,Stacy Gutierrez,NULL
21884,NULL,10442,Tabitha Gutierrez,NULL
17714,NULL,14029,Tanya Gutierrez,NULL
15083,NULL,15206,Teresa Gutierrez,NULL
25409,NULL,6738,Theodore Gutierrez,NULL
13531,NULL,6804,Tyrone Gutierrez,NULL
27357,NULL,19241,Victor Gutierrez,NULL
25141,NULL,13595,Walter Gutierrez,NULL
12610,NULL,13945,Wendy Gutierrez,NULL
27246,NULL,17423,Aaron Hall,NULL
13681,NULL,17504,Adam Hall,NULL
15869,NULL,10741,Alexandra Hall,NULL
16830,NULL,10858,Alexandra Hall,NULL
22890,NULL,12030,Alexis Hall,NULL
25430,NULL,11563,Alyssa Hall,NULL
26656,NULL,10862,Amanda Hall,NULL
20106,NULL,10877,Amber Hall,NULL
17019,NULL,10901,Andrea Hall,NULL
26807,NULL,17513,Angel Hall,NULL
23850,NULL,11616,Anna Hall,NULL
26047,NULL,12454,Ashley Hall,NULL
19528,NULL,10884,Bailey Hall,NULL
24622,NULL,4182,Blake Hall,NULL
16069,NULL,11744,Brianna Hall,NULL
27830,NULL,17439,Caleb Hall,NULL
21425,NULL,17512,Carlos Hall,NULL
23476,NULL,4880,Charles Hall,NULL
18551,NULL,10850,Chloe Hall,NULL
22129,NULL,11027,Chloe Hall,NULL
19538,NULL,17442,Connor Hall,NULL
24780,NULL,10878,Courtney Hall,NULL
20544,NULL,4488,Dalton Hall,NULL
25615,NULL,11520,Destiny Hall,NULL
27204,NULL,4954,Devin Hall,NULL
16847,NULL,5041,Eduardo Hall,NULL
19215,NULL,4265,Edward Hall,NULL
17266,NULL,17493,Elijah Hall,NULL
13474,NULL,11939,Elizabeth Hall,NULL
14526,NULL,12263,Emily Hall,NULL
29013,NULL,11895,Emma Hall,NULL
27155,NULL,17506,Eric Hall,NULL
18877,NULL,17523,Evan Hall,NULL
22100,NULL,3875,Fernando Hall,NULL
19700,NULL,17492,Gabriel Hall,NULL
22036,NULL,10886,Gabriella Hall,NULL
28156,NULL,10865,Gabrielle Hall,NULL
20189,NULL,11333,Grace Hall,NULL
27489,NULL,10866,Haley Hall,NULL
13924,NULL,12311,Hannah Hall,NULL
21288,NULL,17466,Hunter Hall,NULL
16042,NULL,4732,Ian Hall,NULL
18157,NULL,11248,Isabella Hall,NULL
25038,NULL,10857,Isabella Hall,NULL
26301,NULL,17521,Isaiah Hall,NULL
23050,NULL,17503,Jack Hall,NULL
18949,NULL,17508,Jackson Hall,NULL
27202,NULL,17456,James Hall,NULL
11740,NULL,10889,Jan Hall,NULL
12446,NULL,11427,Jasmine Hall,NULL
29351,NULL,17495,Jason Hall,NULL
24015,NULL,10879,Jenna Hall,NULL
21625,NULL,11114,Jennifer Hall,NULL
18250,NULL,4016,Jeremiah Hall,NULL
26133,NULL,17536,Jesse Hall,NULL
25874,NULL,12121,Jessica Hall,NULL
12933,NULL,17457,Jonathan Hall,NULL
21907,NULL,10880,Jordan Hall,NULL
19222,NULL,17502,Jordan Hall,NULL
17601,NULL,17482,Jose Hall,NULL
18074,NULL,11076,Julia Hall,NULL
27337,NULL,10851,Julia Hall,NULL
11682,NULL,11162,Kaitlyn Hall,NULL
18943,NULL,10853,Kaitlyn Hall,NULL
28801,NULL,10890,Katelyn Hall,NULL
25959,NULL,10861,Katherine Hall,NULL
19854,NULL,10849,Katherine Hall,NULL
23689,NULL,11988,Kayla Hall,NULL
19751,NULL,10898,Kaylee Hall,NULL
23216,NULL,17490,Kevin Hall,NULL
17491,NULL,17486,Kyle Hall,NULL
19648,NULL,11664,Lauren Hall,NULL
24511,NULL,17458,Logan Hall,NULL
28760,NULL,4811,Lucas Hall,NULL
21296,NULL,17371,Luis Hall,NULL
14745,NULL,17498,Luke Hall,NULL
20146,NULL,10885,Mackenzie Hall,NULL
13221,NULL,10871,Madeline Hall,NULL
14508,NULL,12356,Madison Hall,NULL
13569,NULL,4641,Marcus Hall,NULL
14385,NULL,10864,Maria Hall,NULL
20277,NULL,10876,Mary Hall,NULL
22864,NULL,17527,Mason Hall,NULL
15276,NULL,11705,Megan Hall,NULL
28092,NULL,10854,Morgan Hall,NULL
21726,NULL,11205,Morgan Hall,NULL
23070,NULL,11292,Natalie Hall,NULL
26203,NULL,11475,Nicole Hall,NULL
15251,NULL,17467,Noah Hall,NULL
28582,NULL,11790,Olivia Hall,NULL
13347,NULL,11381,Rachel Hall,NULL
20893,NULL,17478,Robert Hall,NULL
14484,NULL,12405,Samantha Hall,NULL
16907,NULL,11899,Sarah Hall,NULL
21938,NULL,10891,Savannah Hall,NULL
14487,NULL,4334,Seth Hall,NULL
27726,NULL,10874,Sophia Hall,NULL
22865,NULL,10863,Stephanie Hall,NULL
12099,NULL,10796,Sydney Hall,NULL
17880,NULL,10859,Sydney Hall,NULL
16995,NULL,12170,Taylor Hall,NULL
19069,NULL,17484,Thomas Hall,NULL
13476,NULL,17548,Timothy Hall,NULL
23155,NULL,11845,Victoria Hall,NULL
23827,NULL,3787,Wyatt Hall,NULL
20337,NULL,4412,Xavier Hall,NULL
28833,NULL,12054,Abigail Harris,NULL
20030,NULL,18302,Alexander Harris,NULL
12764,NULL,10725,Alexandra Harris,NULL
15316,NULL,12012,Alexis Harris,NULL
24423,NULL,11542,Alyssa Harris,NULL
13298,NULL,11599,Anna Harris,NULL
21447,NULL,18627,Anthony Harris,NULL
22880,NULL,12431,Ashley Harris,NULL
28577,NULL,18240,Austin Harris,NULL
17363,NULL,18174,Benjamin Harris,NULL
17361,NULL,4165,Blake Harris,NULL
24517,NULL,18321,Brandon Harris,NULL
28597,NULL,11725,Brianna Harris,NULL
17598,NULL,17471,Cameron Harris,NULL
14591,NULL,4859,Charles Harris,NULL
20201,NULL,11004,Chloe Harris,NULL
18848,NULL,18166,Christian Harris,NULL
24417,NULL,18168,Christopher Harris,NULL
13085,NULL,18596,Daniel Harris,NULL
21467,NULL,18041,David Harris,NULL
13710,NULL,11500,Destiny Harris,NULL
17366,NULL,4934,Devin Harris,NULL
28648,NULL,18508,Dylan Harris,NULL
18238,NULL,5020,Eduardo Harris,NULL
27062,NULL,4250,Edward Harris,NULL
28831,NULL,11922,Elizabeth Harris,NULL
19862,NULL,12246,Emily Harris,NULL
17554,NULL,11872,Emma Harris,NULL
25930,NULL,17945,Ethan Harris,NULL
17876,NULL,3857,Fernando Harris,NULL
12930,NULL,11315,Grace Harris,NULL
26606,NULL,12292,Hannah Harris,NULL
14128,NULL,4712,Ian Harris,NULL
17119,NULL,11233,Isabella Harris,NULL
23679,NULL,18697,Jacob Harris,NULL
25064,NULL,17624,James Harris,NULL
26635,NULL,11406,Jasmine Harris,NULL
16789,NULL,11099,Jennifer Harris,NULL
17023,NULL,3998,Jeremiah Harris,NULL
28987,NULL,12103,Jessica Harris,NULL
20502,NULL,18357,John Harris,NULL
26220,NULL,17695,Jonathan Harris,NULL
28609,NULL,17368,Jose Harris,NULL
11442,NULL,18944,Joseph Harris,NULL
20280,NULL,18788,Joshua Harris,NULL
15977,NULL,11056,Julia Harris,NULL
25985,NULL,18066,Justin Harris,NULL
24927,NULL,11139,Kaitlyn Harris,NULL
15410,NULL,10824,Katherine Harris,NULL
15243,NULL,11645,Lauren Harris,NULL
24945,NULL,17766,Logan Harris,NULL
25901,NULL,4793,Lucas Harris,NULL
21728,NULL,12336,Madison Harris,NULL
11135,NULL,4624,Marcus Harris,NULL
14330,NULL,18841,Matthew Harris,NULL
23281,NULL,11686,Megan Harris,NULL
17014,NULL,18739,Michael Harris,NULL
25697,NULL,4089,Miguel Harris,NULL
12942,NULL,11187,Morgan Harris,NULL
23682,NULL,11274,Natalie Harris,NULL
13827,NULL,17838,Nathan Harris,NULL
23496,NULL,19003,Nicholas Harris,NULL
20349,NULL,11454,Nicole Harris,NULL
29256,NULL,17276,Noah Harris,NULL
21638,NULL,11771,Olivia Harris,NULL
16753,NULL,11360,Rachel Harris,NULL
15248,NULL,5101,Richard Harris,NULL
14075,NULL,17214,Robert Harris,NULL
14389,NULL,17853,Ryan Harris,NULL
24487,NULL,12383,Samantha Harris,NULL
24771,NULL,17856,Samuel Harris,NULL
28616,NULL,12480,Sarah Harris,NULL
16140,NULL,4318,Seth Harris,NULL
20527,NULL,10776,Sydney Harris,NULL
23785,NULL,12151,Taylor Harris,NULL
24002,NULL,17428,Thomas Harris,NULL
24343,NULL,18456,Tyler Harris,NULL
29048,NULL,18241,William Harris,NULL
21748,NULL,3773,Wyatt Harris,NULL
28587,NULL,4394,Xavier Harris,NULL
14659,NULL,18563,Zachary Harris,NULL
17886,NULL,4810,Bianca Harrison,NULL
20219,NULL,12290,Colleen Harrison,NULL
27033,NULL,6487,Ernest Harrison,NULL
15155,NULL,2463,Jamie Harrison,NULL
20790,NULL,11971,Kayla Harrison,NULL
28468,NULL,16949,Melody Harrison,NULL
14823,NULL,19274,Nelson Harrison,NULL
23774,NULL,7763,Reginald Harrison,NULL
12362,NULL,5721,Thomas Harrison,NULL
18055,NULL,12853,Trevor Harrison,NULL
28840,NULL,17520,Valerie Harrison,NULL
11509,NULL,12214,Roger Harui,NULL
15568,NULL,5515,Aaron Hayes,NULL
24028,NULL,5257,Adam Hayes,NULL
25189,NULL,12936,Aidan Hayes,NULL
27474,NULL,7641,Alexandria Hayes,NULL
25418,NULL,7125,Alexia Hayes,NULL
13048,NULL,12786,Alexis Hayes,NULL
17044,NULL,7465,Ana Hayes,NULL
21325,NULL,7684,Angela Hayes,NULL
26459,NULL,7169,Angelica Hayes,NULL
26596,NULL,13230,Antonio Hayes,NULL
25991,NULL,7725,Arianna Hayes,NULL
18865,NULL,12606,Ashley Hayes,NULL
20208,NULL,6271,Austin Hayes,NULL
22522,NULL,6733,Benjamin Hayes,NULL
16778,NULL,13626,Blake Hayes,NULL
23199,NULL,6924,Brandon Hayes,NULL
13941,NULL,7215,Brittany Hayes,NULL
11650,NULL,5569,Caleb Hayes,NULL
18431,NULL,6321,Cameron Hayes,NULL
12447,NULL,13273,Carson Hayes,NULL
22766,NULL,6848,Cassidy Hayes,NULL
28537,NULL,6220,Christian Hayes,NULL
27626,NULL,5615,Connor Hayes,NULL
18882,NULL,13485,Dalton Hayes,NULL
11701,NULL,6680,David Hayes,NULL
20101,NULL,13724,Devin Hayes,NULL
17455,NULL,6983,Dylan Hayes,NULL
15796,NULL,13665,Edward Hayes,NULL
15325,NULL,5915,Elijah Hayes,NULL
17663,NULL,12697,Elizabeth Hayes,NULL
19184,NULL,13017,Emily Hayes,NULL
22964,NULL,5309,Eric Hayes,NULL
26498,NULL,6521,Ethan Hayes,NULL
26539,NULL,7845,Faith Hayes,NULL
22379,NULL,13134,Fernando Hayes,NULL
19400,NULL,13316,Gavin Hayes,NULL
21656,NULL,13066,Hannah Hayes,NULL
26579,NULL,6070,Hunter Hayes,NULL
17339,NULL,13906,Ian Hayes,NULL
21908,NULL,7497,Isabel Hayes,NULL
13991,NULL,5210,Jack Hayes,NULL
15779,NULL,5359,Jackson Hayes,NULL
11409,NULL,7768,Jacqueline Hayes,NULL
24935,NULL,6383,James Hayes,NULL
26176,NULL,5411,Jason Hayes,NULL
20086,NULL,13536,Jeremiah Hayes,NULL
12192,NULL,7261,Jocelyn Hayes,NULL
26854,NULL,6426,Jonathan Hayes,NULL
15512,NULL,5668,Jose Hayes,NULL
15745,NULL,13359,Julian Hayes,NULL
24965,NULL,6632,Justin Hayes,NULL
26285,NULL,12740,Kayla Hayes,NULL
28974,NULL,7577,Kelly Hayes,NULL
16851,NULL,5820,Kevin Hayes,NULL
14891,NULL,5767,Kyle Hayes,NULL
19026,NULL,6477,Logan Hayes,NULL
25509,NULL,13941,Lucas Hayes,NULL
12880,NULL,5464,Luis Hayes,NULL
23805,NULL,5120,Luke Hayes,NULL
14813,NULL,12512,Madison Hayes,NULL
15657,NULL,13857,Marcus Hayes,NULL
21310,NULL,8110,Mariah Hayes,NULL
27544,NULL,7091,Marissa Hayes,NULL
25099,NULL,7597,Melanie Hayes,NULL
16735,NULL,7357,Melissa Hayes,NULL
29025,NULL,13580,Miguel Hayes,NULL
27447,NULL,7299,Miranda Hayes,NULL
23168,NULL,6769,Mya Hayes,NULL
25905,NULL,5970,Nathan Hayes,NULL
28994,NULL,6120,Noah Hayes,NULL
26527,NULL,12813,Oscar Hayes,NULL
16002,NULL,7804,Paige Hayes,NULL
17177,NULL,13809,Richard Hayes,NULL
14833,NULL,7391,Riley Hayes,NULL
13929,NULL,6170,Robert Hayes,NULL
28657,NULL,6576,Ryan Hayes,NULL
23377,NULL,12555,Samantha Hayes,NULL
17007,NULL,6021,Samuel Hayes,NULL
17757,NULL,13995,Seth Hayes,NULL
12420,NULL,13179,Spencer Hayes,NULL
23272,NULL,12893,Tristan Hayes,NULL
16471,NULL,7428,Vanessa Hayes,NULL
17467,NULL,13093,Wyatt Hayes,NULL
29039,NULL,13439,Xavier Hayes,NULL
17448,NULL,7041,Zachary Hayes,NULL
11093,NULL,5827,Aimee He,NULL
12210,NULL,17334,Alan He,NULL
18026,NULL,11976,Alisha He,NULL
25490,NULL,4710,Alvin He,NULL
22411,NULL,20725,Amy He,NULL
29369,NULL,10126,Arturo He,NULL
22603,NULL,5944,Autumn He,NULL
12470,NULL,11575,Barbara He,NULL
25712,NULL,18023,Brent He,NULL
20810,NULL,17571,Brittney He,NULL
13826,NULL,16766,Candice He,NULL
17631,NULL,4864,Cara He,NULL
25298,NULL,3591,Cedric He,NULL
16591,NULL,6892,Clarence He,NULL
24093,NULL,5890,Claudia He,NULL
25802,NULL,12613,Clayton He,NULL
14300,NULL,13464,Colin He,NULL
24634,NULL,20775,Crystal He,NULL
24921,NULL,18271,Curtis He,NULL
24088,NULL,9704,Damien He,NULL
22741,NULL,5653,Darryl He,NULL
15647,NULL,12192,Dawn He,NULL
27878,NULL,17920,Dennis He,NULL
19144,NULL,13167,Edwin He,NULL
21843,NULL,2490,Erica He,NULL
13645,NULL,5486,Eugene He,NULL
18127,NULL,7964,Franklin He,NULL
15589,NULL,9044,Gilbert He,NULL
22449,NULL,2646,Heather He,NULL
26936,NULL,12947,Jaclyn He,NULL
24472,NULL,5426,Jake He,NULL
27924,NULL,18068,Jeffery He,NULL
24100,NULL,11468,Jenny He,NULL
29094,NULL,5542,Jessie He,NULL
14262,NULL,13564,Jon He,NULL
20268,NULL,18323,Jorge He,NULL
27861,NULL,17421,Karen He,NULL
28872,NULL,12084,Kelli He,NULL
22585,NULL,19467,Kelvin He,NULL
14429,NULL,12394,Lacey He,NULL
24692,NULL,2407,Laura He,NULL
21211,NULL,13056,Louis He,NULL
18369,NULL,5776,Mandy He,NULL
12308,NULL,17731,Margaret He,NULL
24191,NULL,11153,Marshall He,NULL
27401,NULL,5370,Micah He,NULL
15831,NULL,12714,Omar He,NULL
14556,NULL,12827,Rafael He,NULL
26919,NULL,6433,Ramon He,NULL
24072,NULL,18177,Randy He,NULL
14719,NULL,5596,Ronnie He,NULL
15638,NULL,4982,Rosa He,NULL
13673,NULL,17678,Sandra He,NULL
17801,NULL,2544,Shannon He,NULL
18066,NULL,6539,Steve He,NULL
24467,NULL,17778,Susan He,NULL
16593,NULL,5040,Suzanne He,NULL
25742,NULL,11875,Tamara He,NULL
15930,NULL,20683,Tiffany He,NULL
12490,NULL,4755,Trisha He,NULL
14138,NULL,17973,Vincent He,NULL
17192,NULL,12185,Warren He,NULL
17849,NULL,18119,Wesley He,NULL
12466,NULL,13365,Willie He,NULL
28901,NULL,4930,Martha Hee,NULL
28756,NULL,17625,Stacey Hee,NULL
28762,NULL,5487,Aaron Henderson,NULL
20441,NULL,3958,Abigail Henderson,NULL
13513,NULL,12797,Abigail Henderson,NULL
17040,NULL,5234,Adam Henderson,NULL
28171,NULL,12905,Aidan Henderson,NULL
26779,NULL,2803,Alexandra Henderson,NULL
11555,NULL,7606,Alexandria Henderson,NULL
15717,NULL,7100,Alexia Henderson,NULL
18428,NULL,12749,Alexis Henderson,NULL
13872,NULL,20187,Alyssa Henderson,NULL
18990,NULL,3032,Amanda Henderson,NULL
23388,NULL,7436,Ana Henderson,NULL
11898,NULL,7653,Angela Henderson,NULL
16006,NULL,7135,Angelica Henderson,NULL
24857,NULL,3661,Anna Henderson,NULL
29271,NULL,13195,Antonio Henderson,NULL
12112,NULL,7697,Arianna Henderson,NULL
11185,NULL,12569,Ashley Henderson,NULL
27643,NULL,6240,Austin Henderson,NULL
14445,NULL,6698,Benjamin Henderson,NULL
29077,NULL,13589,Blake Henderson,NULL
22731,NULL,6895,Brandon Henderson,NULL
16991,NULL,19244,Brianna Henderson,NULL
26071,NULL,7179,Brittany Henderson,NULL
22885,NULL,5536,Caleb Henderson,NULL
28177,NULL,6291,Cameron Henderson,NULL
20082,NULL,6778,Caroline Henderson,NULL
27453,NULL,13239,Carson Henderson,NULL
21228,NULL,6816,Cassidy Henderson,NULL
24237,NULL,20291,Chloe Henderson,NULL
13905,NULL,6751,Christian Henderson,NULL
22185,NULL,5590,Connor Henderson,NULL
16406,NULL,12946,Dakota Henderson,NULL
24895,NULL,13453,Dalton Henderson,NULL
23876,NULL,6652,David Henderson,NULL
25143,NULL,20069,Destiny Henderson,NULL
12018,NULL,13696,Devin Henderson,NULL
14359,NULL,13732,Eduardo Henderson,NULL
27747,NULL,13633,Edward Henderson,NULL
23870,NULL,5888,Elijah Henderson,NULL
14728,NULL,12660,Elizabeth Henderson,NULL
16018,NULL,19542,Emma Henderson,NULL
13457,NULL,5276,Eric Henderson,NULL
16436,NULL,6489,Ethan Henderson,NULL
14545,NULL,7812,Faith Henderson,NULL
18603,NULL,3336,Gabrielle Henderson,NULL
28245,NULL,13283,Gavin Henderson,NULL
11473,NULL,19642,Grace Henderson,NULL
17148,NULL,3186,Hailey Henderson,NULL
11778,NULL,3416,Haley Henderson,NULL
14570,NULL,13028,Hannah Henderson,NULL
14812,NULL,6035,Hunter Henderson,NULL
29146,NULL,13869,Ian Henderson,NULL
20465,NULL,7474,Isabel Henderson,NULL
21981,NULL,2533,Isabella Henderson,NULL
16366,NULL,7507,Isabelle Henderson,NULL
17581,NULL,5184,Jack Henderson,NULL
22121,NULL,5326,Jackson Henderson,NULL
20118,NULL,7736,Jacqueline Henderson,NULL
17179,NULL,6342,James Henderson,NULL
16801,NULL,19846,Jasmine Henderson,NULL
18961,NULL,13500,Jeremiah Henderson,NULL
11065,NULL,3510,Jessica Henderson,NULL
25972,NULL,7226,Jocelyn Henderson,NULL
11143,NULL,6401,Jonathan Henderson,NULL
22996,NULL,5139,Jordan Henderson,NULL
18666,NULL,6860,Jordyn Henderson,NULL
16716,NULL,6195,Jose Henderson,NULL
23300,NULL,20392,Julia Henderson,NULL
15691,NULL,13324,Julian Henderson,NULL
23591,NULL,6601,Justin Henderson,NULL
12132,NULL,20610,Kaitlyn Henderson,NULL
17421,NULL,2958,Katherine Henderson,NULL
26611,NULL,12709,Kayla Henderson,NULL
12920,NULL,7543,Kelly Henderson,NULL
13368,NULL,5739,Kyle Henderson,NULL
17131,NULL,19039,Lauren Henderson,NULL
22366,NULL,6446,Logan Henderson,NULL
27389,NULL,13915,Lucas Henderson,NULL
14579,NULL,5428,Luis Henderson,NULL
19200,NULL,5636,Luke Henderson,NULL
21488,NULL,13075,Madison Henderson,NULL
15212,NULL,13820,Marcus Henderson,NULL
27615,NULL,3264,Maria Henderson,NULL
13369,NULL,8081,Mariah Henderson,NULL
13816,NULL,7059,Marissa Henderson,NULL
11195,NULL,19140,Megan Henderson,NULL
21926,NULL,8120,Melanie Henderson,NULL
15173,NULL,13546,Miguel Henderson,NULL
17000,NULL,7271,Miranda Henderson,NULL
28200,NULL,20713,Morgan Henderson,NULL
23670,NULL,7305,Mya Henderson,NULL
19273,NULL,2725,Natalie Henderson,NULL
13725,NULL,5937,Nathan Henderson,NULL
14483,NULL,19958,Nicole Henderson,NULL
29089,NULL,6087,Noah Henderson,NULL
18859,NULL,19345,Olivia Henderson,NULL
15852,NULL,13371,Oscar Henderson,NULL
17325,NULL,7776,Paige Henderson,NULL
23507,NULL,19751,Rachel Henderson,NULL
27077,NULL,6140,Robert Henderson,NULL
25931,NULL,6545,Ryan Henderson,NULL
25274,NULL,12523,Samantha Henderson,NULL
15484,NULL,5991,Samuel Henderson,NULL
23867,NULL,12618,Sarah Henderson,NULL
26254,NULL,13956,Seth Henderson,NULL
28224,NULL,13143,Spencer Henderson,NULL
19224,NULL,3109,Stephanie Henderson,NULL
20400,NULL,2875,Sydney Henderson,NULL
19051,NULL,3584,Taylor Henderson,NULL
25065,NULL,5685,Thomas Henderson,NULL
20279,NULL,12822,Trevor Henderson,NULL
12224,NULL,12865,Tristan Henderson,NULL
13538,NULL,7399,Vanessa Henderson,NULL
23000,NULL,19435,Victoria Henderson,NULL
16697,NULL,13673,Wyatt Henderson,NULL
12993,NULL,13397,Xavier Henderson,NULL
23512,NULL,7008,Zachary Henderson,NULL
18770,NULL,17060,Aaron Hernandez,NULL
12197,NULL,16947,Adam Hernandez,NULL
22668,NULL,7101,Adrienne Hernandez,NULL
25618,NULL,14895,Albert Hernandez,NULL
25029,NULL,6607,Alberto Hernandez,NULL
26814,NULL,17040,Alex Hernandez,NULL
22103,NULL,10431,Alexandra Hernandez,NULL
22606,NULL,2785,Alfredo Hernandez,NULL
20541,NULL,10477,Allison Hernandez,NULL
18837,NULL,10435,Amanda Hernandez,NULL
16019,NULL,10456,Amber Hernandez,NULL
21762,NULL,10478,Andrea Hernandez,NULL
18831,NULL,2727,Andy Hernandez,NULL
11240,NULL,14359,Anne Hernandez,NULL
21950,NULL,6941,Armando Hernandez,NULL
23002,NULL,10949,Arthur Hernandez,NULL
18290,NULL,6001,Audrey Hernandez,NULL
28626,NULL,10466,Bailey Hernandez,NULL
29084,NULL,6066,Beth Hernandez,NULL
11478,NULL,15732,Billy Hernandez,NULL
14629,NULL,4185,Blake Hernandez,NULL
21893,NULL,18471,Brandi Hernandez,NULL
17919,NULL,10848,Bruce Hernandez,NULL
22423,NULL,19566,Byron Hernandez,NULL
28825,NULL,16913,Caleb Hernandez,NULL
20119,NULL,16989,Carlos Hernandez,NULL
18175,NULL,17854,Carrie Hernandez,NULL
24076,NULL,19143,Casey Hernandez,NULL
19686,NULL,4884,Charles Hernandez,NULL
25516,NULL,6175,Cheryl Hernandez,NULL
18952,NULL,10420,Chloe Hernandez,NULL
29462,NULL,14609,Clinton Hernandez,NULL
14895,NULL,16914,Connor Hernandez,NULL
11957,NULL,10458,Courtney Hernandez,NULL
25307,NULL,5858,Daisy Hernandez,NULL
18844,NULL,4492,Dalton Hernandez,NULL
27146,NULL,14747,Danny Hernandez,NULL
18709,NULL,10210,Darren Hernandez,NULL
17752,NULL,9781,Deanna Hernandez,NULL
13879,NULL,19098,Derrick Hernandez,NULL
16022,NULL,4959,Devin Hernandez,NULL
11038,NULL,18643,Diana Hernandez,NULL
21015,NULL,15429,Diane Hernandez,NULL
28818,NULL,20384,Dwayne Hernandez,NULL
23574,NULL,9675,Ebony Hernandez,NULL
28464,NULL,6660,Eddie Hernandez,NULL
18919,NULL,5046,Eduardo Hernandez,NULL
11144,NULL,4268,Edward Hernandez,NULL
13903,NULL,17044,Elijah Hernandez,NULL
21998,NULL,19268,Erik Hernandez,NULL
16160,NULL,18692,Erika Hernandez,NULL
11704,NULL,17046,Evan Hernandez,NULL
19845,NULL,3879,Fernando Hernandez,NULL
21103,NULL,2392,Francis Hernandez,NULL
22198,NULL,19315,Frank Hernandez,NULL
13805,NULL,17039,Gabriel Hernandez,NULL
16375,NULL,10468,Gabriella Hernandez,NULL
15848,NULL,10446,Gabrielle Hernandez,NULL
25541,NULL,19018,Gary Hernandez,NULL
24054,NULL,10762,Gerald Hernandez,NULL
14049,NULL,15044,Gina Hernandez,NULL
18727,NULL,10440,Hailey Hernandez,NULL
11769,NULL,10448,Haley Hernandez,NULL
27608,NULL,14703,Hector Hernandez,NULL
13481,NULL,17000,Hunter Hernandez,NULL
25813,NULL,17052,Isaac Hernandez,NULL
13220,NULL,10427,Isabella Hernandez,NULL
22711,NULL,17026,Isaiah Hernandez,NULL
20382,NULL,16941,Jack Hernandez,NULL
24409,NULL,16977,Jackson Hernandez,NULL
21568,NULL,6347,Jacquelyn Hernandez,NULL
24170,NULL,7046,Jaime Hernandez,NULL
29166,NULL,12365,Jaime Hernandez,NULL
26812,NULL,16987,James Hernandez,NULL
27283,NULL,14643,Jamie Hernandez,NULL
11803,NULL,10470,Jan Hernandez,NULL
16156,NULL,13622,Javier Hernandez,NULL
27383,NULL,10315,Jay Hernandez,NULL
26644,NULL,10459,Jenna Hernandez,NULL
24436,NULL,10423,Jennifer Hernandez,NULL
25303,NULL,4020,Jeremiah Hernandez,NULL
16270,NULL,7695,Jerome Hernandez,NULL
27238,NULL,17053,Jesse Hernandez,NULL
24172,NULL,5390,Jessie Hernandez,NULL
24267,NULL,18374,Jésus Hernandez,NULL
13003,NULL,15082,Jill Hernandez,NULL
21003,NULL,15631,Jimmy Hernandez,NULL
21892,NULL,13421,Joan Hernandez,NULL
19360,NULL,13967,Joanna Hernandez,NULL
15154,NULL,11040,Joe Hernandez,NULL
19014,NULL,16993,Jonathan Hernandez,NULL
15699,NULL,14475,Jonathon Hernandez,NULL
16104,NULL,10462,Jordan Hernandez,NULL
13314,NULL,16940,Jordan Hernandez,NULL
11253,NULL,17012,José Hernandez,NULL
17340,NULL,13944,Joy Hernandez,NULL
22135,NULL,10422,Julia Hernandez,NULL
23078,NULL,6992,Julio Hernandez,NULL
25647,NULL,10424,Kaitlyn Hernandez,NULL
18887,NULL,10534,Kari Hernandez,NULL
11256,NULL,10472,Katelyn Hernandez,NULL
24528,NULL,10434,Katherine Hernandez,NULL
24147,NULL,18555,Kathleen Hernandez,NULL
22007,NULL,10476,Kaylee Hernandez,NULL
12586,NULL,15896,Kellie Hernandez,NULL
18526,NULL,17034,Kevin Hernandez,NULL
26918,NULL,14209,Krista Hernandez,NULL
22635,NULL,9577,Kristi Hernandez,NULL
14286,NULL,6290,Kristine Hernandez,NULL
18813,NULL,14319,Kristy Hernandez,NULL
19401,NULL,17030,Kyle Hernandez,NULL
17840,NULL,18417,Larry Hernandez,NULL
17677,NULL,14432,Lawrence Hernandez,NULL
12990,NULL,18513,Leslie Hernandez,NULL
22189,NULL,13797,Linda Hernandez,NULL
12350,NULL,16994,Logan Hernandez,NULL
18186,NULL,14095,Lori Hernandez,NULL
16972,NULL,4814,Lucas Hernandez,NULL
22767,NULL,17057,Luis Hernandez,NULL
13931,NULL,16929,Luke Hernandez,NULL
21784,NULL,10467,Mackenzie Hernandez,NULL
26172,NULL,10452,Madeline Hernandez,NULL
29091,NULL,7146,Mallory Hernandez,NULL
27883,NULL,15684,Marc Hernandez,NULL
18595,NULL,4645,Marcus Hernandez,NULL
14950,NULL,10445,Maria Hernandez,NULL
23077,NULL,6887,Marvin Hernandez,NULL
17272,NULL,10454,Mary Hernandez,NULL
27782,NULL,17051,Mason Hernandez,NULL
15184,NULL,14513,Mathew Hernandez,NULL
18192,NULL,2665,Max Hernandez,NULL
11184,NULL,18783,Meghan Hernandez,NULL
16174,NULL,14051,Melinda Hernandez,NULL
28212,NULL,16786,Melody Hernandez,NULL
13950,NULL,10629,Meredith Hernandez,NULL
25168,NULL,14556,Micheal Hernandez,NULL
22524,NULL,9001,Michele Hernandez,NULL
24239,NULL,4109,Miguel Hernandez,NULL
15138,NULL,13756,Monique Hernandez,NULL
11637,NULL,10425,Morgan Hernandez,NULL
25686,NULL,17263,Naomi Hernandez,NULL
14565,NULL,10429,Natalie Hernandez,NULL
17445,NULL,18741,Natasha Hernandez,NULL
15420,NULL,16996,Nathan Hernandez,NULL
28850,NULL,19138,Nelson Hernandez,NULL
16967,NULL,17002,Noah Hernandez,NULL
21951,NULL,18698,Orlando Hernandez,NULL
15327,NULL,14928,Paula Hernandez,NULL
21905,NULL,11689,Pedro Hernandez,NULL
21193,NULL,19184,Philip Hernandez,NULL
28806,NULL,14947,Randall Hernandez,NULL
13997,NULL,6329,Raquel Hernandez,NULL
20944,NULL,10450,Rebecca Hernandez,NULL
24711,NULL,9889,Rebekah Hernandez,NULL
17803,NULL,14999,Renee Hernandez,NULL
20383,NULL,4563,Richard Hernandez,NULL
12418,NULL,17003,Robert Hernandez,NULL
28923,NULL,14790,Roberto Hernandez,NULL
22619,NULL,13711,Robin Hernandez,NULL
14677,NULL,11801,Ross Hernandez,NULL
16134,NULL,11147,Roy Hernandez,NULL
21036,NULL,11251,Ruben Hernandez,NULL
25833,NULL,14160,Sabrina Hernandez,NULL
14510,NULL,16998,Samuel Hernandez,NULL
15167,NULL,10469,Sara Hernandez,NULL
16793,NULL,10474,Savannah Hernandez,NULL
12232,NULL,17062,Sean Hernandez,NULL
11856,NULL,4339,Seth Hernandez,NULL
25320,NULL,19966,Shannon Hernandez,NULL
19832,NULL,14434,Sheila Hernandez,NULL
27393,NULL,10463,Sierra Hernandez,NULL
18980,NULL,10453,Sophia Hernandez,NULL
17811,NULL,18603,Stacy Hernandez,NULL
21235,NULL,10437,Stephanie Hernandez,NULL
13456,NULL,10433,Sydney Hernandez,NULL
19603,NULL,10421,Tabitha Hernandez,NULL
22979,NULL,6723,Theodore Hernandez,NULL
12955,NULL,13887,Theresa Hernandez,NULL
13377,NULL,17022,Thomas Hernandez,NULL
13300,NULL,17072,Timothy Hernandez,NULL
12271,NULL,6783,Tyrone Hernandez,NULL
23537,NULL,19229,Victor Hernandez,NULL
13141,NULL,14686,Walter Hernandez,NULL
15124,NULL,13927,Wendy Hernandez,NULL
24679,NULL,3794,Wyatt Hernandez,NULL
21746,NULL,4418,Xavier Hernandez,NULL
25818,NULL,16664,Aaron Hill,NULL
18740,NULL,16681,Adam Hill,NULL
19787,NULL,16627,Alex Hill,NULL
15172,NULL,10679,Alexandra Hill,NULL
21152,NULL,10685,Amanda Hill,NULL
14596,NULL,10096,Amber Hill,NULL
21281,NULL,10128,Andrea Hill,NULL
22222,NULL,16597,Angel Hill,NULL
25767,NULL,10105,Bailey Hill,NULL
11748,NULL,4189,Blake Hill,NULL
16333,NULL,16665,Caleb Hill,NULL
12919,NULL,16521,Carlos Hill,NULL
27727,NULL,10669,Chloe Hill,NULL
19442,NULL,16667,Connor Hill,NULL
27262,NULL,10098,Courtney Hill,NULL
13926,NULL,4498,Dalton Hill,NULL
19660,NULL,4968,Devin Hill,NULL
19717,NULL,3726,Edward Hill,NULL
18069,NULL,16646,Elijah Hill,NULL
25256,NULL,16682,Eric Hill,NULL
22060,NULL,16641,Evan Hill,NULL
24763,NULL,3886,Fernando Hill,NULL
25434,NULL,16637,Gabriel Hill,NULL
26364,NULL,10108,Gabriella Hill,NULL
19669,NULL,10688,Hailey Hill,NULL
16103,NULL,10693,Haley Hill,NULL
14001,NULL,16530,Hunter Hill,NULL
16024,NULL,16689,Isaac Hill,NULL
27310,NULL,10677,Isabella Hill,NULL
14627,NULL,16601,Isaiah Hill,NULL
13153,NULL,16677,Jack Hill,NULL
22999,NULL,16683,Jackson Hill,NULL
29317,NULL,16622,James Hill,NULL
23581,NULL,10113,Jan Hill,NULL
14920,NULL,16647,Jason Hill,NULL
23153,NULL,10100,Jenna Hill,NULL
18291,NULL,10672,Jennifer Hill,NULL
19850,NULL,4026,Jeremiah Hill,NULL
11171,NULL,16623,Jonathan Hill,NULL
20001,NULL,10103,Jordan Hill,NULL
16005,NULL,16676,Jordan Hill,NULL
18779,NULL,16621,Jose Hill,NULL
18772,NULL,10671,Julia Hill,NULL
24659,NULL,10674,Kaitlyn Hill,NULL
26945,NULL,10114,Katelyn Hill,NULL
26701,NULL,10682,Katherine Hill,NULL
11918,NULL,10119,Kaylee Hill,NULL
27547,NULL,16635,Kevin Hill,NULL
19732,NULL,16634,Kyle Hill,NULL
13473,NULL,16629,Logan Hill,NULL
27612,NULL,4819,Lucas Hill,NULL
27500,NULL,16658,Luis Hill,NULL
19576,NULL,10107,Mackenzie Hill,NULL
27574,NULL,10696,Madeline Hill,NULL
15999,NULL,10690,Maria Hill,NULL
25622,NULL,10094,Mary Hill,NULL
18442,NULL,16679,Mason Hill,NULL
22433,NULL,4114,Miguel Hill,NULL
11320,NULL,10675,Morgan Hill,NULL
28834,NULL,10678,Natalie Hill,NULL
12615,NULL,16632,Nathan Hill,NULL
26192,NULL,16576,Noah Hill,NULL
15424,NULL,10694,Rebecca Hill,NULL
25503,NULL,4573,Richard Hill,NULL
12935,NULL,16590,Robert Hill,NULL
12207,NULL,16514,Samuel Hill,NULL
17011,NULL,10109,Sara Hill,NULL
12409,NULL,10115,Savannah Hill,NULL
23463,NULL,16692,Sean Hill,NULL
25342,NULL,4346,Seth Hill,NULL
20343,NULL,10104,Sierra Hill,NULL
14434,NULL,10092,Sophia Hill,NULL
19992,NULL,10687,Stephanie Hill,NULL
26482,NULL,10681,Sydney Hill,NULL
26619,NULL,16630,Thomas Hill,NULL
14871,NULL,16693,Timothy Hill,NULL
11016,NULL,3800,Wyatt Hill,NULL
11258,NULL,4422,Xavier Hill,NULL
28350,NULL,12014,Alisha Holt,NULL
19523,NULL,17538,Brittney Holt,NULL
16534,NULL,5895,Claudia Holt,NULL
23618,NULL,5323,Dale Holt,NULL
27946,NULL,20617,Katie Holt,NULL
16518,NULL,17360,Krystal Holt,NULL
26306,NULL,5749,Kyle Holt,NULL
27140,NULL,13267,Roger Holt,NULL
12169,NULL,3937,Abigail Howard,NULL
12973,NULL,14868,Adrian Howard,NULL
22056,NULL,14830,Alex Howard,NULL
15381,NULL,8569,Alexa Howard,NULL
20736,NULL,2780,Alexandra Howard,NULL
11981,NULL,8596,Alexandria Howard,NULL
27046,NULL,8560,Allison Howard,NULL
11513,NULL,20136,Alyssa Howard,NULL
13453,NULL,3009,Amanda Howard,NULL
14742,NULL,8562,Andrea Howard,NULL
23223,NULL,14827,Angel Howard,NULL
24751,NULL,8599,Angela Howard,NULL
24957,NULL,3638,Anna Howard,NULL
21260,NULL,8571,Ariana Howard,NULL
20743,NULL,8600,Arianna Howard,NULL
13885,NULL,14845,Brian Howard,NULL
24630,NULL,19211,Brianna Howard,NULL
26461,NULL,8577,Brooke Howard,NULL
24314,NULL,14863,Bryan Howard,NULL
16108,NULL,14848,Bryce Howard,NULL
25283,NULL,8573,Caitlin Howard,NULL
27891,NULL,14826,Carlos Howard,NULL
11170,NULL,3164,Carol Howard,NULL
22346,NULL,8564,Catherine Howard,NULL
13319,NULL,14873,Charles Howard,NULL
18892,NULL,14853,Chase Howard,NULL
21819,NULL,20258,Chloe Howard,NULL
28633,NULL,8570,Christina Howard,NULL
28782,NULL,14869,Cody Howard,NULL
25260,NULL,14887,Dalton Howard,NULL
28357,NULL,8566,Danielle Howard,NULL
26788,NULL,20031,Destiny Howard,NULL
24949,NULL,14875,Devin Howard,NULL
20523,NULL,19509,Emma Howard,NULL
18362,NULL,8589,Erin Howard,NULL
13700,NULL,14831,Evan Howard,NULL
13656,NULL,8605,Faith Howard,NULL
20437,NULL,8553,Gabriella Howard,NULL
14660,NULL,3310,Gabrielle Howard,NULL
18976,NULL,14865,Garrett Howard,NULL
20864,NULL,19614,Grace Howard,NULL
24029,NULL,3394,Haley Howard,NULL
28275,NULL,14879,Ian Howard,NULL
16893,NULL,14835,Isaac Howard,NULL
28869,NULL,2399,Isabella Howard,NULL
25981,NULL,14829,Isaiah Howard,NULL
19285,NULL,8602,Jacqueline Howard,NULL
17658,NULL,8591,Jade Howard,NULL
26622,NULL,8557,Jan Howard,NULL
28053,NULL,14861,Jared Howard,NULL
16264,NULL,20467,Jennifer Howard,NULL
14639,NULL,14888,Jeremiah Howard,NULL
24249,NULL,14836,Jesse Howard,NULL
23564,NULL,3484,Jessica Howard,NULL
18180,NULL,14855,Juan Howard,NULL
17552,NULL,20359,Julia Howard,NULL
19548,NULL,20579,Kaitlyn Howard,NULL
19174,NULL,8558,Katelyn Howard,NULL
14915,NULL,2934,Katherine Howard,NULL
26808,NULL,8580,Kimberly Howard,NULL
27086,NULL,3712,Lauren Howard,NULL
13721,NULL,14881,Lucas Howard,NULL
16251,NULL,8582,Makayla Howard,NULL
22216,NULL,14878,Marcus Howard,NULL
23035,NULL,3239,Maria Howard,NULL
14918,NULL,8592,Mariah Howard,NULL
27920,NULL,19104,Mary Howard,NULL
21397,NULL,14833,Mason Howard,NULL
21604,NULL,8593,Melanie Howard,NULL
21919,NULL,8609,Melissa Howard,NULL
23152,NULL,8574,Michelle Howard,NULL
22971,NULL,20684,Morgan Howard,NULL
13491,NULL,2703,Natalie Howard,NULL
15502,NULL,14851,Nathaniel Howard,NULL
28183,NULL,19914,Nicole Howard,NULL
24098,NULL,19316,Olivia Howard,NULL
29334,NULL,8603,Paige Howard,NULL
12797,NULL,14843,Patrick Howard,NULL
13279,NULL,19716,Rachel Howard,NULL
15428,NULL,14877,Richard Howard,NULL
22326,NULL,8610,Riley Howard,NULL
18956,NULL,8555,Sara Howard,NULL
23839,NULL,8559,Savannah Howard,NULL
14647,NULL,14840,Sean Howard,NULL
11595,NULL,14858,Sebastian Howard,NULL
28790,NULL,14882,Seth Howard,NULL
22244,NULL,8586,Shelby Howard,NULL
25193,NULL,3084,Stephanie Howard,NULL
13923,NULL,14867,Steven Howard,NULL
21644,NULL,2852,Sydney Howard,NULL
11266,NULL,3560,Taylor Howard,NULL
26356,NULL,14841,Timothy Howard,NULL
27440,NULL,8587,Trinity Howard,NULL
21525,NULL,19402,Victoria Howard,NULL
18395,NULL,14884,Xavier Howard,NULL
15870,NULL,8567,Zoe Howard,NULL
27981,NULL,5835,Aimee Hu,NULL
11676,NULL,17338,Alan Hu,NULL
13125,NULL,12513,Alejandro Hu,NULL
24136,NULL,11981,Alisha Hu,NULL
11449,NULL,4748,Alvin Hu,NULL
14320,NULL,20732,Amy Hu,NULL
14663,NULL,10169,Arturo Hu,NULL
19567,NULL,11579,Barbara Hu,NULL
23381,NULL,4820,Bianca Hu,NULL
14160,NULL,17577,Brittney Hu,NULL
27818,NULL,16772,Candice Hu,NULL
20608,NULL,4868,Cara Hu,NULL
26969,NULL,3633,Cedric Hu,NULL
20912,NULL,11374,Christy Hu,NULL
19300,NULL,6934,Clarence Hu,NULL
12747,NULL,12293,Colleen Hu,NULL
27980,NULL,20777,Crystal Hu,NULL
27880,NULL,18273,Curtis Hu,NULL
12029,NULL,10125,Damien Hu,NULL
24868,NULL,5657,Darryl Hu,NULL
20797,NULL,12197,Dawn Hu,NULL
20600,NULL,17925,Dennis Hu,NULL
24240,NULL,13172,Edwin Hu,NULL
11481,NULL,2492,Erica Hu,NULL
25388,NULL,6490,Ernest Hu,NULL
27882,NULL,8004,Franklin Hu,NULL
28767,NULL,9085,Gilbert Hu,NULL
24897,NULL,5716,Glenn Hu,NULL
24123,NULL,2648,Heather Hu,NULL
24576,NULL,5430,Jake Hu,NULL
26772,NULL,2467,Jamie Hu,NULL
21132,NULL,18073,Jeffery Hu,NULL
16634,NULL,11472,Jenny Hu,NULL
19331,NULL,5545,Jessie Hu,NULL
25664,NULL,13568,Jon Hu,NULL
13278,NULL,18326,Jorge Hu,NULL
23691,NULL,17426,Karen Hu,NULL
16316,NULL,12087,Kelli Hu,NULL
12825,NULL,19783,Kelvin Hu,NULL
19788,NULL,2517,Kristen Hu,NULL
13012,NULL,17384,Krystal Hu,NULL
19948,NULL,12396,Lacey Hu,NULL
29203,NULL,2410,Laura Hu,NULL
11994,NULL,17475,Leah Hu,NULL
21118,NULL,2435,Lisa Hu,NULL
16187,NULL,13060,Louis Hu,NULL
26797,NULL,11188,Marshall Hu,NULL
13464,NULL,4932,Martha Hu,NULL
16541,NULL,5372,Micah Hu,NULL
28954,NULL,12718,Omar Hu,NULL
11418,NULL,12831,Rafael Hu,NULL
23439,NULL,6439,Ramon Hu,NULL
14976,NULL,18179,Randy Hu,NULL
26383,NULL,5597,Ronnie Hu,NULL
12321,NULL,4987,Rosa Hu,NULL
27817,NULL,17682,Sandra Hu,NULL
19438,NULL,2546,Shannon Hu,NULL
12696,NULL,17627,Stacey Hu,NULL
16294,NULL,6541,Steve Hu,NULL
25242,NULL,17780,Susan Hu,NULL
15004,NULL,5044,Suzanne Hu,NULL
24789,NULL,11876,Tamara Hu,NULL
20856,NULL,20687,Tiffany Hu,NULL
26951,NULL,4760,Trisha Hu,NULL
15044,NULL,17524,Valerie Hu,NULL
28372,NULL,17975,Vincent Hu,NULL
23264,NULL,12223,Warren Hu,NULL
23088,NULL,18124,Wesley Hu,NULL
23160,NULL,5797,Aimee Huang,NULL
12671,NULL,17306,Alan Huang,NULL
11464,NULL,12478,Alejandro Huang,NULL
17780,NULL,11948,Alisha Huang,NULL
12491,NULL,4414,Alvin Huang,NULL
12244,NULL,20707,Amy Huang,NULL
28952,NULL,9835,Arturo Huang,NULL
23489,NULL,5917,Autumn Huang,NULL
26442,NULL,11546,Barbara Huang,NULL
21022,NULL,4777,Bianca Huang,NULL
18220,NULL,17997,Brent Huang,NULL
24856,NULL,17798,Candice Huang,NULL
26251,NULL,3265,Cedric Huang,NULL
18647,NULL,11340,Christy Huang,NULL
19341,NULL,6583,Clarence Huang,NULL
23990,NULL,5860,Claudia Huang,NULL
20712,NULL,13431,Colin Huang,NULL
21379,NULL,12260,Colleen Huang,NULL
26023,NULL,20754,Crystal Huang,NULL
16524,NULL,6665,Damien Huang,NULL
11943,NULL,12160,Dawn Huang,NULL
11945,NULL,17894,Dennis Huang,NULL
15195,NULL,13131,Edwin Huang,NULL
11220,NULL,2477,Erica Huang,NULL
20580,NULL,6462,Ernest Huang,NULL
11001,NULL,5454,Eugene Huang,NULL
22612,NULL,7670,Franklin Huang,NULL
15927,NULL,8741,Gilbert Huang,NULL
14613,NULL,5678,Glenn Huang,NULL
26276,NULL,2632,Heather Huang,NULL
18148,NULL,12911,Jaclyn Huang,NULL
19589,NULL,5395,Jake Huang,NULL
19986,NULL,2444,Jamie Huang,NULL
25755,NULL,18045,Jeffery Huang,NULL
13817,NULL,11444,Jenny Huang,NULL
12662,NULL,5513,Jessie Huang,NULL
22508,NULL,13535,Jon Huang,NULL
17291,NULL,18293,Jorge Huang,NULL
23961,NULL,17398,Karen Huang,NULL
18933,NULL,12058,Kelli Huang,NULL
14560,NULL,16903,Kelvin Huang,NULL
25100,NULL,2503,Kristen Huang,NULL
11951,NULL,12363,Lacey Huang,NULL
18185,NULL,2390,Laura Huang,NULL
15111,NULL,17450,Leah Huang,NULL
14102,NULL,2420,Lisa Huang,NULL
23778,NULL,14155,Louis Huang,NULL
18266,NULL,5740,Mandy Huang,NULL
17070,NULL,17703,Margaret Huang,NULL
13611,NULL,10869,Marshall Huang,NULL
26408,NULL,4898,Martha Huang,NULL
25130,NULL,6560,Micah Huang,NULL
14232,NULL,12685,Omar Huang,NULL
18520,NULL,12793,Rafael Huang,NULL
13058,NULL,6403,Ramon Huang,NULL
24007,NULL,18150,Randy Huang,NULL
13778,NULL,13232,Roger Huang,NULL
20047,NULL,5570,Ronnie Huang,NULL
15181,NULL,4953,Rosa Huang,NULL
16523,NULL,17649,Sandra Huang,NULL
11515,NULL,2528,Shannon Huang,NULL
25443,NULL,17593,Stacey Huang,NULL
23974,NULL,17748,Susan Huang,NULL
25533,NULL,5006,Suzanne Huang,NULL
14053,NULL,13023,Tamara Huang,NULL
21723,NULL,2660,Tiffany Huang,NULL
12463,NULL,18199,Todd Huang,NULL
11578,NULL,4728,Trisha Huang,NULL
26745,NULL,17491,Valerie Huang,NULL
18703,NULL,17946,Vincent Huang,NULL
29320,NULL,18094,Wesley Huang,NULL
28133,NULL,13345,Willie Huang,NULL
26694,NULL,5495,Aaron Hughes,NULL
24764,NULL,3968,Abigail Hughes,NULL
19122,NULL,12193,Abigail Hughes,NULL
24546,NULL,5243,Adam Hughes,NULL
28858,NULL,12914,Aidan Hughes,NULL
20440,NULL,2813,Alexandra Hughes,NULL
27625,NULL,7620,Alexandria Hughes,NULL
21395,NULL,7111,Alexia Hughes,NULL
24081,NULL,12763,Alexis Hughes,NULL
17268,NULL,20201,Alyssa Hughes,NULL
16189,NULL,3042,Amanda Hughes,NULL
15948,NULL,7663,Angela Hughes,NULL
18477,NULL,7151,Angelica Hughes,NULL
19705,NULL,3671,Anna Hughes,NULL
15913,NULL,13207,Antonio Hughes,NULL
16888,NULL,7707,Arianna Hughes,NULL
14925,NULL,12584,Ashley Hughes,NULL
18368,NULL,6250,Austin Hughes,NULL
18318,NULL,6711,Benjamin Hughes,NULL
27247,NULL,13602,Blake Hughes,NULL
11159,NULL,19259,Brianna Hughes,NULL
14387,NULL,7195,Brittany Hughes,NULL
15910,NULL,5550,Caleb Hughes,NULL
12421,NULL,6298,Cameron Hughes,NULL
28302,NULL,6787,Caroline Hughes,NULL
23807,NULL,13253,Carson Hughes,NULL
13294,NULL,6827,Cassidy Hughes,NULL
12755,NULL,20308,Chloe Hughes,NULL
11522,NULL,6762,Christian Hughes,NULL
14488,NULL,5598,Connor Hughes,NULL
13097,NULL,13465,Dalton Hughes,NULL
26472,NULL,6664,David Hughes,NULL
18846,NULL,12957,Deb Hughes,NULL
28027,NULL,20087,Destiny Hughes,NULL
22861,NULL,13706,Devin Hughes,NULL
13951,NULL,6964,Dylan Hughes,NULL
15564,NULL,13743,Eduardo Hughes,NULL
20023,NULL,13646,Edward Hughes,NULL
25167,NULL,5899,Elijah Hughes,NULL
27029,NULL,12676,Elizabeth Hughes,NULL
18123,NULL,13001,Emily Hughes,NULL
15012,NULL,19555,Emma Hughes,NULL
28772,NULL,5291,Eric Hughes,NULL
18850,NULL,6499,Ethan Hughes,NULL
16963,NULL,7822,Faith Hughes,NULL
20120,NULL,13115,Fernando Hughes,NULL
22286,NULL,5846,Gabriel Hughes,NULL
23724,NULL,3347,Gabrielle Hughes,NULL
26044,NULL,13298,Gavin Hughes,NULL
13074,NULL,19656,Grace Hughes,NULL
17016,NULL,3200,Hailey Hughes,NULL
23127,NULL,3429,Haley Hughes,NULL
14035,NULL,6049,Hunter Hughes,NULL
21399,NULL,13880,Ian Hughes,NULL
23048,NULL,2577,Isabella Hughes,NULL
24429,NULL,7517,Isabelle Hughes,NULL
16677,NULL,5193,Jack Hughes,NULL
27456,NULL,5338,Jackson Hughes,NULL
26277,NULL,7747,Jacqueline Hughes,NULL
21495,NULL,6365,James Hughes,NULL
27628,NULL,19859,Jasmine Hughes,NULL
12952,NULL,20521,Jennifer Hughes,NULL
19161,NULL,13518,Jeremiah Hughes,NULL
23668,NULL,3521,Jessica Hughes,NULL
20013,NULL,7242,Jocelyn Hughes,NULL
22282,NULL,6409,Jonathan Hughes,NULL
26244,NULL,5150,Jordan Hughes,NULL
24440,NULL,6872,Jordyn Hughes,NULL
26175,NULL,6207,Jose Hughes,NULL
25061,NULL,20409,Julia Hughes,NULL
11722,NULL,13337,Julian Hughes,NULL
18122,NULL,6613,Justin Hughes,NULL
20339,NULL,20625,Kaitlyn Hughes,NULL
18845,NULL,2971,Katherine Hughes,NULL
14982,NULL,12720,Kayla Hughes,NULL
26272,NULL,7553,Kelly Hughes,NULL
25354,NULL,5805,Kevin Hughes,NULL
23109,NULL,19049,Lauren Hughes,NULL
22519,NULL,6458,Logan Hughes,NULL
26657,NULL,13925,Lucas Hughes,NULL
13084,NULL,5442,Luis Hughes,NULL
27014,NULL,5650,Luke Hughes,NULL
14426,NULL,13087,Madison Hughes,NULL
17438,NULL,13834,Marcus Hughes,NULL
25402,NULL,3276,Maria Hughes,NULL
24435,NULL,8092,Mariah Hughes,NULL
24726,NULL,7072,Marissa Hughes,NULL
13947,NULL,19152,Megan Hughes,NULL
11985,NULL,8130,Melanie Hughes,NULL
14106,NULL,7338,Melissa Hughes,NULL
26678,NULL,7282,Miranda Hughes,NULL
11642,NULL,20730,Morgan Hughes,NULL
26344,NULL,2737,Natalie Hughes,NULL
12113,NULL,5951,Nathan Hughes,NULL
27620,NULL,19972,Nicole Hughes,NULL
14005,NULL,6101,Noah Hughes,NULL
12872,NULL,19355,Olivia Hughes,NULL
22590,NULL,13381,Oscar Hughes,NULL
17980,NULL,7786,Paige Hughes,NULL
15401,NULL,19768,Rachel Hughes,NULL
25382,NULL,13786,Richard Hughes,NULL
29284,NULL,7375,Riley Hughes,NULL
23588,NULL,6557,Ryan Hughes,NULL
27215,NULL,12536,Samantha Hughes,NULL
28167,NULL,6002,Samuel Hughes,NULL
24946,NULL,12631,Sarah Hughes,NULL
25914,NULL,13969,Seth Hughes,NULL
17591,NULL,13155,Spencer Hughes,NULL
26316,NULL,3121,Stephanie Hughes,NULL
14285,NULL,3595,Taylor Hughes,NULL
17420,NULL,5699,Thomas Hughes,NULL
13552,NULL,12835,Trevor Hughes,NULL
11477,NULL,12874,Tristan Hughes,NULL
29038,NULL,7408,Vanessa Hughes,NULL
19112,NULL,19454,Victoria Hughes,NULL
26872,NULL,13683,Wyatt Hughes,NULL
12203,NULL,7024,Zachary Hughes,NULL
16116,NULL,13415,Begoña Hurtado,NULL
13732,NULL,12051,Julian Isla,NULL
28793,NULL,18298,Alexander Jackson,NULL
24184,NULL,10719,Alexandra Jackson,NULL
11524,NULL,11540,Alyssa Jackson,NULL
20479,NULL,18887,Andrew Jackson,NULL
20364,NULL,11596,Anna Jackson,NULL
26674,NULL,12427,Ashley Jackson,NULL
13570,NULL,18161,Benjamin Jackson,NULL
28821,NULL,4160,Blake Jackson,NULL
13342,NULL,18288,Brandon Jackson,NULL
15377,NULL,11723,Brianna Jackson,NULL
24752,NULL,17463,Cameron Jackson,NULL
11277,NULL,4855,Charles Jackson,NULL
23864,NULL,11588,Chloe Jackson,NULL
27623,NULL,18154,Christian Jackson,NULL
19768,NULL,18142,Christopher Jackson,NULL
28125,NULL,4469,Dalton Jackson,NULL
21270,NULL,18648,Daniel Jackson,NULL
20412,NULL,18009,David Jackson,NULL
20529,NULL,11496,Destiny Jackson,NULL
15836,NULL,4929,Devin Jackson,NULL
18832,NULL,18501,Dylan Jackson,NULL
11749,NULL,5018,Eduardo Jackson,NULL
29042,NULL,4245,Edward Jackson,NULL
16837,NULL,11919,Elizabeth Jackson,NULL
25092,NULL,12243,Emily Jackson,NULL
16922,NULL,11865,Emma Jackson,NULL
23274,NULL,17940,Ethan Jackson,NULL
15328,NULL,3855,Fernando Jackson,NULL
15006,NULL,11312,Grace Jackson,NULL
13143,NULL,12288,Hannah Jackson,NULL
12168,NULL,17067,Hunter Jackson,NULL
22038,NULL,11230,Isabella Jackson,NULL
26302,NULL,17615,James Jackson,NULL
13295,NULL,11401,Jasmine Jackson,NULL
13403,NULL,11096,Jennifer Jackson,NULL
18400,NULL,3996,Jeremiah Jackson,NULL
27443,NULL,12100,Jessica Jackson,NULL
15431,NULL,18345,John Jackson,NULL
14255,NULL,17691,Jonathan Jackson,NULL
27538,NULL,17359,José Jackson,NULL
23592,NULL,18934,Joseph Jackson,NULL
17235,NULL,18785,Joshua Jackson,NULL
22067,NULL,11054,Julia Jackson,NULL
14392,NULL,17927,Justin Jackson,NULL
27293,NULL,11137,Kaitlyn Jackson,NULL
22758,NULL,10821,Katherine Jackson,NULL
20060,NULL,11965,Kayla Jackson,NULL
24767,NULL,11639,Lauren Jackson,NULL
21751,NULL,17762,Logan Jackson,NULL
25481,NULL,4790,Lucas Jackson,NULL
19128,NULL,12331,Madison Jackson,NULL
23835,NULL,4621,Marcus Jackson,NULL
20493,NULL,18839,Matthew Jackson,NULL
12794,NULL,11684,Megan Jackson,NULL
23275,NULL,4085,Miguel Jackson,NULL
19878,NULL,11185,Morgan Jackson,NULL
19749,NULL,11272,Natalie Jackson,NULL
22784,NULL,18998,Nicholas Jackson,NULL
16787,NULL,11452,Nicole Jackson,NULL
23740,NULL,17197,Noah Jackson,NULL
27681,NULL,11766,Olivia Jackson,NULL
20293,NULL,11352,Rachel Jackson,NULL
20410,NULL,5095,Richard Jackson,NULL
21323,NULL,17204,Robert Jackson,NULL
26260,NULL,18000,Ryan Jackson,NULL
25074,NULL,12379,Samantha Jackson,NULL
18413,NULL,17845,Samuel Jackson,NULL
11779,NULL,12475,Sarah Jackson,NULL
12520,NULL,4313,Seth Jackson,NULL
29282,NULL,12148,Taylor Jackson,NULL
20368,NULL,17424,Thomas Jackson,NULL
17042,NULL,18373,Tyler Jackson,NULL
27019,NULL,11813,Victoria Jackson,NULL
21579,NULL,3771,Wyatt Jackson,NULL
16868,NULL,4391,Xavier Jackson,NULL
26681,NULL,18560,Zachary Jackson,NULL
23170,NULL,5533,Aaron Jai,NULL
25095,NULL,5273,Adam Jai,NULL
14973,NULL,19792,Alicia Jai,NULL
23657,NULL,16653,Alison Jai,NULL
19599,NULL,5072,Alvin Jai,NULL
24841,NULL,5077,Andres Jai,NULL
15660,NULL,20544,April Jai,NULL
24180,NULL,10486,Arturo Jai,NULL
11925,NULL,8958,Ashlee Jai,NULL
23188,NULL,6289,Austin Jai,NULL
11782,NULL,11607,Barbara Jai,NULL
20466,NULL,6748,Benjamin Jai,NULL
24834,NULL,17280,Bethany Jai,NULL
11977,NULL,3698,Bonnie Jai,NULL
18267,NULL,9396,Brad Jai,NULL
12204,NULL,20296,Bradley Jai,NULL
13716,NULL,6945,Brandon Jai,NULL
26755,NULL,9344,Brendan Jai,NULL
13548,NULL,8583,Bridget Jai,NULL
22918,NULL,9173,Calvin Jai,NULL
13361,NULL,6339,Cameron Jai,NULL
27597,NULL,16960,Carl Jai,NULL
22986,NULL,4505,Carly Jai,NULL
22560,NULL,16297,Casey Jai,NULL
28491,NULL,8896,Cassie Jai,NULL
11672,NULL,20340,Chad Jai,NULL
14814,NULL,19878,Christine Jai,NULL
26979,NULL,11404,Christy Jai,NULL
18010,NULL,7236,Clarence Jai,NULL
12339,NULL,12646,Clayton Jai,NULL
12138,NULL,13496,Colin Jai,NULL
23831,NULL,12329,Colleen Jai,NULL
27253,NULL,5630,Connor Jai,NULL
29363,NULL,8737,Cristina Jai,NULL
14806,NULL,13246,Damien Jai,NULL
20951,NULL,9571,Darrell Jai,NULL
23483,NULL,6694,David Jai,NULL
15356,NULL,12224,Dawn Jai,NULL
13613,NULL,20249,Derek Jai,NULL
22978,NULL,4322,Devon Jai,NULL
21562,NULL,9222,Drew Jai,NULL
28569,NULL,2564,Dustin Jai,NULL
23128,NULL,7005,Dylan Jai,NULL
16921,NULL,13196,Edwin Jai,NULL
23443,NULL,5380,Elijah Jai,NULL
16153,NULL,5324,Eric Jai,NULL
15217,NULL,6537,Ethan Jai,NULL
28886,NULL,8320,Franklin Jai,NULL
28590,NULL,5886,Gabriel Jai,NULL
21185,NULL,9419,Gilbert Jai,NULL
24200,NULL,9287,Grant Jai,NULL
16342,NULL,2589,Gregory Jai,NULL
28272,NULL,6084,Hunter Jai,NULL
26327,NULL,5228,Jack Jai,NULL
13355,NULL,4834,Jackson Jai,NULL
13470,NULL,12981,Jaclyn Jai,NULL
24894,NULL,9455,Jaime Jai,NULL
13211,NULL,6398,James Jai,NULL
27971,NULL,4706,Jodi Jai,NULL
14082,NULL,17058,Johnny Jai,NULL
21321,NULL,12435,Jon Jai,NULL
24962,NULL,6442,Jonathan Jai,NULL
26476,NULL,5181,Jordan Jai,NULL
12944,NULL,5683,Jose Jai,NULL
20808,NULL,19957,Julie Jai,NULL
14962,NULL,6649,Justin Jai,NULL
29201,NULL,16559,Kara Jai,NULL
21665,NULL,5145,Karl Jai,NULL
18263,NULL,3505,Karla Jai,NULL
14706,NULL,4601,Kate Jai,NULL
23546,NULL,19918,Kathryn Jai,NULL
13044,NULL,16341,Katrina Jai,NULL
21054,NULL,20503,Keith Jai,NULL
22530,NULL,12123,Kelli Jai,NULL
27837,NULL,16515,Kelsey Jai,NULL
25796,NULL,2819,Kelvin Jai,NULL
16202,NULL,2616,Kenneth Jai,NULL
19836,NULL,5834,Kevin Jai,NULL
15085,NULL,20582,Kristin Jai,NULL
12723,NULL,4153,Kurt Jai,NULL
25400,NULL,5786,Kyle Jai,NULL
11371,NULL,11293,Lacey Jai,NULL
21229,NULL,16388,Latoya Jai,NULL
26282,NULL,5211,Leonard Jai,NULL
17718,NULL,19831,Lindsay Jai,NULL
23971,NULL,20664,Lindsey Jai,NULL
12031,NULL,5932,Logan Jai,NULL
18320,NULL,5480,Luis Jai,NULL
28981,NULL,5136,Luke Jai,NULL
15532,NULL,11507,Marshall Jai,NULL
22932,NULL,9068,Maurice Jai,NULL
27722,NULL,4377,Melvin Jai,NULL
21225,NULL,8405,Michele Jai,NULL
12209,NULL,4552,Mindy Jai,NULL
17935,NULL,16469,Misty Jai,NULL
13546,NULL,17140,Mitchell Jai,NULL
20378,NULL,5988,Nathan Jai,NULL
28348,NULL,16607,Nichole Jai,NULL
21671,NULL,5269,Nicolas Jai,NULL
15708,NULL,4444,Nina Jai,NULL
25974,NULL,6137,Noah Jai,NULL
23756,NULL,12752,Omar Jai,NULL
13686,NULL,20422,Peter Jai,NULL
17323,NULL,12866,Rafael Jai,NULL
21720,NULL,9517,Raul Jai,NULL
14373,NULL,17008,Ricardo Jai,NULL
21492,NULL,6192,Robert Jai,NULL
27003,NULL,13302,Roger Jai,NULL
13873,NULL,16860,Russell Jai,NULL
15871,NULL,6594,Ryan Jai,NULL
16358,NULL,6033,Samuel Jai,NULL
24999,NULL,17095,Shaun Jai,NULL
25501,NULL,20382,Shawn Jai,NULL
17750,NULL,3577,Shawna Jai,NULL
28686,NULL,8682,Sheena Jai,NULL
27363,NULL,19998,Tara Jai,NULL
19771,NULL,8629,Tasha Jai,NULL
27956,NULL,4262,Terrence Jai,NULL
18046,NULL,17236,Terry Jai,NULL
12904,NULL,5736,Thomas Jai,NULL
15027,NULL,4207,Tommy Jai,NULL
20503,NULL,17185,Tony Jai,NULL
17783,NULL,16425,Tracy Jai,NULL
16483,NULL,19122,Warren Jai,NULL
26388,NULL,9121,Wayne Jai,NULL
23637,NULL,3634,Yolanda Jai,NULL
18732,NULL,6486,Zachary Jai,NULL
24497,NULL,3944,Abigail James,NULL
25340,NULL,14020,Adrian James,NULL
27397,NULL,14593,Alex James,NULL
24334,NULL,8366,Alexa James,NULL
12822,NULL,2788,Alexandra James,NULL
28604,NULL,8356,Allison James,NULL
21794,NULL,20154,Alyssa James,NULL
22345,NULL,3016,Amanda James,NULL
28023,NULL,8358,Andrea James,NULL
23690,NULL,14589,Angel James,NULL
11153,NULL,8391,Angela James,NULL
20338,NULL,3646,Anna James,NULL
23282,NULL,8369,Ariana James,NULL
25799,NULL,8392,Arianna James,NULL
22972,NULL,8343,Bailey James,NULL
21774,NULL,14004,Brian James,NULL
17010,NULL,19223,Brianna James,NULL
18745,NULL,8375,Brooke James,NULL
13431,NULL,14015,Bryan James,NULL
13466,NULL,14005,Bryce James,NULL
15503,NULL,8370,Caitlin James,NULL
28355,NULL,14588,Carlos James,NULL
24632,NULL,8360,Catherine James,NULL
28523,NULL,14025,Charles James,NULL
25909,NULL,14008,Chase James,NULL
17409,NULL,8367,Christina James,NULL
26339,NULL,20268,Cindy James,NULL
12176,NULL,14022,Cody James,NULL
20411,NULL,14013,Cole James,NULL
25084,NULL,14042,Dalton James,NULL
12978,NULL,8361,Danielle James,NULL
11788,NULL,20045,Destiny James,NULL
20031,NULL,14026,Devin James,NULL
23702,NULL,14027,Eduardo James,NULL
12781,NULL,19522,Emma James,NULL
16237,NULL,8383,Erin James,NULL
11119,NULL,14595,Evan James,NULL
15608,NULL,8397,Faith James,NULL
22594,NULL,8347,Gabriella James,NULL
12725,NULL,3321,Gabrielle James,NULL
12443,NULL,14016,Garrett James,NULL
17471,NULL,19623,Grace James,NULL
25970,NULL,3171,Hailey James,NULL
15899,NULL,14034,Ian James,NULL
18640,NULL,14598,Isaac James,NULL
17132,NULL,2452,Isabella James,NULL
14630,NULL,14590,Isaiah James,NULL
17209,NULL,8394,Jacqueline James,NULL
26400,NULL,8384,Jade James,NULL
13731,NULL,8350,Jan James,NULL
15504,NULL,14014,Jared James,NULL
17170,NULL,19826,Jasmine James,NULL
29164,NULL,20476,Jennifer James,NULL
11661,NULL,14047,Jeremiah James,NULL
23473,NULL,14604,Jesse James,NULL
19840,NULL,3494,Jessica James,NULL
13458,NULL,3402,Joan James,NULL
23267,NULL,14009,Juan James,NULL
24975,NULL,20370,Julia James,NULL
15562,NULL,20590,Kaitlyn James,NULL
29207,NULL,8352,Katelyn James,NULL
28178,NULL,2940,Katherine James,NULL
23214,NULL,8355,Kaylee James,NULL
18881,NULL,8377,Kimberly James,NULL
28815,NULL,3718,Lauren James,NULL
27056,NULL,8345,Mackenzie James,NULL
29258,NULL,8378,Makayla James,NULL
23719,NULL,14031,Marcus James,NULL
16243,NULL,3248,Maria James,NULL
19104,NULL,8388,Mariah James,NULL
25360,NULL,14596,Mason James,NULL
18891,NULL,19114,Megan James,NULL
17546,NULL,8389,Melanie James,NULL
13093,NULL,8371,Michelle James,NULL
23245,NULL,20696,Morgan James,NULL
21902,NULL,2712,Natalie James,NULL
11867,NULL,14007,Nathaniel James,NULL
16078,NULL,19933,Nicole James,NULL
16755,NULL,19331,Olivia James,NULL
26884,NULL,8395,Paige James,NULL
19875,NULL,14003,Patrick James,NULL
21077,NULL,19728,Rachel James,NULL
15760,NULL,14030,Richard James,NULL
26124,NULL,8398,Riley James,NULL
19802,NULL,8348,Sara James,NULL
23265,NULL,8354,Savannah James,NULL
22068,NULL,14605,Sean James,NULL
28770,NULL,14010,Sebastian James,NULL
20272,NULL,14038,Seth James,NULL
20112,NULL,8380,Shelby James,NULL
19699,NULL,3094,Stephanie James,NULL
24942,NULL,14018,Steven James,NULL
14104,NULL,2860,Sydney James,NULL
23451,NULL,3570,Taylor James,NULL
21331,NULL,14606,Timothy James,NULL
15161,NULL,8381,Trinity James,NULL
18342,NULL,19415,Victoria James,NULL
28595,NULL,14039,Xavier James,NULL
14611,NULL,8363,Zoe James,NULL
20497,NULL,12799,Francisco Javier Castrejón,NULL
21240,NULL,5489,Aaron Jenkins,NULL
15473,NULL,3962,Abigail Jenkins,NULL
18633,NULL,5236,Adam Jenkins,NULL
23030,NULL,12907,Aidan Jenkins,NULL
11632,NULL,2806,Alexandra Jenkins,NULL
19841,NULL,7613,Alexandria Jenkins,NULL
28294,NULL,12754,Alexis Jenkins,NULL
27755,NULL,20190,Alyssa Jenkins,NULL
15214,NULL,3035,Amanda Jenkins,NULL
15722,NULL,7655,Angela Jenkins,NULL
20524,NULL,7139,Angelica Jenkins,NULL
17234,NULL,3664,Anna Jenkins,NULL
22793,NULL,13198,Antonio Jenkins,NULL
20102,NULL,7699,Arianna Jenkins,NULL
21091,NULL,12573,Ashley Jenkins,NULL
15748,NULL,6243,Austin Jenkins,NULL
28907,NULL,13594,Blake Jenkins,NULL
20117,NULL,6899,Brandon Jenkins,NULL
27455,NULL,19248,Brianna Jenkins,NULL
14184,NULL,5540,Caleb Jenkins,NULL
28624,NULL,13242,Carson Jenkins,NULL
22482,NULL,6818,Cassidy Jenkins,NULL
13979,NULL,20294,Chloe Jenkins,NULL
13183,NULL,6754,Christian Jenkins,NULL
20800,NULL,5592,Connor Jenkins,NULL
20679,NULL,12948,Dakota Jenkins,NULL
23203,NULL,13458,Dalton Jenkins,NULL
17941,NULL,6655,David Jenkins,NULL
17521,NULL,20072,Destiny Jenkins,NULL
22383,NULL,13699,Devin Jenkins,NULL
15773,NULL,6954,Dylan Jenkins,NULL
24753,NULL,13734,Eduardo Jenkins,NULL
28725,NULL,13637,Edward Jenkins,NULL
17276,NULL,5891,Elijah Jenkins,NULL
14166,NULL,12665,Elizabeth Jenkins,NULL
26676,NULL,12994,Emily Jenkins,NULL
24854,NULL,19548,Emma Jenkins,NULL
26705,NULL,5281,Eric Jenkins,NULL
27431,NULL,6492,Ethan Jenkins,NULL
21630,NULL,7814,Faith Jenkins,NULL
21903,NULL,13107,Fernando Jenkins,NULL
27234,NULL,5840,Gabriel Jenkins,NULL
21659,NULL,3338,Gabrielle Jenkins,NULL
28033,NULL,13287,Gavin Jenkins,NULL
29143,NULL,19646,Grace Jenkins,NULL
23167,NULL,3190,Hailey Jenkins,NULL
22337,NULL,3420,Haley Jenkins,NULL
20401,NULL,13034,Hannah Jenkins,NULL
21476,NULL,6037,Hunter Jenkins,NULL
11013,NULL,13873,Ian Jenkins,NULL
11796,NULL,7476,Isabel Jenkins,NULL
23891,NULL,5187,Jack Jenkins,NULL
26280,NULL,5330,Jackson Jenkins,NULL
23693,NULL,7739,Jacqueline Jenkins,NULL
25078,NULL,6346,James Jenkins,NULL
18935,NULL,19849,Jasmine Jenkins,NULL
12059,NULL,5384,Jason Jenkins,NULL
29237,NULL,20509,Jennifer Jenkins,NULL
26170,NULL,13509,Jeremiah Jenkins,NULL
16850,NULL,3513,Jessica Jenkins,NULL
16155,NULL,7181,Joan Jenkins,NULL
22290,NULL,7233,Jocelyn Jenkins,NULL
24107,NULL,6404,Jonathan Jenkins,NULL
22788,NULL,5142,Jordan Jenkins,NULL
25962,NULL,6863,Jordyn Jenkins,NULL
14749,NULL,6198,Jose Jenkins,NULL
19156,NULL,20397,Julia Jenkins,NULL
16099,NULL,13328,Julian Jenkins,NULL
17693,NULL,6605,Justin Jenkins,NULL
14298,NULL,20618,Kaitlyn Jenkins,NULL
22364,NULL,2961,Katherine Jenkins,NULL
14777,NULL,12712,Kayla Jenkins,NULL
12144,NULL,7546,Kelly Jenkins,NULL
19868,NULL,5741,Kyle Jenkins,NULL
14610,NULL,19041,Lauren Jenkins,NULL
14449,NULL,6450,Logan Jenkins,NULL
23338,NULL,13918,Lucas Jenkins,NULL
28614,NULL,5434,Luis Jenkins,NULL
26084,NULL,5640,Luke Jenkins,NULL
19925,NULL,13079,Madison Jenkins,NULL
22013,NULL,13825,Marcus Jenkins,NULL
12068,NULL,3271,Maria Jenkins,NULL
20530,NULL,8084,Mariah Jenkins,NULL
12074,NULL,19144,Megan Jenkins,NULL
17138,NULL,8123,Melanie Jenkins,NULL
15997,NULL,7331,Melissa Jenkins,NULL
25166,NULL,13551,Miguel Jenkins,NULL
13387,NULL,7274,Miranda Jenkins,NULL
22991,NULL,20717,Morgan Jenkins,NULL
18511,NULL,7308,Mya Jenkins,NULL
13312,NULL,2729,Natalie Jenkins,NULL
12286,NULL,5940,Nathan Jenkins,NULL
25076,NULL,19963,Nicole Jenkins,NULL
24379,NULL,6091,Noah Jenkins,NULL
19166,NULL,19350,Olivia Jenkins,NULL
24416,NULL,13374,Oscar Jenkins,NULL
18225,NULL,7778,Paige Jenkins,NULL
15317,NULL,19758,Rachel Jenkins,NULL
15546,NULL,6143,Robert Jenkins,NULL
15971,NULL,6547,Ryan Jenkins,NULL
11331,NULL,12526,Samantha Jenkins,NULL
26045,NULL,5994,Samuel Jenkins,NULL
24153,NULL,13958,Seth Jenkins,NULL
14862,NULL,13147,Spencer Jenkins,NULL
21470,NULL,3112,Stephanie Jenkins,NULL
21303,NULL,2879,Sydney Jenkins,NULL
22791,NULL,3587,Taylor Jenkins,NULL
17167,NULL,5689,Thomas Jenkins,NULL
11313,NULL,12824,Trevor Jenkins,NULL
14786,NULL,12868,Tristan Jenkins,NULL
13381,NULL,7401,Vanessa Jenkins,NULL
25428,NULL,19442,Victoria Jenkins,NULL
27987,NULL,13675,Wyatt Jenkins,NULL
22537,NULL,13404,Xavier Jenkins,NULL
17665,NULL,7013,Zachary Jenkins,NULL
20935,NULL,13844,Desiree Jimenez,NULL
17776,NULL,18647,Diana Jimenez,NULL
20979,NULL,15466,Diane Jimenez,NULL
14834,NULL,9680,Ebony Jimenez,NULL
21989,NULL,19272,Erik Jimenez,NULL
11075,NULL,14267,Felicia Jimenez,NULL
11495,NULL,2416,Francis Jimenez,NULL
21067,NULL,19318,Frank Jimenez,NULL
16609,NULL,19022,Gary Jimenez,NULL
23963,NULL,10763,Gerald Jimenez,NULL
26257,NULL,14707,Hector Jimenez,NULL
14304,NULL,6348,Jacquelyn Jimenez,NULL
29095,NULL,12410,Jaime Jimenez,NULL
28333,NULL,7049,Jaime Jimenez,NULL
26825,NULL,14646,Jamie Jimenez,NULL
17112,NULL,6230,Janet Jimenez,NULL
11344,NULL,5432,Jessie Jimenez,NULL
11028,NULL,15088,Jill Jimenez,NULL
27365,NULL,15637,Jimmy Jimenez,NULL
19071,NULL,11043,Joe Jimenez,NULL
24084,NULL,14477,Jonathon Jimenez,NULL
28312,NULL,13981,Joy Jimenez,NULL
24005,NULL,6996,Julio Jimenez,NULL
26654,NULL,18559,Kathleen Jimenez,NULL
21287,NULL,15138,Kendra Jimenez,NULL
18257,NULL,14216,Krista Jimenez,NULL
23299,NULL,14322,Kristy Jimenez,NULL
29466,NULL,14849,Lance Jimenez,NULL
26363,NULL,18422,Larry Jimenez,NULL
13121,NULL,6130,Latasha Jimenez,NULL
21068,NULL,14437,Lawrence Jimenez,NULL
25494,NULL,14398,Lee Jimenez,NULL
21666,NULL,18516,Leslie Jimenez,NULL
13767,NULL,13803,Linda Jimenez,NULL
21024,NULL,14100,Lori Jimenez,NULL
24727,NULL,7152,Mallory Jimenez,NULL
16379,NULL,15686,Marc Jimenez,NULL
24176,NULL,10099,Marie Jimenez,NULL
13568,NULL,2681,Max Jimenez,NULL
16536,NULL,18787,Meghan Jimenez,NULL
15649,NULL,14053,Melinda Jimenez,NULL
14066,NULL,16833,Melody Jimenez,NULL
13547,NULL,9006,Michele Jimenez,NULL
28391,NULL,13760,Monique Jimenez,NULL
24922,NULL,17303,Naomi Jimenez,NULL
22151,NULL,6844,Neil Jimenez,NULL
14697,NULL,19170,Nelson Jimenez,NULL
26721,NULL,14975,Paula Jimenez,NULL
22498,NULL,11693,Pedro Jimenez,NULL
19837,NULL,19186,Philip Jimenez,NULL
14778,NULL,15001,Renee Jimenez,NULL
19895,NULL,15582,Ricky Jimenez,NULL
12861,NULL,12955,Robyn Jimenez,NULL
12476,NULL,13667,Rodney Jimenez,NULL
12334,NULL,11154,Roy Jimenez,NULL
20895,NULL,11255,Ruben Jimenez,NULL
17995,NULL,14167,Sabrina Jimenez,NULL
15932,NULL,10428,Tabitha Jimenez,NULL
19970,NULL,14012,Tanya Jimenez,NULL
24372,NULL,15191,Teresa Jimenez,NULL
27254,NULL,6725,Theodore Jimenez,NULL
19240,NULL,13891,Theresa Jimenez,NULL
24845,NULL,6789,Tyrone Jimenez,NULL
11461,NULL,19233,Victor Jimenez,NULL
17232,NULL,14690,Walter Jimenez,NULL
24512,NULL,7108,Adrienne Jiménez,NULL
12389,NULL,14898,Albert Jiménez,NULL
15215,NULL,6611,Alberto Jiménez,NULL
15430,NULL,2790,Alfredo Jiménez,NULL
25538,NULL,2733,Andy Jiménez,NULL
27012,NULL,14362,Anne Jiménez,NULL
20982,NULL,10953,Arthur Jiménez,NULL
11120,NULL,6073,Beth Jiménez,NULL
19277,NULL,15737,Billy Jiménez,NULL
24378,NULL,18475,Brandi Jiménez,NULL
28118,NULL,13470,Briana Jiménez,NULL
23640,NULL,10855,Bruce Jiménez,NULL
16026,NULL,19594,Byron Jiménez,NULL
23932,NULL,17857,Carrie Jiménez,NULL
22438,NULL,19146,Casey Jiménez,NULL
17198,NULL,6180,Cheryl Jiménez,NULL
27893,NULL,14611,Clinton Jiménez,NULL
13406,NULL,19058,Craig Jiménez,NULL
21944,NULL,5901,Daisy Jiménez,NULL
19257,NULL,18831,Dana Jiménez,NULL
16252,NULL,14751,Danny Jiménez,NULL
28931,NULL,10215,Darren Jiménez,NULL
28115,NULL,9784,Deanna Jiménez,NULL
17890,NULL,19101,Derrick Jiménez,NULL
17106,NULL,15049,Gina Jiménez,NULL
22687,NULL,13624,Javier Jiménez,NULL
21283,NULL,18735,Orlando Jiménez,NULL
26841,NULL,14796,Roberto Jiménez,NULL
28935,NULL,6667,Eddie Johnsen,NULL
28367,NULL,7696,Jerome Johnsen,NULL
26670,NULL,16900,Jerry Johnsen,NULL
26587,NULL,16811,Mario Johnsen,NULL
22514,NULL,6893,Marvin Johnsen,NULL
12278,NULL,10633,Meredith Johnsen,NULL
19919,NULL,9890,Rebekah Johnsen,NULL
19618,NULL,11805,Ross Johnsen,NULL
15218,NULL,13398,Willie Johnsen,NULL
15936,NULL,12034,Abigail Johnson,NULL
15274,NULL,18089,Alexander Johnson,NULL
27435,NULL,10697,Alexandra Johnson,NULL
16075,NULL,11991,Alexis Johnson,NULL
28592,NULL,11523,Alyssa Johnson,NULL
26294,NULL,18867,Andrew Johnson,NULL
28126,NULL,12173,Anna Johnson,NULL
27022,NULL,18554,Anthony Johnson,NULL
14411,NULL,12408,Ashley Johnson,NULL
11821,NULL,18122,Austin Johnson,NULL
22296,NULL,18159,Benjamin Johnson,NULL
28672,NULL,4142,Blake Johnson,NULL
25891,NULL,18427,Brandon Johnson,NULL
17319,NULL,11708,Brianna Johnson,NULL
13720,NULL,17617,Cameron Johnson,NULL
20617,NULL,11565,Chloe Johnson,NULL
26082,NULL,17964,Christian Johnson,NULL
11979,NULL,18663,Christopher Johnson,NULL
21917,NULL,4454,Dalton Johnson,NULL
11051,NULL,18655,Daniel Johnson,NULL
17713,NULL,18120,David Johnson,NULL
12977,NULL,11479,Destiny Johnson,NULL
15985,NULL,4912,Devin Johnson,NULL
21852,NULL,4998,Eduardo Johnson,NULL
23279,NULL,4220,Edward Johnson,NULL
11004,NULL,11901,Elizabeth Johnson,NULL
11085,NULL,12219,Emily Johnson,NULL
15136,NULL,11847,Emma Johnson,NULL
18547,NULL,17796,Ethan Johnson,NULL
12023,NULL,3834,Fernando Johnson,NULL
18093,NULL,11295,Grace Johnson,NULL
25763,NULL,12269,Hannah Johnson,NULL
27549,NULL,17883,Hunter Johnson,NULL
21732,NULL,4686,Ian Johnson,NULL
28170,NULL,11208,Isabella Johnson,NULL
28069,NULL,18675,Jacob Johnson,NULL
23498,NULL,17583,James Johnson,NULL
22293,NULL,11384,Jasmine Johnson,NULL
24355,NULL,11079,Jennifer Johnson,NULL
14446,NULL,4532,Jeremiah Johnson,NULL
13063,NULL,12078,Jessica Johnson,NULL
27840,NULL,18223,John Johnson,NULL
22059,NULL,17671,Jonathan Johnson,NULL
16100,NULL,17207,Jose Johnson,NULL
24393,NULL,18909,Joseph Johnson,NULL
20939,NULL,18759,Joshua Johnson,NULL
15995,NULL,11117,Kaitlyn Johnson,NULL
16062,NULL,10800,Katherine Johnson,NULL
27642,NULL,11942,Kayla Johnson,NULL
23349,NULL,11617,Lauren Johnson,NULL
22931,NULL,17588,Logan Johnson,NULL
13509,NULL,4772,Lucas Johnson,NULL
15530,NULL,12314,Madison Johnson,NULL
18960,NULL,4602,Marcus Johnson,NULL
28857,NULL,18812,Matthew Johnson,NULL
21161,NULL,11666,Megan Johnson,NULL
26275,NULL,4061,Miguel Johnson,NULL
12011,NULL,11165,Morgan Johnson,NULL
23816,NULL,11253,Natalie Johnson,NULL
11178,NULL,17696,Nathan Johnson,NULL
20867,NULL,17279,Noah Johnson,NULL
20197,NULL,11747,Olivia Johnson,NULL
18419,NULL,11336,Rachel Johnson,NULL
18436,NULL,5078,Richard Johnson,NULL
25527,NULL,17349,Robert Johnson,NULL
24232,NULL,17971,Ryan Johnson,NULL
13276,NULL,12458,Sarah Johnson,NULL
24500,NULL,4292,Seth Johnson,NULL
19571,NULL,10744,Sydney Johnson,NULL
16047,NULL,12129,Taylor Johnson,NULL
22593,NULL,17339,Thomas Johnson,NULL
12932,NULL,18474,Tyler Johnson,NULL
28681,NULL,11793,Victoria Johnson,NULL
26677,NULL,18383,William Johnson,NULL
17157,NULL,3753,Wyatt Johnson,NULL
23255,NULL,4376,Xavier Johnson,NULL
27509,NULL,18260,Zachary Johnson,NULL
16727,NULL,4838,Charles Johnston,NULL
17296,NULL,13972,Joanna Johnston,NULL
15837,NULL,11030,Julia Johnston,NULL
28791,NULL,13777,Richard Johnston,NULL
24644,NULL,17750,Samuel Johnston,NULL
20587,NULL,20000,Shannon Johnston,NULL
18492,NULL,11904,Tamara Johnston,NULL
11681,NULL,12038,Abigail Jones,NULL
20021,NULL,18130,Alexander Jones,NULL
20202,NULL,10702,Alexandra Jones,NULL
12179,NULL,11995,Alexis Jones,NULL
28199,NULL,11524,Alyssa Jones,NULL
16594,NULL,18869,Andrew Jones,NULL
29045,NULL,12175,Anna Jones,NULL
13461,NULL,18595,Anthony Jones,NULL
11228,NULL,12412,Ashley Jones,NULL
21466,NULL,18172,Austin Jones,NULL
22183,NULL,17906,Benjamin Jones,NULL
23508,NULL,4144,Blake Jones,NULL
28145,NULL,18433,Brandon Jones,NULL
25546,NULL,11711,Brianna Jones,NULL
13899,NULL,17619,Cameron Jones,NULL
22882,NULL,4842,Charles Jones,NULL
20838,NULL,11569,Chloe Jones,NULL
18423,NULL,17991,Christian Jones,NULL
14512,NULL,18670,Christopher Jones,NULL
18951,NULL,4457,Dalton Jones,NULL
14721,NULL,18659,Daniel Jones,NULL
20866,NULL,18128,David Jones,NULL
15171,NULL,11481,Destiny Jones,NULL
27742,NULL,4915,Devin Jones,NULL
17392,NULL,18484,Dylan Jones,NULL
28075,NULL,4225,Edward Jones,NULL
11265,NULL,11905,Elizabeth Jones,NULL
16659,NULL,12222,Emily Jones,NULL
24261,NULL,11852,Emma Jones,NULL
13051,NULL,17834,Ethan Jones,NULL
11853,NULL,11299,Grace Jones,NULL
23020,NULL,12272,Hannah Jones,NULL
16498,NULL,17892,Hunter Jones,NULL
24515,NULL,4691,Ian Jones,NULL
19778,NULL,11210,Isabella Jones,NULL
23212,NULL,17596,James Jones,NULL
13320,NULL,11387,Jasmine Jones,NULL
12467,NULL,11083,Jennifer Jones,NULL
17017,NULL,4534,Jeremiah Jones,NULL
19043,NULL,12083,Jessica Jones,NULL
25205,NULL,18251,John Jones,NULL
21597,NULL,17228,Jose Jones,NULL
13921,NULL,18912,Joseph Jones,NULL
18401,NULL,18763,Joshua Jones,NULL
25980,NULL,11033,Julia Jones,NULL
18955,NULL,18033,Justin Jones,NULL
15373,NULL,11121,Kaitlyn Jones,NULL
22735,NULL,10802,Katherine Jones,NULL
18541,NULL,11944,Kayla Jones,NULL
27245,NULL,11619,Lauren Jones,NULL
22355,NULL,17629,Logan Jones,NULL
27158,NULL,4774,Lucas Jones,NULL
24661,NULL,12317,Madison Jones,NULL
11717,NULL,4607,Marcus Jones,NULL
27221,NULL,18818,Matthew Jones,NULL
20115,NULL,11671,Megan Jones,NULL
22107,NULL,18719,Michael Jones,NULL
16900,NULL,4066,Miguel Jones,NULL
11487,NULL,11167,Morgan Jones,NULL
11845,NULL,11256,Natalie Jones,NULL
15024,NULL,17781,Nathan Jones,NULL
22546,NULL,18979,Nicholas Jones,NULL
14504,NULL,11434,Nicole Jones,NULL
15855,NULL,17290,Noah Jones,NULL
21307,NULL,11749,Olivia Jones,NULL
14514,NULL,11339,Rachel Jones,NULL
24932,NULL,5081,Richard Jones,NULL
21900,NULL,17358,Robert Jones,NULL
23580,NULL,17978,Ryan Jones,NULL
18317,NULL,12364,Samantha Jones,NULL
15896,NULL,17759,Samuel Jones,NULL
11718,NULL,12460,Sarah Jones,NULL
23462,NULL,4297,Seth Jones,NULL
14430,NULL,10751,Sydney Jones,NULL
18422,NULL,12132,Taylor Jones,NULL
25398,NULL,17357,Thomas Jones,NULL
27446,NULL,18535,Tyler Jones,NULL
13450,NULL,11796,Victoria Jones,NULL
17342,NULL,18388,William Jones,NULL
24341,NULL,3755,Wyatt Jones,NULL
25150,NULL,4379,Xavier Jones,NULL
27285,NULL,18286,Zachary Jones,NULL
12544,NULL,10795,Bruce Jordan,NULL
24209,NULL,18928,Chelsea Jordan,NULL
11581,NULL,7287,Cindy Jordan,NULL
28502,NULL,7461,Dominique Jordan,NULL
19053,NULL,11830,Gerald Jordan,NULL
15199,NULL,10985,Joe Jordan,NULL
20593,NULL,20063,Joel Jordan,NULL
11124,NULL,11743,Ross Jordan,NULL
22676,NULL,7347,Stefanie Jordan,NULL
16546,NULL,8048,Terrance Jordan,NULL
29054,NULL,3466,Abby Kapoor,NULL
22705,NULL,3135,Adriana Kapoor,NULL
28881,NULL,15833,Allen Kapoor,NULL
25662,NULL,16042,Andre Kapoor,NULL
28567,NULL,7231,Ann Kapoor,NULL
24483,NULL,10895,Arthur Kapoor,NULL
26420,NULL,15996,Bob Kapoor,NULL
15236,NULL,19761,Brandy Kapoor,NULL
20834,NULL,15347,Brenda Kapoor,NULL
22147,NULL,19488,Brett Kapoor,NULL
22946,NULL,3905,Bryant Kapoor,NULL
18282,NULL,15394,Candace Kapoor,NULL
27001,NULL,7518,Carla Kapoor,NULL
16459,NULL,9930,Carolyn Kapoor,NULL
18923,NULL,19606,Cassandra Kapoor,NULL
24302,NULL,3801,Cesar Kapoor,NULL
12535,NULL,4067,Clifford Kapoor,NULL
14939,NULL,20226,Cory Kapoor,NULL
29457,NULL,19722,Cynthia Kapoor,NULL
20957,NULL,10161,Darren Kapoor,NULL
17097,NULL,9723,Deanna Kapoor,NULL
18725,NULL,16229,Denise Kapoor,NULL
16699,NULL,8211,Dominic Kapoor,NULL
18535,NULL,20024,Donald Kapoor,NULL
14541,NULL,19409,Douglas Kapoor,NULL
24134,NULL,8109,Edgar Kapoor,NULL
24119,NULL,7947,Emmanuel Kapoor,NULL
27816,NULL,2957,Erick Kapoor,NULL
14708,NULL,3080,Evelyn Kapoor,NULL
16063,NULL,16680,Francisco Kapoor,NULL
17748,NULL,8267,Geoffrey Kapoor,NULL
13676,NULL,20184,George Kapoor,NULL
25772,NULL,4123,Harold Kapoor,NULL
17937,NULL,15239,Heidi Kapoor,NULL
20715,NULL,15952,Henry Kapoor,NULL
22306,NULL,8170,Ivan Kapoor,NULL
25310,NULL,18185,Janelle Kapoor,NULL
28930,NULL,2901,Jarrod Kapoor,NULL
21956,NULL,10256,Jay Kapoor,NULL
29368,NULL,8000,Jermaine Kapoor,NULL
15701,NULL,15295,Jillian Kapoor,NULL
20576,NULL,15882,Johnathan Kapoor,NULL
17072,NULL,3199,Kaitlin Kapoor,NULL
19052,NULL,10673,Kristi Kapoor,NULL
11997,NULL,19687,Kristina Kapoor,NULL
19126,NULL,16089,Kristopher Kapoor,NULL
12556,NULL,15916,Manuel Kapoor,NULL
19512,NULL,3850,Marco Kapoor,NULL
12374,NULL,10033,Marie Kapoor,NULL
20578,NULL,16726,Martin Kapoor,NULL
21016,NULL,10136,Michele Kapoor,NULL
22694,NULL,16127,Molly Kapoor,NULL
18024,NULL,15445,Nancy Kapoor,NULL
20825,NULL,15526,Pamela Kapoor,NULL
21883,NULL,19652,Patricia Kapoor,NULL
24229,NULL,11636,Pedro Kapoor,NULL
27581,NULL,20150,Phillip Kapoor,NULL
21431,NULL,3956,Preston Kapoor,NULL
11911,NULL,15490,Rachael Kapoor,NULL
20928,NULL,19449,Raymond Kapoor,NULL
23862,NULL,9829,Rebekah Kapoor,NULL
15810,NULL,7637,Regina Kapoor,NULL
14192,NULL,20108,Ronald Kapoor,NULL
22455,NULL,11084,Roy Kapoor,NULL
11109,NULL,11186,Ruben Kapoor,NULL
19392,NULL,7796,Sergio Kapoor,NULL
25498,NULL,19361,Shane Kapoor,NULL
28353,NULL,3020,Summer Kapoor,NULL
25729,NULL,10365,Tabitha Kapoor,NULL
27118,NULL,16178,Tina Kapoor,NULL
26295,NULL,3315,Toni Kapoor,NULL
24610,NULL,15785,Troy Kapoor,NULL
20253,NULL,18968,Veronica Kapoor,NULL
23739,NULL,7576,Virginia Kapoor,NULL
17528,NULL,18877,Whitney Kapoor,NULL
25663,NULL,14201,Masato Kawai,NULL
26609,NULL,3947,Abigail Kelly,NULL
20738,NULL,14172,Alex Kelly,NULL
15075,NULL,7979,Alexa Kelly,NULL
15945,NULL,8003,Alexandria Kelly,NULL
25766,NULL,7972,Allison Kelly,NULL
22153,NULL,20167,Alyssa Kelly,NULL
13911,NULL,7973,Andrea Kelly,NULL
15418,NULL,14170,Angel Kelly,NULL
20275,NULL,8006,Angela Kelly,NULL
18096,NULL,7981,Ariana Kelly,NULL
27244,NULL,8007,Arianna Kelly,NULL
28284,NULL,7957,Bailey Kelly,NULL
16383,NULL,14183,Brian Kelly,NULL
16945,NULL,19231,Brianna Kelly,NULL
19808,NULL,7985,Brooke Kelly,NULL
21349,NULL,14196,Bryan Kelly,NULL
14004,NULL,7982,Caitlin Kelly,NULL
28561,NULL,14169,Carlos Kelly,NULL
21073,NULL,7974,Catherine Kelly,NULL
24043,NULL,14204,Charles Kelly,NULL
11743,NULL,14185,Chase Kelly,NULL
16999,NULL,20276,Chloe Kelly,NULL
23697,NULL,14203,Cody Kelly,NULL
20932,NULL,14192,Cole Kelly,NULL
15634,NULL,14220,Dalton Kelly,NULL
16499,NULL,7976,Danielle Kelly,NULL
15849,NULL,20050,Destiny Kelly,NULL
26723,NULL,14206,Devin Kelly,NULL
22145,NULL,14207,Eduardo Kelly,NULL
15646,NULL,19528,Emma Kelly,NULL
23513,NULL,7996,Erin Kelly,NULL
11716,NULL,14173,Evan Kelly,NULL
16126,NULL,8012,Faith Kelly,NULL
29155,NULL,7961,Gabriella Kelly,NULL
19063,NULL,3325,Gabrielle Kelly,NULL
12069,NULL,14197,Garrett Kelly,NULL
17431,NULL,19631,Grace Kelly,NULL
15511,NULL,3405,Haley Kelly,NULL
14768,NULL,14211,Ian Kelly,NULL
14645,NULL,14176,Isaac Kelly,NULL
22272,NULL,2464,Isabella Kelly,NULL
21034,NULL,8009,Jacqueline Kelly,NULL
27068,NULL,7997,Jade Kelly,NULL
19429,NULL,14194,Jared Kelly,NULL
25178,NULL,19833,Jasmine Kelly,NULL
27682,NULL,20484,Jennifer Kelly,NULL
19110,NULL,14177,Jesse Kelly,NULL
21261,NULL,3499,Jessica Kelly,NULL
23287,NULL,14187,Juan Kelly,NULL
23798,NULL,20377,Julia Kelly,NULL
18380,NULL,20595,Kaitlyn Kelly,NULL
11260,NULL,7966,Katelyn Kelly,NULL
20016,NULL,2946,Katherine Kelly,NULL
14602,NULL,7970,Kaylee Kelly,NULL
18402,NULL,7988,Kimberly Kelly,NULL
26462,NULL,19017,Lauren Kelly,NULL
17133,NULL,14212,Lucas Kelly,NULL
28124,NULL,7959,Mackenzie Kelly,NULL
20340,NULL,7989,Makayla Kelly,NULL
25699,NULL,14210,Marcus Kelly,NULL
21411,NULL,3252,Maria Kelly,NULL
19111,NULL,7999,Mariah Kelly,NULL
29370,NULL,14175,Mason Kelly,NULL
24784,NULL,19119,Megan Kelly,NULL
18671,NULL,8001,Melanie Kelly,NULL
16037,NULL,8014,Melissa Kelly,NULL
19833,NULL,7984,Michelle Kelly,NULL
14761,NULL,20699,Morgan Kelly,NULL
15774,NULL,2717,Natalie Kelly,NULL
21765,NULL,14184,Nathaniel Kelly,NULL
15987,NULL,19939,Nicole Kelly,NULL
12391,NULL,19334,Olivia Kelly,NULL
23728,NULL,8011,Paige Kelly,NULL
16144,NULL,14181,Patrick Kelly,NULL
19736,NULL,19730,Rachel Kelly,NULL
17991,NULL,14208,Richard Kelly,NULL
22279,NULL,8015,Riley Kelly,NULL
26308,NULL,7962,Sara Kelly,NULL
25759,NULL,7969,Savannah Kelly,NULL
27094,NULL,14178,Sean Kelly,NULL
24421,NULL,14213,Seth Kelly,NULL
24619,NULL,7990,Shelby Kelly,NULL
25102,NULL,3098,Stephanie Kelly,NULL
12151,NULL,14198,Steven Kelly,NULL
23262,NULL,2863,Sydney Kelly,NULL
20753,NULL,3575,Taylor Kelly,NULL
17344,NULL,14180,Timothy Kelly,NULL
26095,NULL,7994,Trinity Kelly,NULL
19413,NULL,14215,Xavier Kelly,NULL
23123,NULL,7977,Zoe Kelly,NULL
20136,NULL,3691,Bonnie Kennedy,NULL
22026,NULL,8576,Bridget Kennedy,NULL
17349,NULL,8887,Cassie Kennedy,NULL
13133,NULL,4312,Devon Kennedy,NULL
23984,NULL,16508,Kelsey Kennedy,NULL
25495,NULL,8668,Sheena Kennedy,NULL
25502,NULL,8318,Carmen Kim,NULL
11445,NULL,10473,Kari Kim,NULL
14842,NULL,7188,Meagan Kim,NULL
21859,NULL,19535,Monica Kim,NULL
11739,NULL,17109,Aaron King,NULL
16932,NULL,17136,Adam King,NULL
29272,NULL,16984,Alex King,NULL
20579,NULL,10490,Alexandra King,NULL
13915,NULL,10533,Allison King,NULL
24648,NULL,10497,Amanda King,NULL
15935,NULL,10515,Amber King,NULL
22886,NULL,10535,Andrea King,NULL
21717,NULL,16972,Angel King,NULL
20171,NULL,10520,Bailey King,NULL
28986,NULL,17110,Caleb King,NULL
24519,NULL,16968,Carlos King,NULL
28241,NULL,4885,Charles King,NULL
15269,NULL,10480,Chloe King,NULL
26106,NULL,17117,Connor King,NULL
13213,NULL,10516,Courtney King,NULL
24982,NULL,4961,Devin King,NULL
22110,NULL,5047,Eduardo King,NULL
17430,NULL,3720,Edward King,NULL
25422,NULL,17096,Elijah King,NULL
18997,NULL,17139,Eric King,NULL
16637,NULL,17015,Evan King,NULL
26016,NULL,3880,Fernando King,NULL
28122,NULL,17090,Gabriel King,NULL
22111,NULL,10524,Gabriella King,NULL
26350,NULL,10502,Gabrielle King,NULL
28214,NULL,10499,Hailey King,NULL
25419,NULL,16985,Hunter King,NULL
14355,NULL,4739,Ian King,NULL
23692,NULL,17037,Isaac King,NULL
27922,NULL,10488,Isabella King,NULL
19245,NULL,16974,Isaiah King,NULL
17702,NULL,17135,Jack King,NULL
18067,NULL,16961,Jackson King,NULL
19680,NULL,10528,Jan King,NULL
18809,NULL,17101,Jason King,NULL
20015,NULL,10518,Jenna King,NULL
20762,NULL,10482,Jennifer King,NULL
17563,NULL,4022,Jeremiah King,NULL
14665,NULL,17049,Jesse King,NULL
15389,NULL,10505,Joan King,NULL
25202,NULL,17082,Jonathan King,NULL
11020,NULL,17128,Jordan King,NULL
13250,NULL,10519,Jordan King,NULL
17474,NULL,17018,Jose King,NULL
21278,NULL,10481,Julia King,NULL
13308,NULL,10483,Kaitlyn King,NULL
16867,NULL,10529,Katelyn King,NULL
20750,NULL,10494,Katherine King,NULL
12891,NULL,10532,Kaylee King,NULL
21402,NULL,17088,Kevin King,NULL
18374,NULL,17087,Logan King,NULL
13341,NULL,4815,Lucas King,NULL
25934,NULL,17124,Luke King,NULL
26916,NULL,10522,Mackenzie King,NULL
19994,NULL,10510,Madeline King,NULL
22152,NULL,4646,Marcus King,NULL
28202,NULL,10501,Maria King,NULL
26709,NULL,10514,Mary King,NULL
22771,NULL,17020,Mason King,NULL
14473,NULL,4112,Miguel King,NULL
19681,NULL,10487,Morgan King,NULL
26675,NULL,10489,Natalie King,NULL
27719,NULL,16922,Nathan King,NULL
25876,NULL,17004,Noah King,NULL
16233,NULL,10506,Rebecca King,NULL
13549,NULL,4566,Richard King,NULL
20187,NULL,17016,Robert King,NULL
15193,NULL,16983,Samuel King,NULL
22354,NULL,10525,Sara King,NULL
28285,NULL,10531,Savannah King,NULL
17260,NULL,17055,Sean King,NULL
14994,NULL,4340,Seth King,NULL
16142,NULL,10511,Sophia King,NULL
17754,NULL,10498,Stephanie King,NULL
29133,NULL,10492,Sydney King,NULL
29433,NULL,17032,Thomas King,NULL
16137,NULL,17102,Timothy King,NULL
22671,NULL,3795,Wyatt King,NULL
16344,NULL,4419,Xavier King,NULL
26910,NULL,19691,Kristina Kovar,NULL
17312,NULL,3381,Mayra Kovar,NULL
26568,NULL,15451,Nancy Kovar,NULL
27124,NULL,19455,Raymond Kovar,NULL
12294,NULL,19365,Shane Kovar,NULL
15833,NULL,10370,Tabitha Kovar,NULL
23604,NULL,15792,Troy Kovar,NULL
25605,NULL,17777,Abby Kovár,NULL
20731,NULL,16049,Andre Kovár,NULL
21570,NULL,3739,Barry Kovár,NULL
24277,NULL,20028,Donald Kovár,NULL
24014,NULL,8273,Geoffrey Kovár,NULL
23211,NULL,9836,Rebekah Kovár,NULL
13105,NULL,18884,Whitney Kovár,NULL
27263,NULL,5523,Aaron Kumar,NULL
12948,NULL,5267,Adam Kumar,NULL
14055,NULL,12537,Alejandro Kumar,NULL
16466,NULL,12003,Alisha Kumar,NULL
21200,NULL,16648,Alison Kumar,NULL
15432,NULL,4986,Alvin Kumar,NULL
15191,NULL,5067,Andres Kumar,NULL
21133,NULL,20536,April Kumar,NULL
24044,NULL,10393,Arturo Kumar,NULL
12497,NULL,8950,Ashlee Kumar,NULL
20483,NULL,6282,Austin Kumar,NULL
27499,NULL,11597,Barbara Kumar,NULL
22221,NULL,6742,Benjamin Kumar,NULL
29299,NULL,17273,Bethany Kumar,NULL
28093,NULL,9388,Brad Kumar,NULL
18176,NULL,20290,Bradley Kumar,NULL
12790,NULL,6940,Brandon Kumar,NULL
13769,NULL,9339,Brendan Kumar,NULL
15802,NULL,8575,Bridget Kumar,NULL
27558,NULL,5577,Caleb Kumar,NULL
29388,NULL,9163,Calvin Kumar,NULL
18571,NULL,6333,Cameron Kumar,NULL
12743,NULL,16950,Carl Kumar,NULL
24712,NULL,4494,Carly Kumar,NULL
12388,NULL,16289,Casey Kumar,NULL
22860,NULL,3898,Cedric Kumar,NULL
11095,NULL,20332,Chad Kumar,NULL
29006,NULL,6231,Christian Kumar,NULL
28002,NULL,11397,Christy Kumar,NULL
27120,NULL,7163,Clarence Kumar,NULL
13841,NULL,12639,Clayton Kumar,NULL
29188,NULL,13491,Colin Kumar,NULL
21912,NULL,12319,Colleen Kumar,NULL
19843,NULL,5625,Connor Kumar,NULL
15354,NULL,20460,Corey Kumar,NULL
15426,NULL,8729,Cristina Kumar,NULL
17897,NULL,9563,Darrell Kumar,NULL
13396,NULL,6686,David Kumar,NULL
27794,NULL,12215,Dawn Kumar,NULL
17308,NULL,8845,Deborah Kumar,NULL
15135,NULL,20241,Derek Kumar,NULL
15374,NULL,4649,Donna Kumar,NULL
14889,NULL,9212,Drew Kumar,NULL
26846,NULL,2559,Dustin Kumar,NULL
24674,NULL,6993,Dylan Kumar,NULL
22814,NULL,13191,Edwin Kumar,NULL
15197,NULL,5375,Elijah Kumar,NULL
19682,NULL,5319,Eric Kumar,NULL
11662,NULL,6530,Ethan Kumar,NULL
18137,NULL,5878,Gabriel Kumar,NULL
28140,NULL,9333,Gilbert Kumar,NULL
25510,NULL,9274,Grant Kumar,NULL
16244,NULL,2586,Gregory Kumar,NULL
25987,NULL,6078,Hunter Kumar,NULL
16859,NULL,5222,Jack Kumar,NULL
25880,NULL,4826,Jackson Kumar,NULL
20976,NULL,12973,Jaclyn Kumar,NULL
29061,NULL,9450,Jaime Kumar,NULL
20525,NULL,6390,James Kumar,NULL
13375,NULL,5421,Jason Kumar,NULL
23429,NULL,11495,Jenny Kumar,NULL
29202,NULL,16892,Jerry Kumar,NULL
14555,NULL,4699,Jodi Kumar,NULL
15740,NULL,17048,Johnny Kumar,NULL
24685,NULL,5174,Jordan Kumar,NULL
14401,NULL,5677,Jose Kumar,NULL
23902,NULL,19949,Julie Kumar,NULL
18316,NULL,6642,Justin Kumar,NULL
26046,NULL,16552,Kara Kumar,NULL
14218,NULL,5133,Karl Kumar,NULL
13608,NULL,3495,Karla Kumar,NULL
17321,NULL,4596,Kate Kumar,NULL
12341,NULL,20612,Katie Kumar,NULL
26031,NULL,16337,Katrina Kumar,NULL
25224,NULL,20498,Keith Kumar,NULL
18038,NULL,12113,Kelli Kumar,NULL
11472,NULL,2614,Kenneth Kumar,NULL
27459,NULL,5828,Kevin Kumar,NULL
28402,NULL,20578,Kristin Kumar,NULL
27360,NULL,4145,Kurt Kumar,NULL
25950,NULL,5779,Kyle Kumar,NULL
13960,NULL,12422,Lacey Kumar,NULL
21932,NULL,5203,Leonard Kumar,NULL
15824,NULL,19825,Lindsay Kumar,NULL
16268,NULL,20660,Lindsey Kumar,NULL
14390,NULL,5925,Logan Kumar,NULL
18203,NULL,13088,Louis Kumar,NULL
18583,NULL,5474,Luis Kumar,NULL
24161,NULL,5126,Luke Kumar,NULL
13880,NULL,11429,Marshall Kumar,NULL
22600,NULL,9061,Maurice Kumar,NULL
24997,NULL,4372,Melvin Kumar,NULL
23107,NULL,8396,Michele Kumar,NULL
12700,NULL,4546,Mindy Kumar,NULL
25010,NULL,16461,Misty Kumar,NULL
11380,NULL,17133,Mitchell Kumar,NULL
19168,NULL,5981,Nathan Kumar,NULL
23236,NULL,16600,Nichole Kumar,NULL
12292,NULL,5261,Nicolas Kumar,NULL
12807,NULL,4433,Nina Kumar,NULL
17806,NULL,12738,Omar Kumar,NULL
26915,NULL,20415,Peter Kumar,NULL
14568,NULL,8780,Priscilla Kumar,NULL
19088,NULL,12858,Rafael Kumar,NULL
12857,NULL,9508,Raul Kumar,NULL
14133,NULL,17001,Ricardo Kumar,NULL
25226,NULL,6186,Robert Kumar,NULL
15922,NULL,13294,Roger Kumar,NULL
23793,NULL,6587,Ryan Kumar,NULL
13542,NULL,8518,Sharon Kumar,NULL
27807,NULL,17089,Shaun Kumar,NULL
19085,NULL,3566,Shawna Kumar,NULL
25222,NULL,11894,Tamara Kumar,NULL
20249,NULL,8624,Tasha Kumar,NULL
20083,NULL,17231,Terry Kumar,NULL
12434,NULL,5730,Thomas Kumar,NULL
17297,NULL,4199,Tommy Kumar,NULL
19783,NULL,17176,Tony Kumar,NULL
22934,NULL,8455,Tonya Kumar,NULL
24003,NULL,11369,Warren Kumar,NULL
17502,NULL,9109,Wayne Kumar,NULL
13393,NULL,13388,Willie Kumar,NULL
18194,NULL,3626,Yolanda Kumar,NULL
25433,NULL,7050,Zachary Kumar,NULL
13154,NULL,5527,Aaron Lal,NULL
13877,NULL,5268,Adam Lal,NULL
12213,NULL,12539,Alejandro Lal,NULL
15734,NULL,19786,Alicia Lal,NULL
21872,NULL,12004,Alisha Lal,NULL
27812,NULL,16649,Alison Lal,NULL
24058,NULL,5005,Alvin Lal,NULL
16623,NULL,5070,Andres Lal,NULL
11283,NULL,10416,Arturo Lal,NULL
28417,NULL,8951,Ashlee Lal,NULL
23066,NULL,6283,Austin Lal,NULL
23101,NULL,11600,Barbara Lal,NULL
21670,NULL,6744,Benjamin Lal,NULL
16253,NULL,17275,Bethany Lal,NULL
29445,NULL,3694,Bonnie Lal,NULL
16117,NULL,9390,Brad Lal,NULL
13156,NULL,20292,Bradley Lal,NULL
13883,NULL,6943,Brandon Lal,NULL
24769,NULL,9340,Brendan Lal,NULL
15868,NULL,5581,Caleb Lal,NULL
15474,NULL,6334,Cameron Lal,NULL
28950,NULL,16953,Carl Lal,NULL
16292,NULL,4496,Carly Lal,NULL
28888,NULL,16290,Casey Lal,NULL
12626,NULL,8890,Cassie Lal,NULL
25725,NULL,20334,Chad Lal,NULL
13483,NULL,6232,Christian Lal,NULL
15308,NULL,11398,Christy Lal,NULL
24470,NULL,7184,Clarence Lal,NULL
16640,NULL,13494,Colin Lal,NULL
23303,NULL,5626,Connor Lal,NULL
23313,NULL,20461,Corey Lal,NULL
14671,NULL,8731,Cristina Lal,NULL
12324,NULL,5316,Dale Lal,NULL
14948,NULL,12600,Damien Lal,NULL
19953,NULL,9565,Darrell Lal,NULL
16773,NULL,6688,David Lal,NULL
12618,NULL,12217,Dawn Lal,NULL
21982,NULL,8847,Deborah Lal,NULL
15237,NULL,4314,Devon Lal,NULL
29385,NULL,20242,Don Lal,NULL
25812,NULL,4651,Donna Lal,NULL
28325,NULL,9217,Drew Lal,NULL
16484,NULL,2560,Dustin Lal,NULL
11958,NULL,6999,Dylan Lal,NULL
20874,NULL,13192,Edwin Lal,NULL
26264,NULL,5376,Elijah Lal,NULL
23578,NULL,5320,Eric Lal,NULL
12414,NULL,6533,Ethan Lal,NULL
14101,NULL,8257,Franklin Lal,NULL
27473,NULL,5882,Gabriel Lal,NULL
24577,NULL,9353,Gilbert Lal,NULL
20065,NULL,9275,Grant Lal,NULL
27573,NULL,6079,Hunter Lal,NULL
18525,NULL,5223,Jack Lal,NULL
23206,NULL,4828,Jackson Lal,NULL
21583,NULL,12975,Jaclyn Lal,NULL
26241,NULL,6393,James Lal,NULL
17181,NULL,11497,Jenny Lal,NULL
27822,NULL,16893,Jerry Lal,NULL
22944,NULL,4701,Jodi Lal,NULL
12381,NULL,17050,Johnny Lal,NULL
22342,NULL,12430,Jon Lal,NULL
20096,NULL,6437,Jonathan Lal,NULL
23821,NULL,5177,Jordan Lal,NULL
11819,NULL,5679,Jose Lal,NULL
28309,NULL,19952,Julie Lal,NULL
22357,NULL,6645,Justin Lal,NULL
22579,NULL,16556,Kara Lal,NULL
14264,NULL,5138,Karl Lal,NULL
25219,NULL,3498,Karla Lal,NULL
21557,NULL,4598,Kate Lal,NULL
12831,NULL,19913,Kathryn Lal,NULL
18210,NULL,20613,Katie Lal,NULL
19450,NULL,20499,Keith Lal,NULL
19173,NULL,12114,Kelli Lal,NULL
24913,NULL,16510,Kelsey Lal,NULL
15082,NULL,2743,Kelvin Lal,NULL
18701,NULL,2615,Kenneth Lal,NULL
27564,NULL,5829,Kevin Lal,NULL
14015,NULL,4147,Kurt Lal,NULL
17360,NULL,5780,Kyle Lal,NULL
23751,NULL,12424,Lacey Lal,NULL
26415,NULL,16382,Latoya Lal,NULL
26160,NULL,5205,Leonard Lal,NULL
20557,NULL,19828,Lindsay Lal,NULL
16291,NULL,20661,Lindsey Lal,NULL
25255,NULL,5926,Logan Lal,NULL
26184,NULL,13091,Louis Lal,NULL
15538,NULL,5475,Luis Lal,NULL
11019,NULL,5132,Luke Lal,NULL
23345,NULL,16803,Mario Lal,NULL
28088,NULL,11450,Marshall Lal,NULL
12620,NULL,9062,Maurice Lal,NULL
14171,NULL,8399,Michele Lal,NULL
21145,NULL,4547,Mindy Lal,NULL
22385,NULL,16462,Misty Lal,NULL
20403,NULL,17134,Mitchell Lal,NULL
11273,NULL,5982,Nathan Lal,NULL
25753,NULL,16602,Nichole Lal,NULL
21212,NULL,5263,Nicolas Lal,NULL
14263,NULL,4439,Nina Lal,NULL
15069,NULL,6129,Noah Lal,NULL
19193,NULL,12743,Omar Lal,NULL
26613,NULL,8783,Priscilla Lal,NULL
28945,NULL,12860,Rafael Lal,NULL
17958,NULL,17005,Ricardo Lal,NULL
14084,NULL,6187,Robert Lal,NULL
16113,NULL,13296,Roger Lal,NULL
25639,NULL,16855,Russell Lal,NULL
27919,NULL,6589,Ryan Lal,NULL
22215,NULL,6028,Samuel Lal,NULL
17891,NULL,8520,Sharon Lal,NULL
17056,NULL,17091,Shaun Lal,NULL
28398,NULL,20376,Shawn Lal,NULL
17924,NULL,3569,Shawna Lal,NULL
23312,NULL,8671,Sheena Lal,NULL
13576,NULL,11896,Tamara Lal,NULL
18697,NULL,19992,Tara Lal,NULL
28408,NULL,8625,Tasha Lal,NULL
12369,NULL,4255,Terrence Lal,NULL
18277,NULL,17233,Terry Lal,NULL
24422,NULL,5732,Thomas Lal,NULL
14516,NULL,4200,Tommy Lal,NULL
28515,NULL,17178,Tony Lal,NULL
24108,NULL,8456,Tonya Lal,NULL
23086,NULL,16421,Tracy Lal,NULL
25246,NULL,13443,Warren Lal,NULL
16829,NULL,9113,Wayne Lal,NULL
28011,NULL,7052,Andrew Lan,NULL
28434,NULL,13391,Brian Lauer,NULL
25864,NULL,12070,Petr Lazecky,NULL
18356,NULL,18206,Alexander Lee,NULL
19684,NULL,10738,Alexandra Lee,NULL
27398,NULL,12024,Alexis Lee,NULL
13837,NULL,11561,Alyssa Lee,NULL
23400,NULL,18903,Andrew Lee,NULL
19211,NULL,11613,Anna Lee,NULL
23132,NULL,18429,Anthony Lee,NULL
23250,NULL,12449,Ashley Lee,NULL
26151,NULL,17602,Austin Lee,NULL
16975,NULL,17929,Benjamin Lee,NULL
24677,NULL,4178,Blake Lee,NULL
28637,NULL,18464,Brandon Lee,NULL
19202,NULL,11740,Brianna Lee,NULL
17433,NULL,17553,Cameron Lee,NULL
23921,NULL,4874,Charles Lee,NULL
24255,NULL,11023,Chloe Lee,NULL
16785,NULL,18095,Christian Lee,NULL
23090,NULL,18262,Christopher Lee,NULL
16931,NULL,4485,Dalton Lee,NULL
26098,NULL,18634,Daniel Lee,NULL
22199,NULL,18146,David Lee,NULL
17058,NULL,11517,Destiny Lee,NULL
18839,NULL,4950,Don Lee,NULL
26054,NULL,18549,Dylan Lee,NULL
11697,NULL,5037,Eduardo Lee,NULL
18098,NULL,4263,Edward Lee,NULL
13273,NULL,11934,Elizabeth Lee,NULL
20585,NULL,12261,Emily Lee,NULL
16948,NULL,11888,Emma Lee,NULL
22359,NULL,17958,Ethan Lee,NULL
20145,NULL,3873,Fernando Lee,NULL
28318,NULL,11331,Grace Lee,NULL
15713,NULL,12308,Hannah Lee,NULL
15279,NULL,17251,Hunter Lee,NULL
19646,NULL,4729,Ian Lee,NULL
23485,NULL,11246,Isabella Lee,NULL
13551,NULL,18711,Jacob Lee,NULL
28817,NULL,17658,James Lee,NULL
11183,NULL,11425,Jasmine Lee,NULL
14644,NULL,11110,Jennifer Lee,NULL
28128,NULL,4014,Jeremiah Lee,NULL
19636,NULL,12117,Jessica Lee,NULL
19801,NULL,18370,John Lee,NULL
28263,NULL,17723,Jonathan Lee,NULL
20078,NULL,17302,Jose Lee,NULL
27619,NULL,18966,Joseph Lee,NULL
13274,NULL,18805,Joshua Lee,NULL
15407,NULL,11072,Julia Lee,NULL
17577,NULL,18099,Justin Lee,NULL
12141,NULL,11157,Kaitlyn Lee,NULL
29226,NULL,10843,Katherine Lee,NULL
20781,NULL,11986,Kayla Lee,NULL
14477,NULL,11662,Lauren Lee,NULL
17847,NULL,17680,Logan Lee,NULL
26628,NULL,4807,Lucas Lee,NULL
11225,NULL,12350,Madison Lee,NULL
26518,NULL,4639,Marcus Lee,NULL
29225,NULL,18861,Matthew Lee,NULL
12749,NULL,4102,Miguel Lee,NULL
24779,NULL,11201,Morgan Lee,NULL
12604,NULL,17715,Nathan Lee,NULL
26001,NULL,18457,Nicholas Lee,NULL
21388,NULL,11471,Nicole Lee,NULL
13223,NULL,17330,Noah Lee,NULL
20684,NULL,11787,Olivia Lee,NULL
14575,NULL,11379,Rachel Lee,NULL
23996,NULL,4556,Richard Lee,NULL
11270,NULL,17332,Robert Lee,NULL
16055,NULL,18022,Ryan Lee,NULL
27378,NULL,12402,Samantha Lee,NULL
23810,NULL,12494,Sarah Lee,NULL
23006,NULL,4332,Seth Lee,NULL
22678,NULL,10792,Sydney Lee,NULL
14022,NULL,12167,Taylor Lee,NULL
23238,NULL,17444,Thomas Lee,NULL
23140,NULL,18644,Tyler Lee,NULL
27269,NULL,11840,Victoria Lee,NULL
13185,NULL,18418,William Lee,NULL
12921,NULL,3785,Wyatt Lee,NULL
28039,NULL,4409,Xavier Lee,NULL
21319,NULL,17775,Zachary Lee,NULL
25399,NULL,18197,Jorge Leitão,NULL
24930,NULL,12068,Abigail Lewis,NULL
24795,NULL,10737,Alexandra Lewis,NULL
20098,NULL,12023,Alexis Lewis,NULL
16091,NULL,11559,Alyssa Lewis,NULL
25644,NULL,18901,Andrew Lewis,NULL
26304,NULL,11611,Anna Lewis,NULL
18672,NULL,18405,Anthony Lewis,NULL
12960,NULL,12447,Ashley Lewis,NULL
13726,NULL,17600,Austin Lewis,NULL
12455,NULL,18204,Benjamin Lewis,NULL
17390,NULL,4177,Blake Lewis,NULL
29037,NULL,18461,Brandon Lewis,NULL
14282,NULL,11739,Brianna Lewis,NULL
11534,NULL,17549,Cameron Lewis,NULL
23677,NULL,4873,Charles Lewis,NULL
21635,NULL,18081,Christian Lewis,NULL
18755,NULL,18257,Christopher Lewis,NULL
16206,NULL,11021,Cindy Lewis,NULL
16776,NULL,4483,Dalton Lewis,NULL
18365,NULL,18631,Daniel Lewis,NULL
15203,NULL,18145,David Lewis,NULL
20376,NULL,11515,Destiny Lewis,NULL
14153,NULL,18542,Dylan Lewis,NULL
28222,NULL,5035,Eduardo Lewis,NULL
11742,NULL,4261,Edward Lewis,NULL
21268,NULL,11933,Elizabeth Lewis,NULL
22243,NULL,11887,Emma Lewis,NULL
27998,NULL,17890,Ethan Lewis,NULL
21574,NULL,3871,Fernando Lewis,NULL
15937,NULL,11330,Grace Lewis,NULL
26561,NULL,12304,Hannah Lewis,NULL
18781,NULL,17249,Hunter Lewis,NULL
12707,NULL,4726,Ian Lewis,NULL
26242,NULL,11244,Isabella Lewis,NULL
18799,NULL,18709,Jacob Lewis,NULL
24012,NULL,17655,James Lewis,NULL
13964,NULL,11423,Jasmine Lewis,NULL
14090,NULL,11108,Jennifer Lewis,NULL
14371,NULL,4011,Jeremiah Lewis,NULL
25868,NULL,12116,Jessica Lewis,NULL
20692,NULL,18366,John Lewis,NULL
27039,NULL,17720,Jonathan Lewis,NULL
20088,NULL,17292,Jose Lewis,NULL
21491,NULL,18964,Joseph Lewis,NULL
11848,NULL,18803,Joshua Lewis,NULL
27213,NULL,11070,Julia Lewis,NULL
28303,NULL,18097,Justin Lewis,NULL
15906,NULL,11156,Kaitlyn Lewis,NULL
14816,NULL,10841,Katherine Lewis,NULL
12013,NULL,11983,Kayla Lewis,NULL
26800,NULL,11661,Lauren Lewis,NULL
23209,NULL,4806,Lucas Lewis,NULL
26597,NULL,12349,Madison Lewis,NULL
25421,NULL,4638,Marcus Lewis,NULL
24524,NULL,11701,Megan Lewis,NULL
14782,NULL,18754,Michael Lewis,NULL
26120,NULL,4101,Miguel Lewis,NULL
17410,NULL,11200,Morgan Lewis,NULL
27079,NULL,11286,Natalie Lewis,NULL
24413,NULL,17709,Nathan Lewis,NULL
18102,NULL,18340,Nicholas Lewis,NULL
21881,NULL,11469,Nicole Lewis,NULL
13833,NULL,17329,Noah Lewis,NULL
24499,NULL,11786,Olivia Lewis,NULL
14900,NULL,11378,Rachel Lewis,NULL
21637,NULL,4554,Richard Lewis,NULL
13234,NULL,17286,Robert Lewis,NULL
20312,NULL,18021,Ryan Lewis,NULL
14945,NULL,12401,Samantha Lewis,NULL
17155,NULL,17866,Samuel Lewis,NULL
12028,NULL,12491,Sarah Lewis,NULL
26782,NULL,4330,Seth Lewis,NULL
17447,NULL,10791,Sydney Lewis,NULL
11295,NULL,12166,Taylor Lewis,NULL
26248,NULL,17441,Thomas Lewis,NULL
15552,NULL,18641,Tyler Lewis,NULL
11309,NULL,11837,Victoria Lewis,NULL
14441,NULL,18416,William Lewis,NULL
24837,NULL,3783,Wyatt Lewis,NULL
14760,NULL,17735,Zachary Lewis,NULL
15429,NULL,5520,Aaron Li,NULL
16985,NULL,5264,Adam Li,NULL
17915,NULL,5792,Aimee Li,NULL
27773,NULL,17301,Alan Li,NULL
27519,NULL,12470,Alejandro Li,NULL
24873,NULL,11941,Alisha Li,NULL
26764,NULL,4341,Alvin Li,NULL
12592,NULL,20702,Amy Li,NULL
27844,NULL,9768,Arturo Li,NULL
18110,NULL,6279,Austin Li,NULL
23696,NULL,5909,Autumn Li,NULL
15788,NULL,11538,Barbara Li,NULL
14623,NULL,6739,Benjamin Li,NULL
29339,NULL,6938,Brandon Li,NULL
13281,NULL,17989,Brent Li,NULL
22640,NULL,5575,Caleb Li,NULL
25902,NULL,6331,Cameron Li,NULL
27587,NULL,4831,Cara Li,NULL
27364,NULL,3198,Cedric Li,NULL
16539,NULL,11334,Christy Li,NULL
23609,NULL,17724,Clarence Li,NULL
14161,NULL,5854,Claudia Li,NULL
17825,NULL,12576,Clayton Li,NULL
18445,NULL,13425,Colin Li,NULL
16569,NULL,12256,Colleen Li,NULL
20186,NULL,5622,Connor Li,NULL
14325,NULL,20747,Crystal Li,NULL
13692,NULL,18242,Curtis Li,NULL
20887,NULL,6009,Damien Li,NULL
24549,NULL,5616,Darryl Li,NULL
21894,NULL,6684,David Li,NULL
13962,NULL,12154,Dawn Li,NULL
14837,NULL,17889,Dennis Li,NULL
25381,NULL,6988,Dylan Li,NULL
26967,NULL,13124,Edwin Li,NULL
16740,NULL,5369,Elijah Li,NULL
18360,NULL,5315,Eric Li,NULL
23634,NULL,6455,Ernest Li,NULL
15283,NULL,5448,Eugene Li,NULL
28052,NULL,7609,Franklin Li,NULL
13395,NULL,5876,Gabriel Li,NULL
23999,NULL,8674,Gilbert Li,NULL
29295,NULL,5672,Glenn Li,NULL
12803,NULL,2629,Heather Li,NULL
22900,NULL,6076,Hunter Li,NULL
14071,NULL,5217,Jack Li,NULL
27646,NULL,5365,Jackson Li,NULL
18281,NULL,12903,Jaclyn Li,NULL
19583,NULL,5391,Jake Li,NULL
17571,NULL,6388,James Li,NULL
12258,NULL,2441,Jamie Li,NULL
13729,NULL,5417,Jason Li,NULL
17969,NULL,18038,Jeffery Li,NULL
22169,NULL,11436,Jenny Li,NULL
20802,NULL,13527,Jon Li,NULL
23837,NULL,6434,Jonathan Li,NULL
17026,NULL,5171,Jordan Li,NULL
20133,NULL,18287,Jorge Li,NULL
11725,NULL,5675,Jose Li,NULL
14124,NULL,6639,Justin Li,NULL
17921,NULL,17394,Karen Li,NULL
22562,NULL,12050,Kelli Li,NULL
20177,NULL,16353,Kelvin Li,NULL
25188,NULL,5824,Kevin Li,NULL
15153,NULL,2500,Kristen Li,NULL
24912,NULL,17353,Krystal Li,NULL
18100,NULL,5774,Kyle Li,NULL
17515,NULL,12359,Lacey Li,NULL
20933,NULL,2388,Laura Li,NULL
12871,NULL,17443,Leah Li,NULL
24600,NULL,2417,Lisa Li,NULL
13800,NULL,6483,Logan Li,NULL
21063,NULL,14149,Louis Li,NULL
20251,NULL,5471,Luis Li,NULL
17224,NULL,5731,Mandy Li,NULL
15753,NULL,17698,Margaret Li,NULL
12687,NULL,10805,Marshall Li,NULL
28966,NULL,4893,Martha Li,NULL
12829,NULL,6554,Micah Li,NULL
29263,NULL,5978,Nathan Li,NULL
21141,NULL,12678,Omar Li,NULL
21752,NULL,12788,Rafael Li,NULL
21248,NULL,6394,Ramon Li,NULL
27235,NULL,6179,Robert Li,NULL
15650,NULL,5562,Ronnie Li,NULL
17675,NULL,4948,Rosa Li,NULL
15956,NULL,6582,Ryan Li,NULL
13679,NULL,17643,Sandra Li,NULL
15491,NULL,2525,Shannon Li,NULL
14064,NULL,17589,Stacey Li,NULL
21137,NULL,6506,Steve Li,NULL
27839,NULL,17743,Susan Li,NULL
21508,NULL,5001,Suzanne Li,NULL
26719,NULL,13014,Tamara Li,NULL
18116,NULL,5727,Thomas Li,NULL
11224,NULL,2656,Tiffany Li,NULL
11233,NULL,18194,Todd Li,NULL
18296,NULL,5959,Trisha Li,NULL
27507,NULL,17487,Valerie Li,NULL
21207,NULL,17941,Vincent Li,NULL
29185,NULL,11831,Warren Li,NULL
23322,NULL,18088,Wesley Li,NULL
29063,NULL,17327,Alan Liang,NULL
29193,NULL,12506,Alejandro Liang,NULL
18169,NULL,11973,Alisha Liang,NULL
16164,NULL,20722,Amy Liang,NULL
24542,NULL,10090,Arturo Liang,NULL
23947,NULL,5939,Autumn Liang,NULL
22953,NULL,11572,Barbara Liang,NULL
15666,NULL,4802,Bianca Liang,NULL
26182,NULL,17566,Brittney Liang,NULL
22208,NULL,16762,Candice Liang,NULL
13515,NULL,4861,Cara Liang,NULL
19941,NULL,3536,Cedric Liang,NULL
21239,NULL,11364,Christy Liang,NULL
23972,NULL,6852,Clarence Liang,NULL
14958,NULL,12610,Clayton Liang,NULL
13639,NULL,13459,Colin Liang,NULL
17740,NULL,12284,Colleen Liang,NULL
19740,NULL,5881,Connie Liang,NULL
11549,NULL,20772,Crystal Liang,NULL
17587,NULL,18267,Curtis Liang,NULL
22150,NULL,9256,Damien Liang,NULL
26658,NULL,5647,Darryl Liang,NULL
14034,NULL,17917,Dennis Liang,NULL
12327,NULL,13164,Edwin Liang,NULL
22323,NULL,2489,Erica Liang,NULL
27122,NULL,6481,Ernest Liang,NULL
13972,NULL,5484,Eugene Liang,NULL
12242,NULL,9003,Gilbert Liang,NULL
21983,NULL,5710,Glenn Liang,NULL
20552,NULL,2645,Heather Liang,NULL
21632,NULL,12942,Jaclyn Liang,NULL
11891,NULL,2460,Jamie Liang,NULL
15711,NULL,18063,Jeffery Liang,NULL
27351,NULL,11462,Jenny Liang,NULL
19513,NULL,5537,Jessie Liang,NULL
21042,NULL,13561,Jon Liang,NULL
11564,NULL,18319,Jorge Liang,NULL
21048,NULL,17417,Karen Liang,NULL
28726,NULL,12082,Kelli Liang,NULL
16616,NULL,19123,Kelvin Liang,NULL
12404,NULL,17378,Krystal Liang,NULL
15719,NULL,12391,Lacey Liang,NULL
18107,NULL,2405,Laura Liang,NULL
16412,NULL,17470,Leah Liang,NULL
19530,NULL,2432,Lisa Liang,NULL
12706,NULL,13051,Louis Liang,NULL
28371,NULL,5772,Mandy Liang,NULL
17254,NULL,17727,Margaret Liang,NULL
25447,NULL,11112,Marshall Liang,NULL
16525,NULL,4926,Martha Liang,NULL
11726,NULL,5366,Micah Liang,NULL
24245,NULL,12711,Omar Liang,NULL
14935,NULL,12825,Rafael Liang,NULL
28958,NULL,18175,Randy Liang,NULL
27458,NULL,13259,Roger Liang,NULL
24584,NULL,5593,Ronnie Liang,NULL
19770,NULL,4978,Rosa Liang,NULL
20949,NULL,17673,Sandra Liang,NULL
11378,NULL,2542,Shannon Liang,NULL
16538,NULL,17620,Stacey Liang,NULL
14317,NULL,6532,Steve Liang,NULL
28520,NULL,17774,Susan Liang,NULL
22534,NULL,5036,Suzanne Liang,NULL
11087,NULL,11871,Tamara Liang,NULL
11068,NULL,2676,Tiffany Liang,NULL
27325,NULL,18225,Todd Liang,NULL
17178,NULL,4753,Trisha Liang,NULL
28091,NULL,17517,Valerie Liang,NULL
20402,NULL,17968,Vincent Liang,NULL
12123,NULL,18116,Wesley Liang,NULL
19484,NULL,13362,Willie Liang,NULL
22973,NULL,17308,Alan Lin,NULL
12563,NULL,12481,Alejandro Lin,NULL
19385,NULL,11953,Alisha Lin,NULL
24140,NULL,4462,Alvin Lin,NULL
23958,NULL,20710,Amy Lin,NULL
13439,NULL,9876,Arturo Lin,NULL
18272,NULL,5920,Autumn Lin,NULL
19259,NULL,11548,Barbara Lin,NULL
11107,NULL,4781,Bianca Lin,NULL
27788,NULL,18001,Brent Lin,NULL
24971,NULL,17540,Brittney Lin,NULL
19506,NULL,17800,Candice Lin,NULL
29411,NULL,4837,Cara Lin,NULL
13147,NULL,3314,Cedric Lin,NULL
29069,NULL,6626,Clarence Lin,NULL
14312,NULL,5862,Claudia Lin,NULL
27492,NULL,12586,Clayton Lin,NULL
11255,NULL,13436,Colin Lin,NULL
22721,NULL,12266,Colleen Lin,NULL
17773,NULL,20756,Crystal Lin,NULL
21858,NULL,18252,Curtis Lin,NULL
23414,NULL,7106,Damien Lin,NULL
15031,NULL,5629,Darryl Lin,NULL
15805,NULL,12162,Dawn Lin,NULL
16169,NULL,17900,Dennis Lin,NULL
19766,NULL,13138,Edwin Lin,NULL
16033,NULL,2479,Erica Lin,NULL
11611,NULL,6464,Ernest Lin,NULL
28737,NULL,5460,Eugene Lin,NULL
24557,NULL,7705,Franklin Lin,NULL
29288,NULL,5686,Glenn Lin,NULL
15718,NULL,2635,Heather Lin,NULL
28721,NULL,12919,Jaclyn Lin,NULL
24248,NULL,5400,Jake Lin,NULL
19488,NULL,2447,Jamie Lin,NULL
27347,NULL,18048,Jeffery Lin,NULL
15002,NULL,11447,Jenny Lin,NULL
21096,NULL,13539,Jon Lin,NULL
27593,NULL,18295,Jorge Lin,NULL
24243,NULL,17401,Karen Lin,NULL
21392,NULL,12060,Kelli Lin,NULL
13075,NULL,17283,Kelvin Lin,NULL
13815,NULL,12368,Lacey Lin,NULL
11462,NULL,2393,Laura Lin,NULL
17979,NULL,2422,Lisa Lin,NULL
25035,NULL,5747,Mandy Lin,NULL
18306,NULL,17710,Margaret Lin,NULL
16822,NULL,10906,Marshall Lin,NULL
20678,NULL,4904,Martha Lin,NULL
19292,NULL,6566,Micah Lin,NULL
19033,NULL,12686,Omar Lin,NULL
14099,NULL,12800,Rafael Lin,NULL
19468,NULL,6412,Ramon Lin,NULL
14540,NULL,18153,Randy Lin,NULL
20144,NULL,13235,Roger Lin,NULL
21384,NULL,5573,Ronnie Lin,NULL
12856,NULL,4957,Rosa Lin,NULL
25052,NULL,17654,Sandra Lin,NULL
26879,NULL,2530,Shannon Lin,NULL
24883,NULL,17598,Stacey Lin,NULL
14182,NULL,6515,Steve Lin,NULL
27005,NULL,17752,Susan Lin,NULL
29287,NULL,5010,Suzanne Lin,NULL
24056,NULL,13026,Tamara Lin,NULL
12266,NULL,2663,Tiffany Lin,NULL
23909,NULL,18203,Todd Lin,NULL
12561,NULL,4733,Trisha Lin,NULL
28453,NULL,17496,Valerie Lin,NULL
28516,NULL,17947,Vincent Lin,NULL
21407,NULL,18100,Wesley Lin,NULL
28142,NULL,13348,Willie Lin,NULL
28580,NULL,5795,Aimee Liu,NULL
16464,NULL,17304,Alan Liu,NULL
19555,NULL,12472,Alejandro Liu,NULL
23764,NULL,11945,Alisha Liu,NULL
25743,NULL,4367,Alvin Liu,NULL
13222,NULL,9789,Arturo Liu,NULL
20985,NULL,5911,Autumn Liu,NULL
25685,NULL,11544,Barbara Liu,NULL
11458,NULL,4775,Bianca Liu,NULL
15804,NULL,17535,Brittney Liu,NULL
28720,NULL,17794,Candice Liu,NULL
12677,NULL,3218,Cedric Liu,NULL
19784,NULL,11337,Christy Liu,NULL
19797,NULL,17740,Clarence Liu,NULL
21373,NULL,12578,Clayton Liu,NULL
24716,NULL,13429,Colin Liu,NULL
29040,NULL,12257,Colleen Liu,NULL
24548,NULL,20749,Crystal Liu,NULL
18040,NULL,18245,Curtis Liu,NULL
17214,NULL,6234,Damien Liu,NULL
19947,NULL,5617,Darryl Liu,NULL
21960,NULL,12156,Dawn Liu,NULL
29062,NULL,17891,Dennis Liu,NULL
28435,NULL,13126,Edwin Liu,NULL
21564,NULL,2475,Erica Liu,NULL
13511,NULL,6456,Ernest Liu,NULL
14712,NULL,5451,Eugene Liu,NULL
19107,NULL,7628,Franklin Liu,NULL
18899,NULL,5674,Glenn Liu,NULL
12996,NULL,12904,Jaclyn Liu,NULL
22533,NULL,5393,Jake Liu,NULL
19301,NULL,2442,Jamie Liu,NULL
17788,NULL,18042,Jeffery Liu,NULL
16165,NULL,11438,Jenny Liu,NULL
11106,NULL,5510,Jessie Liu,NULL
27139,NULL,13528,Jon Liu,NULL
20592,NULL,18289,Jorge Liu,NULL
14008,NULL,17395,Karen Liu,NULL
24480,NULL,12052,Kelli Liu,NULL
28621,NULL,2501,Kristen Liu,NULL
13526,NULL,17355,Krystal Liu,NULL
23545,NULL,12360,Lacey Liu,NULL
19998,NULL,2389,Laura Liu,NULL
17584,NULL,2418,Lisa Liu,NULL
21341,NULL,14150,Louis Liu,NULL
17888,NULL,5734,Mandy Liu,NULL
13980,NULL,17701,Margaret Liu,NULL
25737,NULL,10825,Marshall Liu,NULL
15220,NULL,6556,Micah Liu,NULL
12252,NULL,12681,Omar Liu,NULL
16767,NULL,12790,Rafael Liu,NULL
17618,NULL,6397,Ramon Liu,NULL
15015,NULL,18144,Randy Liu,NULL
20058,NULL,13228,Roger Liu,NULL
26130,NULL,5564,Ronnie Liu,NULL
23612,NULL,4949,Rosa Liu,NULL
21099,NULL,17645,Sandra Liu,NULL
11250,NULL,2526,Shannon Liu,NULL
13557,NULL,17591,Stacey Liu,NULL
23523,NULL,6509,Steve Liu,NULL
18718,NULL,17745,Susan Liu,NULL
19594,NULL,5003,Suzanne Liu,NULL
18016,NULL,2657,Tiffany Liu,NULL
20214,NULL,5962,Trisha Liu,NULL
24121,NULL,17488,Valerie Liu,NULL
20848,NULL,17942,Vincent Liu,NULL
15014,NULL,11848,Warren Liu,NULL
20913,NULL,18090,Wesley Liu,NULL
20561,NULL,13343,Willie Liu,NULL
18926,NULL,5493,Alexandre Lobao,NULL
22347,NULL,3966,Abigail Long,NULL
22888,NULL,12190,Abigail Long,NULL
18868,NULL,5240,Adam Long,NULL
19881,NULL,12912,Aidan Long,NULL
11714,NULL,7617,Alexandria Long,NULL
22580,NULL,12759,Alexis Long,NULL
24952,NULL,3039,Amanda Long,NULL
27035,NULL,7443,Ana Long,NULL
26714,NULL,7660,Angela Long,NULL
28206,NULL,7148,Angelica Long,NULL
27289,NULL,3668,Anna Long,NULL
27551,NULL,13203,Antonio Long,NULL
24688,NULL,12581,Ashley Long,NULL
29249,NULL,6247,Austin Long,NULL
23273,NULL,6709,Benjamin Long,NULL
24533,NULL,13600,Blake Long,NULL
16110,NULL,6904,Brandon Long,NULL
17615,NULL,7186,Brittany Long,NULL
25046,NULL,5548,Caleb Long,NULL
24111,NULL,6296,Cameron Long,NULL
27044,NULL,3194,Carol Long,NULL
29151,NULL,6784,Caroline Long,NULL
17033,NULL,13249,Carson Long,NULL
19372,NULL,6824,Cassidy Long,NULL
16784,NULL,20302,Chloe Long,NULL
24690,NULL,6758,Christian Long,NULL
22453,NULL,12953,Dakota Long,NULL
24430,NULL,13462,Dalton Long,NULL
29205,NULL,6661,David Long,NULL
20476,NULL,20083,Destiny Long,NULL
21500,NULL,13704,Devin Long,NULL
28728,NULL,6959,Dylan Long,NULL
19637,NULL,13740,Eduardo Long,NULL
12062,NULL,13643,Edward Long,NULL
18864,NULL,5896,Elijah Long,NULL
12782,NULL,12670,Elizabeth Long,NULL
26140,NULL,12998,Emily Long,NULL
24509,NULL,19551,Emma Long,NULL
23860,NULL,5287,Eric Long,NULL
23834,NULL,6496,Ethan Long,NULL
14873,NULL,13113,Fernando Long,NULL
29017,NULL,5844,Gabriel Long,NULL
19830,NULL,3344,Gabrielle Long,NULL
13762,NULL,13295,Gavin Long,NULL
15492,NULL,19653,Grace Long,NULL
20776,NULL,3426,Haley Long,NULL
11157,NULL,13038,Hannah Long,NULL
11924,NULL,13878,Ian Long,NULL
24450,NULL,7480,Isabel Long,NULL
23060,NULL,2561,Isabella Long,NULL
23104,NULL,7514,Isabelle Long,NULL
15423,NULL,5192,Jack Long,NULL
27220,NULL,5335,Jackson Long,NULL
23519,NULL,7744,Jacqueline Long,NULL
21844,NULL,6353,James Long,NULL
28301,NULL,19856,Jasmine Long,NULL
14391,NULL,5389,Jason Long,NULL
29010,NULL,20515,Jennifer Long,NULL
13317,NULL,13515,Jeremiah Long,NULL
16808,NULL,3518,Jessica Long,NULL
29074,NULL,7818,Joan Long,NULL
12886,NULL,7238,Jocelyn Long,NULL
24954,NULL,6407,Jonathan Long,NULL
19988,NULL,5147,Jordan Long,NULL
17338,NULL,6868,Jordyn Long,NULL
14460,NULL,6203,Jose Long,NULL
22889,NULL,20405,Julia Long,NULL
12034,NULL,13335,Julian Long,NULL
28010,NULL,6610,Justin Long,NULL
23396,NULL,20623,Kaitlyn Long,NULL
23141,NULL,2968,Katherine Long,NULL
27670,NULL,12715,Kayla Long,NULL
25545,NULL,7550,Kelly Long,NULL
13863,NULL,5801,Kevin Long,NULL
25917,NULL,5743,Kyle Long,NULL
19143,NULL,19047,Lauren Long,NULL
25098,NULL,6454,Logan Long,NULL
24318,NULL,5439,Luis Long,NULL
11293,NULL,5643,Luke Long,NULL
12205,NULL,13083,Madison Long,NULL
18087,NULL,13830,Marcus Long,NULL
16036,NULL,3274,Maria Long,NULL
16730,NULL,8089,Mariah Long,NULL
25080,NULL,7068,Marissa Long,NULL
15791,NULL,19148,Megan Long,NULL
21503,NULL,8127,Melanie Long,NULL
25908,NULL,7335,Melissa Long,NULL
24853,NULL,13557,Miguel Long,NULL
11777,NULL,7279,Miranda Long,NULL
21352,NULL,20727,Morgan Long,NULL
28191,NULL,7311,Mya Long,NULL
14363,NULL,2734,Natalie Long,NULL
24678,NULL,5948,Nathan Long,NULL
13624,NULL,19969,Nicole Long,NULL
17831,NULL,6097,Noah Long,NULL
22106,NULL,19353,Olivia Long,NULL
19810,NULL,13377,Oscar Long,NULL
28283,NULL,19764,Rachel Long,NULL
24264,NULL,13782,Richard Long,NULL
28478,NULL,7371,Riley Long,NULL
18664,NULL,6147,Robert Long,NULL
28583,NULL,6552,Ryan Long,NULL
11128,NULL,12533,Samantha Long,NULL
28270,NULL,5998,Samuel Long,NULL
17372,NULL,12627,Sarah Long,NULL
13942,NULL,13965,Seth Long,NULL
17424,NULL,13152,Spencer Long,NULL
25158,NULL,3119,Stephanie Long,NULL
27921,NULL,2884,Sydney Long,NULL
22289,NULL,5694,Thomas Long,NULL
25047,NULL,12829,Trevor Long,NULL
27566,NULL,12872,Tristan Long,NULL
19533,NULL,7405,Vanessa Long,NULL
14758,NULL,19451,Victoria Long,NULL
11251,NULL,13411,Xavier Long,NULL
23973,NULL,7020,Zachary Long,NULL
13444,NULL,18047,Abby Lopez,NULL
26349,NULL,16583,Adam Lopez,NULL
12002,NULL,3184,Adriana Lopez,NULL
20755,NULL,16603,Alex Lopez,NULL
14088,NULL,10616,Alexandra Lopez,NULL
13821,NULL,15869,Allen Lopez,NULL
14098,NULL,10667,Allison Lopez,NULL
24448,NULL,10623,Amanda Lopez,NULL
29208,NULL,10644,Amber Lopez,NULL
11434,NULL,16076,Andre Lopez,NULL
23602,NULL,10668,Andrea Lopez,NULL
23263,NULL,16596,Angel Lopez,NULL
15651,NULL,7267,Ann Lopez,NULL
18557,NULL,10653,Bailey Lopez,NULL
26020,NULL,3784,Barry Lopez,NULL
21444,NULL,4188,Blake Lopez,NULL
15445,NULL,16025,Bob Lopez,NULL
18199,NULL,18865,Brandy Lopez,NULL
26592,NULL,15380,Brenda Lopez,NULL
19079,NULL,19523,Brett Lopez,NULL
23540,NULL,10827,Bruce Lopez,NULL
24218,NULL,3938,Bryant Lopez,NULL
27256,NULL,17268,Caleb Lopez,NULL
28326,NULL,7563,Carla Lopez,NULL
18617,NULL,16594,Carlos Lopez,NULL
13528,NULL,7176,Carmen Lopez,NULL
25668,NULL,9965,Carolyn Lopez,NULL
22308,NULL,19641,Cassandra Lopez,NULL
17500,NULL,3837,Cesar Lopez,NULL
15299,NULL,4887,Charles Lopez,NULL
24369,NULL,18954,Chelsea Lopez,NULL
23361,NULL,10602,Chloe Lopez,NULL
27137,NULL,7332,Cindy Lopez,NULL
27709,NULL,4104,Clifford Lopez,NULL
26000,NULL,16504,Connor Lopez,NULL
20839,NULL,10646,Courtney Lopez,NULL
28846,NULL,19750,Cynthia Lopez,NULL
20534,NULL,4497,Dalton Lopez,NULL
29081,NULL,10190,Darren Lopez,NULL
25119,NULL,9759,Deanna Lopez,NULL
15480,NULL,16259,Denise Lopez,NULL
24492,NULL,4967,Devin Lopez,NULL
27590,NULL,8252,Dominic Lopez,NULL
15077,NULL,7501,Dominique Lopez,NULL
26740,NULL,20055,Donald Lopez,NULL
21080,NULL,9653,Ebony Lopez,NULL
17346,NULL,8157,Edgar Lopez,NULL
26640,NULL,5050,Eduardo Lopez,NULL
26931,NULL,3723,Edward Lopez,NULL
12559,NULL,7991,Emmanuel Lopez,NULL
16227,NULL,16585,Eric Lopez,NULL
16567,NULL,2995,Erick Lopez,NULL
22245,NULL,16605,Evan Lopez,NULL
25702,NULL,3122,Evelyn Lopez,NULL
13682,NULL,3884,Fernando Lopez,NULL
18714,NULL,16714,Francisco Lopez,NULL
19216,NULL,17250,Gabriel Lopez,NULL
12155,NULL,10657,Gabriella Lopez,NULL
11311,NULL,10634,Gabrielle Lopez,NULL
29451,NULL,8304,Geoffrey Lopez,NULL
15040,NULL,20215,George Lopez,NULL
25530,NULL,10743,Gerald Lopez,NULL
15470,NULL,10630,Hailey Lopez,NULL
26406,NULL,10635,Haley Lopez,NULL
26913,NULL,2888,Harold Lopez,NULL
11052,NULL,15276,Heidi Lopez,NULL
22010,NULL,15982,Henry Lopez,NULL
26876,NULL,19597,Holly Lopez,NULL
16790,NULL,17221,Hunter Lopez,NULL
11396,NULL,4742,Ian Lopez,NULL
27692,NULL,16610,Isaac Lopez,NULL
12957,NULL,10613,Isabella Lopez,NULL
18968,NULL,16598,Isaiah Lopez,NULL
15553,NULL,8198,Ivan Lopez,NULL
29047,NULL,16580,Jack Lopez,NULL
13288,NULL,16588,Jackson Lopez,NULL
20806,NULL,17075,James Lopez,NULL
16858,NULL,10659,Jan Lopez,NULL
25500,NULL,18518,Janelle Lopez,NULL
28022,NULL,17255,Jason Lopez,NULL
19965,NULL,10290,Jay Lopez,NULL
25977,NULL,10648,Jenna Lopez,NULL
16998,NULL,10607,Jennifer Lopez,NULL
26297,NULL,4025,Jeremiah Lopez,NULL
11488,NULL,8034,Jermaine Lopez,NULL
27659,NULL,16612,Jesse Lopez,NULL
16982,NULL,15333,Jillian Lopez,NULL
27512,NULL,11022,Joe Lopez,NULL
15103,NULL,17084,Jonathan Lopez,NULL
15891,NULL,16571,Jordan Lopez,NULL
18432,NULL,10650,Jordan Lopez,NULL
25404,NULL,17238,José Lopez,NULL
24638,NULL,10604,Julia Lopez,NULL
25807,NULL,3243,Kaitlin Lopez,NULL
21754,NULL,10608,Kaitlyn Lopez,NULL
15235,NULL,10512,Kari Lopez,NULL
11820,NULL,10662,Katelyn Lopez,NULL
17161,NULL,10622,Katherine Lopez,NULL
17398,NULL,10665,Kaylee Lopez,NULL
29234,NULL,17247,Kevin Lopez,NULL
28137,NULL,10710,Kristi Lopez,NULL
20247,NULL,19711,Kristina Lopez,NULL
21560,NULL,16117,Kristopher Lopez,NULL
28061,NULL,17240,Kyle Lopez,NULL
23502,NULL,17106,Logan Lopez,NULL
18938,NULL,4818,Lucas Lopez,NULL
17334,NULL,17257,Luis Lopez,NULL
15563,NULL,16562,Luke Lopez,NULL
20142,NULL,3454,Lydia Lopez,NULL
18957,NULL,10655,Mackenzie Lopez,NULL
12044,NULL,10639,Madeline Lopez,NULL
14050,NULL,15944,Manuel Lopez,NULL
11429,NULL,3885,Marco Lopez,NULL
26197,NULL,4650,Marcus Lopez,NULL
21156,NULL,10632,Maria Lopez,NULL
16192,NULL,10070,Marie Lopez,NULL
21864,NULL,16759,Martin Lopez,NULL
16101,NULL,10642,Mary Lopez,NULL
22923,NULL,16608,Mason Lopez,NULL
27356,NULL,3411,Mayra Lopez,NULL
22584,NULL,7222,Meagan Lopez,NULL
24578,NULL,10612,Meredith Lopez,NULL
21509,NULL,8978,Michele Lopez,NULL
17647,NULL,16162,Molly Lopez,NULL
22660,NULL,19562,Monica Lopez,NULL
19466,NULL,10610,Morgan Lopez,NULL
24182,NULL,15479,Nancy Lopez,NULL
14113,NULL,10615,Natalie Lopez,NULL
14083,NULL,17107,Nathan Lopez,NULL
13163,NULL,17229,Noah Lopez,NULL
26444,NULL,15565,Pamela Lopez,NULL
28305,NULL,19680,Patricia Lopez,NULL
21038,NULL,11668,Pedro Lopez,NULL
12557,NULL,20176,Phillip Lopez,NULL
20860,NULL,3999,Preston Lopez,NULL
23425,NULL,15518,Rachael Lopez,NULL
27317,NULL,19479,Raymond Lopez,NULL
27504,NULL,10636,Rebecca Lopez,NULL
24017,NULL,9867,Rebekah Lopez,NULL
25571,NULL,4570,Richard Lopez,NULL
22116,NULL,17234,Robert Lopez,NULL
17855,NULL,20142,Ronald Lopez,NULL
18443,NULL,11775,Ross Lopez,NULL
26987,NULL,11128,Roy Lopez,NULL
12639,NULL,11222,Ruben Lopez,NULL
17902,NULL,3295,Ruth Lopez,NULL
26858,NULL,17205,Samuel Lopez,NULL
21599,NULL,10658,Sara Lopez,NULL
25709,NULL,10663,Savannah Lopez,NULL
28983,NULL,16613,Sean Lopez,NULL
15123,NULL,7838,Sergio Lopez,NULL
28373,NULL,19394,Shane Lopez,NULL
13030,NULL,10641,Sophia Lopez,NULL
28962,NULL,4054,Stanley Lopez,NULL
14826,NULL,7387,Stefanie Lopez,NULL
12036,NULL,3053,Summer Lopez,NULL
13073,NULL,10619,Sydney Lopez,NULL
26265,NULL,7446,Tammy Lopez,NULL
14217,NULL,8090,Terrance Lopez,NULL
18654,NULL,17239,Thomas Lopez,NULL
29273,NULL,16619,Timothy Lopez,NULL
24219,NULL,16213,Tina Lopez,NULL
25140,NULL,3361,Toni Lopez,NULL
19427,NULL,15820,Troy Lopez,NULL
25677,NULL,18994,Veronica Lopez,NULL
27338,NULL,7621,Virginia Lopez,NULL
11890,NULL,18913,Whitney Lopez,NULL
20765,NULL,3798,Wyatt Lopez,NULL
14848,NULL,4421,George Louverdis,NULL
20342,NULL,5808,Aimee Lu,NULL
19761,NULL,17315,Alan Lu,NULL
25620,NULL,12492,Alejandro Lu,NULL
20175,NULL,11958,Alisha Lu,NULL
15417,NULL,4548,Alvin Lu,NULL
20464,NULL,20716,Amy Lu,NULL
17274,NULL,9956,Arturo Lu,NULL
15001,NULL,5929,Autumn Lu,NULL
13293,NULL,11558,Barbara Lu,NULL
13252,NULL,4791,Bianca Lu,NULL
23234,NULL,18006,Brent Lu,NULL
12848,NULL,17550,Brittney Lu,NULL
21204,NULL,17805,Candice Lu,NULL
14422,NULL,4844,Cara Lu,NULL
17062,NULL,11355,Christy Lu,NULL
23613,NULL,12595,Clayton Lu,NULL
21069,NULL,13446,Colin Lu,NULL
12714,NULL,12275,Colleen Lu,NULL
15145,NULL,20764,Crystal Lu,NULL
11011,NULL,18258,Curtis Lu,NULL
15944,NULL,7963,Damien Lu,NULL
27702,NULL,5635,Darryl Lu,NULL
27833,NULL,12171,Dawn Lu,NULL
22256,NULL,13151,Edwin Lu,NULL
27009,NULL,2483,Erica Lu,NULL
14417,NULL,6471,Ernest Lu,NULL
14187,NULL,5467,Eugene Lu,NULL
12692,NULL,5696,Glenn Lu,NULL
14543,NULL,2638,Heather Lu,NULL
11047,NULL,12928,Jaclyn Lu,NULL
23646,NULL,2451,Jamie Lu,NULL
19971,NULL,18056,Jeffery Lu,NULL
27395,NULL,11455,Jenny Lu,NULL
12408,NULL,13550,Jon Lu,NULL
15177,NULL,18303,Jorge Lu,NULL
13558,NULL,17407,Karen Lu,NULL
13782,NULL,12071,Kelli Lu,NULL
16335,NULL,2509,Kristen Lu,NULL
17049,NULL,17369,Krystal Lu,NULL
28699,NULL,17459,Leah Lu,NULL
16425,NULL,2426,Lisa Lu,NULL
20356,NULL,13041,Louis Lu,NULL
14988,NULL,5758,Mandy Lu,NULL
20814,NULL,17716,Margaret Lu,NULL
22628,NULL,10982,Marshall Lu,NULL
21255,NULL,4913,Martha Lu,NULL
22174,NULL,6578,Micah Lu,NULL
25518,NULL,12696,Oscar Lu,NULL
22869,NULL,12811,Rafael Lu,NULL
16738,NULL,6422,Ramon Lu,NULL
26441,NULL,18158,Randy Lu,NULL
19763,NULL,13248,Roger Lu,NULL
19950,NULL,5579,Ronnie Lu,NULL
16663,NULL,4966,Rosa Lu,NULL
13521,NULL,17662,Sandra Lu,NULL
11591,NULL,17608,Stacey Lu,NULL
15351,NULL,6524,Steve Lu,NULL
12357,NULL,17761,Susan Lu,NULL
16712,NULL,5021,Suzanne Lu,NULL
19072,NULL,11861,Tamara Lu,NULL
22843,NULL,2669,Tiffany Lu,NULL
24269,NULL,18213,Todd Lu,NULL
25555,NULL,4740,Trisha Lu,NULL
22913,NULL,17505,Valerie Lu,NULL
13053,NULL,17955,Vincent Lu,NULL
28925,NULL,12013,Warren Lu,NULL
26063,NULL,18106,Wesley Lu,NULL
21191,NULL,13352,Willie Lu,NULL
12316,NULL,12532,Alejandro Luo,NULL
15112,NULL,19779,Alicia Luo,NULL
24534,NULL,12000,Alisha Luo,NULL
23527,NULL,16643,Alison Luo,NULL
23635,NULL,4946,Alvin Luo,NULL
29008,NULL,5062,Andres Luo,NULL
19708,NULL,20534,April Luo,NULL
22461,NULL,10357,Arturo Luo,NULL
23534,NULL,8947,Ashlee Luo,NULL
27978,NULL,11592,Barbara Luo,NULL
19582,NULL,17271,Bethany Luo,NULL
19337,NULL,3684,Bonnie Luo,NULL
28414,NULL,20285,Bradley Luo,NULL
19503,NULL,8568,Bridget Luo,NULL
19172,NULL,9160,Calvin Luo,NULL
21123,NULL,16945,Carl Luo,NULL
11373,NULL,4491,Carly Luo,NULL
11072,NULL,16284,Casey Luo,NULL
16452,NULL,8883,Cassie Luo,NULL
21040,NULL,20329,Chad Luo,NULL
24159,NULL,19868,Christine Luo,NULL
16277,NULL,11396,Christy Luo,NULL
28158,NULL,7126,Clarence Luo,NULL
21210,NULL,13488,Colin Luo,NULL
15208,NULL,12312,Colleen Luo,NULL
19936,NULL,20458,Corey Luo,NULL
22613,NULL,5310,Dale Luo,NULL
25696,NULL,11968,Damien Luo,NULL
21187,NULL,9558,Darrell Luo,NULL
13804,NULL,12209,Dawn Luo,NULL
22850,NULL,4308,Devon Luo,NULL
24805,NULL,4644,Donna Luo,NULL
29018,NULL,9209,Drew Luo,NULL
17240,NULL,2556,Dustin Luo,NULL
22389,NULL,13186,Edwin Luo,NULL
22027,NULL,8195,Franklin Luo,NULL
16281,NULL,9282,Gilbert Luo,NULL
17642,NULL,2584,Gregory Luo,NULL
16429,NULL,12970,Jaclyn Luo,NULL
25836,NULL,9445,Jaime Luo,NULL
19474,NULL,11491,Jenny Luo,NULL
24586,NULL,16888,Jerry Luo,NULL
29213,NULL,4696,Jodi Luo,NULL
21359,NULL,17043,Johnny Luo,NULL
11298,NULL,13588,Jon Luo,NULL
29121,NULL,19945,Julie Luo,NULL
28903,NULL,16550,Kara Luo,NULL
21928,NULL,5130,Karl Luo,NULL
11574,NULL,3489,Karla Luo,NULL
27333,NULL,19909,Kathryn Luo,NULL
14498,NULL,20609,Katie Luo,NULL
18147,NULL,16332,Katrina Luo,NULL
13598,NULL,20494,Keith Luo,NULL
23946,NULL,12108,Kelli Luo,NULL
24871,NULL,16503,Kelsey Luo,NULL
24061,NULL,2684,Kelvin Luo,NULL
15211,NULL,2612,Kenneth Luo,NULL
17711,NULL,20574,Kristin Luo,NULL
22690,NULL,4140,Kurt Luo,NULL
24175,NULL,12418,Lacey Luo,NULL
23285,NULL,16379,Latoya Luo,NULL
25582,NULL,5196,Leonard Luo,NULL
13514,NULL,19822,Lindsay Luo,NULL
22201,NULL,20656,Lindsey Luo,NULL
11465,NULL,13084,Louis Luo,NULL
25711,NULL,16796,Mario Luo,NULL
19380,NULL,11392,Marshall Luo,NULL
27491,NULL,9056,Maurice Luo,NULL
24366,NULL,4369,Melvin Luo,NULL
26027,NULL,8390,Michele Luo,NULL
11349,NULL,4543,Mindy Luo,NULL
19067,NULL,16456,Misty Luo,NULL
28895,NULL,17130,Mitchell Luo,NULL
29296,NULL,16592,Nichole Luo,NULL
27495,NULL,4428,Nina Luo,NULL
15704,NULL,20413,Peter Luo,NULL
17907,NULL,8775,Priscilla Luo,NULL
26903,NULL,12851,Rafael Luo,NULL
20154,NULL,9503,Raul Luo,NULL
26380,NULL,16995,Ricardo Luo,NULL
18728,NULL,13291,Roger Luo,NULL
14652,NULL,16852,Russell Luo,NULL
11553,NULL,8511,Sharon Luo,NULL
27864,NULL,17086,Shaun Luo,NULL
12246,NULL,20373,Shawn Luo,NULL
22659,NULL,3559,Shawna Luo,NULL
20733,NULL,8666,Sheena Luo,NULL
18738,NULL,11892,Tamara Luo,NULL
21538,NULL,19985,Tara Luo,NULL
15045,NULL,8621,Tasha Luo,NULL
12537,NULL,4249,Terrence Luo,NULL
26850,NULL,17225,Terry Luo,NULL
29423,NULL,17174,Tony Luo,NULL
29107,NULL,8452,Tonya Luo,NULL
23562,NULL,7105,Warren Luo,NULL
27163,NULL,9107,Wayne Luo,NULL
22682,NULL,13384,Willie Luo,NULL
13945,NULL,3621,Yolanda Luo,NULL
21868,NULL,5818,Aimee Ma,NULL
23906,NULL,17325,Alan Ma,NULL
17187,NULL,12504,Alejandro Ma,NULL
17972,NULL,11970,Alisha Ma,NULL
15099,NULL,4652,Alvin Ma,NULL
17309,NULL,20721,Amy Ma,NULL
12628,NULL,10063,Arturo Ma,NULL
20994,NULL,5938,Autumn Ma,NULL
22685,NULL,11570,Barbara Ma,NULL
19798,NULL,4800,Bianca Ma,NULL
20428,NULL,18015,Brent Ma,NULL
12584,NULL,17564,Brittney Ma,NULL
27260,NULL,17818,Candice Ma,NULL
18885,NULL,4858,Cara Ma,NULL
11094,NULL,3504,Cedric Ma,NULL
15020,NULL,11361,Christy Ma,NULL
11582,NULL,5880,Claudia Ma,NULL
26428,NULL,13457,Colin Ma,NULL
11480,NULL,12283,Colleen Ma,NULL
28119,NULL,18265,Curtis Ma,NULL
15612,NULL,9043,Damien Ma,NULL
15599,NULL,5646,Darryl Ma,NULL
13956,NULL,12186,Dawn Ma,NULL
25483,NULL,17916,Dennis Ma,NULL
24374,NULL,5482,Eugene Ma,NULL
24485,NULL,7902,Franklin Ma,NULL
21419,NULL,8981,Gilbert Ma,NULL
16280,NULL,5706,Glenn Ma,NULL
17639,NULL,2644,Heather Ma,NULL
28890,NULL,12939,Jaclyn Ma,NULL
12617,NULL,5424,Jake Ma,NULL
29446,NULL,2458,Jamie Ma,NULL
18264,NULL,18061,Jeffery Ma,NULL
29092,NULL,5534,Jessie Ma,NULL
17605,NULL,13560,Jon Ma,NULL
14052,NULL,18317,Jorge Ma,NULL
18667,NULL,12080,Kelli Ma,NULL
13825,NULL,18950,Kelvin Ma,NULL
23804,NULL,2513,Kristen Ma,NULL
15458,NULL,17376,Krystal Ma,NULL
18723,NULL,12388,Lacey Ma,NULL
24503,NULL,2403,Laura Ma,NULL
14553,NULL,17468,Leah Ma,NULL
14710,NULL,2431,Lisa Ma,NULL
21879,NULL,13049,Louis Ma,NULL
19344,NULL,5769,Mandy Ma,NULL
15061,NULL,17726,Margaret Ma,NULL
29105,NULL,4924,Martha Ma,NULL
24032,NULL,5363,Micah Ma,NULL
21007,NULL,12609,Nuan Ma,NULL
15232,NULL,12707,Omar Ma,NULL
13022,NULL,12821,Rafael Ma,NULL
27526,NULL,6430,Ramon Ma,NULL
24550,NULL,18173,Randy Ma,NULL
15130,NULL,13258,Roger Ma,NULL
17815,NULL,5588,Ronnie Ma,NULL
28522,NULL,4976,Rosa Ma,NULL
17992,NULL,17672,Sandra Ma,NULL
21840,NULL,17618,Stacey Ma,NULL
21098,NULL,6531,Steve Ma,NULL
13948,NULL,17772,Susan Ma,NULL
26947,NULL,5033,Suzanne Ma,NULL
19985,NULL,11870,Tamara Ma,NULL
21577,NULL,2675,Tiffany Ma,NULL
19581,NULL,18224,Todd Ma,NULL
13039,NULL,4752,Trisha Ma,NULL
26487,NULL,17966,Vincent Ma,NULL
19762,NULL,12122,Warren Ma,NULL
19914,NULL,13360,Willie Ma,NULL
14701,NULL,15851,Maurizio Macagno,NULL
19354,NULL,17867,Abby Madan,NULL
12275,NULL,3152,Adriana Madan,NULL
26946,NULL,16057,Andre Madan,NULL
21948,NULL,7250,Ann Madan,NULL
16408,NULL,10907,Arthur Madan,NULL
26977,NULL,3751,Barry Madan,NULL
27687,NULL,18848,Brandy Madan,NULL
13043,NULL,15360,Brenda Madan,NULL
28727,NULL,19503,Brett Madan,NULL
18206,NULL,10808,Bruce Madan,NULL
22409,NULL,15413,Candace Madan,NULL
28135,NULL,7539,Carla Madan,NULL
15567,NULL,8331,Carmen Madan,NULL
26222,NULL,9944,Carolyn Madan,NULL
29068,NULL,19619,Cassandra Madan,NULL
11608,NULL,3816,Cesar Madan,NULL
24198,NULL,18939,Chelsea Madan,NULL
12259,NULL,7309,Cindy Madan,NULL
26154,NULL,19329,Cory Madan,NULL
28629,NULL,19733,Cynthia Madan,NULL
26355,NULL,10174,Darren Madan,NULL
27768,NULL,9744,Deanna Madan,NULL
25248,NULL,16239,Denise Madan,NULL
21847,NULL,8234,Dominic Madan,NULL
27168,NULL,20034,Donald Madan,NULL
26971,NULL,19421,Douglas Madan,NULL
19752,NULL,9635,Ebony Madan,NULL
27131,NULL,8131,Edgar Madan,NULL
18653,NULL,7967,Emmanuel Madan,NULL
14212,NULL,2969,Erick Madan,NULL
22582,NULL,3103,Evelyn Madan,NULL
25706,NULL,16696,Francisco Madan,NULL
16550,NULL,7866,Frederick Madan,NULL
15241,NULL,8289,Geoffrey Madan,NULL
15653,NULL,11842,Gerald Madan,NULL
23938,NULL,2865,Harold Madan,NULL
17283,NULL,15962,Henry Madan,NULL
13746,NULL,18336,Janelle Madan,NULL
21555,NULL,2913,Jarrod Madan,NULL
20156,NULL,10272,Jay Madan,NULL
15091,NULL,8016,Jermaine Madan,NULL
13410,NULL,15306,Jillian Madan,NULL
29300,NULL,11005,Joe Madan,NULL
17887,NULL,20077,Joel Madan,NULL
13626,NULL,15891,Johnathan Madan,NULL
17124,NULL,3216,Kaitlin Madan,NULL
23405,NULL,10491,Kari Madan,NULL
29184,NULL,10691,Kristi Madan,NULL
28698,NULL,19697,Kristina Madan,NULL
25238,NULL,16101,Kristopher Madan,NULL
15446,NULL,7916,Levi Madan,NULL
13839,NULL,15926,Manuel Madan,NULL
18895,NULL,3863,Marco Madan,NULL
27769,NULL,10052,Marie Madan,NULL
24911,NULL,16741,Martin Madan,NULL
19027,NULL,3389,Mayra Madan,NULL
11767,NULL,7199,Meagan Madan,NULL
12591,NULL,10592,Meredith Madan,NULL
12676,NULL,10152,Michele Madan,NULL
15623,NULL,16138,Molly Madan,NULL
27761,NULL,19544,Monica Madan,NULL
18502,NULL,15541,Pamela Madan,NULL
22988,NULL,19665,Patricia Madan,NULL
22902,NULL,11647,Pedro Madan,NULL
27162,NULL,20160,Phillip Madan,NULL
20074,NULL,3976,Preston Madan,NULL
16486,NULL,15502,Rachael Madan,NULL
20819,NULL,19462,Raymond Madan,NULL
15447,NULL,7652,Regina Madan,NULL
25828,NULL,20122,Ronald Madan,NULL
27929,NULL,11758,Ross Madan,NULL
15716,NULL,11107,Roy Madan,NULL
21518,NULL,11204,Ruben Madan,NULL
12237,NULL,3268,Ruth Madan,NULL
16423,NULL,7819,Sergio Madan,NULL
27006,NULL,19375,Shane Madan,NULL
19602,NULL,4031,Stanley Madan,NULL
12347,NULL,3036,Summer Madan,NULL
19856,NULL,7423,Tammy Madan,NULL
24910,NULL,8066,Terrance Madan,NULL
24347,NULL,16194,Tina Madan,NULL
26668,NULL,3333,Toni Madan,NULL
25467,NULL,15801,Troy Madan,NULL
19064,NULL,18978,Veronica Madan,NULL
20966,NULL,7599,Virginia Madan,NULL
14942,NULL,18893,Whitney Madan,NULL
19145,NULL,3143,Adriana Malhotra,NULL
15102,NULL,15844,Allen Malhotra,NULL
18131,NULL,7241,Ann Malhotra,NULL
25267,NULL,10900,Arthur Malhotra,NULL
20845,NULL,3743,Barry Malhotra,NULL
24710,NULL,18838,Brandy Malhotra,NULL
13391,NULL,15355,Brenda Malhotra,NULL
18731,NULL,19495,Brett Malhotra,NULL
19848,NULL,3911,Bryant Malhotra,NULL
19333,NULL,15401,Candace Malhotra,NULL
25654,NULL,7528,Carla Malhotra,NULL
18029,NULL,8325,Carmen Malhotra,NULL
20910,NULL,9936,Carolyn Malhotra,NULL
25756,NULL,19611,Cassandra Malhotra,NULL
25594,NULL,7294,Cindy Malhotra,NULL
24792,NULL,4078,Clifford Malhotra,NULL
17923,NULL,19323,Cory Malhotra,NULL
11358,NULL,19727,Cynthia Malhotra,NULL
20245,NULL,10170,Darren Malhotra,NULL
16258,NULL,9733,Deanna Malhotra,NULL
19524,NULL,16235,Denise Malhotra,NULL
12460,NULL,7472,Dominique Malhotra,NULL
25472,NULL,8224,Don Malhotra,NULL
22960,NULL,19413,Douglas Malhotra,NULL
11589,NULL,9631,Ebony Malhotra,NULL
12555,NULL,8121,Edgar Malhotra,NULL
18332,NULL,7958,Emmanuel Malhotra,NULL
28405,NULL,2964,Erick Malhotra,NULL
12853,NULL,3093,Evelyn Malhotra,NULL
17951,NULL,7859,Frederick Malhotra,NULL
18298,NULL,8277,Geoffrey Malhotra,NULL
28773,NULL,11838,Gerald Malhotra,NULL
15227,NULL,2854,Harold Malhotra,NULL
26426,NULL,15249,Heidi Malhotra,NULL
26353,NULL,19576,Holly Malhotra,NULL
11558,NULL,8176,Ivan Malhotra,NULL
26425,NULL,18263,Janelle Malhotra,NULL
27316,NULL,2908,Jarrod Malhotra,NULL
14159,NULL,10267,Jay Malhotra,NULL
23624,NULL,15300,Jillian Malhotra,NULL
13550,NULL,10994,Joe Malhotra,NULL
16343,NULL,20073,Joel Malhotra,NULL
17723,NULL,15888,Johnathan Malhotra,NULL
15063,NULL,10484,Kari Malhotra,NULL
15175,NULL,10684,Kristi Malhotra,NULL
25031,NULL,19692,Kristina Malhotra,NULL
15265,NULL,16097,Kristopher Malhotra,NULL
16668,NULL,7907,Levi Malhotra,NULL
27997,NULL,3433,Lydia Malhotra,NULL
21602,NULL,15920,Manuel Malhotra,NULL
29459,NULL,3856,Marco Malhotra,NULL
24024,NULL,10040,Marie Malhotra,NULL
12651,NULL,16733,Martin Malhotra,NULL
15577,NULL,3382,Mayra Malhotra,NULL
27827,NULL,7193,Meagan Malhotra,NULL
29314,NULL,10586,Meredith Malhotra,NULL
26896,NULL,10145,Michele Malhotra,NULL
24551,NULL,16134,Molly Malhotra,NULL
17986,NULL,19540,Monica Malhotra,NULL
23046,NULL,15535,Pamela Malhotra,NULL
21758,NULL,19661,Patricia Malhotra,NULL
21559,NULL,11642,Pedro Malhotra,NULL
21977,NULL,20157,Phillip Malhotra,NULL
13251,NULL,19458,Raymond Malhotra,NULL
22378,NULL,9837,Rebekah Malhotra,NULL
22012,NULL,7647,Regina Malhotra,NULL
29307,NULL,11752,Ross Malhotra,NULL
23220,NULL,11097,Roy Malhotra,NULL
17074,NULL,11197,Ruben Malhotra,NULL
16321,NULL,3263,Ruth Malhotra,NULL
29375,NULL,7807,Sergio Malhotra,NULL
23603,NULL,19367,Shane Malhotra,NULL
11453,NULL,4028,Stanley Malhotra,NULL
14995,NULL,7358,Stefanie Malhotra,NULL
22479,NULL,7415,Tammy Malhotra,NULL
20223,NULL,8055,Terrance Malhotra,NULL
27584,NULL,16187,Tina Malhotra,NULL
26162,NULL,3326,Toni Malhotra,NULL
11569,NULL,15794,Troy Malhotra,NULL
25922,NULL,18974,Veronica Malhotra,NULL
23758,NULL,7588,Virginia Malhotra,NULL
28944,NULL,18888,Whitney Malhotra,NULL
18675,NULL,12055,Abigail Martin,NULL
19952,NULL,7094,Adrienne Martin,NULL
26837,NULL,14886,Albert Martin,NULL
19388,NULL,6598,Alberto Martin,NULL
16402,NULL,18304,Alexander Martin,NULL
27093,NULL,10726,Alexandra Martin,NULL
21480,NULL,2777,Alfredo Martin,NULL
19587,NULL,11543,Alyssa Martin,NULL
12400,NULL,2721,Andy Martin,NULL
20988,NULL,11601,Anna Martin,NULL
25034,NULL,14353,Anne Martin,NULL
24194,NULL,6932,Armando Martin,NULL
28943,NULL,10935,Arthur Martin,NULL
26116,NULL,12434,Ashley Martin,NULL
13791,NULL,5990,Audrey Martin,NULL
24312,NULL,17387,Austin Martin,NULL
22769,NULL,18180,Benjamin Martin,NULL
23317,NULL,6056,Beth Martin,NULL
26849,NULL,15724,Billy Martin,NULL
21782,NULL,4168,Blake Martin,NULL
15368,NULL,18466,Brandi Martin,NULL
21691,NULL,18361,Brandon Martin,NULL
15213,NULL,13351,Briana Martin,NULL
23583,NULL,11727,Brianna Martin,NULL
27936,NULL,10839,Bruce Martin,NULL
25217,NULL,19501,Byron Martin,NULL
12652,NULL,9979,Carolyn Martin,NULL
22962,NULL,19135,Casey Martin,NULL
24684,NULL,4860,Charles Martin,NULL
16448,NULL,6167,Cheryl Martin,NULL
14114,NULL,11006,Chloe Martin,NULL
19709,NULL,18187,Christian Martin,NULL
28017,NULL,18200,Christopher Martin,NULL
25012,NULL,19052,Craig Martin,NULL
12505,NULL,4473,Dalton Martin,NULL
16231,NULL,18825,Dana Martin,NULL
17498,NULL,18653,Daniel Martin,NULL
28702,NULL,14742,Danny Martin,NULL
22695,NULL,10201,Darren Martin,NULL
27135,NULL,18105,David Martin,NULL
13091,NULL,9771,Deanna Martin,NULL
14191,NULL,19094,Derrick Martin,NULL
25475,NULL,11501,Destiny Martin,NULL
11181,NULL,4935,Devin Martin,NULL
27851,NULL,18636,Diana Martin,NULL
13958,NULL,15350,Diane Martin,NULL
14849,NULL,20313,Dwayne Martin,NULL
17002,NULL,18511,Dylan Martin,NULL
15223,NULL,9665,Ebony Martin,NULL
12724,NULL,6654,Eddie Martin,NULL
11264,NULL,5022,Eduardo Martin,NULL
28336,NULL,4251,Edward Martin,NULL
19649,NULL,11923,Elizabeth Martin,NULL
13487,NULL,12248,Emily Martin,NULL
27176,NULL,19263,Erik Martin,NULL
13998,NULL,17948,Ethan Martin,NULL
15018,NULL,14257,Felicia Martin,NULL
24940,NULL,3859,Fernando Martin,NULL
29177,NULL,19304,Frank Martin,NULL
20793,NULL,19009,Gary Martin,NULL
17284,NULL,10752,Gerald Martin,NULL
11078,NULL,15039,Gina Martin,NULL
12325,NULL,16265,Gloria Martin,NULL
26237,NULL,11317,Grace Martin,NULL
27860,NULL,15774,Hector Martin,NULL
14709,NULL,4714,Ian Martin,NULL
18120,NULL,11235,Isabella Martin,NULL
17763,NULL,6338,Jacquelyn Martin,NULL
28316,NULL,7034,Jaime Martin,NULL
19870,NULL,17626,James Martin,NULL
24540,NULL,6221,Janet Martin,NULL
27777,NULL,2839,Jarred Martin,NULL
19597,NULL,10306,Jay Martin,NULL
17345,NULL,4000,Jeremiah Martin,NULL
20170,NULL,7688,Jerome Martin,NULL
14822,NULL,12105,Jessica Martin,NULL
28324,NULL,18364,Jésus Martin,NULL
11824,NULL,11407,Jill Martin,NULL
16440,NULL,15620,Jimmy Martin,NULL
25556,NULL,18686,Joan Martin,NULL
14668,NULL,11036,Joe Martin,NULL
14436,NULL,18358,John Martin,NULL
29248,NULL,17699,Jonathan Martin,NULL
15079,NULL,17370,Jose Martin,NULL
11388,NULL,18946,Joseph Martin,NULL
27607,NULL,18792,Joshua Martin,NULL
13544,NULL,13860,Joy Martin,NULL
18790,NULL,11057,Julia Martin,NULL
23542,NULL,18067,Justin Martin,NULL
16796,NULL,11141,Kaitlyn Martin,NULL
20273,NULL,10828,Katherine Martin,NULL
16457,NULL,18546,Kathleen Martin,NULL
27523,NULL,11972,Kayla Martin,NULL
28195,NULL,15827,Kellie Martin,NULL
14189,NULL,14199,Krista Martin,NULL
21029,NULL,10724,Kristi Martin,NULL
21108,NULL,6278,Kristine Martin,NULL
17262,NULL,14307,Kristy Martin,NULL
25236,NULL,14838,Lance Martin,NULL
18254,NULL,18410,Larry Martin,NULL
16798,NULL,6121,Latasha Martin,NULL
19006,NULL,18506,Leslie Martin,NULL
19716,NULL,17768,Logan Martin,NULL
22114,NULL,4794,Lucas Martin,NULL
20492,NULL,12337,Madison Martin,NULL
13794,NULL,7141,Mallory Martin,NULL
11039,NULL,15676,Marc Martin,NULL
22376,NULL,4626,Marcus Martin,NULL
14151,NULL,10088,Marie Martin,NULL
26267,NULL,18843,Matthew Martin,NULL
16030,NULL,2620,Max Martin,NULL
11737,NULL,11688,Megan Martin,NULL
26773,NULL,18778,Meghan Martin,NULL
28910,NULL,16711,Melody Martin,NULL
17543,NULL,10624,Meredith Martin,NULL
18783,NULL,18740,Michael Martin,NULL
27819,NULL,8994,Michele Martin,NULL
27091,NULL,4090,Miguel Martin,NULL
24832,NULL,11191,Morgan Martin,NULL
15593,NULL,17187,Naomi Martin,NULL
20675,NULL,11276,Natalie Martin,NULL
27490,NULL,18731,Natasha Martin,NULL
17769,NULL,17840,Nathan Martin,NULL
24078,NULL,6832,Neil Martin,NULL
28450,NULL,19067,Nelson Martin,NULL
23362,NULL,19004,Nicholas Martin,NULL
21933,NULL,11458,Nicole Martin,NULL
17657,NULL,17288,Noah Martin,NULL
16300,NULL,18621,Orlando Martin,NULL
21855,NULL,14846,Paula Martin,NULL
28103,NULL,11680,Pedro Martin,NULL
13269,NULL,11362,Rachel Martin,NULL
19560,NULL,14937,Randall Martin,NULL
27962,NULL,9878,Rebekah Martin,NULL
14054,NULL,7735,Reginald Martin,NULL
17478,NULL,14993,Renee Martin,NULL
23475,NULL,5102,Richard Martin,NULL
16608,NULL,15572,Ricky Martin,NULL
13889,NULL,17217,Robert Martin,NULL
16201,NULL,11792,Ross Martin,NULL
22065,NULL,11143,Roy Martin,NULL
22400,NULL,11238,Ruben Martin,NULL
15360,NULL,17954,Ryan Martin,NULL
25578,NULL,15234,Sabrina Martin,NULL
27541,NULL,12385,Samantha Martin,NULL
15874,NULL,17677,Samuel Martin,NULL
12041,NULL,4319,Seth Martin,NULL
24045,NULL,19904,Shannon Martin,NULL
15635,NULL,14364,Sheila Martin,NULL
14803,NULL,18594,Stacy Martin,NULL
25269,NULL,10412,Tabitha Martin,NULL
22969,NULL,12153,Taylor Martin,NULL
22588,NULL,15182,Teresa Martin,NULL
21588,NULL,6713,Theodore Martin,NULL
16952,NULL,17432,Thomas Martin,NULL
27724,NULL,18492,Tyler Martin,NULL
26885,NULL,19221,Victor Martin,NULL
18079,NULL,11816,Victoria Martin,NULL
22078,NULL,18243,William Martin,NULL
16234,NULL,3774,Wyatt Martin,NULL
22233,NULL,4395,Xavier Martin,NULL
28257,NULL,18565,Zachary Martin,NULL
29333,NULL,18062,Abby Martinez,NULL
16651,NULL,12062,Abigail Martinez,NULL
15457,NULL,3187,Adriana Martinez,NULL
24827,NULL,18309,Alexander Martinez,NULL
25967,NULL,12017,Alexis Martinez,NULL
19386,NULL,15871,Allen Martinez,NULL
18070,NULL,11551,Alyssa Martinez,NULL
16588,NULL,16080,Andre Martinez,NULL
11530,NULL,18892,Andrew Martinez,NULL
12009,NULL,7270,Ann Martinez,NULL
12994,NULL,11605,Anna Martinez,NULL
26376,NULL,18377,Anthony Martinez,NULL
11166,NULL,12441,Ashley Martinez,NULL
21292,NULL,17552,Austin Martinez,NULL
12621,NULL,3788,Barry Martinez,NULL
16669,NULL,18195,Benjamin Martinez,NULL
20475,NULL,4172,Blake Martinez,NULL
25352,NULL,18441,Brandon Martinez,NULL
12865,NULL,18866,Brandy Martinez,NULL
14807,NULL,15384,Brenda Martinez,NULL
23532,NULL,19525,Brett Martinez,NULL
22747,NULL,11732,Brianna Martinez,NULL
18452,NULL,10830,Bruce Martinez,NULL
19471,NULL,3941,Bryant Martinez,NULL
16559,NULL,15432,Candace Martinez,NULL
24852,NULL,7564,Carla Martinez,NULL
14169,NULL,7178,Carmen Martinez,NULL
17656,NULL,11506,Carol Martinez,NULL
24572,NULL,9967,Carolyn Martinez,NULL
23766,NULL,19643,Cassandra Martinez,NULL
23981,NULL,3839,Cesar Martinez,NULL
21704,NULL,4866,Charles Martinez,NULL
14927,NULL,18958,Chelsea Martinez,NULL
24510,NULL,18214,Christian Martinez,NULL
27661,NULL,18246,Christopher Martinez,NULL
23087,NULL,4105,Clifford Martinez,NULL
15125,NULL,19349,Cory Martinez,NULL
22170,NULL,19752,Cynthia Martinez,NULL
28413,NULL,4478,Dalton Martinez,NULL
17725,NULL,18642,Daniel Martinez,NULL
20869,NULL,18138,David Martinez,NULL
17202,NULL,9762,Deanna Martinez,NULL
12390,NULL,16260,Denise Martinez,NULL
11675,NULL,4939,Devin Martinez,NULL
25514,NULL,8253,Dominic Martinez,NULL
28788,NULL,7504,Dominique Martinez,NULL
25482,NULL,20056,Donald Martinez,NULL
22841,NULL,19439,Douglas Martinez,NULL
26319,NULL,18521,Dylan Martinez,NULL
17797,NULL,9655,Ebony Martinez,NULL
18741,NULL,8160,Edgar Martinez,NULL
24234,NULL,5028,Eduardo Martinez,NULL
28999,NULL,4256,Edward Martinez,NULL
26066,NULL,11927,Elizabeth Martinez,NULL
17864,NULL,12252,Emily Martinez,NULL
16734,NULL,11878,Emma Martinez,NULL
21370,NULL,7992,Emmanuel Martinez,NULL
17970,NULL,2998,Erick Martinez,NULL
20260,NULL,17808,Ethan Martinez,NULL
17204,NULL,3124,Evelyn Martinez,NULL
20454,NULL,3862,Fernando Martinez,NULL
11375,NULL,16715,Francisco Martinez,NULL
11991,NULL,7887,Frederick Martinez,NULL
17154,NULL,8305,Geoffrey Martinez,NULL
20570,NULL,20217,George Martinez,NULL
21433,NULL,10745,Gerald Martinez,NULL
17385,NULL,11323,Grace Martinez,NULL
24666,NULL,12297,Hannah Martinez,NULL
20604,NULL,2891,Harold Martinez,NULL
22922,NULL,15278,Heidi Martinez,NULL
19738,NULL,15985,Henry Martinez,NULL
19628,NULL,19600,Holly Martinez,NULL
13192,NULL,17203,Hunter Martinez,NULL
12585,NULL,4720,Ian Martinez,NULL
13248,NULL,11239,Isabella Martinez,NULL
27872,NULL,8201,Ivan Martinez,NULL
16224,NULL,18703,Jacob Martinez,NULL
26452,NULL,17636,James Martinez,NULL
15355,NULL,18532,Janelle Martinez,NULL
22313,NULL,2942,Jarrod Martinez,NULL
24592,NULL,10291,Jay Martinez,NULL
27671,NULL,4003,Jeremiah Martinez,NULL
15170,NULL,8035,Jermaine Martinez,NULL
14289,NULL,12110,Jessica Martinez,NULL
24235,NULL,11413,Jill Martinez,NULL
24529,NULL,15336,Jillian Martinez,NULL
16004,NULL,11026,Joe Martinez,NULL
22471,NULL,20096,Joel Martinez,NULL
24287,NULL,18207,John Martinez,NULL
13303,NULL,17707,Jonathan Martinez,NULL
13748,NULL,17393,José Martinez,NULL
29214,NULL,18956,Joseph Martinez,NULL
23881,NULL,18796,Joshua Martinez,NULL
24938,NULL,11063,Julia Martinez,NULL
16583,NULL,18084,Justin Martinez,NULL
15750,NULL,3244,Kaitlin Martinez,NULL
20072,NULL,11146,Kaitlyn Martinez,NULL
19609,NULL,10513,Kari Martinez,NULL
11828,NULL,10835,Katherine Martinez,NULL
27444,NULL,11978,Kayla Martinez,NULL
21529,NULL,10714,Kristi Martinez,NULL
21345,NULL,19714,Kristina Martinez,NULL
13467,NULL,16119,Kristopher Martinez,NULL
11272,NULL,11652,Lauren Martinez,NULL
19133,NULL,17793,Logan Martinez,NULL
18533,NULL,4799,Lucas Martinez,NULL
24169,NULL,3455,Lydia Martinez,NULL
22775,NULL,12343,Madison Martinez,NULL
15832,NULL,15945,Manuel Martinez,NULL
13374,NULL,3890,Marco Martinez,NULL
13484,NULL,4631,Marcus Martinez,NULL
16273,NULL,10072,Marie Martinez,NULL
24135,NULL,16760,Martin Martinez,NULL
16009,NULL,18847,Matthew Martinez,NULL
12228,NULL,3412,Mayra Martinez,NULL
25444,NULL,7223,Meagan Martinez,NULL
21396,NULL,11697,Megan Martinez,NULL
19095,NULL,10614,Meredith Martinez,NULL
19983,NULL,18746,Michael Martinez,NULL
19247,NULL,8982,Michele Martinez,NULL
27605,NULL,4094,Miguel Martinez,NULL
13603,NULL,16163,Molly Martinez,NULL
14129,NULL,19563,Monica Martinez,NULL
13712,NULL,15480,Nancy Martinez,NULL
28867,NULL,11281,Natalie Martinez,NULL
28649,NULL,17676,Nathan Martinez,NULL
16236,NULL,19010,Nicholas Martinez,NULL
16672,NULL,11463,Nicole Martinez,NULL
25060,NULL,17318,Noah Martinez,NULL
24998,NULL,11777,Olivia Martinez,NULL
13529,NULL,15566,Pamela Martinez,NULL
24116,NULL,11670,Pedro Martinez,NULL
28562,NULL,20177,Phillip Martinez,NULL
28389,NULL,15519,Rachael Martinez,NULL
17566,NULL,11366,Rachel Martinez,NULL
15352,NULL,19482,Raymond Martinez,NULL
12721,NULL,9869,Rebekah Martinez,NULL
20345,NULL,7674,Regina Martinez,NULL
14986,NULL,4542,Richard Martinez,NULL
23298,NULL,17244,Robert Martinez,NULL
23517,NULL,20143,Ronald Martinez,NULL
28494,NULL,11779,Ross Martinez,NULL
13969,NULL,11130,Roy Martinez,NULL
23395,NULL,18010,Ryan Martinez,NULL
12742,NULL,12393,Samantha Martinez,NULL
19141,NULL,17728,Samuel Martinez,NULL
12670,NULL,12484,Sarah Martinez,NULL
19494,NULL,7840,Sergio Martinez,NULL
22476,NULL,19397,Shane Martinez,NULL
13668,NULL,4057,Stanley Martinez,NULL
22541,NULL,7388,Stefanie Martinez,NULL
26212,NULL,3058,Summer Martinez,NULL
18593,NULL,10781,Sydney Martinez,NULL
26865,NULL,10397,Tabitha Martinez,NULL
20927,NULL,7448,Tammy Martinez,NULL
22647,NULL,12157,Taylor Martinez,NULL
25718,NULL,8093,Terrance Martinez,NULL
29161,NULL,17445,Thomas Martinez,NULL
18461,NULL,16215,Tina Martinez,NULL
18635,NULL,3363,Toni Martinez,NULL
20823,NULL,15821,Troy Martinez,NULL
28201,NULL,18579,Tyler Martinez,NULL
12416,NULL,18997,Veronica Martinez,NULL
13136,NULL,7622,Virginia Martinez,NULL
20830,NULL,18916,Whitney Martinez,NULL
25082,NULL,18281,William Martinez,NULL
22881,NULL,3778,Wyatt Martinez,NULL
12063,NULL,4400,Xavier Martinez,NULL
16587,NULL,18574,Zachary Martinez,NULL
27734,NULL,17261,Aaron McDonald,NULL
26722,NULL,10731,Alexandra McDonald,NULL
14068,NULL,18017,Brent McDonald,NULL
25943,NULL,19256,Brianna McDonald,NULL
28084,NULL,17528,Cameron McDonald,NULL
12821,NULL,3806,Cesar McDonald,NULL
18179,NULL,18933,Chelsea McDonald,NULL
25752,NULL,11348,Christy McDonald,NULL
19915,NULL,5869,Claudia McDonald,NULL
15780,NULL,5855,Claudia McDonald,NULL
16275,NULL,8841,Deborah McDonald,NULL
18886,NULL,20029,Donald McDonald,NULL
18911,NULL,17252,Elijah McDonald,NULL
11394,NULL,20196,George McDonald,NULL
17226,NULL,8700,Gilbert McDonald,NULL
15051,NULL,2881,Harold McDonald,NULL
18939,NULL,6044,Hunter McDonald,NULL
16543,NULL,11461,Jenny McDonald,NULL
21043,NULL,15904,Johnathan McDonald,NULL
18493,NULL,3237,Kaitlin McDonald,NULL
24265,NULL,4343,Seth McDonald,NULL
22179,NULL,17990,Abby Mehta,NULL
12858,NULL,3179,Adriana Mehta,NULL
13571,NULL,15861,Allen Mehta,NULL
18076,NULL,16072,Andre Mehta,NULL
14518,NULL,7263,Ann Mehta,NULL
19957,NULL,10920,Arthur Mehta,NULL
27291,NULL,16018,Bobby Mehta,NULL
22839,NULL,18858,Brandy Mehta,NULL
11399,NULL,15375,Brenda Mehta,NULL
11450,NULL,19514,Brett Mehta,NULL
25458,NULL,10819,Bruce Mehta,NULL
13806,NULL,3931,Bryant Mehta,NULL
11588,NULL,15427,Candace Mehta,NULL
21563,NULL,7557,Carla Mehta,NULL
27436,NULL,8349,Carmen Mehta,NULL
28205,NULL,9959,Carolyn Mehta,NULL
23014,NULL,19633,Cassandra Mehta,NULL
20241,NULL,3831,Cesar Mehta,NULL
22951,NULL,18949,Chelsea Mehta,NULL
21943,NULL,7327,Cindy Mehta,NULL
26902,NULL,4096,Clifford Mehta,NULL
14378,NULL,19343,Cory Mehta,NULL
14175,NULL,19745,Cynthia Mehta,NULL
17280,NULL,9755,Deanna Mehta,NULL
13080,NULL,16252,Denise Mehta,NULL
18619,NULL,8247,Dominic Mehta,NULL
12815,NULL,7495,Dominique Mehta,NULL
12735,NULL,20046,Donald Mehta,NULL
19258,NULL,19434,Douglas Mehta,NULL
22854,NULL,9650,Ebony Mehta,NULL
11761,NULL,8150,Edgar Mehta,NULL
14123,NULL,2990,Erick Mehta,NULL
20420,NULL,3117,Evelyn Mehta,NULL
17982,NULL,16706,Francisco Mehta,NULL
20566,NULL,20211,George Mehta,NULL
20234,NULL,10735,Gerald Mehta,NULL
14226,NULL,15268,Heidi Mehta,NULL
17869,NULL,15977,Henry Mehta,NULL
12180,NULL,19590,Holly Mehta,NULL
26390,NULL,8191,Ivan Mehta,NULL
17114,NULL,2929,Jarrod Mehta,NULL
15035,NULL,10286,Jay Mehta,NULL
19803,NULL,8028,Jermaine Mehta,NULL
21834,NULL,15322,Jillian Mehta,NULL
17679,NULL,11018,Joe Mehta,NULL
13498,NULL,20088,Joel Mehta,NULL
12322,NULL,10504,Kari Mehta,NULL
22312,NULL,10705,Kristi Mehta,NULL
20165,NULL,19708,Kristina Mehta,NULL
11426,NULL,16113,Kristopher Mehta,NULL
13110,NULL,7931,Levi Mehta,NULL
25302,NULL,15935,Manuel Mehta,NULL
11007,NULL,3878,Marco Mehta,NULL
29102,NULL,10064,Marie Mehta,NULL
12998,NULL,3408,Mayra Mehta,NULL
22512,NULL,7218,Meagan Mehta,NULL
25027,NULL,10605,Meredith Mehta,NULL
26143,NULL,8974,Michele Mehta,NULL
23296,NULL,16155,Molly Mehta,NULL
29467,NULL,19558,Monica Mehta,NULL
18189,NULL,15475,Nancy Mehta,NULL
22005,NULL,15556,Pamela Mehta,NULL
29179,NULL,19674,Patricia Mehta,NULL
24126,NULL,11660,Pedro Mehta,NULL
13844,NULL,20172,Phillip Mehta,NULL
18692,NULL,3993,Preston Mehta,NULL
22132,NULL,15512,Rachael Mehta,NULL
27419,NULL,9857,Rebekah Mehta,NULL
17245,NULL,7667,Regina Mehta,NULL
17649,NULL,20137,Ronald Mehta,NULL
23626,NULL,11772,Ross Mehta,NULL
19371,NULL,11122,Roy Mehta,NULL
12478,NULL,11219,Ruben Mehta,NULL
15702,NULL,3286,Ruth Mehta,NULL
26926,NULL,7834,Sergio Mehta,NULL
23953,NULL,19387,Shane Mehta,NULL
24143,NULL,4047,Stanley Mehta,NULL
23021,NULL,7377,Stefanie Mehta,NULL
18415,NULL,3049,Summer Mehta,NULL
17134,NULL,10391,Tabitha Mehta,NULL
12816,NULL,7439,Tammy Mehta,NULL
27178,NULL,8082,Terrance Mehta,NULL
11444,NULL,16207,Tina Mehta,NULL
22085,NULL,3354,Toni Mehta,NULL
15090,NULL,15814,Troy Mehta,NULL
17394,NULL,18990,Veronica Mehta,NULL
13602,NULL,7614,Virginia Mehta,NULL
24197,NULL,18908,Whitney Mehta,NULL
15738,NULL,12040,Abigail Miller,NULL
26307,NULL,18268,Alexander Miller,NULL
22090,NULL,10709,Alexandra Miller,NULL
12196,NULL,12002,Alexis Miller,NULL
23466,NULL,11528,Alyssa Miller,NULL
27110,NULL,18876,Andrew Miller,NULL
18560,NULL,12179,Anna Miller,NULL
20774,NULL,18605,Anthony Miller,NULL
23516,NULL,12415,Ashley Miller,NULL
26643,NULL,17952,Benjamin Miller,NULL
14844,NULL,4149,Blake Miller,NULL
17357,NULL,18442,Brandon Miller,NULL
24931,NULL,11716,Brianna Miller,NULL
21845,NULL,17646,Cameron Miller,NULL
11214,NULL,4847,Charles Miller,NULL
22893,NULL,11576,Chloe Miller,NULL
12377,NULL,18072,Christopher Miller,NULL
13130,NULL,4459,Dalton Miller,NULL
27193,NULL,18669,Daniel Miller,NULL
28291,NULL,17877,David Miller,NULL
25157,NULL,11485,Destiny Miller,NULL
24996,NULL,18308,Dylan Miller,NULL
14561,NULL,5011,Eduardo Miller,NULL
11368,NULL,4235,Edward Miller,NULL
29109,NULL,11910,Elizabeth Miller,NULL
11333,NULL,12230,Emily Miller,NULL
28407,NULL,11856,Emma Miller,NULL
20024,NULL,3844,Fernando Miller,NULL
22502,NULL,11305,Grace Miller,NULL
27993,NULL,17898,Hunter Miller,NULL
20128,NULL,4697,Ian Miller,NULL
17208,NULL,18685,Jacob Miller,NULL
28013,NULL,17607,James Miller,NULL
21617,NULL,11088,Jennifer Miller,NULL
17717,NULL,3987,Jeremiah Miller,NULL
13200,NULL,12089,Jessica Miller,NULL
12914,NULL,11391,Jill Miller,NULL
25356,NULL,17622,Jonathan Miller,NULL
15778,NULL,17298,José Miller,NULL
22713,NULL,18917,Joseph Miller,NULL
15050,NULL,18768,Joshua Miller,NULL
16816,NULL,11045,Julia Miller,NULL
21810,NULL,18054,Justin Miller,NULL
14122,NULL,11125,Kaitlyn Miller,NULL
27102,NULL,10807,Katherine Miller,NULL
23673,NULL,11952,Kayla Miller,NULL
11532,NULL,11625,Lauren Miller,NULL
22896,NULL,17736,Logan Miller,NULL
12495,NULL,4782,Lucas Miller,NULL
22982,NULL,12321,Madison Miller,NULL
27273,NULL,4611,Marcus Miller,NULL
20980,NULL,18824,Matthew Miller,NULL
29076,NULL,11675,Megan Miller,NULL
14796,NULL,18723,Michael Miller,NULL
18689,NULL,4073,Miguel Miller,NULL
11817,NULL,11176,Morgan Miller,NULL
25910,NULL,11259,Natalie Miller,NULL
19418,NULL,17809,Nathan Miller,NULL
23873,NULL,11440,Nicole Miller,NULL
26860,NULL,11755,Olivia Miller,NULL
14384,NULL,11344,Rachel Miller,NULL
16884,NULL,5086,Richard Miller,NULL
17872,NULL,17157,Robert Miller,NULL
25253,NULL,17985,Ryan Miller,NULL
29239,NULL,12371,Samantha Miller,NULL
19178,NULL,12463,Sarah Miller,NULL
20543,NULL,4305,Seth Miller,NULL
13440,NULL,10756,Sydney Miller,NULL
18720,NULL,12137,Taylor Miller,NULL
17408,NULL,17397,Thomas Miller,NULL
11940,NULL,18552,Tyler Miller,NULL
15816,NULL,11800,Victoria Miller,NULL
28149,NULL,18399,William Miller,NULL
26703,NULL,3760,Wyatt Miller,NULL
15169,NULL,18355,Zachary Miller,NULL
26368,NULL,4384,Bharat Mirchandani,NULL
26332,NULL,16509,Aaron Mitchell,NULL
13397,NULL,16512,Adam Mitchell,NULL
19535,NULL,16527,Alex Mitchell,NULL
14455,NULL,9990,Alexandra Mitchell,NULL
25284,NULL,10032,Allison Mitchell,NULL
20683,NULL,9994,Amanda Mitchell,NULL
15011,NULL,10007,Amber Mitchell,NULL
28675,NULL,16523,Angel Mitchell,NULL
26706,NULL,10015,Bailey Mitchell,NULL
13705,NULL,4204,Blake Mitchell,NULL
26806,NULL,16518,Caleb Mitchell,NULL
20770,NULL,16522,Carlos Mitchell,NULL
16216,NULL,4897,Charles Mitchell,NULL
17529,NULL,9980,Chloe Mitchell,NULL
22271,NULL,16489,Connor Mitchell,NULL
17537,NULL,10009,Courtney Mitchell,NULL
22259,NULL,4510,Dalton Mitchell,NULL
26819,NULL,4980,Devin Mitchell,NULL
27926,NULL,5061,Eduardo Mitchell,NULL
17435,NULL,3738,Edward Mitchell,NULL
24387,NULL,16498,Elijah Mitchell,NULL
24731,NULL,16532,Evan Mitchell,NULL
17981,NULL,3896,Fernando Mitchell,NULL
26565,NULL,16496,Gabriel Mitchell,NULL
17013,NULL,10018,Gabriella Mitchell,NULL
14584,NULL,9999,Gabrielle Mitchell,NULL
13896,NULL,9996,Hailey Mitchell,NULL
20462,NULL,10000,Haley Mitchell,NULL
17505,NULL,16473,Hunter Mitchell,NULL
18538,NULL,4756,Ian Mitchell,NULL
14554,NULL,16538,Isaac Mitchell,NULL
18754,NULL,9988,Isabella Mitchell,NULL
18651,NULL,16526,Isaiah Mitchell,NULL
28040,NULL,16502,Jack Mitchell,NULL
25290,NULL,16519,Jackson Mitchell,NULL
11851,NULL,10025,Jada Mitchell,NULL
27315,NULL,16463,James Mitchell,NULL
11854,NULL,16500,Jason Mitchell,NULL
13226,NULL,10012,Jenna Mitchell,NULL
18311,NULL,9985,Jennifer Mitchell,NULL
20334,NULL,4042,Jeremiah Mitchell,NULL
15776,NULL,16539,Jesse Mitchell,NULL
22109,NULL,16464,Jonathan Mitchell,NULL
20648,NULL,16492,Jordan Mitchell,NULL
24568,NULL,16478,Jose Mitchell,NULL
25789,NULL,9981,Julia Mitchell,NULL
18130,NULL,9986,Kaitlyn Mitchell,NULL
24496,NULL,10027,Katelyn Mitchell,NULL
23204,NULL,9993,Katherine Mitchell,NULL
14566,NULL,10031,Kaylee Mitchell,NULL
23352,NULL,16494,Kevin Mitchell,NULL
15565,NULL,16486,Kyle Mitchell,NULL
16828,NULL,16466,Logan Mitchell,NULL
19829,NULL,4276,Lucas Mitchell,NULL
27424,NULL,16506,Luis Mitchell,NULL
12162,NULL,16490,Luke Mitchell,NULL
28273,NULL,10003,Madeline Mitchell,NULL
27206,NULL,4666,Marcus Mitchell,NULL
27404,NULL,9997,Maria Mitchell,NULL
13216,NULL,10005,Mary Mitchell,NULL
16642,NULL,16535,Mason Mitchell,NULL
28851,NULL,4125,Miguel Mitchell,NULL
14908,NULL,9987,Morgan Mitchell,NULL
23165,NULL,9989,Natalie Mitchell,NULL
28634,NULL,16467,Nathan Mitchell,NULL
25722,NULL,16474,Noah Mitchell,NULL
12424,NULL,10002,Rebecca Mitchell,NULL
11881,NULL,4582,Richard Mitchell,NULL
11658,NULL,16477,Robert Mitchell,NULL
28259,NULL,16472,Samuel Mitchell,NULL
11783,NULL,10020,Sara Mitchell,NULL
26115,NULL,10030,Savannah Mitchell,NULL
16340,NULL,16544,Sean Mitchell,NULL
11776,NULL,4357,Seth Mitchell,NULL
17949,NULL,10004,Sophia Mitchell,NULL
29026,NULL,9992,Sydney Mitchell,NULL
13711,NULL,16482,Thomas Mitchell,NULL
22892,NULL,16545,Timothy Mitchell,NULL
14048,NULL,3813,Wyatt Mitchell,NULL
26533,NULL,4436,Xavier Mitchell,NULL
29277,NULL,12374,Samantha Mohamed,NULL
23195,NULL,15344,Xavier Mohamed,NULL
14375,NULL,10712,Alexandra Moore,NULL
28646,NULL,12006,Alexis Moore,NULL
24809,NULL,11532,Alyssa Moore,NULL
13944,NULL,18879,Andrew Moore,NULL
12744,NULL,12181,Anna Moore,NULL
24730,NULL,18608,Anthony Moore,NULL
17001,NULL,12419,Ashley Moore,NULL
26787,NULL,18231,Austin Moore,NULL
12913,NULL,17993,Benjamin Moore,NULL
11667,NULL,4154,Blake Moore,NULL
29218,NULL,18445,Brandon Moore,NULL
21594,NULL,11717,Brianna Moore,NULL
11772,NULL,17651,Cameron Moore,NULL
28172,NULL,4851,Charles Moore,NULL
26269,NULL,11582,Chloe Moore,NULL
18916,NULL,18082,Christian Moore,NULL
23704,NULL,18102,Christopher Moore,NULL
24968,NULL,4465,Dalton Moore,NULL
27647,NULL,18434,Daniel Moore,NULL
23054,NULL,17915,David Moore,NULL
25207,NULL,11490,Destiny Moore,NULL
16167,NULL,4920,Devin Moore,NULL
23231,NULL,18472,Dylan Moore,NULL
15988,NULL,4239,Edward Moore,NULL
22352,NULL,11913,Elizabeth Moore,NULL
14350,NULL,12234,Emily Moore,NULL
26351,NULL,11858,Emma Moore,NULL
13151,NULL,17918,Ethan Moore,NULL
26582,NULL,3847,Fernando Moore,NULL
21941,NULL,12044,Gail Moore,NULL
17490,NULL,11307,Grace Moore,NULL
14024,NULL,12280,Hannah Moore,NULL
14897,NULL,17901,Hunter Moore,NULL
24639,NULL,4700,Ian Moore,NULL
26632,NULL,11223,Isabella Moore,NULL
18753,NULL,17546,James Moore,NULL
21759,NULL,11090,Jennifer Moore,NULL
18934,NULL,3990,Jeremiah Moore,NULL
20085,NULL,12093,Jessica Moore,NULL
16980,NULL,11394,Jill Moore,NULL
18564,NULL,18327,John Moore,NULL
20478,NULL,17648,Jonathan Moore,NULL
13161,NULL,17312,Jose Moore,NULL
25392,NULL,18922,Joseph Moore,NULL
24656,NULL,11047,Julia Moore,NULL
16304,NULL,18058,Justin Moore,NULL
23585,NULL,11129,Kaitlyn Moore,NULL
23043,NULL,10814,Katherine Moore,NULL
14431,NULL,11957,Kayla Moore,NULL
23795,NULL,11631,Lauren Moore,NULL
26348,NULL,17744,Logan Moore,NULL
15021,NULL,4784,Lucas Moore,NULL
23327,NULL,12325,Madison Moore,NULL
23360,NULL,4613,Marcus Moore,NULL
13267,NULL,18828,Matthew Moore,NULL
23189,NULL,11678,Megan Moore,NULL
17247,NULL,18728,Michael Moore,NULL
18312,NULL,4076,Miguel Moore,NULL
18273,NULL,11263,Natalie Moore,NULL
28323,NULL,17814,Nathan Moore,NULL
17463,NULL,18992,Nicholas Moore,NULL
19404,NULL,11442,Nicole Moore,NULL
26551,NULL,17100,Noah Moore,NULL
25231,NULL,11757,Olivia Moore,NULL
24516,NULL,11346,Rachel Moore,NULL
22420,NULL,5090,Richard Moore,NULL
27911,NULL,17169,Robert Moore,NULL
26458,NULL,17992,Ryan Moore,NULL
28938,NULL,12466,Sarah Moore,NULL
13851,NULL,4307,Seth Moore,NULL
26457,NULL,10760,Sydney Moore,NULL
19987,NULL,12141,Taylor Moore,NULL
14010,NULL,17409,Thomas Moore,NULL
14451,NULL,18577,Tyler Moore,NULL
15158,NULL,11806,Victoria Moore,NULL
24984,NULL,18404,William Moore,NULL
18971,NULL,3762,Wyatt Moore,NULL
13142,NULL,4385,Xavier Moore,NULL
11625,NULL,18446,Zachary Moore,NULL
20821,NULL,6614,Hany Morcos,NULL
12402,NULL,14900,Albert Moreno,NULL
11437,NULL,2791,Alfredo Moreno,NULL
24807,NULL,14365,Anne Moreno,NULL
11593,NULL,6946,Armando Moreno,NULL
24543,NULL,10954,Arthur Moreno,NULL
14802,NULL,6011,Audrey Moreno,NULL
21980,NULL,6075,Beth Moreno,NULL
11572,NULL,15739,Billy Moreno,NULL
28734,NULL,13489,Briana Moreno,NULL
26652,NULL,10856,Bruce Moreno,NULL
28369,NULL,9995,Carolyn Moreno,NULL
27151,NULL,17858,Carrie Moreno,NULL
20602,NULL,19149,Casey Moreno,NULL
25596,NULL,6182,Cheryl Moreno,NULL
11607,NULL,14613,Clinton Moreno,NULL
14158,NULL,19059,Craig Moreno,NULL
15033,NULL,18833,Dana Moreno,NULL
29458,NULL,14752,Danny Moreno,NULL
23622,NULL,10219,Darren Moreno,NULL
28941,NULL,9787,Deanna Moreno,NULL
16455,NULL,5921,Deb Moreno,NULL
18625,NULL,19103,Derrick Moreno,NULL
24479,NULL,13845,Desirée Moreno,NULL
29298,NULL,18649,Diana Moreno,NULL
27313,NULL,15482,Diane Moreno,NULL
23103,NULL,20428,Dwayne Moreno,NULL
16409,NULL,9682,Ebony Moreno,NULL
12987,NULL,14270,Felicia Moreno,NULL
26962,NULL,2427,Francis Moreno,NULL
22336,NULL,18337,Frank Moreno,NULL
21544,NULL,19025,Gary Moreno,NULL
13770,NULL,10765,Gerald Moreno,NULL
23049,NULL,15051,Gina Moreno,NULL
21183,NULL,14709,Hector Moreno,NULL
25329,NULL,6352,Jacquelyn Moreno,NULL
20870,NULL,7051,Jaime Moreno,NULL
11327,NULL,12429,Jaime Moreno,NULL
22526,NULL,14648,Jamie Moreno,NULL
15592,NULL,6236,Janet Moreno,NULL
21528,NULL,10323,Jay Moreno,NULL
22906,NULL,5456,Jessie Moreno,NULL
13537,NULL,15090,Jill Moreno,NULL
11029,NULL,15638,Jimmy Moreno,NULL
23391,NULL,13974,Joanna Moreno,NULL
15860,NULL,11044,Joe Moreno,NULL
20361,NULL,14480,Jonathon Moreno,NULL
19230,NULL,14000,Joy Moreno,NULL
15953,NULL,6997,Julio Moreno,NULL
15052,NULL,10539,Kari Moreno,NULL
15234,NULL,18561,Kathleen Moreno,NULL
16318,NULL,15937,Kellie Moreno,NULL
20138,NULL,15140,Kendra Moreno,NULL
16745,NULL,14217,Krista Moreno,NULL
23415,NULL,9585,Kristi Moreno,NULL
28481,NULL,6299,Kristine Moreno,NULL
29229,NULL,14850,Lance Moreno,NULL
28207,NULL,18424,Larry Moreno,NULL
18735,NULL,6132,Latasha Moreno,NULL
24798,NULL,14439,Lawrence Moreno,NULL
25632,NULL,14401,Lee Moreno,NULL
11114,NULL,18519,Leslie Moreno,NULL
16549,NULL,13806,Linda Moreno,NULL
15226,NULL,14101,Lori Moreno,NULL
22912,NULL,7154,Mallory Moreno,NULL
13024,NULL,15689,Marc Moreno,NULL
27739,NULL,10101,Marie Moreno,NULL
12805,NULL,6896,Marvin Moreno,NULL
26090,NULL,14517,Mathew Moreno,NULL
24083,NULL,2682,Max Moreno,NULL
15152,NULL,18790,Meghan Moreno,NULL
15613,NULL,14055,Melinda Moreno,NULL
11760,NULL,16854,Melody Moreno,NULL
22285,NULL,10637,Meredith Moreno,NULL
27824,NULL,9010,Michele Moreno,NULL
23118,NULL,13761,Monique Moreno,NULL
15601,NULL,17319,Naomi Moreno,NULL
17704,NULL,19188,Nelson Moreno,NULL
13554,NULL,14992,Paula Moreno,NULL
18248,NULL,11695,Pedro Moreno,NULL
27004,NULL,19189,Philip Moreno,NULL
21209,NULL,14959,Randall Moreno,NULL
25637,NULL,6391,Raquel Moreno,NULL
14170,NULL,9892,Rebekah Moreno,NULL
16050,NULL,7750,Reginald Moreno,NULL
12936,NULL,15003,Renee Moreno,NULL
17775,NULL,15586,Ricky Moreno,NULL
21206,NULL,14800,Roberto Moreno,NULL
19563,NULL,13715,Robin Moreno,NULL
16984,NULL,13671,Rodney Moreno,NULL
19951,NULL,11155,Roy Moreno,NULL
22469,NULL,14168,Sabrina Moreno,NULL
22398,NULL,14492,Sheila Moreno,NULL
26513,NULL,18610,Stacy Moreno,NULL
19959,NULL,10430,Tabitha Moreno,NULL
11139,NULL,14017,Tanya Moreno,NULL
20872,NULL,6728,Theodore Moreno,NULL
17899,NULL,13894,Theresa Moreno,NULL
20842,NULL,6791,Tyrone Moreno,NULL
13771,NULL,19235,Victor Moreno,NULL
20681,NULL,14692,Walter Moreno,NULL
24874,NULL,13934,Wendy Moreno,NULL
24431,NULL,3921,Abigail Morgan,NULL
14917,NULL,14965,Adrian Morgan,NULL
18657,NULL,14938,Alex Morgan,NULL
17379,NULL,2766,Alexandra Morgan,NULL
21729,NULL,8703,Alexandria Morgan,NULL
11664,NULL,20121,Alyssa Morgan,NULL
14903,NULL,2997,Amanda Morgan,NULL
16870,NULL,9233,Andrea Morgan,NULL
24835,NULL,14935,Angel Morgan,NULL
24665,NULL,8704,Angela Morgan,NULL
13869,NULL,3623,Anna Morgan,NULL
14868,NULL,9244,Ariana Morgan,NULL
18155,NULL,8708,Arianna Morgan,NULL
24451,NULL,9223,Bailey Morgan,NULL
13181,NULL,14949,Brian Morgan,NULL
11136,NULL,19196,Brianna Morgan,NULL
23031,NULL,9251,Brooke Morgan,NULL
18582,NULL,14960,Bryan Morgan,NULL
20303,NULL,14950,Bryce Morgan,NULL
19167,NULL,9246,Caitlin Morgan,NULL
25819,NULL,14932,Carlos Morgan,NULL
28495,NULL,9235,Catherine Morgan,NULL
20766,NULL,14968,Charles Morgan,NULL
11791,NULL,14954,Chase Morgan,NULL
22770,NULL,20244,Chloe Morgan,NULL
24447,NULL,14966,Cody Morgan,NULL
24793,NULL,14957,Cole Morgan,NULL
12778,NULL,9242,Connie Morgan,NULL
11814,NULL,14990,Dalton Morgan,NULL
19164,NULL,9236,Danielle Morgan,NULL
13362,NULL,20009,Destiny Morgan,NULL
26092,NULL,14969,Devin Morgan,NULL
16544,NULL,14972,Eduardo Morgan,NULL
29159,NULL,19494,Emma Morgan,NULL
26067,NULL,8692,Erin Morgan,NULL
14725,NULL,14939,Evan Morgan,NULL
20484,NULL,9226,Gabriella Morgan,NULL
15980,NULL,3302,Gabrielle Morgan,NULL
18879,NULL,14961,Garrett Morgan,NULL
25601,NULL,19593,Grace Morgan,NULL
22753,NULL,3154,Hailey Morgan,NULL
13741,NULL,3379,Haley Morgan,NULL
21440,NULL,14981,Ian Morgan,NULL
20408,NULL,14941,Isaac Morgan,NULL
28602,NULL,20761,Isabella Morgan,NULL
18978,NULL,14936,Isaiah Morgan,NULL
28639,NULL,8709,Jacqueline Morgan,NULL
11520,NULL,9228,Jada Morgan,NULL
22295,NULL,8694,Jade Morgan,NULL
28213,NULL,14958,Jared Morgan,NULL
19891,NULL,20448,Jennifer Morgan,NULL
26007,NULL,14942,Jesse Morgan,NULL
18371,NULL,3470,Jessica Morgan,NULL
20749,NULL,8712,Joan Morgan,NULL
18821,NULL,14955,Juan Morgan,NULL
26809,NULL,20346,Julia Morgan,NULL
17022,NULL,20557,Karen Morgan,NULL
26557,NULL,9229,Katelyn Morgan,NULL
22736,NULL,2923,Katherine Morgan,NULL
21300,NULL,9231,Kaylee Morgan,NULL
28735,NULL,9252,Kimberly Morgan,NULL
24217,NULL,3699,Lauren Morgan,NULL
16162,NULL,9224,Mackenzie Morgan,NULL
27156,NULL,9254,Makayla Morgan,NULL
28968,NULL,14978,Marcus Morgan,NULL
12941,NULL,3229,Maria Morgan,NULL
19146,NULL,8698,Mariah Morgan,NULL
18421,NULL,19084,Megan Morgan,NULL
21227,NULL,8702,Melanie Morgan,NULL
20222,NULL,8713,Melissa Morgan,NULL
23217,NULL,9249,Michelle Morgan,NULL
15149,NULL,2690,Natalie Morgan,NULL
16626,NULL,14951,Nathaniel Morgan,NULL
24620,NULL,19300,Olivia Morgan,NULL
17826,NULL,8711,Paige Morgan,NULL
23318,NULL,14948,Patrick Morgan,NULL
27463,NULL,19700,Rachel Morgan,NULL
26530,NULL,8715,Riley Morgan,NULL
13134,NULL,9227,Sara Morgan,NULL
21430,NULL,9230,Savannah Morgan,NULL
14993,NULL,14944,Sean Morgan,NULL
16035,NULL,14956,Sebastian Morgan,NULL
23040,NULL,14986,Seth Morgan,NULL
28343,NULL,9259,Shelby Morgan,NULL
28230,NULL,3071,Stephanie Morgan,NULL
27753,NULL,14963,Steven Morgan,NULL
19812,NULL,2841,Sydney Morgan,NULL
24870,NULL,3546,Taylor Morgan,NULL
14633,NULL,14946,Timothy Morgan,NULL
25649,NULL,9260,Trinity Morgan,NULL
18430,NULL,19389,Victoria Morgan,NULL
22883,NULL,14988,Xavier Morgan,NULL
21443,NULL,9240,Zoe Morgan,NULL
28776,NULL,3914,Abigail Morris,NULL
15092,NULL,15330,Adrian Morris,NULL
26550,NULL,15297,Alex Morris,NULL
22515,NULL,9008,Alexa Morris,NULL
20457,NULL,2761,Alexandra Morris,NULL
13068,NULL,9027,Alexandria Morris,NULL
25190,NULL,8998,Allison Morris,NULL
28072,NULL,20111,Alyssa Morris,NULL
26618,NULL,2992,Amanda Morris,NULL
11197,NULL,9000,Andrea Morris,NULL
22237,NULL,15294,Angel Morris,NULL
23885,NULL,9028,Angela Morris,NULL
22726,NULL,3616,Anna Morris,NULL
14999,NULL,9030,Arianna Morris,NULL
13379,NULL,8986,Bailey Morris,NULL
24226,NULL,15315,Brian Morris,NULL
12912,NULL,19187,Brianna Morris,NULL
27057,NULL,9013,Brooke Morris,NULL
25162,NULL,15326,Bryan Morris,NULL
19724,NULL,15317,Bryce Morris,NULL
19416,NULL,9011,Caitlin Morris,NULL
22291,NULL,15293,Carlos Morris,NULL
11188,NULL,9002,Catherine Morris,NULL
25963,NULL,15332,Charles Morris,NULL
26789,NULL,15319,Chase Morris,NULL
14621,NULL,20231,Chloe Morris,NULL
14029,NULL,9009,Christina Morris,NULL
24785,NULL,15331,Cody Morris,NULL
16728,NULL,15321,Cole Morris,NULL
23178,NULL,15348,Dalton Morris,NULL
20107,NULL,9005,Danielle Morris,NULL
22164,NULL,20002,Destiny Morris,NULL
15875,NULL,15334,Devin Morris,NULL
19619,NULL,15335,Eduardo Morris,NULL
17820,NULL,19481,Emma Morris,NULL
12195,NULL,9020,Erin Morris,NULL
13174,NULL,8988,Gabriella Morris,NULL
12148,NULL,3296,Gabrielle Morris,NULL
15313,NULL,15327,Garrett Morris,NULL
20006,NULL,19586,Grace Morris,NULL
15558,NULL,3148,Hailey Morris,NULL
23548,NULL,3374,Haley Morris,NULL
28070,NULL,15339,Ian Morris,NULL
26439,NULL,15304,Isaac Morris,NULL
11928,NULL,20753,Isabella Morris,NULL
29019,NULL,15296,Isaiah Morris,NULL
29468,NULL,9031,Jacqueline Morris,NULL
21674,NULL,8991,Jada Morris,NULL
13052,NULL,15323,Jared Morris,NULL
20549,NULL,20441,Jennifer Morris,NULL
27416,NULL,15349,Jeremiah Morris,NULL
21688,NULL,15307,Jesse Morris,NULL
28967,NULL,3463,Jessica Morris,NULL
15697,NULL,20339,Julia Morris,NULL
16093,NULL,20551,Kaitlyn Morris,NULL
23268,NULL,8993,Katelyn Morris,NULL
23877,NULL,2915,Katherine Morris,NULL
12290,NULL,8996,Kaylee Morris,NULL
13496,NULL,15342,Lucas Morris,NULL
26474,NULL,8987,Mackenzie Morris,NULL
27274,NULL,15338,Marcus Morris,NULL
16254,NULL,3222,Maria Morris,NULL
22349,NULL,15303,Mason Morris,NULL
23641,NULL,19078,Megan Morris,NULL
25081,NULL,9026,Melanie Morris,NULL
26340,NULL,9034,Melissa Morris,NULL
18375,NULL,9012,Michelle Morris,NULL
11720,NULL,20651,Morgan Morris,NULL
18838,NULL,2683,Natalie Morris,NULL
13928,NULL,15318,Nathaniel Morris,NULL
24782,NULL,19887,Nicole Morris,NULL
14155,NULL,19294,Olivia Morris,NULL
22041,NULL,9033,Paige Morris,NULL
25688,NULL,15312,Patrick Morris,NULL
21291,NULL,19685,Rachel Morris,NULL
20070,NULL,15337,Richard Morris,NULL
19984,NULL,8990,Sara Morris,NULL
13585,NULL,8995,Savannah Morris,NULL
12428,NULL,15309,Sean Morris,NULL
16235,NULL,15320,Sebastian Morris,NULL
18959,NULL,15343,Seth Morris,NULL
13868,NULL,9016,Shelby Morris,NULL
14040,NULL,3067,Stephanie Morris,NULL
27425,NULL,15329,Steven Morris,NULL
14583,NULL,2834,Sydney Morris,NULL
27207,NULL,3540,Taylor Morris,NULL
18111,NULL,15311,Timothy Morris,NULL
28965,NULL,9018,Trinity Morris,NULL
11688,NULL,19380,Victoria Morris,NULL
15541,NULL,9007,Zoe Morris,NULL
25749,NULL,7783,Ashlee Moyer,NULL
28880,NULL,14281,Felicia Moyer,NULL
28198,NULL,15104,Jared Moyer,NULL
13822,NULL,10324,Jay Moyer,NULL
15093,NULL,17073,Johnny Moyer,NULL
28422,NULL,14023,Joy Moyer,NULL
23420,NULL,16823,Mario Moyer,NULL
12980,NULL,2691,Max Moyer,NULL
21220,NULL,18797,Meghan Moyer,NULL
16386,NULL,19190,Philip Moyer,NULL
23314,NULL,2796,Alfredo Munoz,NULL
23187,NULL,2735,Andy Munoz,NULL
15798,NULL,14366,Anne Munoz,NULL
22608,NULL,10957,Arthur Munoz,NULL
12003,NULL,6013,Audrey Munoz,NULL
14150,NULL,15740,Billy Munoz,NULL
27857,NULL,18477,Brandi Munoz,NULL
23437,NULL,13504,Briana Munoz,NULL
17315,NULL,9998,Carolyn Munoz,NULL
20601,NULL,17860,Carrie Munoz,NULL
12570,NULL,19151,Casey Munoz,NULL
13632,NULL,6183,Cheryl Munoz,NULL
24021,NULL,14617,Clinton Munoz,NULL
13076,NULL,19060,Craig Munoz,NULL
15081,NULL,5942,Daisy Munoz,NULL
19355,NULL,14754,Danny Munoz,NULL
23539,NULL,10221,Darren Munoz,NULL
11054,NULL,9790,Deanna Munoz,NULL
21747,NULL,19105,Derrick Munoz,NULL
24879,NULL,13847,Desiree Munoz,NULL
15066,NULL,18650,Diana Munoz,NULL
15795,NULL,15497,Diane Munoz,NULL
24091,NULL,20451,Dwayne Munoz,NULL
13106,NULL,9684,Ebony Munoz,NULL
12091,NULL,6676,Eddie Munoz,NULL
14715,NULL,19277,Erik Munoz,NULL
15114,NULL,18699,Erika Munoz,NULL
20406,NULL,14271,Felicia Munoz,NULL
16112,NULL,18338,Frank Munoz,NULL
20230,NULL,19026,Gary Munoz,NULL
14699,NULL,10766,Gerald Munoz,NULL
19789,NULL,16407,Gloria Munoz,NULL
29115,NULL,6354,Jacquelyn Munoz,NULL
11439,NULL,6238,Janet Munoz,NULL
20905,NULL,5481,Jessie Munoz,NULL
13697,NULL,18378,Jésus Munoz,NULL
18174,NULL,15091,Jill Munoz,NULL
21573,NULL,15639,Jimmy Munoz,NULL
13812,NULL,13975,Joanna Munoz,NULL
21526,NULL,14481,Jonathon Munoz,NULL
23001,NULL,6998,Julio Munoz,NULL
18013,NULL,18564,Kathleen Munoz,NULL
25740,NULL,15955,Kellie Munoz,NULL
23529,NULL,15142,Kendra Munoz,NULL
25550,NULL,14218,Krista Munoz,NULL
23556,NULL,9587,Kristi Munoz,NULL
16446,NULL,6300,Kristine Munoz,NULL
12128,NULL,14326,Kristy Munoz,NULL
21095,NULL,14852,Lance Munoz,NULL
11242,NULL,18425,Larry Munoz,NULL
11967,NULL,6133,Latasha Munoz,NULL
16857,NULL,14440,Lawrence Munoz,NULL
17417,NULL,14404,Lee Munoz,NULL
16874,NULL,18520,Leslie Munoz,NULL
15451,NULL,13807,Linda Munoz,NULL
22639,NULL,14103,Lori Munoz,NULL
28683,NULL,7157,Mallory Munoz,NULL
27774,NULL,15692,Marc Munoz,NULL
24206,NULL,10102,Marie Munoz,NULL
14680,NULL,6897,Marvin Munoz,NULL
20798,NULL,14518,Mathew Munoz,NULL
27810,NULL,18791,Meghan Munoz,NULL
11340,NULL,16870,Melody Munoz,NULL
13957,NULL,10638,Meredith Munoz,NULL
25666,NULL,14566,Micheal Munoz,NULL
24008,NULL,13764,Monique Munoz,NULL
11643,NULL,17343,Naomi Munoz,NULL
24601,NULL,18745,Natasha Munoz,NULL
22066,NULL,15006,Paula Munoz,NULL
16824,NULL,14962,Randall Munoz,NULL
28396,NULL,9894,Rebekah Munoz,NULL
25889,NULL,7754,Reginald Munoz,NULL
16901,NULL,15588,Ricky Munoz,NULL
17628,NULL,14802,Roberto Munoz,NULL
27897,NULL,13720,Robin Munoz,NULL
14214,NULL,12992,Robyn Munoz,NULL
12836,NULL,13677,Rodney Munoz,NULL
13768,NULL,11807,Ross Munoz,NULL
29122,NULL,20032,Shannon Munoz,NULL
27488,NULL,14509,Sheila Munoz,NULL
12310,NULL,18611,Stacy Munoz,NULL
18441,NULL,10432,Tabitha Munoz,NULL
23436,NULL,14019,Tanya Munoz,NULL
27712,NULL,15198,Teresa Munoz,NULL
13953,NULL,13895,Theresa Munoz,NULL
12870,NULL,6795,Tyrone Munoz,NULL
21056,NULL,14694,Walter Munoz,NULL
22821,NULL,13935,Wendy Munoz,NULL
13008,NULL,6618,Alberto Muñoz,NULL
19906,NULL,6947,Armando Muñoz,NULL
28459,NULL,18836,Dana Muñoz,NULL
14828,NULL,14711,Hector Muñoz,NULL
24506,NULL,7053,Jaime Muñoz,NULL
26446,NULL,14650,Jamie Muñoz,NULL
26385,NULL,13629,Javier Muñoz,NULL
26982,NULL,12451,Jose Muñoz,NULL
19520,NULL,10542,Kari Muñoz,NULL
21662,NULL,18773,Orlando Muñoz,NULL
23433,NULL,11696,Pedro Muñoz,NULL
11451,NULL,11260,Ruben Muñoz,NULL
25988,NULL,19236,Victor Muñoz,NULL
27466,NULL,3925,Abigail Murphy,NULL
22238,NULL,15071,Alex Murphy,NULL
18276,NULL,8798,Alexa Murphy,NULL
17565,NULL,2769,Alexandra Murphy,NULL
20509,NULL,8819,Alexandria Murphy,NULL
24624,NULL,8789,Allison Murphy,NULL
25072,NULL,20125,Alyssa Murphy,NULL
28828,NULL,8790,Andrea Murphy,NULL
26314,NULL,15067,Angel Murphy,NULL
11063,NULL,8821,Angela Murphy,NULL
16463,NULL,3627,Anna Murphy,NULL
25698,NULL,8801,Ariana Murphy,NULL
24681,NULL,8823,Arianna Murphy,NULL
25006,NULL,8776,Bailey Murphy,NULL
20358,NULL,15087,Brian Murphy,NULL
28342,NULL,19200,Brianna Murphy,NULL
12918,NULL,8805,Brooke Murphy,NULL
29127,NULL,15106,Bryan Murphy,NULL
24645,NULL,15089,Bryce Murphy,NULL
14910,NULL,8803,Caitlin Murphy,NULL
13275,NULL,15066,Carlos Murphy,NULL
16506,NULL,8791,Catherine Murphy,NULL
27516,NULL,15115,Charles Murphy,NULL
24729,NULL,15094,Chase Murphy,NULL
20113,NULL,8800,Christina Murphy,NULL
19655,NULL,20248,Cindy Murphy,NULL
18613,NULL,15113,Cody Murphy,NULL
27066,NULL,15101,Cole Murphy,NULL
27043,NULL,15128,Dalton Murphy,NULL
20027,NULL,8794,Danielle Murphy,NULL
13019,NULL,20014,Destiny Murphy,NULL
26245,NULL,15116,Devin Murphy,NULL
16124,NULL,15119,Eduardo Murphy,NULL
19844,NULL,19497,Emma Murphy,NULL
27205,NULL,8813,Erin Murphy,NULL
18797,NULL,15073,Evan Murphy,NULL
25996,NULL,8826,Faith Murphy,NULL
29148,NULL,8779,Gabriella Murphy,NULL
23373,NULL,3305,Gabrielle Murphy,NULL
28849,NULL,15107,Garrett Murphy,NULL
23655,NULL,19598,Grace Murphy,NULL
19008,NULL,3157,Hailey Murphy,NULL
21706,NULL,3383,Haley Murphy,NULL
11786,NULL,15123,Ian Murphy,NULL
27225,NULL,15078,Isaac Murphy,NULL
22645,NULL,20768,Isabella Murphy,NULL
28662,NULL,15069,Isaiah Murphy,NULL
14474,NULL,8824,Jacqueline Murphy,NULL
15252,NULL,8782,Jada Murphy,NULL
15427,NULL,8814,Jade Murphy,NULL
17081,NULL,20453,Jennifer Murphy,NULL
27651,NULL,15130,Jeremy Murphy,NULL
11040,NULL,15080,Jesse Murphy,NULL
22225,NULL,3473,Jessica Murphy,NULL
24902,NULL,19801,Jill Murphy,NULL
24646,NULL,15098,Juan Murphy,NULL
19776,NULL,20348,Judith Murphy,NULL
23817,NULL,20561,Kaitlyn Murphy,NULL
18889,NULL,8784,Katelyn Murphy,NULL
22743,NULL,8787,Kaylee Murphy,NULL
12961,NULL,8808,Kimberly Murphy,NULL
25438,NULL,3701,Lauren Murphy,NULL
28656,NULL,15125,Lucas Murphy,NULL
15399,NULL,8778,Mackenzie Murphy,NULL
14878,NULL,15122,Marcus Murphy,NULL
16011,NULL,3231,Maria Murphy,NULL
28652,NULL,8816,Mariah Murphy,NULL
29163,NULL,15075,Mason Murphy,NULL
17460,NULL,19090,Megan Murphy,NULL
21297,NULL,8817,Melanie Murphy,NULL
24686,NULL,8827,Melissa Murphy,NULL
13373,NULL,8804,Michelle Murphy,NULL
25391,NULL,20670,Morgan Murphy,NULL
28864,NULL,2694,Natalie Murphy,NULL
15557,NULL,15092,Nathaniel Murphy,NULL
11927,NULL,19899,Nicole Murphy,NULL
20206,NULL,19306,Olivia Murphy,NULL
27636,NULL,8825,Paige Murphy,NULL
14334,NULL,15086,Patrick Murphy,NULL
23686,NULL,19702,Rachel Murphy,NULL
22299,NULL,15121,Richard Murphy,NULL
23712,NULL,8830,Riley Murphy,NULL
12926,NULL,8781,Sara Murphy,NULL
21114,NULL,8785,Savannah Murphy,NULL
15969,NULL,15083,Sean Murphy,NULL
13876,NULL,15099,Sebastian Murphy,NULL
25704,NULL,15126,Seth Murphy,NULL
24489,NULL,8811,Shelby Murphy,NULL
11213,NULL,3074,Stephanie Murphy,NULL
12731,NULL,15110,Steven Murphy,NULL
28252,NULL,2846,Sydney Murphy,NULL
20654,NULL,3549,Taylor Murphy,NULL
14331,NULL,15084,Timothy Murphy,NULL
29015,NULL,8812,Trinity Murphy,NULL
15163,NULL,19392,Victoria Murphy,NULL
29162,NULL,15127,Xavier Murphy,NULL
11832,NULL,8796,Zoe Murphy,NULL
19364,NULL,12557,Alejandro Nara,NULL
26959,NULL,12028,Alisha Nara,NULL
28364,NULL,16666,Alison Nara,NULL
18354,NULL,5229,Alvin Nara,NULL
12332,NULL,5091,Andres Nara,NULL
25721,NULL,20554,April Nara,NULL
23964,NULL,10611,Arturo Nara,NULL
16049,NULL,7781,Ashlee Nara,NULL
12704,NULL,11621,Barbara Nara,NULL
15460,NULL,17295,Bethany Nara,NULL
24023,NULL,3719,Bonnie Nara,NULL
16510,NULL,9413,Brad Nara,NULL
12547,NULL,20307,Bradley Nara,NULL
27330,NULL,9356,Brendan Nara,NULL
12846,NULL,8594,Bridget Nara,NULL
11367,NULL,9186,Calvin Nara,NULL
12971,NULL,16970,Carl Nara,NULL
17812,NULL,16310,Casey Nara,NULL
13642,NULL,8908,Cassie Nara,NULL
21875,NULL,4110,Cedric Nara,NULL
28754,NULL,20351,Chad Nara,NULL
11878,NULL,19889,Christine Nara,NULL
11843,NULL,11419,Christy Nara,NULL
20054,NULL,7368,Clarence Nara,NULL
11768,NULL,12659,Clayton Nara,NULL
14798,NULL,12339,Colleen Nara,NULL
27034,NULL,20474,Corey Nara,NULL
19792,NULL,8747,Cristina Nara,NULL
21226,NULL,5339,Dale Nara,NULL
26877,NULL,14455,Damien Nara,NULL
21891,NULL,12235,Dawn Nara,NULL
13502,NULL,8861,Deborah Nara,NULL
26139,NULL,20266,Derek Nara,NULL
21964,NULL,4335,Devon Nara,NULL
26944,NULL,9241,Drew Nara,NULL
17910,NULL,2571,Dustin Nara,NULL
11097,NULL,13205,Edwin Nara,NULL
28425,NULL,9557,Gilbert Nara,NULL
12995,NULL,9302,Grant Nara,NULL
26651,NULL,2598,Gregory Nara,NULL
11930,NULL,12990,Jaclyn Nara,NULL
13262,NULL,9471,Jaime Nara,NULL
11438,NULL,11514,Jenny Nara,NULL
22491,NULL,16916,Jerry Nara,NULL
23939,NULL,4716,Jodi Nara,NULL
18489,NULL,17068,Johnny Nara,NULL
22006,NULL,12448,Jon Nara,NULL
24566,NULL,16568,Kara Nara,NULL
15142,NULL,5161,Karl Nara,NULL
25827,NULL,3524,Karla Nara,NULL
25723,NULL,4614,Kate Nara,NULL
14882,NULL,19924,Kathryn Nara,NULL
22561,NULL,20630,Katie Nara,NULL
24608,NULL,16355,Katrina Nara,NULL
21649,NULL,20514,Keith Nara,NULL
24905,NULL,16525,Kelsey Nara,NULL
15672,NULL,2956,Kelvin Nara,NULL
14177,NULL,2621,Kenneth Nara,NULL
12219,NULL,4167,Kurt Nara,NULL
22509,NULL,11310,Lacey Nara,NULL
18208,NULL,16400,Latoya Nara,NULL
11045,NULL,5225,Leonard Nara,NULL
25247,NULL,19843,Lindsay Nara,NULL
26901,NULL,13106,Louis Nara,NULL
20768,NULL,11633,Marshall Nara,NULL
26231,NULL,9078,Maurice Nara,NULL
27147,NULL,4399,Melvin Nara,NULL
22842,NULL,8423,Michele Nara,NULL
17197,NULL,4564,Mindy Nara,NULL
14987,NULL,16480,Misty Nara,NULL
17158,NULL,17152,Mitchell Nara,NULL
12301,NULL,16617,Nichole Nara,NULL
20861,NULL,5285,Nicolas Nara,NULL
13535,NULL,12765,Omar Nara,NULL
11770,NULL,20429,Peter Nara,NULL
18907,NULL,8799,Priscilla Nara,NULL
17052,NULL,12881,Rafael Nara,NULL
16404,NULL,9529,Raul Nara,NULL
28934,NULL,17021,Ricardo Nara,NULL
26928,NULL,13318,Roger Nara,NULL
12629,NULL,16871,Russell Nara,NULL
18482,NULL,8537,Sharon Nara,NULL
13845,NULL,20394,Shawn Nara,NULL
29361,NULL,8697,Sheena Nara,NULL
21194,NULL,20012,Tara Nara,NULL
23249,NULL,8642,Tasha Nara,NULL
28474,NULL,4282,Terrence Nara,NULL
27305,NULL,17245,Terry Nara,NULL
16729,NULL,4223,Tommy Nara,NULL
16713,NULL,17194,Tony Nara,NULL
17251,NULL,8481,Tonya Nara,NULL
25105,NULL,3791,Warren Nara,NULL
23869,NULL,9137,Wayne Nara,NULL
24460,NULL,13408,Willie Nara,NULL
29080,NULL,3648,Yolanda Nara,NULL
15862,NULL,16434,Sriniwa Narayanan,NULL
12874,NULL,11624,Kirk Nason,NULL
24866,NULL,12560,Alejandro Nath,NULL
13556,NULL,12031,Alisha Nath,NULL
17116,NULL,16669,Alison Nath,NULL
29301,NULL,5278,Alvin Nath,NULL
22617,NULL,5098,Andres Nath,NULL
22824,NULL,20556,April Nath,NULL
16177,NULL,17297,Bethany Nath,NULL
12632,NULL,3724,Bonnie Nath,NULL
22796,NULL,9417,Brad Nath,NULL
22380,NULL,9360,Brendan Nath,NULL
19446,NULL,8598,Bridget Nath,NULL
22817,NULL,9189,Calvin Nath,NULL
29001,NULL,16973,Carl Nath,NULL
17255,NULL,4516,Carly Nath,NULL
26820,NULL,8864,Carol Nath,NULL
11616,NULL,16315,Casey Nath,NULL
24606,NULL,8915,Cassie Nath,NULL
17746,NULL,4161,Cedric Nath,NULL
17744,NULL,20354,Chad Nath,NULL
26909,NULL,19893,Christine Nath,NULL
18085,NULL,11421,Christy Nath,NULL
24050,NULL,7419,Clarence Nath,NULL
14793,NULL,12663,Clayton Nath,NULL
11398,NULL,13507,Colin Nath,NULL
24051,NULL,12341,Colleen Nath,NULL
27343,NULL,5346,Dale Nath,NULL
11759,NULL,12237,Dawn Nath,NULL
23065,NULL,20267,Derek Nath,NULL
18339,NULL,4672,Donna Nath,NULL
14637,NULL,2573,Dustin Nath,NULL
24181,NULL,13211,Edwin Nath,NULL
28713,NULL,8508,Franklin Nath,NULL
21131,NULL,9599,Gilbert Nath,NULL
28947,NULL,9305,Grant Nath,NULL
19634,NULL,2600,Gregory Nath,NULL
11033,NULL,9475,Jaime Nath,NULL
27281,NULL,11519,Jenny Nath,NULL
11787,NULL,16921,Jerry Nath,NULL
27740,NULL,4718,Jodi Nath,NULL
22756,NULL,12453,Jon Nath,NULL
21177,NULL,16572,Kara Nath,NULL
13578,NULL,5167,Karl Nath,NULL
22317,NULL,3527,Karla Nath,NULL
26369,NULL,4619,Kate Nath,NULL
28632,NULL,19925,Kathryn Nath,NULL
23434,NULL,20634,Katie Nath,NULL
11497,NULL,16359,Katrina Nath,NULL
19617,NULL,20517,Keith Nath,NULL
24715,NULL,12136,Kelli Nath,NULL
20162,NULL,16529,Kelsey Nath,NULL
26791,NULL,3001,Kelvin Nath,NULL
17037,NULL,2623,Kenneth Nath,NULL
27582,NULL,16404,Latoya Nath,NULL
12637,NULL,5230,Leonard Nath,NULL
21841,NULL,19847,Lindsay Nath,NULL
23899,NULL,20675,Lindsey Nath,NULL
25830,NULL,13109,Louis Nath,NULL
16390,NULL,16826,Mario Nath,NULL
14092,NULL,9083,Maurice Nath,NULL
27697,NULL,4404,Melvin Nath,NULL
11056,NULL,8428,Michele Nath,NULL
20320,NULL,4568,Mindy Nath,NULL
24141,NULL,16483,Misty Nath,NULL
17452,NULL,17154,Mitchell Nath,NULL
12392,NULL,16620,Nichole Nath,NULL
13162,NULL,4463,Nina Nath,NULL
14672,NULL,12771,Omar Nath,NULL
28441,NULL,20433,Peter Nath,NULL
21820,NULL,8807,Priscilla Nath,NULL
23533,NULL,12889,Rafael Nath,NULL
27881,NULL,9535,Raul Nath,NULL
12039,NULL,17024,Ricardo Nath,NULL
19383,NULL,13322,Roger Nath,NULL
16290,NULL,16875,Russell Nath,NULL
20061,NULL,8541,Sharon Nath,NULL
18119,NULL,20396,Shawn Nath,NULL
25800,NULL,8701,Sheena Nath,NULL
28064,NULL,11920,Tamara Nath,NULL
16269,NULL,20015,Tara Nath,NULL
18487,NULL,8645,Tasha Nath,NULL
21076,NULL,4287,Terrence Nath,NULL
20148,NULL,17248,Terry Nath,NULL
28937,NULL,4228,Tommy Nath,NULL
24847,NULL,8485,Tonya Nath,NULL
16507,NULL,16437,Tracy Nath,NULL
25532,NULL,4226,Warren Nath,NULL
12468,NULL,9141,Wayne Nath,NULL
24625,NULL,3651,Yolanda Nath,NULL
23611,NULL,13413,Dave Natsuhara,NULL
23097,NULL,17199,Tony Natsuhara,NULL
23627,NULL,7110,Adrienne Navarro,NULL
21561,NULL,14911,Albert Navarro,NULL
11540,NULL,6627,Alberto Navarro,NULL
15070,NULL,2804,Alfredo Navarro,NULL
16397,NULL,2741,Andy Navarro,NULL
22701,NULL,14371,Anne Navarro,NULL
19942,NULL,6953,Armando Navarro,NULL
16198,NULL,10964,Arthur Navarro,NULL
26937,NULL,6022,Audrey Navarro,NULL
13534,NULL,6086,Beth Navarro,NULL
25535,NULL,18481,Brandi Navarro,NULL
17353,NULL,10867,Bruce Navarro,NULL
16622,NULL,19678,Byron Navarro,NULL
11069,NULL,10008,Carolyn Navarro,NULL
19795,NULL,19157,Casey Navarro,NULL
13109,NULL,6188,Cheryl Navarro,NULL
19935,NULL,14623,Clinton Navarro,NULL
15357,NULL,19066,Craig Navarro,NULL
27514,NULL,6010,Daisy Navarro,NULL
11125,NULL,17820,Dana Navarro,NULL
20332,NULL,14758,Danny Navarro,NULL
19203,NULL,10229,Darren Navarro,NULL
13593,NULL,9800,Deanna Navarro,NULL
22862,NULL,19113,Derrick Navarro,NULL
15520,NULL,13854,Desiree Navarro,NULL
16261,NULL,18656,Diana Navarro,NULL
14698,NULL,15546,Diane Navarro,NULL
11615,NULL,20497,Dwayne Navarro,NULL
24504,NULL,6687,Eddie Navarro,NULL
25055,NULL,19281,Erik Navarro,NULL
11476,NULL,18701,Erika Navarro,NULL
27520,NULL,2474,Francis Navarro,NULL
11338,NULL,18341,Frank Navarro,NULL
13561,NULL,19030,Gary Navarro,NULL
27843,NULL,10770,Gerald Navarro,NULL
18002,NULL,15055,Gina Navarro,NULL
21537,NULL,16449,Gloria Navarro,NULL
23907,NULL,14717,Hector Navarro,NULL
15465,NULL,6358,Jacquelyn Navarro,NULL
27690,NULL,7063,Jaime Navarro,NULL
28320,NULL,6244,Janet Navarro,NULL
14131,NULL,13634,Javier Navarro,NULL
11519,NULL,7703,Jerome Navarro,NULL
27172,NULL,5543,Jessie Navarro,NULL
29483,NULL,18384,Jésus Navarro,NULL
22003,NULL,15095,Jill Navarro,NULL
28044,NULL,15644,Jimmy Navarro,NULL
19180,NULL,13567,Joan Navarro,NULL
20140,NULL,11053,Joe Navarro,NULL
18722,NULL,14486,Jonathon Navarro,NULL
16410,NULL,14080,Joy Navarro,NULL
25822,NULL,7002,Julio Navarro,NULL
28031,NULL,10545,Kari Navarro,NULL
19269,NULL,18570,Kathleen Navarro,NULL
21873,NULL,16002,Kellie Navarro,NULL
23918,NULL,15151,Kendra Navarro,NULL
27115,NULL,9590,Kristi Navarro,NULL
25566,NULL,6307,Kristine Navarro,NULL
19570,NULL,14330,Kristy Navarro,NULL
20850,NULL,14857,Lance Navarro,NULL
16456,NULL,18432,Larry Navarro,NULL
11100,NULL,6138,Latasha Navarro,NULL
27939,NULL,14449,Lawrence Navarro,NULL
25659,NULL,14409,Lee Navarro,NULL
24371,NULL,18525,Leslie Navarro,NULL
11401,NULL,13814,Linda Navarro,NULL
21182,NULL,14112,Lori Navarro,NULL
24365,NULL,7164,Mallory Navarro,NULL
16346,NULL,15698,Marc Navarro,NULL
15338,NULL,10111,Marie Navarro,NULL
28724,NULL,6903,Marvin Navarro,NULL
19673,NULL,14527,Mathew Navarro,NULL
11454,NULL,14065,Melinda Navarro,NULL
27703,NULL,10645,Meredith Navarro,NULL
23625,NULL,14577,Micheal Navarro,NULL
12809,NULL,9015,Michele Navarro,NULL
15240,NULL,13770,Monique Navarro,NULL
24846,NULL,17391,Naomi Navarro,NULL
27570,NULL,18750,Natasha Navarro,NULL
21842,NULL,6853,Neil Navarro,NULL
28736,NULL,15061,Paula Navarro,NULL
27836,NULL,11704,Pedro Navarro,NULL
26403,NULL,19197,Philip Navarro,NULL
18620,NULL,14970,Randall Navarro,NULL
24790,NULL,9903,Rebekah Navarro,NULL
25674,NULL,7759,Reginald Navarro,NULL
15793,NULL,15009,Renee Navarro,NULL
17221,NULL,15593,Ricky Navarro,NULL
24571,NULL,14812,Roberto Navarro,NULL
28696,NULL,13727,Robin Navarro,NULL
24396,NULL,13059,Robyn Navarro,NULL
29309,NULL,13682,Rodney Navarro,NULL
22435,NULL,11811,Ross Navarro,NULL
11347,NULL,11160,Roy Navarro,NULL
21010,NULL,11266,Ruben Navarro,NULL
15106,NULL,20081,Shannon Navarro,NULL
21889,NULL,14579,Sheila Navarro,NULL
12688,NULL,18613,Stacy Navarro,NULL
24059,NULL,10439,Tabitha Navarro,NULL
24130,NULL,14028,Tanya Navarro,NULL
25816,NULL,15205,Teresa Navarro,NULL
24565,NULL,6735,Theodore Navarro,NULL
20627,NULL,13898,Theresa Navarro,NULL
25557,NULL,6802,Tyrone Navarro,NULL
17841,NULL,13592,Walter Navarro,NULL
20881,NULL,13942,Wendy Navarro,NULL
26608,NULL,16344,Aaron Nelson,NULL
27402,NULL,16358,Adam Nelson,NULL
22820,NULL,16370,Alex Nelson,NULL
19209,NULL,9875,Alexandra Nelson,NULL
28802,NULL,9917,Allison Nelson,NULL
12788,NULL,9881,Amanda Nelson,NULL
28799,NULL,9898,Amber Nelson,NULL
24279,NULL,16367,Angel Nelson,NULL
13086,NULL,4197,Blake Nelson,NULL
22716,NULL,16345,Caleb Nelson,NULL
28977,NULL,16364,Carlos Nelson,NULL
13520,NULL,9883,Carol Nelson,NULL
12058,NULL,9864,Chloe Nelson,NULL
21013,NULL,16348,Connor Nelson,NULL
14746,NULL,9899,Courtney Nelson,NULL
11535,NULL,4974,Devin Nelson,NULL
18591,NULL,5058,Eduardo Nelson,NULL
21441,NULL,3736,Edward Nelson,NULL
12879,NULL,16336,Elijah Nelson,NULL
15747,NULL,16371,Evan Nelson,NULL
25564,NULL,3893,Fernando Nelson,NULL
16239,NULL,16334,Gabriel Nelson,NULL
19897,NULL,9909,Gabriella Nelson,NULL
27185,NULL,9887,Haley Nelson,NULL
19394,NULL,16320,Henry Nelson,NULL
24236,NULL,9873,Isabella Nelson,NULL
14607,NULL,16369,Isaiah Nelson,NULL
28234,NULL,16357,Jack Nelson,NULL
24675,NULL,16363,Jackson Nelson,NULL
21357,NULL,9912,Jada Nelson,NULL
24525,NULL,16314,James Nelson,NULL
25871,NULL,16338,Jason Nelson,NULL
21448,NULL,9901,Jenna Nelson,NULL
17147,NULL,9868,Jennifer Nelson,NULL
26839,NULL,4038,Jeremy Nelson,NULL
26793,NULL,16375,Jesse Nelson,NULL
18917,NULL,16316,Jonathan Nelson,NULL
20130,NULL,16352,Jordan Nelson,NULL
26965,NULL,9902,Jordan Nelson,NULL
19217,NULL,16325,Jose Nelson,NULL
11102,NULL,9866,Julia Nelson,NULL
24276,NULL,9870,Kaitlyn Nelson,NULL
21462,NULL,9914,Katelyn Nelson,NULL
28021,NULL,9879,Katherine Nelson,NULL
11680,NULL,9915,Kaylee Nelson,NULL
14765,NULL,16333,Kevin Nelson,NULL
19227,NULL,16317,Logan Nelson,NULL
20686,NULL,4271,Lucas Nelson,NULL
23488,NULL,16342,Luis Nelson,NULL
21027,NULL,16351,Luke Nelson,NULL
20461,NULL,9907,Mackenzie Nelson,NULL
26121,NULL,9891,Madeline Nelson,NULL
19903,NULL,4664,Marcus Nelson,NULL
13107,NULL,9897,Mary Nelson,NULL
21334,NULL,16372,Mason Nelson,NULL
28654,NULL,4122,Miguel Nelson,NULL
20501,NULL,9871,Morgan Nelson,NULL
22928,NULL,9874,Natalie Nelson,NULL
22742,NULL,16318,Nathan Nelson,NULL
16835,NULL,16323,Noah Nelson,NULL
22339,NULL,4581,Richard Nelson,NULL
21246,NULL,16319,Samuel Nelson,NULL
19304,NULL,9910,Sara Nelson,NULL
11841,NULL,16376,Sean Nelson,NULL
22729,NULL,4355,Seth Nelson,NULL
16132,NULL,9905,Sierra Nelson,NULL
16664,NULL,9893,Sophia Nelson,NULL
15286,NULL,16330,Thomas Nelson,NULL
16862,NULL,16381,Timothy Nelson,NULL
16225,NULL,3810,Wyatt Nelson,NULL
21328,NULL,4434,Xavier Nelson,NULL
16714,NULL,4507,Dalton Nicholls,NULL
17813,NULL,10332,Jay Nicholls,NULL
27327,NULL,16926,Melody Nicholls,NULL
13753,NULL,9888,Rebecca Nicholls,NULL
23115,NULL,9882,Stephanie Nicholls,NULL
20278,NULL,12016,Alisha Oliver,NULL
26048,NULL,9399,Brad Oliver,NULL
14280,NULL,16374,Isaac Oliver,NULL
29119,NULL,14429,Lee Oliver,NULL
25623,NULL,9885,Maria Oliver,NULL
26996,NULL,18777,Natasha Oliver,NULL
22516,NULL,7140,Adrienne Ortega,NULL
21686,NULL,14934,Albert Ortega,NULL
17950,NULL,6650,Alberto Ortega,NULL
25958,NULL,2836,Alfredo Ortega,NULL
19482,NULL,2774,Andy Ortega,NULL
13011,NULL,14394,Anne Ortega,NULL
25223,NULL,6984,Armando Ortega,NULL
26300,NULL,6055,Audrey Ortega,NULL
12277,NULL,6119,Beth Ortega,NULL
18942,NULL,15773,Billy Ortega,NULL
14870,NULL,18505,Brandi Ortega,NULL
29346,NULL,13839,Briana Ortega,NULL
23306,NULL,19888,Byron Ortega,NULL
11353,NULL,17884,Carrie Ortega,NULL
21681,NULL,19174,Casey Ortega,NULL
11983,NULL,6219,Cheryl Ortega,NULL
17383,NULL,19093,Craig Ortega,NULL
28123,NULL,6310,Daisy Ortega,NULL
29471,NULL,17842,Dana Ortega,NULL
19794,NULL,14782,Danny Ortega,NULL
16309,NULL,13886,Desiree Ortega,NULL
12125,NULL,18684,Diana Ortega,NULL
24615,NULL,20709,Dwayne Ortega,NULL
22908,NULL,6708,Eddie Ortega,NULL
22481,NULL,19303,Erik Ortega,NULL
20878,NULL,18729,Erika Ortega,NULL
11753,NULL,14305,Felicia Ortega,NULL
19356,NULL,2613,Francis Ortega,NULL
11496,NULL,19051,Gary Ortega,NULL
19558,NULL,16694,Gloria Ortega,NULL
16054,NULL,14740,Hector Ortega,NULL
15305,NULL,6382,Jacquelyn Ortega,NULL
14978,NULL,14684,Jamie Ortega,NULL
11754,NULL,6276,Janet Ortega,NULL
12785,NULL,13664,Javier Ortega,NULL
17051,NULL,5831,Jessie Ortega,NULL
16542,NULL,18408,Jésus Ortega,NULL
20239,NULL,15120,Jill Ortega,NULL
11374,NULL,15673,Jimmy Ortega,NULL
17909,NULL,14006,Joanna Ortega,NULL
11694,NULL,14510,Jonathon Ortega,NULL
16319,NULL,14346,Joy Ortega,NULL
11892,NULL,7031,Julio Ortega,NULL
12225,NULL,18592,Kathleen Ortega,NULL
24495,NULL,16243,Kellie Ortega,NULL
25592,NULL,15177,Kendra Ortega,NULL
28548,NULL,14255,Krista Ortega,NULL
18830,NULL,6335,Kristine Ortega,NULL
20063,NULL,14351,Kristy Ortega,NULL
12354,NULL,14883,Lance Ortega,NULL
18126,NULL,18465,Larry Ortega,NULL
24270,NULL,6164,Latasha Ortega,NULL
14685,NULL,14473,Lawrence Ortega,NULL
24851,NULL,18545,Leslie Ortega,NULL
11756,NULL,13838,Linda Ortega,NULL
25069,NULL,14140,Lori Ortega,NULL
22644,NULL,15723,Marc Ortega,NULL
24993,NULL,6930,Marvin Ortega,NULL
25539,NULL,14555,Mathew Ortega,NULL
23413,NULL,2719,Max Ortega,NULL
22004,NULL,18823,Meghan Ortega,NULL
12862,NULL,14090,Melinda Ortega,NULL
12355,NULL,13796,Monique Ortega,NULL
19010,NULL,17640,Naomi Ortega,NULL
15955,NULL,6881,Neil Ortega,NULL
15118,NULL,19485,Nelson Ortega,NULL
13540,NULL,15324,Paula Ortega,NULL
23978,NULL,19219,Philip Ortega,NULL
15540,NULL,14989,Randall Ortega,NULL
26429,NULL,6596,Reginald Ortega,NULL
18447,NULL,15037,Renee Ortega,NULL
28382,NULL,14837,Roberto Ortega,NULL
17798,NULL,13755,Robin Ortega,NULL
24104,NULL,13338,Robyn Ortega,NULL
26991,NULL,13710,Rodney Ortega,NULL
26375,NULL,20297,Shannon Ortega,NULL
27632,NULL,14825,Sheila Ortega,NULL
25669,NULL,18635,Stacy Ortega,NULL
24791,NULL,15232,Teresa Ortega,NULL
26845,NULL,6771,Theodore Ortega,NULL
12583,NULL,6831,Tyrone Ortega,NULL
28423,NULL,19262,Victor Ortega,NULL
28377,NULL,13620,Walter Ortega,NULL
15094,NULL,13966,Wendy Ortega,NULL
13038,NULL,12546,Wilson Pais,NULL
16545,NULL,19793,Alicia Pal,NULL
13042,NULL,16655,Alison Pal,NULL
29319,NULL,5097,Alvin Pal,NULL
14931,NULL,5080,Andres Pal,NULL
26335,NULL,20546,April Pal,NULL
29303,NULL,10508,Arturo Pal,NULL
15714,NULL,17285,Bethany Pal,NULL
12708,NULL,3702,Bonnie Pal,NULL
26374,NULL,20298,Bradley Pal,NULL
12887,NULL,9348,Brendan Pal,NULL
20787,NULL,8584,Bridget Pal,NULL
16522,NULL,16300,Casey Pal,NULL
23235,NULL,4005,Cedric Pal,NULL
19181,NULL,20342,Chad Pal,NULL
18242,NULL,19880,Christine Pal,NULL
18739,NULL,11405,Christy Pal,NULL
17113,NULL,7255,Clarence Pal,NULL
27721,NULL,12648,Clayton Pal,NULL
27895,NULL,13499,Colin Pal,NULL
25774,NULL,20465,Corey Pal,NULL
18451,NULL,5327,Dale Pal,NULL
22566,NULL,13444,Damien Pal,NULL
26859,NULL,9574,Darrell Pal,NULL
20955,NULL,12226,Dawn Pal,NULL
12661,NULL,8855,Deborah Pal,NULL
24591,NULL,20252,Derek Pal,NULL
26303,NULL,4324,Devon Pal,NULL
23572,NULL,4657,Donna Pal,NULL
11902,NULL,9225,Drew Pal,NULL
26588,NULL,2565,Dustin Pal,NULL
13573,NULL,13197,Edwin Pal,NULL
14841,NULL,8339,Franklin Pal,NULL
27744,NULL,9444,Gilbert Pal,NULL
14754,NULL,9291,Grant Pal,NULL
19436,NULL,2592,Gregory Pal,NULL
19076,NULL,12982,Jaclyn Pal,NULL
22139,NULL,9456,Jaime Pal,NULL
15132,NULL,11502,Jenny Pal,NULL
25588,NULL,16905,Jerry Pal,NULL
20667,NULL,4708,Jodi Pal,NULL
19902,NULL,17059,Johnny Pal,NULL
15440,NULL,12437,Jon Pal,NULL
16289,NULL,19960,Julie Pal,NULL
24916,NULL,16564,Kara Pal,NULL
19187,NULL,5149,Karl Pal,NULL
25840,NULL,3508,Karla Pal,NULL
21109,NULL,20620,Katie Pal,NULL
23399,NULL,20505,Keith Pal,NULL
23067,NULL,12125,Kelli Pal,NULL
29409,NULL,16516,Kelsey Pal,NULL
24384,NULL,2617,Kenneth Pal,NULL
26956,NULL,20583,Kristin Pal,NULL
11393,NULL,4156,Kurt Pal,NULL
26571,NULL,11296,Lacey Pal,NULL
14960,NULL,5212,Leonard Pal,NULL
14943,NULL,19835,Lindsay Pal,NULL
21071,NULL,20665,Lindsey Pal,NULL
19851,NULL,13099,Louis Pal,NULL
17824,NULL,16814,Mario Pal,NULL
26929,NULL,9069,Maurice Pal,NULL
19039,NULL,4380,Melvin Pal,NULL
17814,NULL,8410,Michele Pal,NULL
19097,NULL,4555,Mindy Pal,NULL
18162,NULL,16471,Misty Pal,NULL
16742,NULL,17142,Mitchell Pal,NULL
20550,NULL,16343,Mohamed Pal,NULL
28763,NULL,8738,Mohamed Pal,NULL
12698,NULL,16861,Mohamed Pal,NULL
26741,NULL,16609,Nichole Pal,NULL
20844,NULL,5271,Nicolas Pal,NULL
29297,NULL,4445,Nina Pal,NULL
27714,NULL,12753,Omar Pal,NULL
22848,NULL,20424,Peter Pal,NULL
15928,NULL,8788,Priscilla Pal,NULL
17715,NULL,12871,Rafael Pal,NULL
16001,NULL,17010,Ricardo Pal,NULL
27705,NULL,13306,Roger Pal,NULL
24707,NULL,17099,Shaun Pal,NULL
27286,NULL,20385,Shawn Pal,NULL
24723,NULL,3581,Shawna Pal,NULL
21197,NULL,8684,Sheena Pal,NULL
12689,NULL,11906,Tamara Pal,NULL
16395,NULL,20001,Tara Pal,NULL
22853,NULL,8632,Tasha Pal,NULL
13037,NULL,4266,Terrence Pal,NULL
25824,NULL,17237,Terry Pal,NULL
13840,NULL,4211,Tommy Pal,NULL
18626,NULL,17188,Tony Pal,NULL
23761,NULL,8467,Tonya Pal,NULL
13435,NULL,16426,Tracy Pal,NULL
25660,NULL,2381,Warren Pal,NULL
19764,NULL,9124,Wayne Pal,NULL
11755,NULL,13399,Willie Pal,NULL
23748,NULL,3637,Yolanda Pal,NULL
17574,NULL,15559,Punya Palit,NULL
18228,NULL,15571,Adam Parker,NULL
29252,NULL,15583,Alex Parker,NULL
16866,NULL,9777,Alexandra Parker,NULL
26501,NULL,9821,Allison Parker,NULL
18081,NULL,9785,Amanda Parker,NULL
23959,NULL,9799,Amber Parker,NULL
20091,NULL,9261,Andrea Parker,NULL
14273,NULL,15579,Angel Parker,NULL
19529,NULL,9807,Bailey Parker,NULL
15008,NULL,4213,Blake Parker,NULL
26318,NULL,15560,Caleb Parker,NULL
20676,NULL,15578,Carlos Parker,NULL
21267,NULL,4905,Charles Parker,NULL
27480,NULL,9765,Chloe Parker,NULL
28839,NULL,15563,Connor Parker,NULL
17612,NULL,9802,Courtney Parker,NULL
13064,NULL,4522,Dalton Parker,NULL
11684,NULL,4992,Devin Parker,NULL
12939,NULL,5069,Eduardo Parker,NULL
12938,NULL,3747,Edward Parker,NULL
19715,NULL,15555,Elijah Parker,NULL
27130,NULL,15574,Eric Parker,NULL
18729,NULL,15584,Evan Parker,NULL
19606,NULL,15554,Gabriel Parker,NULL
21394,NULL,9809,Gabriella Parker,NULL
22223,NULL,9791,Gabrielle Parker,NULL
14402,NULL,9788,Hailey Parker,NULL
14694,NULL,9792,Haley Parker,NULL
13392,NULL,15540,Hunter Parker,NULL
25164,NULL,15589,Isaac Parker,NULL
13752,NULL,9775,Isabella Parker,NULL
16832,NULL,15581,Isaiah Parker,NULL
17270,NULL,15570,Jack Parker,NULL
16502,NULL,15576,Jackson Parker,NULL
24233,NULL,9812,Jada Parker,NULL
11808,NULL,16202,James Parker,NULL
25969,NULL,15557,Jason Parker,NULL
25990,NULL,9803,Jenna Parker,NULL
22118,NULL,9770,Jennifer Parker,NULL
28668,NULL,4053,Jeremy Parker,NULL
23032,NULL,15591,Jesse Parker,NULL
15858,NULL,16203,Jonathan Parker,NULL
23919,NULL,9804,Jordan Parker,NULL
21621,NULL,15568,Jordan Parker,NULL
21713,NULL,15545,Jose Parker,NULL
26904,NULL,9766,Judith Parker,NULL
24400,NULL,9772,Kaitlyn Parker,NULL
11886,NULL,9814,Katelyn Parker,NULL
13268,NULL,9782,Katherine Parker,NULL
27738,NULL,9817,Kaylee Parker,NULL
20522,NULL,15553,Kevin Parker,NULL
13854,NULL,15551,Kyle Parker,NULL
12306,NULL,15537,Logan Parker,NULL
25869,NULL,4285,Lucas Parker,NULL
17768,NULL,15558,Luis Parker,NULL
18396,NULL,15564,Luke Parker,NULL
22182,NULL,9795,Madeline Parker,NULL
19683,NULL,4677,Marcus Parker,NULL
18412,NULL,9797,Mary Parker,NULL
25923,NULL,15587,Mason Parker,NULL
18858,NULL,4133,Miguel Parker,NULL
16772,NULL,9773,Morgan Parker,NULL
25104,NULL,9776,Natalie Parker,NULL
23093,NULL,15538,Nathan Parker,NULL
13015,NULL,9794,Rebecca Parker,NULL
29174,NULL,4592,Richard Parker,NULL
14693,NULL,15542,Robert Parker,NULL
29028,NULL,15539,Samuel Parker,NULL
14493,NULL,9811,Sara Parker,NULL
13204,NULL,9815,Savannah Parker,NULL
19149,NULL,15595,Sean Parker,NULL
18962,NULL,4366,Seth Parker,NULL
12206,NULL,9806,Sierra Parker,NULL
15895,NULL,9796,Sophia Parker,NULL
13764,NULL,9786,Stephanie Parker,NULL
20512,NULL,9778,Sydney Parker,NULL
27399,NULL,15550,Thomas Parker,NULL
22943,NULL,15596,Timothy Parker,NULL
25325,NULL,3822,Wyatt Parker,NULL
24669,NULL,4443,Xavier Parker,NULL
16029,NULL,3472,Abby Patel,NULL
29441,NULL,3138,Adriana Patel,NULL
22049,NULL,15839,Allen Patel,NULL
16415,NULL,16047,Andre Patel,NULL
21371,NULL,7237,Ann Patel,NULL
26671,NULL,10897,Arthur Patel,NULL
26218,NULL,3735,Barry Patel,NULL
22314,NULL,19766,Brandy Patel,NULL
20574,NULL,19490,Brett Patel,NULL
27165,NULL,10799,Bruce Patel,NULL
27969,NULL,3908,Bryant Patel,NULL
14190,NULL,15398,Candace Patel,NULL
24133,NULL,7522,Carla Patel,NULL
21714,NULL,8321,Carmen Patel,NULL
12465,NULL,19608,Cassandra Patel,NULL
19938,NULL,18931,Chelsea Patel,NULL
11249,NULL,7289,Cindy Patel,NULL
22473,NULL,4071,Clifford Patel,NULL
14266,NULL,19320,Cory Patel,NULL
15222,NULL,19725,Cynthia Patel,NULL
26990,NULL,10165,Darren Patel,NULL
27354,NULL,9729,Deanna Patel,NULL
20179,NULL,16233,Denise Patel,NULL
29366,NULL,8217,Dominic Patel,NULL
13781,NULL,7466,Dominique Patel,NULL
15921,NULL,20026,Donald Patel,NULL
17927,NULL,19410,Douglas Patel,NULL
25531,NULL,9626,Ebony Patel,NULL
16880,NULL,8116,Edgar Patel,NULL
14427,NULL,7954,Emmanuel Patel,NULL
19668,NULL,2960,Erick Patel,NULL
18033,NULL,3089,Evelyn Patel,NULL
15443,NULL,16686,Francisco Patel,NULL
22488,NULL,7855,Frederick Patel,NULL
24311,NULL,8272,Geoffrey Patel,NULL
26414,NULL,20186,George Patel,NULL
23095,NULL,11834,Gerald Patel,NULL
24585,NULL,2851,Harold Patel,NULL
23225,NULL,15244,Heidi Patel,NULL
14180,NULL,15957,Henry Patel,NULL
29116,NULL,18228,Janelle Patel,NULL
27796,NULL,2904,Jarrod Patel,NULL
22213,NULL,10264,Jay Patel,NULL
22395,NULL,8005,Jermaine Patel,NULL
26667,NULL,15298,Jillian Patel,NULL
19038,NULL,10991,Joe Patel,NULL
27820,NULL,20068,Joel Patel,NULL
19289,NULL,15886,Johnathan Patel,NULL
16615,NULL,3205,Kaitlin Patel,NULL
16908,NULL,10680,Kristi Patel,NULL
17990,NULL,19690,Kristina Patel,NULL
15976,NULL,16092,Kristopher Patel,NULL
29227,NULL,7903,Levi Patel,NULL
29414,NULL,3428,Lydia Patel,NULL
20889,NULL,15918,Manuel Patel,NULL
19575,NULL,3853,Marco Patel,NULL
22397,NULL,10036,Marie Patel,NULL
19866,NULL,16729,Martin Patel,NULL
17784,NULL,3378,Mayra Patel,NULL
22625,NULL,7190,Meagan Patel,NULL
18333,NULL,10583,Meredith Patel,NULL
15611,NULL,10141,Michele Patel,NULL
25234,NULL,19537,Monica Patel,NULL
27875,NULL,15532,Pamela Patel,NULL
20569,NULL,19657,Patricia Patel,NULL
22075,NULL,11640,Pedro Patel,NULL
12542,NULL,3963,Preston Patel,NULL
13640,NULL,15492,Rachael Patel,NULL
22396,NULL,9834,Rebekah Patel,NULL
14933,NULL,20112,Ronald Patel,NULL
14959,NULL,11746,Ross Patel,NULL
14928,NULL,11092,Roy Patel,NULL
19765,NULL,11190,Ruben Patel,NULL
21527,NULL,7802,Sergio Patel,NULL
24915,NULL,4021,Stanley Patel,NULL
27967,NULL,7353,Stefanie Patel,NULL
26753,NULL,3027,Summer Patel,NULL
27931,NULL,10368,Tabitha Patel,NULL
17091,NULL,7411,Tammy Patel,NULL
25829,NULL,3320,Toni Patel,NULL
14968,NULL,15791,Troy Patel,NULL
13963,NULL,18972,Veronica Patel,NULL
11366,NULL,7583,Virginia Patel,NULL
24468,NULL,18883,Whitney Patel,NULL
19113,NULL,5494,Aaron Patterson,NULL
20643,NULL,12191,Abigail Patterson,NULL
14478,NULL,3967,Abigail Patterson,NULL
19696,NULL,5242,Adam Patterson,NULL
23044,NULL,12913,Aidan Patterson,NULL
19489,NULL,2811,Alexandra Patterson,NULL
22745,NULL,7618,Alexandria Patterson,NULL
21348,NULL,12762,Alexis Patterson,NULL
13421,NULL,20198,Alyssa Patterson,NULL
23158,NULL,7447,Ana Patterson,NULL
21619,NULL,7662,Angela Patterson,NULL
24412,NULL,7150,Angelica Patterson,NULL
17603,NULL,3670,Anna Patterson,NULL
11963,NULL,13206,Antonio Patterson,NULL
18736,NULL,12582,Ashley Patterson,NULL
27024,NULL,6249,Austin Patterson,NULL
18586,NULL,6710,Benjamin Patterson,NULL
11889,NULL,13601,Blake Patterson,NULL
14622,NULL,6906,Brandon Patterson,NULL
27410,NULL,19257,Brianna Patterson,NULL
12982,NULL,7191,Brittany Patterson,NULL
16911,NULL,5549,Caleb Patterson,NULL
25790,NULL,6297,Cameron Patterson,NULL
22370,NULL,20084,Carol Patterson,NULL
18453,NULL,6785,Caroline Patterson,NULL
12043,NULL,13252,Carson Patterson,NULL
17586,NULL,6825,Cassidy Patterson,NULL
15009,NULL,20305,Chloe Patterson,NULL
15115,NULL,6759,Christian Patterson,NULL
14465,NULL,12954,Dakota Patterson,NULL
16912,NULL,13463,Dalton Patterson,NULL
27434,NULL,6663,David Patterson,NULL
21314,NULL,13705,Devin Patterson,NULL
26068,NULL,6962,Dylan Patterson,NULL
11142,NULL,13742,Eduardo Patterson,NULL
11382,NULL,13644,Edward Patterson,NULL
26070,NULL,5897,Elijah Patterson,NULL
13322,NULL,12674,Elizabeth Patterson,NULL
15335,NULL,13000,Emily Patterson,NULL
14941,NULL,19552,Emma Patterson,NULL
27384,NULL,5288,Eric Patterson,NULL
24829,NULL,6497,Ethan Patterson,NULL
11872,NULL,7820,Faith Patterson,NULL
26484,NULL,13114,Fernando Patterson,NULL
23045,NULL,5845,Gabriel Patterson,NULL
18515,NULL,3345,Gabrielle Patterson,NULL
14785,NULL,13297,Gavin Patterson,NULL
27560,NULL,19654,Grace Patterson,NULL
11223,NULL,3197,Hailey Patterson,NULL
15303,NULL,3427,Haley Patterson,NULL
11815,NULL,13043,Hannah Patterson,NULL
22381,NULL,6045,Hunter Patterson,NULL
22977,NULL,13879,Ian Patterson,NULL
22288,NULL,7481,Isabel Patterson,NULL
12231,NULL,7516,Isabelle Patterson,NULL
18649,NULL,5336,Jackson Patterson,NULL
26480,NULL,7746,Jacqueline Patterson,NULL
26583,NULL,6355,James Patterson,NULL
20385,NULL,5392,Jason Patterson,NULL
15129,NULL,20519,Jennifer Patterson,NULL
13027,NULL,13516,Jeremy Patterson,NULL
17182,NULL,3519,Jessica Patterson,NULL
24349,NULL,19857,Jill Patterson,NULL
23559,NULL,7239,Jocelyn Patterson,NULL
29034,NULL,6408,Jonathan Patterson,NULL
17238,NULL,5148,Jordan Patterson,NULL
27010,NULL,6870,Jordyn Patterson,NULL
11323,NULL,6205,Jose Patterson,NULL
14463,NULL,20407,Julia Patterson,NULL
11840,NULL,13336,Julian Patterson,NULL
14492,NULL,6612,Justin Patterson,NULL
12185,NULL,20624,Kaitlyn Patterson,NULL
28154,NULL,2970,Katherine Patterson,NULL
14620,NULL,12716,Kayla Patterson,NULL
17015,NULL,7552,Kelly Patterson,NULL
21846,NULL,5803,Kevin Patterson,NULL
11448,NULL,5746,Kyle Patterson,NULL
19547,NULL,19048,Lauren Patterson,NULL
12101,NULL,6457,Logan Patterson,NULL
27748,NULL,5440,Luis Patterson,NULL
22374,NULL,5645,Luke Patterson,NULL
17779,NULL,13085,Madison Patterson,NULL
23843,NULL,13831,Marcus Patterson,NULL
13507,NULL,7070,Margaret Patterson,NULL
13330,NULL,3275,Maria Patterson,NULL
26581,NULL,8091,Mariah Patterson,NULL
11813,NULL,19150,Mary Patterson,NULL
28898,NULL,8129,Melanie Patterson,NULL
12668,NULL,7337,Melissa Patterson,NULL
27665,NULL,13558,Miguel Patterson,NULL
22749,NULL,7280,Miranda Patterson,NULL
21242,NULL,20728,Morgan Patterson,NULL
18953,NULL,7313,Mya Patterson,NULL
16123,NULL,2736,Natalie Patterson,NULL
17532,NULL,5950,Nathan Patterson,NULL
19729,NULL,19971,Nicole Patterson,NULL
23880,NULL,6099,Noah Patterson,NULL
20636,NULL,19354,Olivia Patterson,NULL
16080,NULL,13379,Oscar Patterson,NULL
14413,NULL,19765,Rachel Patterson,NULL
22011,NULL,13785,Richard Patterson,NULL
18058,NULL,7373,Riley Patterson,NULL
15679,NULL,6149,Robert Patterson,NULL
20791,NULL,6553,Ryan Patterson,NULL
14360,NULL,12535,Samantha Patterson,NULL
13386,NULL,6000,Samuel Patterson,NULL
21772,NULL,12629,Sarah Patterson,NULL
19846,NULL,13968,Seth Patterson,NULL
16925,NULL,13153,Spencer Patterson,NULL
17871,NULL,2886,Sydney Patterson,NULL
12147,NULL,3593,Taylor Patterson,NULL
17365,NULL,5695,Thomas Patterson,NULL
21158,NULL,12830,Trevor Patterson,NULL
27088,NULL,12873,Tristan Patterson,NULL
16869,NULL,7406,Vanessa Patterson,NULL
16279,NULL,19453,Victoria Patterson,NULL
13993,NULL,7023,Zachary Patterson,NULL
13472,NULL,13412,Simon Pearson,NULL
22165,NULL,15883,Aaron Perez,NULL
16195,NULL,18149,Abby Perez,NULL
18170,NULL,15903,Adam Perez,NULL
14762,NULL,3195,Adriana Perez,NULL
24522,NULL,15915,Alex Perez,NULL
28855,NULL,10046,Alexandra Perez,NULL
14229,NULL,15879,Allen Perez,NULL
27533,NULL,10081,Allison Perez,NULL
12483,NULL,10049,Amanda Perez,NULL
13318,NULL,10062,Amber Perez,NULL
11491,NULL,16087,Andre Perez,NULL
23722,NULL,10082,Andrea Perez,NULL
21336,NULL,15912,Angel Perez,NULL
16526,NULL,10934,Arthur Perez,NULL
27282,NULL,3797,Barry Perez,NULL
11706,NULL,4205,Blake Perez,NULL
26875,NULL,16036,Bobby Perez,NULL
19685,NULL,18874,Brandy Perez,NULL
11899,NULL,15392,Brenda Perez,NULL
28313,NULL,19532,Brett Perez,NULL
16935,NULL,10836,Bruce Perez,NULL
15042,NULL,3952,Bryant Perez,NULL
12943,NULL,15892,Caleb Perez,NULL
19306,NULL,15438,Candace Perez,NULL
11567,NULL,7573,Carla Perez,NULL
14027,NULL,15911,Carlos Perez,NULL
13139,NULL,7185,Carmen Perez,NULL
26228,NULL,9976,Carolyn Perez,NULL
24090,NULL,19650,Cassandra Perez,NULL
27982,NULL,3846,Cesar Perez,NULL
26693,NULL,4899,Charles Perez,NULL
22393,NULL,18965,Chelsea Perez,NULL
21598,NULL,10034,Chloe Perez,NULL
15690,NULL,4119,Clifford Perez,NULL
15369,NULL,15895,Connor Perez,NULL
23610,NULL,19359,Cory Perez,NULL
24536,NULL,19757,Cynthia Perez,NULL
11091,NULL,4515,Dalton Perez,NULL
11428,NULL,9769,Deanna Perez,NULL
14954,NULL,16270,Denise Perez,NULL
11937,NULL,4981,Devin Perez,NULL
23940,NULL,8260,Dominic Perez,NULL
12344,NULL,7513,Dominique Perez,NULL
24955,NULL,20061,Donald Perez,NULL
19924,NULL,19446,Douglas Perez,NULL
24900,NULL,9663,Ebony Perez,NULL
29318,NULL,8167,Edgar Perez,NULL
22895,NULL,5063,Eduardo Perez,NULL
26471,NULL,3740,Edward Perez,NULL
15466,NULL,15877,Elijah Perez,NULL
24850,NULL,7998,Emmanuel Perez,NULL
24808,NULL,15906,Eric Perez,NULL
24925,NULL,3012,Erick Perez,NULL
29222,NULL,15917,Evan Perez,NULL
14346,NULL,3130,Evelyn Perez,NULL
27848,NULL,3897,Fernando Perez,NULL
17835,NULL,16723,Francisco Perez,NULL
16053,NULL,7896,Frederick Perez,NULL
25282,NULL,15876,Gabriel Perez,NULL
27069,NULL,10071,Gabriella Perez,NULL
18808,NULL,10055,Gabrielle Perez,NULL
21000,NULL,8314,Geoffrey Perez,NULL
18454,NULL,20223,George Perez,NULL
28501,NULL,10750,Gerald Perez,NULL
13246,NULL,10053,Hailey Perez,NULL
28988,NULL,2899,Harold Perez,NULL
24221,NULL,15289,Heidi Perez,NULL
26752,NULL,15993,Henry Perez,NULL
12376,NULL,19602,Holly Perez,NULL
25843,NULL,15862,Hunter Perez,NULL
17469,NULL,4758,Ian Perez,NULL
23853,NULL,15919,Isaac Perez,NULL
28541,NULL,10044,Isabella Perez,NULL
12184,NULL,15914,Isaiah Perez,NULL
23408,NULL,8208,Ivan Perez,NULL
19455,NULL,15901,Jack Perez,NULL
29016,NULL,15908,Jackson Perez,NULL
17168,NULL,10074,Jada Perez,NULL
16385,NULL,16547,James Perez,NULL
16172,NULL,18609,Janelle Perez,NULL
19651,NULL,2952,Jarrod Perez,NULL
25338,NULL,15878,Jason Perez,NULL
18624,NULL,10301,Jay Perez,NULL
24658,NULL,10065,Jenna Perez,NULL
19913,NULL,10038,Jennifer Perez,NULL
13100,NULL,4044,Jeremy Perez,NULL
25554,NULL,8043,Jermaine Perez,NULL
19456,NULL,15921,Jesse Perez,NULL
20827,NULL,15345,Jillian Perez,NULL
14326,NULL,11034,Joe Perez,NULL
16684,NULL,20105,Joel Perez,NULL
20426,NULL,15910,Johnathan Perez,NULL
23455,NULL,16553,Jonathan Perez,NULL
29267,NULL,10068,Jordan Perez,NULL
15877,NULL,15900,Jordan Perez,NULL
14393,NULL,15868,José Perez,NULL
20004,NULL,3253,Kaitlin Perez,NULL
12081,NULL,10039,Kaitlyn Perez,NULL
11585,NULL,10523,Kari Perez,NULL
11656,NULL,10076,Katelyn Perez,NULL
22079,NULL,10048,Katherine Perez,NULL
21641,NULL,10079,Kaylee Perez,NULL
25565,NULL,15875,Kevin Perez,NULL
11191,NULL,10722,Kristi Perez,NULL
12643,NULL,19719,Kristina Perez,NULL
29428,NULL,16124,Kristopher Perez,NULL
16180,NULL,15873,Kyle Perez,NULL
26830,NULL,7945,Levi Perez,NULL
22968,NULL,16555,Logan Perez,NULL
19550,NULL,4277,Lucas Perez,NULL
18843,NULL,15880,Luis Perez,NULL
25589,NULL,3461,Lydia Perez,NULL
15513,NULL,10057,Madeline Perez,NULL
13777,NULL,15948,Manuel Perez,NULL
18910,NULL,3901,Marco Perez,NULL
20786,NULL,4667,Marcus Perez,NULL
18072,NULL,10054,Maria Perez,NULL
13996,NULL,10085,Marie Perez,NULL
19577,NULL,15782,Martin Perez,NULL
26610,NULL,10060,Mary Perez,NULL
17971,NULL,3419,Mayra Perez,NULL
21101,NULL,7229,Meagan Perez,NULL
23597,NULL,10621,Meredith Perez,NULL
13772,NULL,8992,Michele Perez,NULL
13184,NULL,4128,Miguel Perez,NULL
25941,NULL,16174,Molly Perez,NULL
13780,NULL,19568,Monica Perez,NULL
25978,NULL,10043,Morgan Perez,NULL
19806,NULL,15486,Nancy Perez,NULL
16896,NULL,10045,Natalie Perez,NULL
23797,NULL,16557,Nathan Perez,NULL
14482,NULL,15865,Noah Perez,NULL
25022,NULL,19684,Patricia Perez,NULL
24532,NULL,20181,Phillip Perez,NULL
12370,NULL,4012,Preston Perez,NULL
26762,NULL,15524,Rachael Perez,NULL
19813,NULL,10056,Rebecca Perez,NULL
21910,NULL,9877,Rebekah Perez,NULL
19031,NULL,7685,Regina Perez,NULL
13808,NULL,4584,Richard Perez,NULL
27195,NULL,15866,Robert Perez,NULL
25944,NULL,20148,Ronald Perez,NULL
14307,NULL,11788,Ross Perez,NULL
27952,NULL,11140,Roy Perez,NULL
18556,NULL,11234,Ruben Perez,NULL
24183,NULL,3308,Ruth Perez,NULL
27287,NULL,16560,Samuel Perez,NULL
19160,NULL,10073,Sara Perez,NULL
17036,NULL,10077,Savannah Perez,NULL
27105,NULL,15922,Sean Perez,NULL
22688,NULL,4359,Seth Perez,NULL
26778,NULL,10069,Sierra Perez,NULL
20327,NULL,10059,Sophia Perez,NULL
15818,NULL,4064,Stanley Perez,NULL
27518,NULL,7398,Stefanie Perez,NULL
19694,NULL,10050,Stephanie Perez,NULL
24385,NULL,3072,Summer Perez,NULL
22117,NULL,10047,Sydney Perez,NULL
22632,NULL,10411,Tabitha Perez,NULL
19390,NULL,8104,Terrance Perez,NULL
17466,NULL,15870,Thomas Perez,NULL
22730,NULL,15924,Timothy Perez,NULL
25322,NULL,16225,Tina Perez,NULL
15581,NULL,3371,Toni Perez,NULL
16284,NULL,15830,Troy Perez,NULL
29003,NULL,19008,Veronica Perez,NULL
27494,NULL,7632,Virginia Perez,NULL
16619,NULL,18924,Whitney Perez,NULL
26537,NULL,3815,Wyatt Perez,NULL
17428,NULL,4437,Xavier Perez,NULL
13195,NULL,5491,Aaron Perry,NULL
25857,NULL,12801,Abigail Perry,NULL
14650,NULL,5238,Adam Perry,NULL
12084,NULL,12909,Aidan Perry,NULL
18750,NULL,2808,Alexandra Perry,NULL
11792,NULL,7104,Alexia Perry,NULL
25386,NULL,12756,Alexis Perry,NULL
23056,NULL,20191,Alyssa Perry,NULL
16676,NULL,3037,Amanda Perry,NULL
11215,NULL,7440,Ana Perry,NULL
11623,NULL,7657,Angela Perry,NULL
11639,NULL,7142,Angelica Perry,NULL
24660,NULL,3665,Anna Perry,NULL
26234,NULL,13201,Antonio Perry,NULL
20022,NULL,3964,Arthur Perry,NULL
15345,NULL,12574,Ashley Perry,NULL
20110,NULL,6245,Austin Perry,NULL
29165,NULL,6705,Benjamin Perry,NULL
24260,NULL,13596,Blake Perry,NULL
22095,NULL,6901,Brandon Perry,NULL
18230,NULL,19251,Brianna Perry,NULL
24741,NULL,7182,Brittany Perry,NULL
11511,NULL,5541,Caleb Perry,NULL
20196,NULL,6294,Cameron Perry,NULL
21510,NULL,13036,Carol Perry,NULL
19861,NULL,6781,Caroline Perry,NULL
13066,NULL,13243,Carson Perry,NULL
28682,NULL,6822,Cassidy Perry,NULL
16500,NULL,20299,Chloe Perry,NULL
24671,NULL,6755,Christian Perry,NULL
17041,NULL,5594,Connor Perry,NULL
20491,NULL,12950,Dakota Perry,NULL
16149,NULL,13460,Dalton Perry,NULL
18992,NULL,6656,David Perry,NULL
28993,NULL,20076,Destiny Perry,NULL
23709,NULL,13700,Devin Perry,NULL
17568,NULL,6955,Dylan Perry,NULL
16774,NULL,13736,Eduardo Perry,NULL
17454,NULL,13638,Edward Perry,NULL
29007,NULL,5893,Elijah Perry,NULL
15074,NULL,12667,Elizabeth Perry,NULL
26649,NULL,12995,Emily Perry,NULL
21744,NULL,19549,Emma Perry,NULL
18314,NULL,5282,Eric Perry,NULL
26088,NULL,6493,Ethan Perry,NULL
16961,NULL,7816,Faith Perry,NULL
26998,NULL,13110,Fernando Perry,NULL
23910,NULL,5841,Gabriel Perry,NULL
25365,NULL,3340,Gabrielle Perry,NULL
12578,NULL,13288,Gavin Perry,NULL
27635,NULL,19647,Grace Perry,NULL
20721,NULL,3192,Hailey Perry,NULL
25008,NULL,3422,Haley Perry,NULL
27059,NULL,6038,Hunter Perry,NULL
17364,NULL,13874,Ian Perry,NULL
18597,NULL,7477,Isabel Perry,NULL
14475,NULL,2540,Isabella Perry,NULL
23501,NULL,7510,Isabelle Perry,NULL
23389,NULL,5189,Jack Perry,NULL
21306,NULL,5331,Jackson Perry,NULL
11670,NULL,7741,Jacqueline Perry,NULL
19205,NULL,6349,James Perry,NULL
24325,NULL,5386,Jason Perry,NULL
22120,NULL,20510,Jennifer Perry,NULL
26555,NULL,13511,Jeremy Perry,NULL
28161,NULL,3514,Jessica Perry,NULL
26516,NULL,19852,Jill Perry,NULL
29059,NULL,7234,Jocelyn Perry,NULL
27026,NULL,6405,Jonathan Perry,NULL
19824,NULL,5143,Jordan Perry,NULL
26646,NULL,6866,Jordyn Perry,NULL
12729,NULL,6200,Jose Perry,NULL
22776,NULL,20400,Julia Perry,NULL
25040,NULL,13330,Julian Perry,NULL
16758,NULL,6606,Justin Perry,NULL
21929,NULL,20621,Karen Perry,NULL
12386,NULL,2963,Katherine Perry,NULL
26535,NULL,7547,Kelly Perry,NULL
27083,NULL,5796,Kevin Perry,NULL
25197,NULL,5742,Kyle Perry,NULL
24816,NULL,19044,Lauren Perry,NULL
15288,NULL,6452,Logan Perry,NULL
19739,NULL,13920,Lucas Perry,NULL
20533,NULL,5436,Luis Perry,NULL
26112,NULL,5641,Luke Perry,NULL
23308,NULL,13081,Madison Perry,NULL
20656,NULL,13826,Marcus Perry,NULL
17728,NULL,3272,Maria Perry,NULL
26451,NULL,8086,Mariah Perry,NULL
21930,NULL,7064,Marissa Perry,NULL
22372,NULL,8125,Melanie Perry,NULL
22128,NULL,7333,Melissa Perry,NULL
28024,NULL,13553,Miguel Perry,NULL
16720,NULL,20723,Morgan Perry,NULL
28739,NULL,7310,Mya Perry,NULL
17126,NULL,2730,Natalie Perry,NULL
11221,NULL,5941,Nathan Perry,NULL
24224,NULL,19965,Nicole Perry,NULL
26679,NULL,6092,Noah Perry,NULL
20375,NULL,19351,Olivia Perry,NULL
22785,NULL,13375,Oscar Perry,NULL
14922,NULL,7779,Paige Perry,NULL
27020,NULL,19760,Rachel Perry,NULL
25079,NULL,7367,Riley Perry,NULL
21157,NULL,6144,Robert Perry,NULL
13249,NULL,6549,Ryan Perry,NULL
24776,NULL,12529,Samantha Perry,NULL
18811,NULL,5995,Samuel Perry,NULL
19407,NULL,12623,Sarah Perry,NULL
24629,NULL,13959,Seth Perry,NULL
23808,NULL,13148,Spencer Perry,NULL
28599,NULL,3116,Stephanie Perry,NULL
14963,NULL,2882,Sydney Perry,NULL
20662,NULL,3589,Taylor Perry,NULL
18867,NULL,5691,Thomas Perry,NULL
21344,NULL,12826,Trevor Perry,NULL
25866,NULL,12869,Tristan Perry,NULL
18224,NULL,7403,Vanessa Perry,NULL
18540,NULL,19445,Victoria Perry,NULL
22229,NULL,13678,Wyatt Perry,NULL
23387,NULL,13405,Xavier Perry,NULL
20693,NULL,7016,Zachary Perry,NULL
23448,NULL,3942,Abigail Peterson,NULL
21236,NULL,14438,Adrian Peterson,NULL
13423,NULL,14395,Alex Peterson,NULL
17188,NULL,8189,Alexa Peterson,NULL
20068,NULL,8214,Alexandria Peterson,NULL
26421,NULL,8178,Allison Peterson,NULL
23404,NULL,3013,Amanda Peterson,NULL
19769,NULL,8180,Andrea Peterson,NULL
25169,NULL,14391,Angel Peterson,NULL
23138,NULL,8215,Angela Peterson,NULL
11521,NULL,8193,Ariana Peterson,NULL
24989,NULL,8218,Arianna Peterson,NULL
23248,NULL,8159,Bailey Peterson,NULL
12892,NULL,14417,Brian Peterson,NULL
16746,NULL,19218,Brianna Peterson,NULL
28055,NULL,8199,Brooke Peterson,NULL
18566,NULL,14418,Bryce Peterson,NULL
23131,NULL,8194,Caitlin Peterson,NULL
15574,NULL,14389,Carlos Peterson,NULL
25156,NULL,8181,Catherine Peterson,NULL
18615,NULL,14441,Charles Peterson,NULL
11699,NULL,14424,Chase Peterson,NULL
15296,NULL,20262,Chloe Peterson,NULL
28976,NULL,8190,Christina Peterson,NULL
26453,NULL,14430,Cole Peterson,NULL
28970,NULL,8186,Danielle Peterson,NULL
15537,NULL,20039,Destiny Peterson,NULL
29210,NULL,14442,Devin Peterson,NULL
17668,NULL,14444,Eduardo Peterson,NULL
18416,NULL,19516,Emma Peterson,NULL
15950,NULL,8205,Erin Peterson,NULL
16817,NULL,14399,Evan Peterson,NULL
28593,NULL,8222,Faith Peterson,NULL
18792,NULL,8164,Gabriella Peterson,NULL
24310,NULL,3317,Gabrielle Peterson,NULL
26006,NULL,14433,Garrett Peterson,NULL
22329,NULL,19618,Grace Peterson,NULL
14866,NULL,3168,Hailey Peterson,NULL
29052,NULL,14448,Ian Peterson,NULL
26114,NULL,14402,Isaac Peterson,NULL
28080,NULL,2412,Isabella Peterson,NULL
26617,NULL,14392,Isaiah Peterson,NULL
17606,NULL,8219,Jacqueline Peterson,NULL
23261,NULL,8171,Jada Peterson,NULL
14587,NULL,8206,Jade Peterson,NULL
11502,NULL,14431,Jared Peterson,NULL
26298,NULL,19821,Jasmine Peterson,NULL
14433,NULL,20473,Jennifer Peterson,NULL
14399,NULL,14460,Jeremy Peterson,NULL
20494,NULL,14403,Jesse Peterson,NULL
11868,NULL,3490,Jessica Peterson,NULL
13082,NULL,14425,Juan Peterson,NULL
16497,NULL,20363,Julia Peterson,NULL
13706,NULL,20587,Kaitlyn Peterson,NULL
17080,NULL,8172,Katelyn Peterson,NULL
23293,NULL,8175,Kaylee Peterson,NULL
19638,NULL,8200,Kimberly Peterson,NULL
19005,NULL,3715,Lauren Peterson,NULL
17298,NULL,14450,Lucas Peterson,NULL
25859,NULL,8161,Mackenzie Peterson,NULL
24407,NULL,8202,Makayla Peterson,NULL
16803,NULL,14447,Marcus Peterson,NULL
14239,NULL,3242,Maria Peterson,NULL
17432,NULL,8210,Mariah Peterson,NULL
19219,NULL,8197,Mary Peterson,NULL
18570,NULL,14400,Mason Peterson,NULL
23896,NULL,19109,Megan Peterson,NULL
28094,NULL,8212,Melanie Peterson,NULL
24995,NULL,8223,Melissa Peterson,NULL
16834,NULL,20691,Morgan Peterson,NULL
15840,NULL,2709,Natalie Peterson,NULL
28082,NULL,14422,Nathaniel Peterson,NULL
21385,NULL,19926,Nicole Peterson,NULL
11862,NULL,19324,Olivia Peterson,NULL
13754,NULL,8221,Paige Peterson,NULL
16748,NULL,14410,Patrick Peterson,NULL
23091,NULL,14445,Richard Peterson,NULL
22025,NULL,8225,Riley Peterson,NULL
13304,NULL,8169,Sara Peterson,NULL
22757,NULL,8173,Savannah Peterson,NULL
17140,NULL,14406,Sean Peterson,NULL
22235,NULL,14428,Sebastian Peterson,NULL
14442,NULL,8203,Shelby Peterson,NULL
23136,NULL,3088,Stephanie Peterson,NULL
23449,NULL,14436,Steven Peterson,NULL
11653,NULL,2856,Sydney Peterson,NULL
26315,NULL,3565,Taylor Peterson,NULL
18503,NULL,14408,Timothy Peterson,NULL
27021,NULL,19408,Victoria Peterson,NULL
26456,NULL,14453,Xavier Peterson,NULL
13978,NULL,8187,Zoe Peterson,NULL
24947,NULL,16096,Aaron Phillips,NULL
22748,NULL,16108,Adam Phillips,NULL
24508,NULL,16128,Alex Phillips,NULL
20353,NULL,9697,Allison Phillips,NULL
19013,NULL,9658,Amanda Phillips,NULL
22158,NULL,9673,Amber Phillips,NULL
18573,NULL,9699,Andrea Phillips,NULL
29223,NULL,16123,Angel Phillips,NULL
11789,NULL,9683,Bailey Phillips,NULL
15321,NULL,4210,Blake Phillips,NULL
28811,NULL,16100,Caleb Phillips,NULL
27750,NULL,16118,Carlos Phillips,NULL
12174,NULL,4902,Charles Phillips,NULL
19236,NULL,9636,Chloe Phillips,NULL
23154,NULL,16102,Connor Phillips,NULL
28628,NULL,9674,Courtney Phillips,NULL
23159,NULL,4519,Dalton Phillips,NULL
18759,NULL,4989,Devin Phillips,NULL
25261,NULL,5066,Eduardo Phillips,NULL
16374,NULL,3744,Edward Phillips,NULL
28835,NULL,16091,Elijah Phillips,NULL
19712,NULL,16110,Eric Phillips,NULL
26286,NULL,16131,Evan Phillips,NULL
13413,NULL,3900,Fernando Phillips,NULL
29443,NULL,16086,Gabriel Phillips,NULL
27631,NULL,9687,Gabriella Phillips,NULL
22985,NULL,9661,Hailey Phillips,NULL
28079,NULL,9664,Haley Phillips,NULL
25041,NULL,16073,Hunter Phillips,NULL
18608,NULL,4761,Ian Phillips,NULL
25817,NULL,16136,Isaac Phillips,NULL
16653,NULL,9647,Isabella Phillips,NULL
28631,NULL,16126,Isaiah Phillips,NULL
25995,NULL,16106,Jack Phillips,NULL
23378,NULL,16112,Jackson Phillips,NULL
23143,NULL,9690,Jada Phillips,NULL
16846,NULL,16064,James Phillips,NULL
16122,NULL,16094,Jason Phillips,NULL
24985,NULL,9676,Jenna Phillips,NULL
18800,NULL,9642,Jennifer Phillips,NULL
18495,NULL,4050,Jeremy Phillips,NULL
24514,NULL,16137,Jesse Phillips,NULL
11278,NULL,16067,Jonathan Phillips,NULL
25351,NULL,9677,Jordan Phillips,NULL
23179,NULL,16105,Jordan Phillips,NULL
23723,NULL,16078,Jose Phillips,NULL
14609,NULL,9637,Julia Phillips,NULL
19720,NULL,9644,Kaitlyn Phillips,NULL
15497,NULL,9691,Katelyn Phillips,NULL
19842,NULL,9656,Katherine Phillips,NULL
21138,NULL,9696,Kaylee Phillips,NULL
20270,NULL,16085,Kevin Phillips,NULL
12158,NULL,16081,Kyle Phillips,NULL
13212,NULL,16069,Logan Phillips,NULL
11084,NULL,4281,Lucas Phillips,NULL
20734,NULL,16095,Luis Phillips,NULL
22790,NULL,16104,Luke Phillips,NULL
12444,NULL,9685,Mackenzie Phillips,NULL
18403,NULL,9667,Madeline Phillips,NULL
23477,NULL,4673,Marcus Phillips,NULL
18435,NULL,9662,Maria Phillips,NULL
22970,NULL,9672,Mary Phillips,NULL
16915,NULL,16132,Mason Phillips,NULL
20498,NULL,4131,Miguel Phillips,NULL
27617,NULL,9646,Morgan Phillips,NULL
22415,NULL,9649,Natalie Phillips,NULL
25537,NULL,16070,Nathan Phillips,NULL
28144,NULL,16075,Noah Phillips,NULL
25982,NULL,9666,Rebecca Phillips,NULL
19882,NULL,4588,Richard Phillips,NULL
27374,NULL,16077,Robert Phillips,NULL
26128,NULL,16071,Samuel Phillips,NULL
24227,NULL,9689,Sara Phillips,NULL
24980,NULL,9693,Savannah Phillips,NULL
11292,NULL,4363,Seth Phillips,NULL
16070,NULL,9679,Sierra Phillips,NULL
27729,NULL,9670,Sophia Phillips,NULL
23841,NULL,9654,Sydney Phillips,NULL
29389,NULL,16079,Thomas Phillips,NULL
28798,NULL,16139,Timothy Phillips,NULL
22219,NULL,12188,Juha-Pekka Posti,NULL
25241,NULL,5492,Aaron Powell,NULL
23794,NULL,3965,Abigail Powell,NULL
23423,NULL,5239,Adam Powell,NULL
27275,NULL,12910,Aidan Powell,NULL
18501,NULL,2809,Alexandra Powell,NULL
22733,NULL,7616,Alexandria Powell,NULL
20757,NULL,7109,Alexia Powell,NULL
23531,NULL,12757,Alexis Powell,NULL
15476,NULL,20193,Alyssa Powell,NULL
28113,NULL,3038,Amanda Powell,NULL
25374,NULL,7441,Ana Powell,NULL
12970,NULL,7658,Angela Powell,NULL
26258,NULL,7147,Angelica Powell,NULL
23680,NULL,3666,Anna Powell,NULL
11638,NULL,13202,Antonio Powell,NULL
19023,NULL,7702,Arianna Powell,NULL
28705,NULL,12579,Ashley Powell,NULL
28358,NULL,6246,Austin Powell,NULL
25968,NULL,6706,Benjamin Powell,NULL
22371,NULL,13597,Blake Powell,NULL
23081,NULL,6902,Brandon Powell,NULL
15570,NULL,19254,Brianna Powell,NULL
22343,NULL,7183,Brittany Powell,NULL
21613,NULL,5546,Caleb Powell,NULL
26514,NULL,6295,Cameron Powell,NULL
24331,NULL,13245,Carson Powell,NULL
19214,NULL,6823,Cassidy Powell,NULL
26065,NULL,20300,Chloe Powell,NULL
19522,NULL,6757,Christian Powell,NULL
25839,NULL,5595,Connor Powell,NULL
24747,NULL,12951,Dakota Powell,NULL
21697,NULL,13461,Dalton Powell,NULL
26615,NULL,6658,David Powell,NULL
13057,NULL,20078,Destiny Powell,NULL
18888,NULL,13703,Devin Powell,NULL
22217,NULL,6958,Dylan Powell,NULL
22108,NULL,13737,Eduardo Powell,NULL
29112,NULL,13640,Edward Powell,NULL
23113,NULL,5894,Elijah Powell,NULL
28306,NULL,12668,Elizabeth Powell,NULL
17556,NULL,12996,Emily Powell,NULL
21401,NULL,5284,Eric Powell,NULL
23811,NULL,6494,Ethan Powell,NULL
23509,NULL,7817,Faith Powell,NULL
15981,NULL,5843,Gabriel Powell,NULL
17129,NULL,3341,Gabrielle Powell,NULL
28530,NULL,13290,Gavin Powell,NULL
29194,NULL,19649,Grace Powell,NULL
11630,NULL,3424,Haley Powell,NULL
24631,NULL,13037,Hannah Powell,NULL
22781,NULL,6042,Hunter Powell,NULL
26085,NULL,13876,Ian Powell,NULL
16369,NULL,7478,Isabel Powell,NULL
20923,NULL,2550,Isabella Powell,NULL
18411,NULL,5191,Jack Powell,NULL
20598,NULL,5333,Jackson Powell,NULL
11257,NULL,7742,Jacqueline Powell,NULL
28231,NULL,6350,James Powell,NULL
11505,NULL,19853,Jasmine Powell,NULL
13946,NULL,5387,Jason Powell,NULL
11048,NULL,13513,Jeremy Powell,NULL
14769,NULL,3517,Jessica Powell,NULL
21658,NULL,7235,Jocelyn Powell,NULL
23858,NULL,6406,Jonathan Powell,NULL
18548,NULL,5146,Jordan Powell,NULL
15391,NULL,6867,Jordyn Powell,NULL
26309,NULL,13334,Julian Powell,NULL
23403,NULL,6608,Justin Powell,NULL
19598,NULL,20622,Kaitlyn Powell,NULL
14574,NULL,2966,Katherine Powell,NULL
26553,NULL,12713,Kayla Powell,NULL
14636,NULL,7549,Kelly Powell,NULL
27011,NULL,5800,Kevin Powell,NULL
19662,NULL,19046,Lauren Powell,NULL
13761,NULL,6453,Logan Powell,NULL
18278,NULL,13922,Lucas Powell,NULL
20089,NULL,5438,Luis Powell,NULL
12175,NULL,5642,Luke Powell,NULL
24735,NULL,13082,Madison Powell,NULL
20366,NULL,13828,Marcus Powell,NULL
27832,NULL,3273,Margaret Powell,NULL
20685,NULL,8087,Mariah Powell,NULL
27677,NULL,7066,Marissa Powell,NULL
13088,NULL,19147,Megan Powell,NULL
26331,NULL,8126,Melanie Powell,NULL
26680,NULL,7334,Melissa Powell,NULL
22240,NULL,13554,Miguel Powell,NULL
15304,NULL,7278,Miranda Powell,NULL
26734,NULL,20726,Morgan Powell,NULL
26607,NULL,2732,Natalie Powell,NULL
28460,NULL,5946,Nathan Powell,NULL
23895,NULL,19967,Nicole Powell,NULL
11062,NULL,6096,Noah Powell,NULL
25345,NULL,19352,Olivia Powell,NULL
19863,NULL,7782,Paige Powell,NULL
20818,NULL,19763,Rachel Powell,NULL
24826,NULL,13781,Richard Powell,NULL
22350,NULL,7370,Riley Powell,NULL
27468,NULL,6146,Robert Powell,NULL
29014,NULL,6550,Ryan Powell,NULL
25390,NULL,12531,Samantha Powell,NULL
28048,NULL,5996,Samuel Powell,NULL
24641,NULL,12625,Sarah Powell,NULL
29157,NULL,13961,Seth Powell,NULL
14904,NULL,13149,Spencer Powell,NULL
20210,NULL,3118,Stephanie Powell,NULL
14886,NULL,2883,Sydney Powell,NULL
20413,NULL,3590,Taylor Powell,NULL
18218,NULL,5692,Thomas Powell,NULL
26922,NULL,12828,Trevor Powell,NULL
28280,NULL,12870,Tristan Powell,NULL
26630,NULL,7404,Vanessa Powell,NULL
23016,NULL,19448,Victoria Powell,NULL
12066,NULL,13680,Wyatt Powell,NULL
29238,NULL,13410,Xavier Powell,NULL
25286,NULL,7017,Zachary Powell,NULL
20050,NULL,3156,Adriana Prasad,NULL
27307,NULL,16061,Andre Prasad,NULL
24333,NULL,7253,Ann Prasad,NULL
14275,NULL,10911,Arthur Prasad,NULL
23744,NULL,3759,Barry Prasad,NULL
25579,NULL,16008,Bobby Prasad,NULL
14009,NULL,18851,Brandy Prasad,NULL
22506,NULL,15364,Brenda Prasad,NULL
20262,NULL,19508,Brett Prasad,NULL
22833,NULL,10810,Bruce Prasad,NULL
22148,NULL,15417,Candace Prasad,NULL
14524,NULL,7544,Carla Prasad,NULL
18928,NULL,8335,Carmen Prasad,NULL
24390,NULL,9951,Carolyn Prasad,NULL
18621,NULL,19624,Cassandra Prasad,NULL
23411,NULL,3820,Cesar Prasad,NULL
15709,NULL,18941,Chelsea Prasad,NULL
26914,NULL,7314,Cindy Prasad,NULL
15604,NULL,4084,Clifford Prasad,NULL
19748,NULL,19335,Cory Prasad,NULL
14808,NULL,19736,Cynthia Prasad,NULL
12372,NULL,10178,Darren Prasad,NULL
18009,NULL,9746,Deanna Prasad,NULL
18294,NULL,16241,Denise Prasad,NULL
19962,NULL,8240,Dominic Prasad,NULL
11432,NULL,7484,Dominique Prasad,NULL
15413,NULL,20038,Donald Prasad,NULL
12832,NULL,19424,Douglas Prasad,NULL
24368,NULL,9639,Ebony Prasad,NULL
17306,NULL,8136,Edgar Prasad,NULL
23675,NULL,7971,Emmanuel Prasad,NULL
28786,NULL,2978,Erick Prasad,NULL
21045,NULL,3108,Evelyn Prasad,NULL
16628,NULL,16700,Francisco Prasad,NULL
17810,NULL,7871,Frederick Prasad,NULL
15767,NULL,20199,George Prasad,NULL
12035,NULL,11846,Gerald Prasad,NULL
19608,NULL,2872,Harold Prasad,NULL
16197,NULL,15259,Heidi Prasad,NULL
24364,NULL,15967,Henry Prasad,NULL
23530,NULL,8182,Ivan Prasad,NULL
15110,NULL,18369,Janelle Prasad,NULL
11359,NULL,2917,Jarrod Prasad,NULL
15284,NULL,10275,Jay Prasad,NULL
27117,NULL,8018,Jermaine Prasad,NULL
12860,NULL,15310,Jillian Prasad,NULL
19923,NULL,11009,Joe Prasad,NULL
12613,NULL,20079,Joel Prasad,NULL
21112,NULL,15894,Johnathan Prasad,NULL
19345,NULL,3219,Kaitlin Prasad,NULL
17778,NULL,10495,Kari Prasad,NULL
18182,NULL,10695,Kristi Prasad,NULL
25705,NULL,7921,Levi Prasad,NULL
17117,NULL,3442,Lydia Prasad,NULL
26984,NULL,15930,Manuel Prasad,NULL
15606,NULL,3866,Marco Prasad,NULL
15089,NULL,16745,Martin Prasad,NULL
11238,NULL,3392,Mayra Prasad,NULL
19611,NULL,7202,Meagan Prasad,NULL
11613,NULL,10595,Meredith Prasad,NULL
21862,NULL,8963,Michele Prasad,NULL
24392,NULL,16143,Molly Prasad,NULL
21019,NULL,19546,Monica Prasad,NULL
24709,NULL,15465,Nancy Prasad,NULL
19908,NULL,15544,Pamela Prasad,NULL
20642,NULL,19667,Patricia Prasad,NULL
19077,NULL,11651,Pedro Prasad,NULL
28442,NULL,20163,Phillip Prasad,NULL
20812,NULL,3979,Preston Prasad,NULL
22535,NULL,15504,Rachael Prasad,NULL
17384,NULL,19464,Raymond Prasad,NULL
15919,NULL,9846,Rebekah Prasad,NULL
24192,NULL,7656,Regina Prasad,NULL
24383,NULL,20126,Ronald Prasad,NULL
28963,NULL,11761,Ross Prasad,NULL
14501,NULL,11211,Ruben Prasad,NULL
19290,NULL,7824,Sergio Prasad,NULL
19491,NULL,4036,Stanley Prasad,NULL
13356,NULL,7364,Stefanie Prasad,NULL
22143,NULL,3041,Summer Prasad,NULL
26761,NULL,10383,Tabitha Prasad,NULL
19396,NULL,7425,Tammy Prasad,NULL
21869,NULL,16198,Tina Prasad,NULL
27900,NULL,3343,Toni Prasad,NULL
22674,NULL,15805,Troy Prasad,NULL
24199,NULL,18981,Veronica Prasad,NULL
17933,NULL,7603,Virginia Prasad,NULL
20064,NULL,18897,Whitney Prasad,NULL
11089,NULL,3950,Abigail Price,NULL
18558,NULL,2794,Alexandra Price,NULL
25764,NULL,7598,Alexandria Price,NULL
11202,NULL,7092,Alexia Price,NULL
19210,NULL,12741,Alexis Price,NULL
25877,NULL,20171,Alyssa Price,NULL
17492,NULL,3023,Amanda Price,NULL
11053,NULL,7430,Ana Price,NULL
19714,NULL,7642,Angela Price,NULL
14576,NULL,3653,Anna Price,NULL
12433,NULL,13181,Antonio Price,NULL
24662,NULL,7686,Arianna Price,NULL
26087,NULL,12556,Ashley Price,NULL
27018,NULL,13581,Blake Price,NULL
17621,NULL,19234,Brianna Price,NULL
12492,NULL,7170,Brittany Price,NULL
18051,NULL,6772,Caroline Price,NULL
21458,NULL,13233,Carson Price,NULL
18773,NULL,6807,Cassidy Price,NULL
28843,NULL,20278,Chloe Price,NULL
24502,NULL,12938,Deb Price,NULL
18983,NULL,20054,Destiny Price,NULL
18758,NULL,14280,Devin Price,NULL
22761,NULL,13725,Eduardo Price,NULL
21438,NULL,13627,Edward Price,NULL
14464,NULL,12652,Elizabeth Price,NULL
25280,NULL,12980,Emily Price,NULL
27639,NULL,19533,Emma Price,NULL
21624,NULL,7805,Faith Price,NULL
28127,NULL,13094,Fernando Price,NULL
14751,NULL,3329,Gabrielle Price,NULL
24259,NULL,13274,Gavin Price,NULL
20135,NULL,19634,Grace Price,NULL
24428,NULL,3177,Hailey Price,NULL
18056,NULL,3407,Haley Price,NULL
13168,NULL,13019,Hannah Price,NULL
22401,NULL,13862,Ian Price,NULL
15865,NULL,7467,Isabel Price,NULL
17278,NULL,2472,Isabella Price,NULL
20182,NULL,7499,Isabelle Price,NULL
11194,NULL,7727,Jacqueline Price,NULL
28900,NULL,19838,Jasmine Price,NULL
24339,NULL,20487,Jennifer Price,NULL
25989,NULL,13487,Jeremy Price,NULL
25875,NULL,7216,Jocelyn Price,NULL
16924,NULL,20381,Julia Price,NULL
20357,NULL,12787,Julian Price,NULL
22300,NULL,20598,Kaitlyn Price,NULL
19544,NULL,2949,Katherine Price,NULL
28188,NULL,12698,Kayla Price,NULL
23765,NULL,7533,Kelly Price,NULL
14079,NULL,19020,Lauren Price,NULL
29410,NULL,13907,Lucas Price,NULL
13282,NULL,13067,Madison Price,NULL
24420,NULL,13810,Marcus Price,NULL
19423,NULL,3256,Maria Price,NULL
20745,NULL,8072,Mariah Price,NULL
15826,NULL,7578,Marissa Price,NULL
24907,NULL,19128,Megan Price,NULL
19486,NULL,8112,Melanie Price,NULL
17870,NULL,7846,Melissa Price,NULL
27412,NULL,13537,Miguel Price,NULL
26629,NULL,7262,Miranda Price,NULL
19189,NULL,20703,Morgan Price,NULL
17569,NULL,7300,Mya Price,NULL
15815,NULL,19946,Nicole Price,NULL
14687,NULL,19337,Olivia Price,NULL
11833,NULL,13361,Oscar Price,NULL
26178,NULL,7770,Paige Price,NULL
25328,NULL,19737,Rachel Price,NULL
21791,NULL,13765,Richard Price,NULL
13909,NULL,7359,Riley Price,NULL
11186,NULL,12608,Sarah Price,NULL
28029,NULL,13943,Seth Price,NULL
23059,NULL,13136,Spencer Price,NULL
25892,NULL,3100,Stephanie Price,NULL
20038,NULL,3578,Taylor Price,NULL
15725,NULL,12814,Trevor Price,NULL
17343,NULL,12855,Tristan Price,NULL
23569,NULL,7392,Vanessa Price,NULL
21338,NULL,19425,Victoria Price,NULL
12336,NULL,13668,Wyatt Price,NULL
25024,NULL,13998,Brad Pritchett,NULL
26100,NULL,12514,James Ptaszynski,NULL
18555,NULL,2867,Muniraju Pulipalyam,NULL
21965,NULL,17296,Bethany Raheem,NULL
21449,NULL,4337,Devon Raheem,NULL
16196,NULL,4170,Kurt Raheem,NULL
15674,NULL,4224,Tommy Raheem,NULL
21990,NULL,12559,Alejandro Rai,NULL
28914,NULL,19804,Alicia Rai,NULL
26848,NULL,12029,Alisha Rai,NULL
23017,NULL,16668,Alison Rai,NULL
18328,NULL,5252,Alvin Rai,NULL
22504,NULL,10628,Arturo Rai,NULL
22451,NULL,11622,Barbara Rai,NULL
28409,NULL,3722,Bonnie Rai,NULL
18490,NULL,9416,Brad Rai,NULL
19100,NULL,20309,Bradley Rai,NULL
21569,NULL,9358,Brendan Rai,NULL
17542,NULL,8595,Bridget Rai,NULL
15229,NULL,9188,Calvin Rai,NULL
18966,NULL,4514,Carly Rai,NULL
11049,NULL,8749,Carol Rai,NULL
19308,NULL,16312,Casey Rai,NULL
14194,NULL,8912,Cassie Rai,NULL
22838,NULL,4136,Cedric Rai,NULL
20191,NULL,20353,Chad Rai,NULL
16683,NULL,11420,Christy Rai,NULL
11018,NULL,7394,Clarence Rai,NULL
20446,NULL,12662,Clayton Rai,NULL
24573,NULL,13506,Colin Rai,NULL
28933,NULL,12340,Colleen Rai,NULL
16044,NULL,19891,Connie Rai,NULL
21739,NULL,5341,Dale Rai,NULL
25043,NULL,14654,Damien Rai,NULL
26906,NULL,8362,Darrell Rai,NULL
12235,NULL,4668,Donna Rai,NULL
14690,NULL,9243,Drew Rai,NULL
26417,NULL,2572,Dustin Rai,NULL
22424,NULL,13209,Edwin Rai,NULL
16430,NULL,8484,Franklin Rai,NULL
19384,NULL,9582,Gilbert Rai,NULL
12573,NULL,9304,Grant Rai,NULL
19275,NULL,2599,Gregory Rai,NULL
20920,NULL,12993,Jaclyn Rai,NULL
17667,NULL,9472,Jaime Rai,NULL
11275,NULL,11516,Jenny Rai,NULL
13376,NULL,16918,Jerry Rai,NULL
27994,NULL,4717,Jodi Rai,NULL
13135,NULL,17070,Johnny Rai,NULL
25642,NULL,12452,Jon Rai,NULL
26970,NULL,16570,Kara Rai,NULL
25273,NULL,5162,Karl Rai,NULL
16598,NULL,4617,Kate Rai,NULL
14951,NULL,20632,Katie Rai,NULL
16418,NULL,16356,Katrina Rai,NULL
16396,NULL,20516,Keith Rai,NULL
26392,NULL,12134,Kelli Rai,NULL
19437,NULL,16528,Kelsey Rai,NULL
26833,NULL,2977,Kelvin Rai,NULL
13207,NULL,2622,Kenneth Rai,NULL
12569,NULL,20589,Kristin Rai,NULL
20666,NULL,11314,Lacey Rai,NULL
20883,NULL,16402,Latoya Rai,NULL
23221,NULL,5226,Leonard Rai,NULL
19747,NULL,13108,Louis Rai,NULL
14364,NULL,16824,Mario Rai,NULL
25903,NULL,11649,Marshall Rai,NULL
16328,NULL,9080,Maurice Rai,NULL
24604,NULL,4403,Melvin Rai,NULL
26567,NULL,8425,Michele Rai,NULL
14176,NULL,4565,Mindy Rai,NULL
12457,NULL,16481,Misty Rai,NULL
18618,NULL,17153,Mitchell Rai,NULL
21496,NULL,16618,Nichole Rai,NULL
14601,NULL,5286,Nicolas Rai,NULL
14018,NULL,4456,Nina Rai,NULL
17893,NULL,12768,Omar Rai,NULL
19990,NULL,20431,Peter Rai,NULL
12619,NULL,8802,Priscilla Rai,NULL
18715,NULL,12884,Rafael Rai,NULL
15133,NULL,9533,Raul Rai,NULL
17856,NULL,13320,Roger Rai,NULL
16993,NULL,16874,Russell Rai,NULL
20225,NULL,8539,Sharon Rai,NULL
26431,NULL,17111,Shaun Rai,NULL
11348,NULL,20395,Shawn Rai,NULL
23898,NULL,3594,Shawna Rai,NULL
29393,NULL,8699,Sheena Rai,NULL
24405,NULL,20013,Tara Rai,NULL
24301,NULL,8643,Tasha Rai,NULL
25037,NULL,4284,Terrence Rai,NULL
26089,NULL,17246,Terry Rai,NULL
24077,NULL,17196,Tony Rai,NULL
25243,NULL,8482,Tonya Rai,NULL
17079,NULL,16435,Tracy Rai,NULL
21534,NULL,4004,Warren Rai,NULL
12489,NULL,9139,Wayne Rai,NULL
14673,NULL,13409,Willie Rai,NULL
27047,NULL,3650,Yolanda Rai,NULL
21851,NULL,12552,Stuart Railson,NULL
22801,NULL,19798,Alicia Raje,NULL
24872,NULL,12021,Alisha Raje,NULL
12345,NULL,16660,Alison Raje,NULL
20710,NULL,5085,Andres Raje,NULL
18744,NULL,20549,April Raje,NULL
14228,NULL,10550,Arturo Raje,NULL
16658,NULL,8962,Ashlee Raje,NULL
22704,NULL,17289,Bethany Raje,NULL
20629,NULL,3707,Bonnie Raje,NULL
21547,NULL,9404,Brad Raje,NULL
25574,NULL,20303,Bradley Raje,NULL
16250,NULL,9352,Brendan Raje,NULL
19433,NULL,8588,Bridget Raje,NULL
13795,NULL,16963,Carl Raje,NULL
15576,NULL,4512,Carly Raje,NULL
14686,NULL,16305,Casey Raje,NULL
29262,NULL,8902,Cassie Raje,NULL
25295,NULL,20345,Chad Raje,NULL
17203,NULL,19883,Christine Raje,NULL
23100,NULL,11412,Christy Raje,NULL
20888,NULL,12653,Clayton Raje,NULL
26378,NULL,13502,Colin Raje,NULL
19084,NULL,12334,Colleen Raje,NULL
20431,NULL,20469,Corey Raje,NULL
17917,NULL,8742,Cristina Raje,NULL
27746,NULL,5332,Dale Raje,NULL
25784,NULL,13859,Damien Raje,NULL
20252,NULL,8353,Darrell Raje,NULL
25694,NULL,12228,Dawn Raje,NULL
23229,NULL,8858,Deborah Raje,NULL
12574,NULL,20255,Derek Raje,NULL
29289,NULL,4325,Devon Raje,NULL
20607,NULL,4659,Donna Raje,NULL
26831,NULL,9234,Drew Raje,NULL
16323,NULL,2567,Dustin Raje,NULL
19183,NULL,13199,Edwin Raje,NULL
14361,NULL,8386,Franklin Raje,NULL
11055,NULL,9489,Gilbert Raje,NULL
24162,NULL,9295,Grant Raje,NULL
22911,NULL,2594,Gregory Raje,NULL
29474,NULL,9460,Jaime Raje,NULL
20233,NULL,11508,Jenny Raje,NULL
21848,NULL,16908,Jerry Raje,NULL
19630,NULL,4711,Jodi Raje,NULL
13975,NULL,17063,Johnny Raje,NULL
21426,NULL,12439,Jon Raje,NULL
12214,NULL,19962,Julie Raje,NULL
19362,NULL,5155,Karl Raje,NULL
28936,NULL,3515,Karla Raje,NULL
17974,NULL,4606,Kate Raje,NULL
17816,NULL,19921,Kathryn Raje,NULL
14178,NULL,20626,Katie Raje,NULL
20911,NULL,16347,Katrina Raje,NULL
12119,NULL,20507,Keith Raje,NULL
28136,NULL,12127,Kelli Raje,NULL
12227,NULL,16517,Kelsey Raje,NULL
20555,NULL,2893,Kelvin Raje,NULL
23606,NULL,2619,Kenneth Raje,NULL
15210,NULL,4162,Kurt Raje,NULL
12358,NULL,11301,Lacey Raje,NULL
17953,NULL,16394,Latoya Raje,NULL
13723,NULL,5218,Leonard Raje,NULL
20613,NULL,19839,Lindsay Raje,NULL
24614,NULL,20667,Lindsey Raje,NULL
25707,NULL,13102,Louis Raje,NULL
20427,NULL,16818,Mario Raje,NULL
19267,NULL,11574,Marshall Raje,NULL
14821,NULL,9071,Maurice Raje,NULL
11580,NULL,4387,Melvin Raje,NULL
17120,NULL,8416,Michele Raje,NULL
16083,NULL,4558,Mindy Raje,NULL
23544,NULL,16475,Misty Raje,NULL
12827,NULL,5279,Nicolas Raje,NULL
25137,NULL,4448,Nina Raje,NULL
12309,NULL,12758,Omar Raje,NULL
20799,NULL,20425,Peter Raje,NULL
17083,NULL,8793,Priscilla Raje,NULL
13000,NULL,12877,Rafael Raje,NULL
26785,NULL,9521,Raul Raje,NULL
15923,NULL,17017,Ricardo Raje,NULL
11596,NULL,13309,Roger Raje,NULL
12830,NULL,16866,Russell Raje,NULL
28707,NULL,8531,Sharon Raje,NULL
15516,NULL,17104,Shaun Raje,NULL
17054,NULL,20389,Shawn Raje,NULL
19046,NULL,3588,Shawna Raje,NULL
15736,NULL,8693,Sheena Raje,NULL
19946,NULL,11911,Tamara Raje,NULL
28483,NULL,20007,Tara Raje,NULL
18246,NULL,4273,Terrence Raje,NULL
28311,NULL,17241,Terry Raje,NULL
17767,NULL,4216,Tommy Raje,NULL
24212,NULL,17190,Tony Raje,NULL
14707,NULL,8471,Tonya Raje,NULL
24155,NULL,16429,Tracy Raje,NULL
16203,NULL,3078,Warren Raje,NULL
21372,NULL,9128,Wayne Raje,NULL
12641,NULL,13401,Willie Raje,NULL
20852,NULL,3643,Yolanda Raje,NULL
16944,NULL,12567,Alejandro Raji,NULL
18404,NULL,19808,Alicia Raji,NULL
21347,NULL,12039,Alisha Raji,NULL
24395,NULL,16674,Alison Raji,NULL
26347,NULL,5345,Alvin Raji,NULL
13955,NULL,5110,Andres Raji,NULL
14981,NULL,20563,April Raji,NULL
23998,NULL,10713,Arturo Raji,NULL
15342,NULL,7788,Ashlee Raji,NULL
24019,NULL,11629,Barbara Raji,NULL
16186,NULL,16274,Bethany Raji,NULL
12156,NULL,3730,Bonnie Raji,NULL
23409,NULL,9424,Brad Raji,NULL
17925,NULL,20314,Bradley Raji,NULL
13103,NULL,9365,Brendan Raji,NULL
15531,NULL,9196,Calvin Raji,NULL
19595,NULL,16979,Carl Raji,NULL
23346,NULL,4524,Carly Raji,NULL
26523,NULL,16322,Casey Raji,NULL
18032,NULL,8919,Cassie Raji,NULL
17996,NULL,4227,Cedric Raji,NULL
26062,NULL,20358,Chad Raji,NULL
11390,NULL,19898,Christine Raji,NULL
15584,NULL,11428,Christy Raji,NULL
14733,NULL,7489,Clarence Raji,NULL
16283,NULL,12671,Clayton Raji,NULL
25801,NULL,13512,Colin Raji,NULL
27707,NULL,12351,Colleen Raji,NULL
25058,NULL,20481,Corey Raji,NULL
25506,NULL,8758,Cristina Raji,NULL
19265,NULL,5351,Dale Raji,NULL
24282,NULL,15447,Damien Raji,NULL
11592,NULL,8368,Darrell Raji,NULL
20244,NULL,12244,Dawn Raji,NULL
19591,NULL,20272,Derek Raji,NULL
21898,NULL,4348,Devon Raji,NULL
24906,NULL,4678,Donna Raji,NULL
24394,NULL,9248,Drew Raji,NULL
20568,NULL,2575,Dustin Raji,NULL
11469,NULL,13219,Edwin Raji,NULL
11400,NULL,8578,Franklin Raji,NULL
23191,NULL,9659,Gilbert Raji,NULL
16185,NULL,9309,Grant Raji,NULL
14718,NULL,2605,Gregory Raji,NULL
18289,NULL,12999,Jaclyn Raji,NULL
15037,NULL,9483,Jaime Raji,NULL
21870,NULL,11530,Jenny Raji,NULL
12850,NULL,17076,Johnny Raji,NULL
20854,NULL,16578,Kara Raji,NULL
29103,NULL,5172,Karl Raji,NULL
15929,NULL,3539,Karla Raji,NULL
11903,NULL,4625,Kate Raji,NULL
21995,NULL,19932,Kathryn Raji,NULL
16517,NULL,16362,Katrina Raji,NULL
15500,NULL,20522,Keith Raji,NULL
13123,NULL,12142,Kelli Raji,NULL
28885,NULL,3079,Kelvin Raji,NULL
14297,NULL,20593,Kristin Raji,NULL
14527,NULL,4180,Kurt Raji,NULL
16341,NULL,11319,Lacey Raji,NULL
19539,NULL,16408,Latoya Raji,NULL
22134,NULL,5235,Leonard Raji,NULL
22669,NULL,19855,Lindsay Raji,NULL
18205,NULL,20680,Lindsey Raji,NULL
28695,NULL,16834,Mario Raji,NULL
27175,NULL,11742,Marshall Raji,NULL
20619,NULL,9090,Maurice Raji,NULL
22703,NULL,4408,Melvin Raji,NULL
15183,NULL,8435,Michele Raji,NULL
20560,NULL,4574,Mindy Raji,NULL
16520,NULL,16488,Misty Raji,NULL
15934,NULL,16626,Nichole Raji,NULL
17301,NULL,5292,Nicolas Raji,NULL
29480,NULL,4472,Nina Raji,NULL
15643,NULL,12776,Omar Raji,NULL
19162,NULL,20437,Peter Raji,NULL
13832,NULL,8815,Priscilla Raji,NULL
25619,NULL,12895,Rafael Raji,NULL
21135,NULL,9543,Raul Raji,NULL
27335,NULL,17029,Ricardo Raji,NULL
22436,NULL,13329,Roger Raji,NULL
22054,NULL,16879,Russell Raji,NULL
23329,NULL,8547,Sharon Raji,NULL
11336,NULL,17116,Shaun Raji,NULL
12407,NULL,20402,Shawn Raji,NULL
13961,NULL,3604,Shawna Raji,NULL
18213,NULL,8707,Sheena Raji,NULL
17071,NULL,11929,Tammy Raji,NULL
12385,NULL,20020,Tara Raji,NULL
17057,NULL,8651,Tasha Raji,NULL
18023,NULL,4294,Terrence Raji,NULL
15597,NULL,17256,Terry Raji,NULL
25636,NULL,4233,Tommy Raji,NULL
27332,NULL,17209,Tony Raji,NULL
24804,NULL,8489,Tonya Raji,NULL
22439,NULL,16440,Tracy Raji,NULL
26796,NULL,4877,Warren Raji,NULL
26161,NULL,9145,Wayne Raji,NULL
11070,NULL,13417,Willie Raji,NULL
18019,NULL,3660,Yolanda Raji,NULL
15122,NULL,17950,Abby Raman,NULL
29436,NULL,3173,Adriana Raman,NULL
25129,NULL,15859,Allen Raman,NULL
24079,NULL,16066,Andre Raman,NULL
28990,NULL,7259,Ann Raman,NULL
24001,NULL,10917,Arthur Raman,NULL
24783,NULL,3769,Barry Raman,NULL
21115,NULL,16014,Bobby Raman,NULL
12247,NULL,18855,Brandy Raman,NULL
22930,NULL,19511,Brett Raman,NULL
20886,NULL,10815,Bruce Raman,NULL
19048,NULL,3926,Bryant Raman,NULL
11766,NULL,15424,Candace Raman,NULL
11335,NULL,7551,Carla Raman,NULL
18827,NULL,8344,Carmen Raman,NULL
24067,NULL,9954,Carolyn Raman,NULL
28718,NULL,19630,Cassandra Raman,NULL
24004,NULL,3828,César Raman,NULL
16135,NULL,18945,Chelsea Raman,NULL
16157,NULL,7320,Cindy Raman,NULL
23772,NULL,19340,Cory Raman,NULL
27786,NULL,19741,Cynthia Raman,NULL
22315,NULL,10184,Darren Raman,NULL
17053,NULL,9753,Deanna Raman,NULL
15455,NULL,16248,Denise Raman,NULL
19443,NULL,8243,Dominic Raman,NULL
13023,NULL,7491,Dominique Raman,NULL
26393,NULL,20042,Donald Raman,NULL
24545,NULL,19431,Douglas Raman,NULL
19348,NULL,9645,Ebony Raman,NULL
27596,NULL,8144,Edgar Raman,NULL
19554,NULL,7978,Emmanuel Raman,NULL
19310,NULL,3114,Evelyn Raman,NULL
24020,NULL,16704,Francisco Raman,NULL
28942,NULL,7878,Frederick Raman,NULL
15435,NULL,8295,Geoffrey Raman,NULL
26359,NULL,20208,George Raman,NULL
22691,NULL,11854,Gerald Raman,NULL
28484,NULL,2877,Harold Raman,NULL
21800,NULL,15264,Heidi Raman,NULL
24397,NULL,15973,Henry Raman,NULL
25477,NULL,19587,Holly Raman,NULL
11601,NULL,8185,Ivan Raman,NULL
27442,NULL,18423,Janelle Raman,NULL
12375,NULL,2925,Jarrod Raman,NULL
13618,NULL,10280,Jay Raman,NULL
15228,NULL,8025,Jermaine Raman,NULL
20826,NULL,15316,Jillian Raman,NULL
16511,NULL,11013,Joe Raman,NULL
16317,NULL,20085,Joel Raman,NULL
19103,NULL,15899,Johnathan Raman,NULL
26823,NULL,3228,Kaitlin Raman,NULL
16392,NULL,10500,Kari Raman,NULL
21836,NULL,10701,Kristi Raman,NULL
26932,NULL,19705,Kristina Raman,NULL
29114,NULL,7927,Levi Raman,NULL
26868,NULL,3450,Lydia Raman,NULL
17709,NULL,16752,Martin Raman,NULL
20990,NULL,3401,Mayra Raman,NULL
15134,NULL,7207,Meagan Raman,NULL
11381,NULL,10600,Meredith Raman,NULL
17233,NULL,8971,Michele Raman,NULL
12238,NULL,19554,Monica Raman,NULL
20588,NULL,15471,Nancy Raman,NULL
27369,NULL,15549,Pamela Raman,NULL
16702,NULL,19671,Patricia Raman,NULL
16041,NULL,11656,Pedro Raman,NULL
21539,NULL,20168,Phillip Raman,NULL
12330,NULL,3985,Preston Raman,NULL
25216,NULL,15509,Rachael Raman,NULL
19588,NULL,19471,Raymond Raman,NULL
22454,NULL,9852,Rebekah Raman,NULL
19363,NULL,7664,Regina Raman,NULL
17077,NULL,20131,Ronald Raman,NULL
22529,NULL,11768,Ross Raman,NULL
16348,NULL,11118,Roy Raman,NULL
15580,NULL,11217,Ruben Raman,NULL
21199,NULL,3281,Ruth Raman,NULL
27866,NULL,7830,Sergio Raman,NULL
16661,NULL,19385,Shane Raman,NULL
19420,NULL,4043,Stanley Raman,NULL
14424,NULL,7372,Stefanie Raman,NULL
25949,NULL,3044,Summer Raman,NULL
12126,NULL,7437,Tammy Raman,NULL
11321,NULL,8078,Terrance Raman,NULL
21530,NULL,3349,Toni Raman,NULL
21164,NULL,15811,Troy Raman,NULL
12359,NULL,18988,Veronica Raman,NULL
26159,NULL,7611,Virginia Raman,NULL
28404,NULL,18904,Whitney Raman,NULL
15859,NULL,3943,Abigail Ramirez,NULL
12152,NULL,14568,Adrian Ramirez,NULL
16066,NULL,14534,Alex Ramirez,NULL
23832,NULL,2787,Alexandra Ramirez,NULL
19725,NULL,8328,Alexandria Ramirez,NULL
28440,NULL,8294,Allison Ramirez,NULL
21150,NULL,20152,Alyssa Ramirez,NULL
15017,NULL,3015,Amanda Ramirez,NULL
24353,NULL,8297,Andrea Ramirez,NULL
14003,NULL,14529,Angel Ramirez,NULL
15514,NULL,8330,Angela Ramirez,NULL
17682,NULL,3644,Anna Ramirez,NULL
14600,NULL,8309,Ariana Ramirez,NULL
22897,NULL,8332,Arianna Ramirez,NULL
21499,NULL,8282,Bailey Ramirez,NULL
11618,NULL,14550,Brian Ramirez,NULL
11850,NULL,8313,Brooke Ramirez,NULL
23894,NULL,14563,Bryan Ramirez,NULL
16120,NULL,14553,Bryce Ramirez,NULL
27912,NULL,8311,Caitlin Ramirez,NULL
21322,NULL,14528,Carlos Ramirez,NULL
28862,NULL,8298,Catherine Ramirez,NULL
25956,NULL,14571,Charles Ramirez,NULL
27439,NULL,14557,Chase Ramirez,NULL
26520,NULL,20264,Chloe Ramirez,NULL
14288,NULL,8308,Christina Ramirez,NULL
19148,NULL,14569,Cody Ramirez,NULL
13616,NULL,14561,Cole Ramirez,NULL
15256,NULL,14584,Dalton Ramirez,NULL
22894,NULL,8300,Danielle Ramirez,NULL
20392,NULL,20043,Destiny Ramirez,NULL
20315,NULL,14572,Devin Ramirez,NULL
13939,NULL,14573,Eduardo Ramirez,NULL
29072,NULL,19519,Emma Ramirez,NULL
19737,NULL,8324,Erin Ramirez,NULL
17436,NULL,14537,Evan Ramirez,NULL
29198,NULL,8338,Faith Ramirez,NULL
13146,NULL,8286,Gabriella Ramirez,NULL
16000,NULL,3319,Gabrielle Ramirez,NULL
17388,NULL,14564,Garrett Ramirez,NULL
16864,NULL,19621,Grace Ramirez,NULL
17413,NULL,3170,Hailey Ramirez,NULL
23367,NULL,3400,Haley Ramirez,NULL
16678,NULL,14576,Ian Ramirez,NULL
17531,NULL,14542,Isaac Ramirez,NULL
11905,NULL,14533,Isaiah Ramirez,NULL
21487,NULL,8334,Jacqueline Ramirez,NULL
13740,NULL,8288,Jada Ramirez,NULL
19838,NULL,14562,Jared Ramirez,NULL
27237,NULL,19824,Jasmine Ramirez,NULL
21311,NULL,20475,Jennifer Ramirez,NULL
16017,NULL,14587,Jeremy Ramirez,NULL
15487,NULL,14543,Jesse Ramirez,NULL
29192,NULL,3493,Jessica Ramirez,NULL
21700,NULL,14558,Juan Ramirez,NULL
22759,NULL,20368,Julia Ramirez,NULL
16715,NULL,8290,Katelyn Ramirez,NULL
17395,NULL,2939,Katherine Ramirez,NULL
24128,NULL,8315,Kimberly Ramirez,NULL
26450,NULL,3717,Lauren Ramirez,NULL
15528,NULL,14578,Lucas Ramirez,NULL
15116,NULL,8283,Mackenzie Ramirez,NULL
17509,NULL,8317,Makayla Ramirez,NULL
13428,NULL,14575,Marcus Ramirez,NULL
21767,NULL,8326,Mariah Ramirez,NULL
25107,NULL,14538,Mason Ramirez,NULL
11387,NULL,19112,Megan Ramirez,NULL
16363,NULL,8327,Melanie Ramirez,NULL
28019,NULL,8341,Melissa Ramirez,NULL
25198,NULL,8312,Michelle Ramirez,NULL
19228,NULL,20695,Morgan Ramirez,NULL
20649,NULL,2711,Natalie Ramirez,NULL
23190,NULL,14554,Nathaniel Ramirez,NULL
11141,NULL,19930,Nicole Ramirez,NULL
19785,NULL,19330,Olivia Ramirez,NULL
26580,NULL,8336,Paige Ramirez,NULL
18602,NULL,14548,Patrick Ramirez,NULL
24742,NULL,19724,Rachel Ramirez,NULL
28239,NULL,14574,Richard Ramirez,NULL
26544,NULL,8342,Riley Ramirez,NULL
12757,NULL,8287,Sara Ramirez,NULL
24736,NULL,8291,Savannah Ramirez,NULL
21775,NULL,14545,Sean Ramirez,NULL
28226,NULL,14560,Sebastian Ramirez,NULL
20778,NULL,14581,Seth Ramirez,NULL
16141,NULL,8322,Shelby Ramirez,NULL
12758,NULL,3092,Stephanie Ramirez,NULL
20688,NULL,14565,Steven Ramirez,NULL
26700,NULL,2859,Sydney Ramirez,NULL
29032,NULL,3568,Taylor Ramirez,NULL
20310,NULL,14546,Timothy Ramirez,NULL
24811,NULL,8323,Trinity Ramirez,NULL
17418,NULL,19414,Victoria Ramirez,NULL
25396,NULL,14582,Xavier Ramirez,NULL
11710,NULL,8301,Zoe Ramirez,NULL
28216,NULL,7132,Adrienne Ramos,NULL
27716,NULL,14924,Albert Ramos,NULL
12239,NULL,6640,Alberto Ramos,NULL
20456,NULL,2824,Alfredo Ramos,NULL
11351,NULL,14384,Anne Ramos,NULL
27959,NULL,6971,Armando Ramos,NULL
11976,NULL,6046,Audrey Ramos,NULL
14303,NULL,13745,Briana Ramos,NULL
28475,NULL,10882,Bruce Ramos,NULL
14306,NULL,19802,Byron Ramos,NULL
17926,NULL,10021,Carolyn Ramos,NULL
14528,NULL,19167,Casey Ramos,NULL
25682,NULL,6206,Cheryl Ramos,NULL
11361,NULL,18498,Cindy Ramos,NULL
14209,NULL,19082,Craig Ramos,NULL
14552,NULL,6189,Daisy Ramos,NULL
25919,NULL,17831,Dana Ramos,NULL
23121,NULL,14774,Danny Ramos,NULL
25470,NULL,10243,Darren Ramos,NULL
11332,NULL,9820,Deanna Ramos,NULL
18449,NULL,19127,Derrick Ramos,NULL
28733,NULL,18674,Diana Ramos,NULL
18300,NULL,15711,Diane Ramos,NULL
13949,NULL,20619,Dwayne Ramos,NULL
12270,NULL,9708,Ebony Ramos,NULL
13954,NULL,6701,Eddie Ramos,NULL
25312,NULL,19295,Erik Ramos,NULL
11557,NULL,14296,Felicia Ramos,NULL
16345,NULL,2558,Francis Ramos,NULL
13671,NULL,18351,Frank Ramos,NULL
22248,NULL,19043,Gary Ramos,NULL
27787,NULL,10785,Gerald Ramos,NULL
21365,NULL,16599,Gloria Ramos,NULL
15667,NULL,14732,Hector Ramos,NULL
17836,NULL,6371,Jacquelyn Ramos,NULL
15720,NULL,7083,Jaime Ramos,NULL
27852,NULL,14672,Jamie Ramos,NULL
20596,NULL,6265,Janet Ramos,NULL
23460,NULL,13654,Javier Ramos,NULL
21882,NULL,10351,Jay Ramos,NULL
29187,NULL,7722,Jerome Ramos,NULL
11764,NULL,5718,Jessie Ramos,NULL
28519,NULL,18396,Jésus Ramos,NULL
21039,NULL,15109,Jill Ramos,NULL
16843,NULL,15664,Jimmy Ramos,NULL
19057,NULL,13996,Joanna Ramos,NULL
12353,NULL,11073,Joe Ramos,NULL
27385,NULL,14500,Jonathon Ramos,NULL
13129,NULL,14247,Joy Ramos,NULL
13633,NULL,12680,Juan Ramos,NULL
12551,NULL,7021,Julio Ramos,NULL
24702,NULL,10567,Kari Ramos,NULL
17216,NULL,18585,Kathleen Ramos,NULL
28472,NULL,16145,Kellie Ramos,NULL
24896,NULL,15167,Kendra Ramos,NULL
28490,NULL,14237,Krista Ramos,NULL
15176,NULL,9606,Kristi Ramos,NULL
17479,NULL,6323,Kristine Ramos,NULL
16682,NULL,14341,Kristy Ramos,NULL
28949,NULL,14871,Lance Ramos,NULL
18446,NULL,18455,Larry Ramos,NULL
22540,NULL,6156,Latasha Ramos,NULL
26493,NULL,14462,Lawrence Ramos,NULL
22483,NULL,14421,Lee Ramos,NULL
15733,NULL,18536,Leslie Ramos,NULL
23598,NULL,13829,Linda Ramos,NULL
13559,NULL,14127,Lori Ramos,NULL
18878,NULL,5977,Mallory Ramos,NULL
18212,NULL,15715,Marc Ramos,NULL
14308,NULL,10123,Marie Ramos,NULL
28138,NULL,6925,Marvin Ramos,NULL
15019,NULL,18814,Mary Ramos,NULL
28961,NULL,14541,Mathew Ramos,NULL
29220,NULL,14081,Melinda Ramos,NULL
11606,NULL,17081,Melody Ramos,NULL
23307,NULL,10661,Meredith Ramos,NULL
28545,NULL,14597,Micheal Ramos,NULL
19574,NULL,9032,Michele Ramos,NULL
16495,NULL,13787,Monique Ramos,NULL
23656,NULL,17534,Naomi Ramos,NULL
26230,NULL,18767,Natasha Ramos,NULL
20918,NULL,6869,Neil Ramos,NULL
14990,NULL,19404,Nelson Ramos,NULL
24154,NULL,18970,Orlando Ramos,NULL
21376,NULL,15224,Paula Ramos,NULL
29416,NULL,11728,Pedro Ramos,NULL
12906,NULL,19210,Philip Ramos,NULL
21572,NULL,14982,Randall Ramos,NULL
27984,NULL,9920,Rebekah Ramos,NULL
12813,NULL,6590,Reginald Ramos,NULL
18005,NULL,15023,Renee Ramos,NULL
19853,NULL,15608,Ricky Ramos,NULL
13159,NULL,14824,Roberto Ramos,NULL
11345,NULL,13748,Robin Ramos,NULL
15828,NULL,13224,Robyn Ramos,NULL
14059,NULL,13702,Rodney Ramos,NULL
20390,NULL,11823,Ross Ramos,NULL
24482,NULL,11174,Roy Ramos,NULL
23762,NULL,11285,Ruben Ramos,NULL
29082,NULL,14189,Sabrina Ramos,NULL
15076,NULL,14734,Sheila Ramos,NULL
18261,NULL,18628,Stacy Ramos,NULL
20147,NULL,10457,Tabitha Ramos,NULL
14045,NULL,14041,Tanya Ramos,NULL
13689,NULL,15221,Teresa Ramos,NULL
16400,NULL,6760,Theodore Ramos,NULL
11031,NULL,13917,Theresa Ramos,NULL
27231,NULL,6820,Tyrone Ramos,NULL
24246,NULL,19252,Victor Ramos,NULL
29397,NULL,13612,Walter Ramos,NULL
12256,NULL,13957,Wendy Ramos,NULL
14534,NULL,17935,Abby Rana,NULL
21675,NULL,3166,Adriana Rana,NULL
19036,NULL,15857,Allen Rana,NULL
27904,NULL,16065,Andre Rana,NULL
25793,NULL,7256,Ann Rana,NULL
17819,NULL,10914,Arthur Rana,NULL
14832,NULL,3766,Barry Rana,NULL
15710,NULL,18854,Brandy Rana,NULL
20794,NULL,15371,Brenda Rana,NULL
20943,NULL,19510,Brett Rana,NULL
21125,NULL,10813,Bruce Rana,NULL
21878,NULL,3924,Bryant Rana,NULL
25429,NULL,15421,Candace Rana,NULL
19593,NULL,7548,Carla Rana,NULL
14940,NULL,8340,Carmen Rana,NULL
21829,NULL,9953,Carolyn Rana,NULL
13407,NULL,19628,Cassandra Rana,NULL
19044,NULL,3826,Cesar Rana,NULL
21367,NULL,7317,Cindy Rana,NULL
16173,NULL,19338,Cory Rana,NULL
28397,NULL,19740,Cynthia Rana,NULL
17257,NULL,10182,Darren Rana,NULL
14519,NULL,16245,Denise Rana,NULL
26925,NULL,8242,Dominic Rana,NULL
24401,NULL,19428,Douglas Rana,NULL
17190,NULL,9643,Ebony Rana,NULL
28379,NULL,8141,Edgar Rana,NULL
16398,NULL,7975,Emmanuel Rana,NULL
19679,NULL,2983,Erick Rana,NULL
18262,NULL,3113,Evelyn Rana,NULL
19754,NULL,16702,Francisco Rana,NULL
13807,NULL,7876,Frederick Rana,NULL
28745,NULL,8293,Geoffrey Rana,NULL
23504,NULL,20204,George Rana,NULL
14788,NULL,11851,Gerald Rana,NULL
22475,NULL,15263,Heidi Rana,NULL
27342,NULL,15972,Henry Rana,NULL
19743,NULL,19584,Holly Rana,NULL
18196,NULL,8184,Ivan Rana,NULL
20853,NULL,2921,Jarrod Rana,NULL
19421,NULL,10278,Jay Rana,NULL
28927,NULL,8022,Jermaine Rana,NULL
20044,NULL,15314,Jillian Rana,NULL
11916,NULL,11011,Joe Rana,NULL
26477,NULL,20082,Joel Rana,NULL
27497,NULL,15898,Johnathan Rana,NULL
17634,NULL,3227,Kaitlin Rana,NULL
27847,NULL,19704,Kristina Rana,NULL
22550,NULL,16109,Kristopher Rana,NULL
13607,NULL,7925,Levi Rana,NULL
29395,NULL,3448,Lydia Rana,NULL
21075,NULL,15932,Manuel Rana,NULL
24473,NULL,3872,Marco Rana,NULL
27308,NULL,10058,Marie Rana,NULL
24213,NULL,16750,Martin Rana,NULL
11914,NULL,7205,Meagan Rana,NULL
25032,NULL,10599,Meredith Rana,NULL
21554,NULL,16149,Molly Rana,NULL
26150,NULL,15469,Nancy Rana,NULL
17446,NULL,15548,Pamela Rana,NULL
13970,NULL,11654,Pedro Rana,NULL
13543,NULL,20166,Phillip Rana,NULL
18270,NULL,15508,Rachael Rana,NULL
25115,NULL,19469,Raymond Rana,NULL
26256,NULL,20129,Ronald Rana,NULL
25240,NULL,11767,Ross Rana,NULL
22667,NULL,11116,Roy Rana,NULL
27696,NULL,11214,Ruben Rana,NULL
19387,NULL,3279,Ruth Rana,NULL
19391,NULL,7827,Sergio Rana,NULL
26853,NULL,19383,Shane Rana,NULL
22919,NULL,4041,Stanley Rana,NULL
19616,NULL,7369,Stefanie Rana,NULL
25703,NULL,3043,Summer Rana,NULL
16601,NULL,10388,Tabitha Rana,NULL
28134,NULL,8076,Terrance Rana,NULL
15105,NULL,16201,Tina Rana,NULL
19508,NULL,15810,Troy Rana,NULL
19453,NULL,18986,Veronica Rana,NULL
24706,NULL,7610,Virginia Rana,NULL
13006,NULL,18902,Whitney Rana,NULL
13665,NULL,10699,Kristi Randall,NULL
27909,NULL,3398,Mayra Randall,NULL
13798,NULL,7431,Tammy Randall,NULL
16605,NULL,3348,Toni Randall,NULL
23575,NULL,16012,Bobby Ray,NULL
20717,NULL,18943,Chelsea Ray,NULL
13516,NULL,2876,Harold Ray,NULL
25591,NULL,3983,Preston Ray,NULL
25142,NULL,7661,Regina Ray,NULL
23838,NULL,9126,Ariana Ready,NULL
27296,NULL,15453,Rodrigo Ready,NULL
21478,NULL,3918,Abigail Reed,NULL
28865,NULL,15418,Alex Reed,NULL
23685,NULL,9123,Alexa Reed,NULL
27683,NULL,2763,Alexandra Reed,NULL
26805,NULL,9150,Alexandria Reed,NULL
26599,NULL,9116,Allison Reed,NULL
29128,NULL,20116,Alyssa Reed,NULL
29125,NULL,9117,Andrea Reed,NULL
16898,NULL,15414,Angel Reed,NULL
20190,NULL,9156,Angela Reed,NULL
27271,NULL,3620,Anna Reed,NULL
28673,NULL,9158,Arianna Reed,NULL
22069,NULL,9103,Bailey Reed,NULL
20377,NULL,15434,Brian Reed,NULL
17419,NULL,19193,Brianna Reed,NULL
24828,NULL,9131,Brooke Reed,NULL
18884,NULL,15444,Bryan Reed,NULL
14476,NULL,15435,Bryce Reed,NULL
13344,NULL,9129,Caitlin Reed,NULL
21750,NULL,15412,Carlos Reed,NULL
20380,NULL,9119,Catherine Reed,NULL
14756,NULL,15455,Charles Reed,NULL
11064,NULL,15436,Chase Reed,NULL
15258,NULL,20238,Chloe Reed,NULL
21592,NULL,9125,Christina Reed,NULL
21358,NULL,15454,Cody Reed,NULL
12603,NULL,15441,Cole Reed,NULL
24432,NULL,15468,Dalton Reed,NULL
11271,NULL,9120,Danielle Reed,NULL
15385,NULL,20005,Destiny Reed,NULL
14395,NULL,15457,Devin Reed,NULL
27038,NULL,15458,Eduardo Reed,NULL
21936,NULL,19491,Emma Reed,NULL
14353,NULL,9142,Erin Reed,NULL
16797,NULL,15419,Evan Reed,NULL
11849,NULL,9164,Faith Reed,NULL
27437,NULL,9105,Gabriella Reed,NULL
16818,NULL,3300,Gabrielle Reed,NULL
21121,NULL,15450,Garrett Reed,NULL
28228,NULL,19589,Gloria Reed,NULL
17453,NULL,3151,Hailey Reed,NULL
18937,NULL,15462,Ian Reed,NULL
26074,NULL,15422,Isaac Reed,NULL
13311,NULL,20759,Isabella Reed,NULL
15196,NULL,15415,Isaiah Reed,NULL
14002,NULL,9159,Jacqueline Reed,NULL
16384,NULL,9111,Jada Reed,NULL
25185,NULL,9144,Jade Reed,NULL
28531,NULL,15443,Jared Reed,NULL
24967,NULL,19796,Jasmine Reed,NULL
24324,NULL,20445,Jennifer Reed,NULL
26531,NULL,15470,Jeremy Reed,NULL
22429,NULL,15423,Jesse Reed,NULL
22258,NULL,3467,Jessica Reed,NULL
25014,NULL,15439,Juan Reed,NULL
25347,NULL,20344,Judith Reed,NULL
27413,NULL,20553,Kaitlyn Reed,NULL
24033,NULL,2920,Katherine Reed,NULL
17371,NULL,9114,Kaylee Reed,NULL
17311,NULL,9134,Kimberly Reed,NULL
27016,NULL,3693,Lauren Reed,NULL
16786,NULL,15464,Lucas Reed,NULL
19735,NULL,9104,Mackenzie Reed,NULL
25838,NULL,9135,Makayla Reed,NULL
14582,NULL,15460,Marcus Reed,NULL
11208,NULL,3225,Maria Reed,NULL
26373,NULL,9146,Mariah Reed,NULL
18118,NULL,19080,Megan Reed,NULL
28160,NULL,9149,Melanie Reed,NULL
28046,NULL,9130,Michelle Reed,NULL
28779,NULL,20655,Morgan Reed,NULL
23062,NULL,2686,Natalie Reed,NULL
17021,NULL,19892,Nicole Reed,NULL
29058,NULL,19297,Olivia Reed,NULL
22112,NULL,9161,Paige Reed,NULL
18782,NULL,15431,Patrick Reed,NULL
12644,NULL,19695,Rachel Reed,NULL
20485,NULL,15459,Richard Reed,NULL
20157,NULL,9165,Riley Reed,NULL
12170,NULL,9110,Sara Reed,NULL
11846,NULL,9112,Savannah Reed,NULL
14597,NULL,15426,Sean Reed,NULL
13170,NULL,15440,Sebastian Reed,NULL
27190,NULL,9138,Shelby Reed,NULL
22253,NULL,3069,Stephanie Reed,NULL
24373,NULL,15452,Steven Reed,NULL
23038,NULL,2837,Sydney Reed,NULL
23983,NULL,3544,Taylor Reed,NULL
16890,NULL,15428,Timothy Reed,NULL
18357,NULL,9140,Trinity Reed,NULL
25088,NULL,19384,Victoria Reed,NULL
23339,NULL,9122,Zoe Reed,NULL
14236,NULL,3934,Abigail Richardson,NULL
13984,NULL,14731,Adrian Richardson,NULL
22160,NULL,14697,Alex Richardson,NULL
16812,NULL,8461,Alexa Richardson,NULL
12761,NULL,2776,Alexandra Richardson,NULL
18366,NULL,8480,Alexandria Richardson,NULL
12442,NULL,8453,Allison Richardson,NULL
24810,NULL,20133,Alyssa Richardson,NULL
15888,NULL,3006,Amanda Richardson,NULL
14879,NULL,8454,Andrea Richardson,NULL
12640,NULL,14691,Angel Richardson,NULL
15533,NULL,3635,Anna Richardson,NULL
18847,NULL,8464,Ariana Richardson,NULL
12055,NULL,8483,Arianna Richardson,NULL
23871,NULL,8436,Bailey Richardson,NULL
28608,NULL,14710,Brian Richardson,NULL
12415,NULL,19208,Brianna Richardson,NULL
11705,NULL,8469,Brooke Richardson,NULL
11169,NULL,14713,Bryce Richardson,NULL
23057,NULL,8465,Caitlin Richardson,NULL
22190,NULL,14689,Carlos Richardson,NULL
15330,NULL,8457,Catherine Richardson,NULL
12114,NULL,14738,Charles Richardson,NULL
16232,NULL,14718,Chase Richardson,NULL
12115,NULL,20254,Chloe Richardson,NULL
12199,NULL,8462,Christina Richardson,NULL
23922,NULL,14733,Cody Richardson,NULL
28620,NULL,14723,Cole Richardson,NULL
11679,NULL,14759,Dalton Richardson,NULL
22884,NULL,8458,Danielle Richardson,NULL
27288,NULL,20027,Destiny Richardson,NULL
21318,NULL,14739,Devin Richardson,NULL
15990,NULL,14741,Eduardo Richardson,NULL
16989,NULL,19505,Emma Richardson,NULL
16331,NULL,8475,Erin Richardson,NULL
15488,NULL,14698,Evan Richardson,NULL
29046,NULL,8441,Gabriella Richardson,NULL
16315,NULL,14728,Garrett Richardson,NULL
17028,NULL,19609,Grace Richardson,NULL
15873,NULL,3161,Hailey Richardson,NULL
11296,NULL,3390,Haley Richardson,NULL
11414,NULL,14749,Ian Richardson,NULL
15414,NULL,14704,Isaac Richardson,NULL
13933,NULL,20774,Isabella Richardson,NULL
20970,NULL,14693,Isaiah Richardson,NULL
20289,NULL,8444,Jada Richardson,NULL
19540,NULL,8476,Jade Richardson,NULL
23579,NULL,14724,Jared Richardson,NULL
20026,NULL,19810,Jasmine Richardson,NULL
12780,NULL,14760,Jeremy Richardson,NULL
25895,NULL,14705,Jesse Richardson,NULL
20184,NULL,3479,Jessica Richardson,NULL
23215,NULL,14719,Juan Richardson,NULL
27331,NULL,20356,Julia Richardson,NULL
18930,NULL,8446,Katelyn Richardson,NULL
14901,NULL,2932,Katherine Richardson,NULL
17560,NULL,8451,Kaylee Richardson,NULL
11980,NULL,8470,Kimberly Richardson,NULL
14867,NULL,3708,Lauren Richardson,NULL
21144,NULL,14753,Lucas Richardson,NULL
25276,NULL,8437,Mackenzie Richardson,NULL
19899,NULL,14748,Marcus Richardson,NULL
22157,NULL,3236,Maria Richardson,NULL
12410,NULL,8477,Mariah Richardson,NULL
22887,NULL,14699,Mason Richardson,NULL
15662,NULL,19099,Megan Richardson,NULL
13858,NULL,8479,Melanie Richardson,NULL
11132,NULL,8490,Melissa Richardson,NULL
14021,NULL,8466,Michelle Richardson,NULL
26645,NULL,20679,Morgan Richardson,NULL
19114,NULL,2700,Natalie Richardson,NULL
12089,NULL,14716,Nathaniel Richardson,NULL
16652,NULL,19911,Nicole Richardson,NULL
20468,NULL,19313,Olivia Richardson,NULL
18080,NULL,8486,Paige Richardson,NULL
28233,NULL,14708,Patrick Richardson,NULL
14571,NULL,19713,Rachel Richardson,NULL
23025,NULL,14744,Richard Richardson,NULL
23379,NULL,8492,Riley Richardson,NULL
11312,NULL,8443,Sara Richardson,NULL
23177,NULL,8447,Savannah Richardson,NULL
24238,NULL,14706,Sean Richardson,NULL
22365,NULL,14721,Sebastian Richardson,NULL
16359,NULL,8472,Shelby Richardson,NULL
13763,NULL,3082,Stephanie Richardson,NULL
17149,NULL,14730,Steven Richardson,NULL
19408,NULL,3556,Taylor Richardson,NULL
11263,NULL,8473,Trinity Richardson,NULL
24817,NULL,19399,Victoria Richardson,NULL
11700,NULL,14757,Xavier Richardson,NULL
19900,NULL,8460,Zoe Richardson,NULL
26732,NULL,15195,Martin Rienstra,NULL
20919,NULL,8931,Gretchen Rivas,NULL
14717,NULL,3928,Abigail Rivera,NULL
25339,NULL,15226,Adrian Rivera,NULL
28165,NULL,8909,Alexa Rivera,NULL
11222,NULL,2773,Alexandra Rivera,NULL
13751,NULL,8900,Allison Rivera,NULL
26195,NULL,20130,Alyssa Rivera,NULL
11131,NULL,3003,Amanda Rivera,NULL
13316,NULL,15193,Angel Rivera,NULL
15659,NULL,8933,Angela Rivera,NULL
24293,NULL,3630,Anna Rivera,NULL
26173,NULL,8911,Ariana Rivera,NULL
24973,NULL,8934,Arianna Rivera,NULL
18610,NULL,8886,Bailey Rivera,NULL
16416,NULL,15207,Brian Rivera,NULL
21234,NULL,19203,Brianna Rivera,NULL
26698,NULL,8917,Brooke Rivera,NULL
18160,NULL,15220,Bryan Rivera,NULL
19871,NULL,15209,Bryce Rivera,NULL
26113,NULL,8913,Caitlin Rivera,NULL
18690,NULL,15192,Carlos Rivera,NULL
18064,NULL,8903,Catherine Rivera,NULL
15383,NULL,14608,Charles Rivera,NULL
28511,NULL,15211,Chase Rivera,NULL
11865,NULL,20251,Chloe Rivera,NULL
22521,NULL,8910,Christina Rivera,NULL
16887,NULL,14607,Cody Rivera,NULL
13736,NULL,15215,Cole Rivera,NULL
28366,NULL,14627,Dalton Rivera,NULL
26726,NULL,8904,Danielle Rivera,NULL
11204,NULL,20019,Destiny Rivera,NULL
25109,NULL,14612,Devin Rivera,NULL
27373,NULL,14614,Eduardo Rivera,NULL
28844,NULL,19500,Emma Rivera,NULL
16856,NULL,8925,Erin Rivera,NULL
26757,NULL,15196,Evan Rivera,NULL
25771,NULL,8889,Gabriella Rivera,NULL
27674,NULL,3306,Gabrielle Rivera,NULL
22642,NULL,15222,Garrett Rivera,NULL
14468,NULL,19603,Grace Rivera,NULL
20792,NULL,3159,Hailey Rivera,NULL
24754,NULL,3387,Haley Rivera,NULL
28152,NULL,14618,Ian Rivera,NULL
11771,NULL,15199,Isaac Rivera,NULL
23011,NULL,15194,Isaiah Rivera,NULL
16212,NULL,8935,Jacqueline Rivera,NULL
21970,NULL,8894,Jada Rivera,NULL
17139,NULL,8926,Jade Rivera,NULL
21781,NULL,15219,Jared Rivera,NULL
27025,NULL,19805,Jasmine Rivera,NULL
15545,NULL,20456,Jennifer Rivera,NULL
16978,NULL,14629,Jeremy Rivera,NULL
16249,NULL,15200,Jesse Rivera,NULL
27542,NULL,3476,Jessica Rivera,NULL
23015,NULL,15212,Juan Rivera,NULL
15490,NULL,20568,Kaitlyn Rivera,NULL
23948,NULL,8897,Katelyn Rivera,NULL
21636,NULL,2930,Katherine Rivera,NULL
24419,NULL,8899,Kaylee Rivera,NULL
12401,NULL,8920,Kimberly Rivera,NULL
21317,NULL,3705,Lauren Rivera,NULL
24275,NULL,14619,Lucas Rivera,NULL
21285,NULL,8888,Mackenzie Rivera,NULL
28783,NULL,8921,Makayla Rivera,NULL
14147,NULL,14616,Marcus Rivera,NULL
19741,NULL,3233,María Rivera,NULL
20261,NULL,8927,Mariah Rivera,NULL
20473,NULL,15197,Mason Rivera,NULL
15527,NULL,19092,Megan Rivera,NULL
13334,NULL,8929,Melanie Rivera,NULL
28759,NULL,8938,Melissa Rivera,NULL
23058,NULL,8916,Michelle Rivera,NULL
12949,NULL,20674,Morgan Rivera,NULL
27991,NULL,2698,Natalie Rivera,NULL
14051,NULL,15210,Nathaniel Rivera,NULL
23457,NULL,19906,Nicole Rivera,NULL
17669,NULL,19310,Olivia Rivera,NULL
16974,NULL,8937,Paige Rivera,NULL
28996,NULL,19712,Rachel Rivera,NULL
25998,NULL,14615,Richard Rivera,NULL
17944,NULL,8940,Riley Rivera,NULL
18785,NULL,8891,Sara Rivera,NULL
23182,NULL,8898,Savannah Rivera,NULL
29175,NULL,15202,Sean Rivera,NULL
17879,NULL,14624,Seth Rivera,NULL
18984,NULL,8922,Shelby Rivera,NULL
26828,NULL,3077,Stephanie Rivera,NULL
19083,NULL,15223,Steven Rivera,NULL
23736,NULL,2849,Sydney Rivera,NULL
17519,NULL,3552,Taylor Rivera,NULL
21737,NULL,15203,Timothy Rivera,NULL
20040,NULL,19395,Victoria Rivera,NULL
27255,NULL,14626,Xavier Rivera,NULL
25413,NULL,8907,Zoe Rivera,NULL
25042,NULL,8923,Arif Rizaldy,NULL
19025,NULL,15964,Aaron Roberts,NULL
11941,NULL,15979,Adam Roberts,NULL
18553,NULL,15992,Alex Roberts,NULL
11962,NULL,9537,Alexandra Roberts,NULL
29011,NULL,9575,Allison Roberts,NULL
17175,NULL,9542,Amanda Roberts,NULL
21582,NULL,9555,Amber Roberts,NULL
25965,NULL,9576,Andrea Roberts,NULL
29245,NULL,15987,Angel Roberts,NULL
21627,NULL,9562,Bailey Roberts,NULL
12656,NULL,4208,Blake Roberts,NULL
16074,NULL,15966,Caleb Roberts,NULL
23196,NULL,15984,Carlos Roberts,NULL
14913,NULL,10083,Chloe Roberts,NULL
21606,NULL,15968,Connor Roberts,NULL
26387,NULL,4517,Dalton Roberts,NULL
21718,NULL,4983,Devin Roberts,NULL
18478,NULL,5064,Eduardo Roberts,NULL
25882,NULL,3741,Edward Roberts,NULL
26728,NULL,15959,Elijah Roberts,NULL
24926,NULL,15981,Eric Roberts,NULL
28612,NULL,15954,Gabriel Roberts,NULL
16553,NULL,9566,Gabriella Roberts,NULL
29432,NULL,9549,Gabrielle Roberts,NULL
12985,NULL,9545,Hailey Roberts,NULL
28260,NULL,15941,Hunter Roberts,NULL
25424,NULL,4759,Ian Roberts,NULL
14268,NULL,10089,Isabella Roberts,NULL
27211,NULL,15991,Isaiah Roberts,NULL
14736,NULL,15976,Jack Roberts,NULL
21816,NULL,15983,Jackson Roberts,NULL
20496,NULL,9569,Jada Roberts,NULL
23757,NULL,15927,James Roberts,NULL
18970,NULL,15961,Jason Roberts,NULL
21587,NULL,9556,Jenna Roberts,NULL
11447,NULL,10086,Jennifer Roberts,NULL
24676,NULL,4045,Jeremy Roberts,NULL
16211,NULL,15998,Jesse Roberts,NULL
18417,NULL,15929,Jonathan Roberts,NULL
23432,NULL,15974,Jordan Roberts,NULL
16800,NULL,9559,Jordan Roberts,NULL
21942,NULL,10084,Julia Roberts,NULL
23616,NULL,10087,Karen Roberts,NULL
18348,NULL,9570,Katelyn Roberts,NULL
23371,NULL,9541,Katherine Roberts,NULL
20490,NULL,9573,Kaylee Roberts,NULL
20705,NULL,15953,Kevin Roberts,NULL
12217,NULL,15950,Kyle Roberts,NULL
21463,NULL,15933,Logan Roberts,NULL
21802,NULL,4278,Lucas Roberts,NULL
27664,NULL,15963,Luis Roberts,NULL
13755,NULL,15969,Luke Roberts,NULL
23599,NULL,9564,Mackenzie Roberts,NULL
26878,NULL,9551,Madeline Roberts,NULL
21593,NULL,4669,Marcus Roberts,NULL
11156,NULL,9548,Maria Roberts,NULL
29147,NULL,9554,Mary Roberts,NULL
11176,NULL,15994,Mason Roberts,NULL
13662,NULL,4129,Miguel Roberts,NULL
28176,NULL,9536,Natalie Roberts,NULL
29470,NULL,15936,Nathan Roberts,NULL
27042,NULL,15942,Noah Roberts,NULL
28000,NULL,9550,Rebecca Roberts,NULL
13416,NULL,4585,Richard Roberts,NULL
18986,NULL,15943,Robert Roberts,NULL
15400,NULL,15939,Samuel Roberts,NULL
26125,NULL,9567,Sara Roberts,NULL
20347,NULL,9572,Savannah Roberts,NULL
23468,NULL,15999,Sean Roberts,NULL
11510,NULL,4361,Seth Roberts,NULL
11775,NULL,9561,Sierra Roberts,NULL
27212,NULL,9553,Sophia Roberts,NULL
18373,NULL,9544,Stephanie Roberts,NULL
26080,NULL,9540,Sydney Roberts,NULL
21939,NULL,15949,Thomas Roberts,NULL
15900,NULL,3817,Wyatt Roberts,NULL
28062,NULL,4438,Xavier Roberts,NULL
11377,NULL,1699,David Robinett,NULL
18379,NULL,12064,Abigail Robinson,NULL
15737,NULL,18310,Alexander Robinson,NULL
27304,NULL,10732,Alexandra Robinson,NULL
17507,NULL,12019,Alexis Robinson,NULL
23134,NULL,11552,Alyssa Robinson,NULL
13745,NULL,18894,Andrew Robinson,NULL
25955,NULL,11606,Anna Robinson,NULL
26524,NULL,18379,Anthony Robinson,NULL
23003,NULL,12442,Ashley Robinson,NULL
17623,NULL,17576,Austin Robinson,NULL
17536,NULL,18196,Benjamin Robinson,NULL
12876,NULL,4173,Blake Robinson,NULL
15661,NULL,18450,Brandon Robinson,NULL
24446,NULL,11733,Brianna Robinson,NULL
22984,NULL,17530,Cameron Robinson,NULL
16003,NULL,11509,Carol Robinson,NULL
25066,NULL,4869,Charles Robinson,NULL
11715,NULL,11016,Chloe Robinson,NULL
20499,NULL,17983,Christian Robinson,NULL
12767,NULL,18253,Christopher Robinson,NULL
21413,NULL,4479,Dalton Robinson,NULL
19229,NULL,18140,David Robinson,NULL
17664,NULL,4941,Devin Robinson,NULL
11952,NULL,1701,Dorothy Robinson,NULL
14724,NULL,18526,Dylan Robinson,NULL
16263,NULL,5031,Eduardo Robinson,NULL
14256,NULL,11930,Elizabeth Robinson,NULL
12183,NULL,12253,Emily Robinson,NULL
16844,NULL,11883,Emma Robinson,NULL
18034,NULL,17851,Ethan Robinson,NULL
23479,NULL,3865,Fernando Robinson,NULL
25924,NULL,12298,Hannah Robinson,NULL
11155,NULL,17211,Hunter Robinson,NULL
13852,NULL,4722,Ian Robinson,NULL
20641,NULL,11240,Isabella Robinson,NULL
18349,NULL,18704,Jacob Robinson,NULL
23335,NULL,17637,James Robinson,NULL
26886,NULL,11414,Jasmine Robinson,NULL
26504,NULL,11104,Jennifer Robinson,NULL
14470,NULL,4007,Jeremy Robinson,NULL
20012,NULL,12111,Jessica Robinson,NULL
19531,NULL,18250,John Robinson,NULL
13235,NULL,17712,Jonathan Robinson,NULL
28141,NULL,18957,Joseph Robinson,NULL
28827,NULL,18798,Joshua Robinson,NULL
28121,NULL,11066,Julia Robinson,NULL
23289,NULL,18087,Justin Robinson,NULL
26576,NULL,11148,Kaitlyn Robinson,NULL
15483,NULL,10837,Katherine Robinson,NULL
27196,NULL,11655,Lauren Robinson,NULL
20508,NULL,17797,Logan Robinson,NULL
25018,NULL,4801,Lucas Robinson,NULL
18377,NULL,12344,Madison Robinson,NULL
19326,NULL,4633,Marcus Robinson,NULL
29376,NULL,18849,Matthew Robinson,NULL
16490,NULL,11698,Megan Robinson,NULL
15294,NULL,18747,Michael Robinson,NULL
25463,NULL,4095,Miguel Robinson,NULL
21753,NULL,11195,Morgan Robinson,NULL
15380,NULL,17681,Nathan Robinson,NULL
11174,NULL,19012,Nicholas Robinson,NULL
28730,NULL,11465,Nicole Robinson,NULL
17604,NULL,17324,Noah Robinson,NULL
16472,NULL,11778,Olivia Robinson,NULL
28014,NULL,11367,Rachel Robinson,NULL
11913,NULL,1700,Rebecca Robinson,NULL
26614,NULL,4545,Richard Robinson,NULL
12071,NULL,17259,Robert Robinson,NULL
26079,NULL,18012,Ryan Robinson,NULL
25848,NULL,17747,Samuel Robinson,NULL
27028,NULL,12486,Sarah Robinson,NULL
18789,NULL,4326,Seth Robinson,NULL
15404,NULL,10782,Sydney Robinson,NULL
24836,NULL,12159,Taylor Robinson,NULL
26637,NULL,17314,Thomas Robinson,NULL
26325,NULL,18593,Tyler Robinson,NULL
20103,NULL,18362,William Robinson,NULL
19659,NULL,3780,Wyatt Robinson,NULL
24438,NULL,4401,Xavier Robinson,NULL
13709,NULL,18583,Zachary Robinson,NULL
20164,NULL,1702,Carol Ann Rockne,NULL
20211,NULL,1703,Scott Rodgers,NULL
20562,NULL,1704,Jim Rodman,NULL
22301,NULL,12067,Abigail Rodriguez,NULL
24563,NULL,3191,Adriana Rodriguez,NULL
23064,NULL,18190,Alexander Rodriguez,NULL
21642,NULL,10736,Alexandra Rodriguez,NULL
15244,NULL,12022,Alexis Rodriguez,NULL
17732,NULL,15874,Allen Rodriguez,NULL
23472,NULL,11557,Alyssa Rodriguez,NULL
11812,NULL,18898,Andrew Rodriguez,NULL
12315,NULL,7275,Ann Rodriguez,NULL
13480,NULL,11609,Anna Rodriguez,NULL
23829,NULL,18393,Anthony Rodriguez,NULL
15438,NULL,10931,Arthur Rodriguez,NULL
20324,NULL,12445,Ashley Rodriguez,NULL
18873,NULL,17594,Austin Rodriguez,NULL
12554,NULL,3793,Barry Rodriguez,NULL
20399,NULL,18202,Benjamin Rodriguez,NULL
28060,NULL,4176,Blake Rodriguez,NULL
15752,NULL,16030,Bobby Rodriguez,NULL
13287,NULL,18454,Brandon Rodriguez,NULL
26311,NULL,15388,Brenda Rodriguez,NULL
25134,NULL,19529,Brett Rodriguez,NULL
22267,NULL,11737,Brianna Rodriguez,NULL
28473,NULL,10832,Bruce Rodriguez,NULL
29360,NULL,3946,Bryant Rodriguez,NULL
11301,NULL,17545,Cameron Rodriguez,NULL
21230,NULL,7569,Carla Rodriguez,NULL
21002,NULL,9970,Carolyn Rodriguez,NULL
25335,NULL,3842,Cesar Rodriguez,NULL
15346,NULL,4872,Charles Rodriguez,NULL
12525,NULL,18961,Chelsea Rodriguez,NULL
14017,NULL,11020,Chloe Rodriguez,NULL
21346,NULL,18060,Christian Rodriguez,NULL
25171,NULL,18256,Christopher Rodriguez,NULL
26379,NULL,7339,Cindy Rodriguez,NULL
17104,NULL,4111,Clifford Rodriguez,NULL
25739,NULL,19356,Cory Rodriguez,NULL
22206,NULL,19755,Cynthia Rodriguez,NULL
26109,NULL,4482,Dalton Rodriguez,NULL
16889,NULL,18660,Daniel Rodriguez,NULL
18499,NULL,10193,Darren Rodriguez,NULL
11168,NULL,18143,David Rodriguez,NULL
25611,NULL,9767,Deanna Rodriguez,NULL
26912,NULL,16266,Denise Rodriguez,NULL
22739,NULL,11512,Destiny Rodriguez,NULL
22658,NULL,4945,Devin Rodriguez,NULL
28525,NULL,8256,Dominic Rodriguez,NULL
28351,NULL,20059,Donald Rodriguez,NULL
19652,NULL,19443,Douglas Rodriguez,NULL
16611,NULL,18539,Dylan Rodriguez,NULL
14517,NULL,9660,Ebony Rodriguez,NULL
25486,NULL,8163,Edgar Rodriguez,NULL
17396,NULL,5034,Eduardo Rodriguez,NULL
13490,NULL,4259,Edward Rodriguez,NULL
18129,NULL,11932,Elizabeth Rodriguez,NULL
27559,NULL,12259,Emily Rodriguez,NULL
13191,NULL,11886,Emma Rodriguez,NULL
28768,NULL,7993,Emmanuel Rodriguez,NULL
27209,NULL,3005,Erick Rodriguez,NULL
21695,NULL,17876,Ethan Rodriguez,NULL
13117,NULL,3127,Evelyn Rodriguez,NULL
12967,NULL,3868,Fernando Rodriguez,NULL
24361,NULL,16718,Francisco Rodriguez,NULL
24458,NULL,7893,Frederick Rodriguez,NULL
20817,NULL,8307,Geoffrey Rodriguez,NULL
19059,NULL,20220,George Rodriguez,NULL
12216,NULL,10747,Gerald Rodriguez,NULL
23200,NULL,11328,Grace Rodriguez,NULL
13286,NULL,12303,Hannah Rodriguez,NULL
21184,NULL,2895,Harold Rodriguez,NULL
25120,NULL,15284,Heidi Rodriguez,NULL
11307,NULL,17232,Hunter Rodriguez,NULL
12709,NULL,4725,Ian Rodriguez,NULL
28221,NULL,11243,Isabella Rodriguez,NULL
25305,NULL,8207,Ivan Rodriguez,NULL
14394,NULL,18708,Jacob Rodriguez,NULL
18974,NULL,17644,James Rodriguez,NULL
26887,NULL,18572,Janelle Rodriguez,NULL
13636,NULL,2945,Jarrod Rodriguez,NULL
23684,NULL,11418,Jasmine Rodriguez,NULL
28411,NULL,10296,Jay Rodriguez,NULL
27067,NULL,11106,Jennifer Rodriguez,NULL
17464,NULL,4010,Jeremy Rodriguez,NULL
16431,NULL,8037,Jermaine Rodriguez,NULL
21669,NULL,12115,Jessica Rodriguez,NULL
20940,NULL,15341,Jillian Rodriguez,NULL
16488,NULL,20100,Joel Rodriguez,NULL
18528,NULL,18365,John Rodriguez,NULL
17973,NULL,15907,Johnathan Rodriguez,NULL
13046,NULL,17717,Jonathan Rodriguez,NULL
12527,NULL,17414,José Rodriguez,NULL
28832,NULL,18962,Joseph Rodriguez,NULL
23511,NULL,18802,Joshua Rodriguez,NULL
26488,NULL,11069,Julia Rodriguez,NULL
11838,NULL,18096,Justin Rodriguez,NULL
21107,NULL,3247,Kaitlin Rodriguez,NULL
21159,NULL,11151,Kaitlyn Rodriguez,NULL
19514,NULL,10517,Kari Rodriguez,NULL
28181,NULL,10840,Katherine Rodriguez,NULL
28197,NULL,11980,Kayla Rodriguez,NULL
14345,NULL,10720,Kristi Rodriguez,NULL
28998,NULL,19717,Kristina Rodriguez,NULL
14569,NULL,16121,Kristopher Rodriguez,NULL
27037,NULL,11659,Lauren Rodriguez,NULL
28911,NULL,7943,Levi Rodriguez,NULL
15959,NULL,17803,Logan Rodriguez,NULL
15942,NULL,4804,Lucas Rodriguez,NULL
24697,NULL,15946,Manuel Rodriguez,NULL
25932,NULL,4635,Marcus Rodriguez,NULL
17960,NULL,10078,Marie Rodriguez,NULL
19678,NULL,15778,Martin Rodriguez,NULL
22629,NULL,18856,Matthew Rodriguez,NULL
11620,NULL,11700,Megan Rodriguez,NULL
25679,NULL,10618,Meredith Rodriguez,NULL
16810,NULL,18752,Michael Rodriguez,NULL
15387,NULL,4099,Miguel Rodriguez,NULL
11179,NULL,16169,Molly Rodriguez,NULL
28951,NULL,19565,Monica Rodriguez,NULL
23730,NULL,11198,Morgan Rodriguez,NULL
20773,NULL,11284,Natalie Rodriguez,NULL
23173,NULL,17704,Nathan Rodriguez,NULL
14604,NULL,18331,Nicholas Rodriguez,NULL
20803,NULL,11467,Nicole Rodriguez,NULL
22325,NULL,17328,Noah Rodriguez,NULL
15285,NULL,11785,Olivia Rodriguez,NULL
29065,NULL,15567,Pamela Rodriguez,NULL
22273,NULL,19683,Patricia Rodriguez,NULL
17911,NULL,11676,Pedro Rodriguez,NULL
20548,NULL,20179,Phillip Rodriguez,NULL
13849,NULL,4006,Preston Rodriguez,NULL
11944,NULL,15521,Rachael Rodriguez,NULL
17762,NULL,11375,Rachel Rodriguez,NULL
11352,NULL,19484,Raymond Rodriguez,NULL
24082,NULL,7679,Regina Rodriguez,NULL
12969,NULL,4553,Richard Rodriguez,NULL
14998,NULL,17274,Robert Rodriguez,NULL
28757,NULL,20145,Ronald Rodriguez,NULL
19045,NULL,11783,Ross Rodriguez,NULL
12589,NULL,11229,Ruben Rodriguez,NULL
26179,NULL,3299,Ruth Rodriguez,NULL
26492,NULL,18018,Ryan Rodriguez,NULL
21245,NULL,12399,Samantha Rodriguez,NULL
22751,NULL,17807,Samuel Rodriguez,NULL
21369,NULL,12490,Sarah Rodriguez,NULL
15239,NULL,7848,Sergio Rodriguez,NULL
14203,NULL,4329,Seth Rodriguez,NULL
20704,NULL,19401,Shane Rodriguez,NULL
29435,NULL,4060,Stanley Rodriguez,NULL
12459,NULL,7393,Stefanie Rodriguez,NULL
29390,NULL,3062,Summer Rodriguez,NULL
28001,NULL,10786,Sydney Rodriguez,NULL
21785,NULL,10406,Tabitha Rodriguez,NULL
15233,NULL,7453,Tammy Rodriguez,NULL
16071,NULL,12164,Taylor Rodriguez,NULL
12333,NULL,8097,Terrance Rodriguez,NULL
12073,NULL,17404,Thomas Rodriguez,NULL
27888,NULL,16222,Tina Rodriguez,NULL
25251,NULL,3367,Toni Rodriguez,NULL
28758,NULL,15828,Troy Rodriguez,NULL
12085,NULL,18637,Tyler Rodriguez,NULL
27159,NULL,19002,Veronica Rodriguez,NULL
28837,NULL,11835,Victoria Rodriguez,NULL
17211,NULL,7626,Virginia Rodriguez,NULL
24714,NULL,18921,Whitney Rodriguez,NULL
28274,NULL,18368,William Rodriguez,NULL
21218,NULL,3782,Wyatt Rodriguez,NULL
27462,NULL,4407,Xavier Rodriguez,NULL
14748,NULL,18588,Don Roessler,NULL
18815,NULL,3917,Abigail Rogers,NULL
23450,NULL,15358,Alex Rogers,NULL
26463,NULL,9058,Alexa Rogers,NULL
24693,NULL,2768,Alexandra Rogers,NULL
12161,NULL,9087,Alexandria Rogers,NULL
25487,NULL,9051,Allison Rogers,NULL
21773,NULL,20113,Alyssa Rogers,NULL
13920,NULL,2994,Amanda Rogers,NULL
14328,NULL,9052,Andrea Rogers,NULL
21147,NULL,15354,Angel Rogers,NULL
13913,NULL,9089,Angela Rogers,NULL
21201,NULL,3618,Anna Rogers,NULL
11486,NULL,9063,Ariana Rogers,NULL
12438,NULL,9037,Bailey Rogers,NULL
29079,NULL,15372,Brian Rogers,NULL
22536,NULL,19191,Brianna Rogers,NULL
18476,NULL,9072,Brooke Rogers,NULL
26890,NULL,15389,Bryan Rogers,NULL
17402,NULL,15373,Bryce Rogers,NULL
25899,NULL,9064,Caitlin Rogers,NULL
19645,NULL,15352,Carlos Rogers,NULL
16076,NULL,9053,Catherine Rogers,NULL
16770,NULL,15396,Charles Rogers,NULL
27648,NULL,15379,Chase Rogers,NULL
20439,NULL,20236,Chloe Rogers,NULL
21668,NULL,9060,Christina Rogers,NULL
26892,NULL,15395,Cody Rogers,NULL
28235,NULL,15383,Cole Rogers,NULL
22115,NULL,15410,Dalton Rogers,NULL
14511,NULL,9055,Danielle Rogers,NULL
11626,NULL,20004,Destiny Rogers,NULL
17544,NULL,15400,Eduardo Rogers,NULL
13072,NULL,19487,Emma Rogers,NULL
12364,NULL,9079,Erin Rogers,NULL
24327,NULL,15361,Evan Rogers,NULL
24682,NULL,9097,Faith Rogers,NULL
24635,NULL,3298,Gabrielle Rogers,NULL
15739,NULL,15391,Garrett Rogers,NULL
13861,NULL,3149,Hailey Rogers,NULL
16860,NULL,3375,Haley Rogers,NULL
19004,NULL,15404,Ian Rogers,NULL
25364,NULL,15365,Isaac Rogers,NULL
18588,NULL,20758,Isabella Rogers,NULL
29235,NULL,15356,Isaiah Rogers,NULL
25015,NULL,9093,Jacqueline Rogers,NULL
13884,NULL,9042,Jada Rogers,NULL
14332,NULL,9081,Jade Rogers,NULL
12166,NULL,15385,Jared Rogers,NULL
23243,NULL,19794,Jasmine Rogers,NULL
22780,NULL,20442,Jennifer Rogers,NULL
19323,NULL,15411,Jeremy Rogers,NULL
17462,NULL,15367,Jesse Rogers,NULL
23026,NULL,3465,Jessica Rogers,NULL
14926,NULL,15381,Juan Rogers,NULL
26305,NULL,20341,Julia Rogers,NULL
16979,NULL,20552,Kaitlyn Rogers,NULL
13479,NULL,9046,Katelyn Rogers,NULL
20395,NULL,2919,Katherine Rogers,NULL
14388,NULL,9049,Kaylee Rogers,NULL
22740,NULL,9073,Kimberly Rogers,NULL
22051,NULL,3692,Lauren Rogers,NULL
25085,NULL,15406,Lucas Rogers,NULL
20589,NULL,9038,Mackenzie Rogers,NULL
17141,NULL,9074,Makayla Rogers,NULL
13415,NULL,15403,Marcus Rogers,NULL
14735,NULL,3223,Maria Rogers,NULL
23851,NULL,9082,Mariah Rogers,NULL
12779,NULL,15363,Mason Rogers,NULL
19857,NULL,19079,Megan Rogers,NULL
19140,NULL,9084,Melanie Rogers,NULL
28415,NULL,9099,Melissa Rogers,NULL
11674,NULL,20654,Morgan Rogers,NULL
14577,NULL,2685,Natalie Rogers,NULL
18473,NULL,15378,Nathaniel Rogers,NULL
22255,NULL,19890,Nicole Rogers,NULL
12020,NULL,19296,Olivia Rogers,NULL
17125,NULL,9094,Paige Rogers,NULL
18578,NULL,15370,Patrick Rogers,NULL
25886,NULL,19693,Rachel Rogers,NULL
13382,NULL,15402,Richard Rogers,NULL
26648,NULL,9100,Riley Rogers,NULL
19874,NULL,9041,Sara Rogers,NULL
18685,NULL,15368,Sean Rogers,NULL
12911,NULL,15382,Sebastian Rogers,NULL
14318,NULL,15407,Seth Rogers,NULL
11712,NULL,9076,Shelby Rogers,NULL
16077,NULL,3068,Stephanie Rogers,NULL
12940,NULL,15393,Steven Rogers,NULL
27601,NULL,2835,Sydney Rogers,NULL
13177,NULL,3542,Taylor Rogers,NULL
17180,NULL,15369,Timothy Rogers,NULL
15174,NULL,9077,Trinity Rogers,NULL
15658,NULL,19381,Victoria Rogers,NULL
11793,NULL,15408,Xavier Rogers,NULL
28578,NULL,9057,Zoe Rogers,NULL
16131,NULL,14910,Albert Romero,NULL
11586,NULL,6624,Alberto Romero,NULL
11196,NULL,2800,Alfredo Romero,NULL
28750,NULL,2740,Andy Romero,NULL
18514,NULL,14370,Anne Romero,NULL
12596,NULL,6950,Armando Romero,NULL
12712,NULL,10962,Arthur Romero,NULL
22387,NULL,6019,Audrey Romero,NULL
20726,NULL,6083,Beth Romero,NULL
20419,NULL,15747,Billy Romero,NULL
19381,NULL,18479,Brandi Romero,NULL
19284,NULL,13549,Briana Romero,NULL
17999,NULL,19663,Byron Romero,NULL
22257,NULL,17864,Carrie Romero,NULL
25786,NULL,6185,Cheryl Romero,NULL
28132,NULL,14621,Clinton Romero,NULL
20981,NULL,19065,Craig Romero,NULL
14198,NULL,5983,Daisy Romero,NULL
23741,NULL,17819,Dana Romero,NULL
26867,NULL,14756,Danny Romero,NULL
19195,NULL,10225,Darren Romero,NULL
23570,NULL,9798,Deanna Romero,NULL
29168,NULL,19111,Derrick Romero,NULL
17239,NULL,13850,Desiree Romero,NULL
17760,NULL,18654,Diana Romero,NULL
21947,NULL,15529,Diane Romero,NULL
28314,NULL,20480,Dwayne Romero,NULL
27717,NULL,9688,Ebony Romero,NULL
28883,NULL,6683,Eddie Romero,NULL
29403,NULL,19279,Erik Romero,NULL
19958,NULL,18700,Erika Romero,NULL
27392,NULL,14279,Felicia Romero,NULL
22196,NULL,2459,Francis Romero,NULL
15209,NULL,18339,Frank Romero,NULL
22181,NULL,19028,Gary Romero,NULL
19322,NULL,10768,Gerald Romero,NULL
14234,NULL,15053,Gina Romero,NULL
13189,NULL,16433,Gloria Romero,NULL
25299,NULL,14715,Hector Romero,NULL
25815,NULL,6357,Jacquelyn Romero,NULL
28508,NULL,7060,Jaime Romero,NULL
26612,NULL,6241,Janet Romero,NULL
13099,NULL,10330,Jay Romero,NULL
11337,NULL,7701,Jerome Romero,NULL
25030,NULL,5525,Jessie Romero,NULL
16326,NULL,18382,Jésus Romero,NULL
27704,NULL,15642,Jimmy Romero,NULL
21521,NULL,13978,Joanna Romero,NULL
17943,NULL,11052,Joe Romero,NULL
26268,NULL,14483,Jonathon Romero,NULL
24886,NULL,14059,Joy Romero,NULL
16324,NULL,12496,Juan Romero,NULL
22857,NULL,7001,Julio Romero,NULL
21861,NULL,10544,Kari Romero,NULL
14019,NULL,18569,Kathleen Romero,NULL
24544,NULL,15989,Kellie Romero,NULL
26826,NULL,15149,Kendra Romero,NULL
14956,NULL,14221,Krista Romero,NULL
16965,NULL,9589,Kristi Romero,NULL
16306,NULL,6306,Kristine Romero,NULL
18310,NULL,14856,Lance Romero,NULL
12600,NULL,18428,Larry Romero,NULL
14220,NULL,6135,Latasha Romero,NULL
16687,NULL,14446,Lawrence Romero,NULL
20389,NULL,14407,Lee Romero,NULL
21017,NULL,18523,Leslie Romero,NULL
20725,NULL,13812,Linda Romero,NULL
28738,NULL,14109,Lori Romero,NULL
26434,NULL,7162,Mallory Romero,NULL
27448,NULL,15697,Marc Romero,NULL
20424,NULL,10106,Marie Romero,NULL
16043,NULL,14525,Mathew Romero,NULL
29316,NULL,2689,Max Romero,NULL
12260,NULL,14060,Melinda Romero,NULL
18134,NULL,16904,Melody Romero,NULL
29452,NULL,10643,Meredith Romero,NULL
23763,NULL,14570,Micheal Romero,NULL
24214,NULL,9014,Michele Romero,NULL
22712,NULL,13768,Monique Romero,NULL
21543,NULL,17377,Naomi Romero,NULL
13202,NULL,18749,Natasha Romero,NULL
28424,NULL,6851,Neil Romero,NULL
25728,NULL,19240,Nelson Romero,NULL
22654,NULL,18810,Orlando Romero,NULL
16691,NULL,15047,Paula Romero,NULL
17123,NULL,11702,Pedro Romero,NULL
22195,NULL,19195,Philip Romero,NULL
17742,NULL,14967,Randall Romero,NULL
22916,NULL,6461,Raquel Romero,NULL
26413,NULL,9900,Rebekah Romero,NULL
12854,NULL,7757,Reginald Romero,NULL
16639,NULL,15007,Renee Romero,NULL
21361,NULL,15592,Ricky Romero,NULL
18285,NULL,14810,Roberto Romero,NULL
11435,NULL,13722,Robin Romero,NULL
27802,NULL,13040,Robyn Romero,NULL
14521,NULL,13681,Rodney Romero,NULL
20859,NULL,11159,Roy Romero,NULL
16632,NULL,11264,Ruben Romero,NULL
28534,NULL,14174,Sabrina Romero,NULL
26381,NULL,20067,Shannon Romero,NULL
20577,NULL,14551,Sheila Romero,NULL
22416,NULL,10438,Tabitha Romero,NULL
18481,NULL,14024,Tanya Romero,NULL
26834,NULL,15204,Teresa Romero,NULL
23747,NULL,6731,Theodore Romero,NULL
25665,NULL,13897,Theresa Romero,NULL
12211,NULL,19237,Victor Romero,NULL
25020,NULL,14700,Walter Romero,NULL
11372,NULL,13938,Wendy Romero,NULL
11888,NULL,5483,Aaron Ross,NULL
20855,NULL,3957,Abigail Ross,NULL
27450,NULL,12796,Abigail Ross,NULL
11099,NULL,5231,Adam Ross,NULL
11541,NULL,12902,Aidan Ross,NULL
26623,NULL,2802,Alexandra Ross,NULL
24670,NULL,7605,Alexandria Ross,NULL
13231,NULL,7099,Alexia Ross,NULL
15983,NULL,12748,Alexis Ross,NULL
16248,NULL,20182,Alyssa Ross,NULL
12727,NULL,3029,Amanda Ross,NULL
12899,NULL,7435,Ana Ross,NULL
18393,NULL,7649,Angela Ross,NULL
22878,NULL,7134,Angelica Ross,NULL
15494,NULL,3659,Anna Ross,NULL
18322,NULL,13190,Antonio Ross,NULL
26774,NULL,7694,Arianna Ross,NULL
21421,NULL,12566,Ashley Ross,NULL
13742,NULL,6695,Benjamin Ross,NULL
13370,NULL,13587,Blake Ross,NULL
14132,NULL,6894,Brandon Ross,NULL
12875,NULL,19239,Brianna Ross,NULL
20305,NULL,5535,Caleb Ross,NULL
17573,NULL,6776,Caroline Ross,NULL
15909,NULL,6815,Cassidy Ross,NULL
29404,NULL,20289,Chloe Ross,NULL
11831,NULL,6749,Christian Ross,NULL
20816,NULL,5589,Connor Ross,NULL
11537,NULL,12944,Dakota Ross,NULL
23826,NULL,13451,Dalton Ross,NULL
17143,NULL,6651,David Ross,NULL
25436,NULL,20065,Destiny Ross,NULL
11411,NULL,14287,Devin Ross,NULL
27988,NULL,6948,Dylan Ross,NULL
15245,NULL,13731,Eduardo Ross,NULL
22368,NULL,13632,Edward Ross,NULL
11325,NULL,5887,Elijah Ross,NULL
14118,NULL,12658,Elizabeth Ross,NULL
20639,NULL,12988,Emily Ross,NULL
18350,NULL,19539,Emma Ross,NULL
29244,NULL,5274,Eric Ross,NULL
23884,NULL,6488,Ethan Ross,NULL
20672,NULL,13100,Fernando Ross,NULL
16314,NULL,5837,Gabriel Ross,NULL
19253,NULL,3335,Gabrielle Ross,NULL
16114,NULL,13281,Gavin Ross,NULL
28579,NULL,19640,Grace Ross,NULL
13612,NULL,3185,Hailey Ross,NULL
25361,NULL,3414,Haley Ross,NULL
18472,NULL,13027,Hannah Ross,NULL
24722,NULL,6034,Hunter Ross,NULL
23029,NULL,13868,Ian Ross,NULL
27379,NULL,7471,Isabel Ross,NULL
14292,NULL,2532,Isabella Ross,NULL
18554,NULL,7506,Isabelle Ross,NULL
14662,NULL,5182,Jack Ross,NULL
27546,NULL,5325,Jackson Ross,NULL
18918,NULL,7734,Jacqueline Ross,NULL
14270,NULL,6340,James Ross,NULL
28838,NULL,19845,Jasmine Ross,NULL
27081,NULL,5381,Jason Ross,NULL
28897,NULL,20504,Jennifer Ross,NULL
15403,NULL,13498,Jeremiah Ross,NULL
14880,NULL,3509,Jessica Ross,NULL
24687,NULL,7177,Joan Ross,NULL
21911,NULL,7811,Joan Ross,NULL
21451,NULL,7225,Jocelyn Ross,NULL
21715,NULL,6399,Jonathan Ross,NULL
24768,NULL,5137,Jordan Ross,NULL
23781,NULL,6857,Jordyn Ross,NULL
27441,NULL,6194,Jose Ross,NULL
16839,NULL,20390,Julia Ross,NULL
11363,NULL,13323,Julian Ross,NULL
14076,NULL,6597,Justin Ross,NULL
16121,NULL,20607,Kaitlyn Ross,NULL
20292,NULL,2955,Katherine Ross,NULL
14664,NULL,12708,Kayla Ross,NULL
26076,NULL,7542,Kelly Ross,NULL
18993,NULL,5793,Kevin Ross,NULL
22057,NULL,5737,Kyle Ross,NULL
11794,NULL,19035,Lauren Ross,NULL
13398,NULL,6445,Logan Ross,NULL
26181,NULL,13913,Lucas Ross,NULL
20865,NULL,5427,Luis Ross,NULL
12070,NULL,5632,Luke Ross,NULL
23163,NULL,13073,Madison Ross,NULL
26508,NULL,13819,Marcus Ross,NULL
27530,NULL,3261,Maria Ross,NULL
12104,NULL,8079,Mariah Ross,NULL
27092,NULL,7058,Marissa Ross,NULL
21712,NULL,19136,Megan Ross,NULL
25872,NULL,8118,Melanie Ross,NULL
15405,NULL,13545,Miguel Ross,NULL
14598,NULL,7269,Miranda Ross,NULL
21937,NULL,20711,Morgan Ross,NULL
27715,NULL,7304,Mya Ross,NULL
12916,NULL,2724,Natalie Ross,NULL
23148,NULL,5934,Nathan Ross,NULL
15958,NULL,19954,Nicole Ross,NULL
14773,NULL,6085,Noah Ross,NULL
20702,NULL,13370,Oscar Ross,NULL
28026,NULL,7775,Paige Ross,NULL
20669,NULL,19746,Rachel Ross,NULL
20877,NULL,13772,Richard Ross,NULL
28225,NULL,6139,Robert Ross,NULL
16428,NULL,6544,Ryan Ross,NULL
27918,NULL,12522,Samantha Ross,NULL
15957,NULL,5989,Samuel Ross,NULL
22307,NULL,12617,Sarah Ross,NULL
18433,NULL,13955,Seth Ross,NULL
25471,NULL,13141,Spencer Ross,NULL
29211,NULL,3106,Stephanie Ross,NULL
11226,NULL,2873,Sydney Ross,NULL
26545,NULL,3583,Taylor Ross,NULL
26249,NULL,5684,Thomas Ross,NULL
28071,NULL,12820,Trevor Ross,NULL
12072,NULL,12863,Tristan Ross,NULL
13299,NULL,7397,Vanessa Ross,NULL
17545,NULL,13672,Wyatt Ross,NULL
12202,NULL,13395,Xavier Ross,NULL
18406,NULL,7007,Zachary Ross,NULL
20668,NULL,1705,Eric Rothenberg,NULL
20813,NULL,1706,Michael Rothkugel,NULL
21279,NULL,1708,Linda Rousey,NULL
21190,NULL,1707,Pablo Rovira Diez,NULL
26973,NULL,6647,Alberto Rowe,NULL
20938,NULL,10028,Carolyn Rowe,NULL
20967,NULL,19139,Casey Rowe,NULL
13615,NULL,6381,Jacquelyn Rowe,NULL
28692,NULL,10729,Kristi Rowe,NULL
25595,NULL,18414,Larry Rowe,NULL
28774,NULL,6125,Latasha Rowe,NULL
18521,NULL,18820,Meghan Rowe,NULL
28388,NULL,14809,Sheila Rowe,NULL
17794,NULL,6770,Theodore Rowe,NULL
14586,NULL,19433,Todd Rowe,NULL
21403,NULL,1710,Lisa Roy,NULL
21286,NULL,1709,Luke Roy,NULL
27846,NULL,14933,Albert Rubio,NULL
17929,NULL,2833,Alfredo Rubio,NULL
22551,NULL,2771,Andy Rubio,NULL
13567,NULL,14393,Anne Rubio,NULL
25526,NULL,6980,Armando Rubio,NULL
13297,NULL,10980,Arthur Rubio,NULL
15482,NULL,6054,Audrey Rubio,NULL
20240,NULL,6117,Beth Rubio,NULL
21536,NULL,15771,Billy Rubio,NULL
23149,NULL,18504,Brandi Rubio,NULL
23343,NULL,10893,Bruce Rubio,NULL
18622,NULL,19872,Byron Rubio,NULL
12828,NULL,9719,Carol Rubio,NULL
23595,NULL,17882,Carrie Rubio,NULL
24152,NULL,19173,Casey Rubio,NULL
25612,NULL,14642,Clinton Rubio,NULL
16937,NULL,19089,Craig Rubio,NULL
16181,NULL,6284,Daisy Rubio,NULL
19311,NULL,17839,Dana Rubio,NULL
11490,NULL,14781,Danny Rubio,NULL
16548,NULL,10254,Darren Rubio,NULL
19573,NULL,9826,Deanna Rubio,NULL
23525,NULL,19133,Derrick Rubio,NULL
21189,NULL,13883,Desiree Rubio,NULL
16310,NULL,18681,Diana Rubio,NULL
24818,NULL,15788,Diane Rubio,NULL
28527,NULL,20689,Dwayne Rubio,NULL
11552,NULL,6707,Eddie Rubio,NULL
15064,NULL,19302,Erik Rubio,NULL
11452,NULL,18727,Erika Rubio,NULL
24131,NULL,14303,Felicia Rubio,NULL
28764,NULL,18360,Frank Rubio,NULL
20150,NULL,19050,Gary Rubio,NULL
25769,NULL,10790,Gerald Rubio,NULL
14729,NULL,16673,Gloria Rubio,NULL
15007,NULL,7089,Jaime Rubio,NULL
27179,NULL,14683,Jamie Rubio,NULL
19726,NULL,13662,Javier Rubio,NULL
15179,NULL,10360,Jay Rubio,NULL
14792,NULL,7732,Jerome Rubio,NULL
27868,NULL,5804,Jessie Rubio,NULL
25616,NULL,18406,Jésus Rubio,NULL
13838,NULL,15118,Jill Rubio,NULL
20837,NULL,15672,Jimmy Rubio,NULL
28251,NULL,11080,Joe Rubio,NULL
16170,NULL,12767,Juan Rubio,NULL
17945,NULL,7028,Julio Rubio,NULL
20820,NULL,18591,Kathleen Rubio,NULL
27653,NULL,16231,Kellie Rubio,NULL
17047,NULL,15175,Kendra Rubio,NULL
12243,NULL,14348,Kristy Rubio,NULL
19477,NULL,14880,Lance Rubio,NULL
14223,NULL,18463,Larry Rubio,NULL
11246,NULL,6162,Latasha Rubio,NULL
24761,NULL,14470,Lawrence Rubio,NULL
29364,NULL,14427,Lee Rubio,NULL
19081,NULL,18544,Leslie Rubio,NULL
11600,NULL,13837,Linda Rubio,NULL
17883,NULL,14138,Lori Rubio,NULL
11098,NULL,5986,Mallory Rubio,NULL
27854,NULL,15721,Marc Rubio,NULL
20618,NULL,10130,Marie Rubio,NULL
22077,NULL,6928,Marvin Rubio,NULL
11933,NULL,14552,Mathew Rubio,NULL
19578,NULL,2718,Max Rubio,NULL
12738,NULL,14088,Melinda Rubio,NULL
12622,NULL,14603,Micheal Rubio,NULL
21769,NULL,9039,Michele Rubio,NULL
29101,NULL,13794,Monique Rubio,NULL
13627,NULL,18775,Natasha Rubio,NULL
20953,NULL,6879,Neil Rubio,NULL
26433,NULL,19468,Nelson Rubio,NULL
19910,NULL,19037,Orlando Rubio,NULL
13727,NULL,15302,Paula Rubio,NULL
23098,NULL,11736,Pedro Rubio,NULL
21876,NULL,19217,Philip Rubio,NULL
17286,NULL,14987,Randall Rubio,NULL
24699,NULL,9927,Rebekah Rubio,NULL
26827,NULL,15036,Renee Rubio,NULL
24562,NULL,15616,Ricky Rubio,NULL
25485,NULL,14834,Roberto Rubio,NULL
15707,NULL,13754,Robin Rubio,NULL
18469,NULL,13314,Robyn Rubio,NULL
12368,NULL,13708,Rodney Rubio,NULL
21540,NULL,11828,Ross Rubio,NULL
26953,NULL,11184,Roy Rubio,NULL
18871,NULL,10155,Ruben Rubio,NULL
20984,NULL,14195,Sabrina Rubio,NULL
21473,NULL,18633,Stacy Rubio,NULL
15598,NULL,14049,Tanya Rubio,NULL
27121,NULL,15230,Teresa Rubio,NULL
21743,NULL,13924,Theresa Rubio,NULL
15624,NULL,6830,Tyrone Rubio,NULL
16193,NULL,19260,Victor Rubio,NULL
25912,NULL,13619,Walter Rubio,NULL
21867,NULL,1711,Michael Ruggiero,NULL
13523,NULL,7096,Adrienne Ruiz,NULL
25212,NULL,6602,Alberto Ruiz,NULL
21975,NULL,2781,Alfredo Ruiz,NULL
22708,NULL,14357,Anne Ruiz,NULL
18020,NULL,6936,Armando Ruiz,NULL
23920,NULL,10940,Arthur Ruiz,NULL
12645,NULL,5997,Audrey Ruiz,NULL
14342,NULL,6062,Beth Ruiz,NULL
26500,NULL,15728,Billy Ruiz,NULL
12221,NULL,18469,Brandi Ruiz,NULL
20906,NULL,13385,Briana Ruiz,NULL
16171,NULL,10844,Bruce Ruiz,NULL
27863,NULL,9983,Carolyn Ruiz,NULL
18644,NULL,17849,Carrie Ruiz,NULL
12719,NULL,6173,Cheryl Ruiz,NULL
27432,NULL,19056,Craig Ruiz,NULL
14819,NULL,18827,Dana Ruiz,NULL
24456,NULL,14745,Danny Ruiz,NULL
27835,NULL,10204,Darren Ruiz,NULL
24833,NULL,9779,Deanna Ruiz,NULL
12634,NULL,19096,Derrick Ruiz,NULL
12736,NULL,18640,Diana Ruiz,NULL
14818,NULL,15387,Diane Ruiz,NULL
26323,NULL,20350,Dwayne Ruiz,NULL
25683,NULL,9669,Ebony Ruiz,NULL
23937,NULL,6659,Eddie Ruiz,NULL
25613,NULL,19266,Erik Ruiz,NULL
19192,NULL,18689,Erika Ruiz,NULL
18914,NULL,14261,Felicia Ruiz,NULL
21381,NULL,20765,Francis Ruiz,NULL
14260,NULL,19308,Frank Ruiz,NULL
21097,NULL,19013,Gary Ruiz,NULL
21838,NULL,10758,Gerald Ruiz,NULL
27153,NULL,15041,Gina Ruiz,NULL
12343,NULL,16299,Gloria Ruiz,NULL
27592,NULL,14701,Hector Ruiz,NULL
25738,NULL,6343,Jacquelyn Ruiz,NULL
25609,NULL,7037,Jaime Ruiz,NULL
22818,NULL,6224,Janet Ruiz,NULL
24013,NULL,10310,Jay Ruiz,NULL
21549,NULL,7691,Jerome Ruiz,NULL
14423,NULL,15079,Jill Ruiz,NULL
22486,NULL,15625,Jimmy Ruiz,NULL
14137,NULL,13903,Joy Ruiz,NULL
28746,NULL,2843,Juan Ruiz,NULL
11005,NULL,6990,Julio Ruiz,NULL
12695,NULL,10527,Kari Ruiz,NULL
17159,NULL,15863,Kellie Ruiz,NULL
25598,NULL,15129,Kendra Ruiz,NULL
13081,NULL,14202,Krista Ruiz,NULL
24607,NULL,6285,Kristine Ruiz,NULL
22484,NULL,14311,Kristy Ruiz,NULL
22779,NULL,14842,Lance Ruiz,NULL
26032,NULL,18509,Leslie Ruiz,NULL
12545,NULL,15680,Marc Ruiz,NULL
27498,NULL,10093,Marie Ruiz,NULL
18796,NULL,6884,Marvin Ruiz,NULL
22867,NULL,2641,Max Ruiz,NULL
15629,NULL,18780,Meghan Ruiz,NULL
13621,NULL,16749,Melody Ruiz,NULL
11598,NULL,10626,Meredith Ruiz,NULL
16458,NULL,8999,Michele Ruiz,NULL
23649,NULL,17230,Naomi Ruiz,NULL
21994,NULL,18736,Natasha Ruiz,NULL
29477,NULL,6836,Neil Ruiz,NULL
23638,NULL,19102,Nelson Ruiz,NULL
14377,NULL,14885,Paula Ruiz,NULL
24034,NULL,11685,Pedro Ruiz,NULL
18077,NULL,19178,Philip Ruiz,NULL
26171,NULL,14943,Randall Ruiz,NULL
15393,NULL,9884,Rebekah Ruiz,NULL
23931,NULL,7740,Reginald Ruiz,NULL
26499,NULL,14995,Renee Ruiz,NULL
20718,NULL,15575,Ricky Ruiz,NULL
15918,NULL,14787,Roberto Ruiz,NULL
13894,NULL,12859,Robyn Ruiz,NULL
12257,NULL,11795,Ross Ruiz,NULL
28704,NULL,11144,Roy Ruiz,NULL
20055,NULL,11245,Ruben Ruiz,NULL
22214,NULL,15237,Sabrina Ruiz,NULL
20822,NULL,19931,Shannon Ruiz,NULL
26603,NULL,14397,Sheila Ruiz,NULL
16823,NULL,18600,Stacy Ruiz,NULL
28498,NULL,10417,Tabitha Ruiz,NULL
13666,NULL,15185,Teresa Ruiz,NULL
20052,NULL,6719,Theodore Ruiz,NULL
25768,NULL,6780,Tyrone Ruiz,NULL
22831,NULL,19225,Victor Ruiz,NULL
21945,NULL,1712,Pearlie Rusek,NULL
22552,NULL,1713,Andrea Rusko,NULL
25599,NULL,5509,Aaron Russell,NULL
21826,NULL,3984,Abigail Russell,NULL
17427,NULL,5254,Adam Russell,NULL
14467,NULL,12930,Aidan Russell,NULL
26288,NULL,2825,Alexandra Russell,NULL
18234,NULL,7636,Alexandria Russell,NULL
19742,NULL,7121,Alexia Russell,NULL
13634,NULL,12780,Alexis Russell,NULL
17434,NULL,20218,Alyssa Russell,NULL
14094,NULL,3059,Amanda Russell,NULL
14245,NULL,7460,Ana Russell,NULL
12049,NULL,7680,Angela Russell,NULL
14403,NULL,7165,Angelica Russell,NULL
20386,NULL,3685,Anna Russell,NULL
14432,NULL,13226,Antonio Russell,NULL
22728,NULL,7721,Arianna Russell,NULL
12000,NULL,12599,Ashley Russell,NULL
22362,NULL,6267,Austin Russell,NULL
14296,NULL,6727,Benjamin Russell,NULL
20657,NULL,13618,Blake Russell,NULL
15278,NULL,6921,Brandon Russell,NULL
20360,NULL,19278,Brianna Russell,NULL
18817,NULL,7212,Brittany Russell,NULL
23552,NULL,5563,Caleb Russell,NULL
19125,NULL,6316,Cameron Russell,NULL
11130,NULL,6801,Caroline Russell,NULL
21116,NULL,13270,Carson Russell,NULL
26144,NULL,6845,Cassidy Russell,NULL
12763,NULL,20326,Chloe Russell,NULL
22826,NULL,6217,Christian Russell,NULL
27624,NULL,5611,Connor Russell,NULL
27076,NULL,12974,Dakota Russell,NULL
19024,NULL,13479,Dalton Russell,NULL
23363,NULL,6677,David Russell,NULL
22072,NULL,13719,Devin Russell,NULL
19658,NULL,6976,Dylan Russell,NULL
28346,NULL,13758,Eduardo Russell,NULL
24642,NULL,13660,Edward Russell,NULL
11835,NULL,5912,Elijah Russell,NULL
26624,NULL,12692,Elizabeth Russell,NULL
17030,NULL,13013,Emily Russell,NULL
21512,NULL,19579,Emma Russell,NULL
19137,NULL,5305,Eric Russell,NULL
15522,NULL,6514,Ethan Russell,NULL
24806,NULL,7841,Faith Russell,NULL
27084,NULL,13130,Fernando Russell,NULL
20516,NULL,5865,Gabriel Russell,NULL
28671,NULL,3362,Gabrielle Russell,NULL
21263,NULL,12210,Gail Russell,NULL
28232,NULL,13310,Gavin Russell,NULL
23465,NULL,19676,Grace Russell,NULL
24772,NULL,6065,Greg Russell,NULL
16313,NULL,3212,Hailey Russell,NULL
22707,NULL,3446,Haley Russell,NULL
22187,NULL,13062,Hannah Russell,NULL
24746,NULL,13900,Ian Russell,NULL
22549,NULL,7494,Isabel Russell,NULL
11507,NULL,2661,Isabella Russell,NULL
13327,NULL,7530,Isabelle Russell,NULL
29050,NULL,5206,Jack Russell,NULL
23883,NULL,5356,Jackson Russell,NULL
18391,NULL,7762,Jacqueline Russell,NULL
15890,NULL,6376,James Russell,NULL
14888,NULL,19875,Jasmine Russell,NULL
27949,NULL,5408,Jason Russell,NULL
11036,NULL,20539,Jennifer Russell,NULL
29257,NULL,13532,Jeremiah Russell,NULL
26572,NULL,3531,Jessica Russell,NULL
22879,NULL,7252,Jocelyn Russell,NULL
18896,NULL,6423,Jonathan Russell,NULL
24426,NULL,5164,Jordan Russell,NULL
16129,NULL,6888,Jordyn Russell,NULL
23292,NULL,5662,Jose Russell,NULL
18388,NULL,20430,Julia Russell,NULL
28585,NULL,13347,Julian Russell,NULL
16504,NULL,6629,Justin Russell,NULL
24491,NULL,20643,Kaitlyn Russell,NULL
28771,NULL,2985,Katherine Russell,NULL
15189,NULL,12735,Kayla Russell,NULL
19981,NULL,7570,Kelly Russell,NULL
17269,NULL,5816,Kevin Russell,NULL
11852,NULL,5763,Kyle Russell,NULL
23130,NULL,19070,Lauren Russell,NULL
21805,NULL,13937,Lucas Russell,NULL
12045,NULL,5459,Luis Russell,NULL
15344,NULL,5113,Luke Russell,NULL
28184,NULL,12509,Madison Russell,NULL
18532,NULL,13852,Marcus Russell,NULL
16357,NULL,7086,Margaret Russell,NULL
20779,NULL,3290,Maria Russell,NULL
13882,NULL,8105,Mariah Russell,NULL
16220,NULL,19177,Megan Russell,NULL
15478,NULL,7593,Melanie Russell,NULL
19021,NULL,7351,Melissa Russell,NULL
13098,NULL,13576,Miguel Russell,NULL
19165,NULL,7295,Miranda Russell,NULL
24424,NULL,20744,Morgan Russell,NULL
28025,NULL,7326,Mya Russell,NULL
20900,NULL,2755,Natalie Russell,NULL
19993,NULL,5966,Nathan Russell,NULL
18237,NULL,19991,Nicole Russell,NULL
26447,NULL,6115,Noah Russell,NULL
19723,NULL,19372,Olivia Russell,NULL
12140,NULL,12808,Oscar Russell,NULL
25045,NULL,7800,Paige Russell,NULL
21581,NULL,19785,Rachel Russell,NULL
27633,NULL,13804,Richard Russell,NULL
18539,NULL,7386,Riley Russell,NULL
22875,NULL,6166,Robert Russell,NULL
26799,NULL,6572,Ryan Russell,NULL
11211,NULL,12549,Samantha Russell,NULL
11652,NULL,6017,Samuel Russell,NULL
16775,NULL,12647,Sarah Russell,NULL
25138,NULL,13989,Seth Russell,NULL
11302,NULL,13173,Spencer Russell,NULL
20255,NULL,3141,Stephanie Russell,NULL
19760,NULL,2906,Sydney Russell,NULL
16255,NULL,3606,Taylor Russell,NULL
22338,NULL,5714,Thomas Russell,NULL
16719,NULL,12849,Trevor Russell,NULL
25003,NULL,12888,Tristan Russell,NULL
12917,NULL,7422,Vanessa Russell,NULL
11317,NULL,19474,Victoria Russell,NULL
28598,NULL,13695,Wyatt Russell,NULL
12964,NULL,13434,Xavier Russell,NULL
18498,NULL,7038,Zachary Russell,NULL
22706,NULL,1714,Andy Ruth,NULL
23079,NULL,1715,Justine Ryan,NULL
23605,NULL,1716,Deanna Sabella,NULL
23746,NULL,1717,Lane Sacksteder,NULL
24075,NULL,1718,Peter Saddow,NULL
11101,NULL,17810,Abby Sai,NULL
16405,NULL,3147,Adriana Sai,NULL
27781,NULL,15846,Allen Sai,NULL
27372,NULL,16052,Andre Sai,NULL
27339,NULL,7244,Ann Sai,NULL
20896,NULL,10902,Arthur Sai,NULL
22907,NULL,3745,Barry Sai,NULL
21694,NULL,16001,Bobby Sai,NULL
12851,NULL,18842,Brandy Sai,NULL
12393,NULL,15357,Brenda Sai,NULL
19251,NULL,19498,Brett Sai,NULL
22194,NULL,10804,Bruce Sai,NULL
22577,NULL,3915,Bryant Sai,NULL
17975,NULL,15405,Candace Sai,NULL
28110,NULL,19613,Cassandra Sai,NULL
18243,NULL,3808,Cesar Sai,NULL
14845,NULL,18935,Chelsea Sai,NULL
11547,NULL,7298,Cindy Sai,NULL
25128,NULL,4080,Clifford Sai,NULL
12501,NULL,19326,Cory Sai,NULL
14924,NULL,19729,Cynthia Sai,NULL
25457,NULL,10171,Darren Sai,NULL
18008,NULL,9736,Deanna Sai,NULL
26223,NULL,8227,Dominic Sai,NULL
28908,NULL,7473,Dominique Sai,NULL
20833,NULL,19416,Douglas Sai,NULL
16259,NULL,9632,Ebony Sai,NULL
11879,NULL,8124,Edgar Sai,NULL
23417,NULL,7960,Emmanuel Sai,NULL
11484,NULL,2965,Erick Sai,NULL
20415,NULL,3096,Evelyn Sai,NULL
18766,NULL,16690,Francisco Sai,NULL
20991,NULL,7861,Frederick Sai,NULL
23549,NULL,20192,George Sai,NULL
27894,NULL,11839,Gerald Sai,NULL
11026,NULL,2857,Harold Sai,NULL
22737,NULL,15250,Heidi Sai,NULL
26769,NULL,19577,Holly Sai,NULL
17300,NULL,8177,Ivan Sai,NULL
27838,NULL,18276,Janelle Sai,NULL
23427,NULL,10270,Jay Sai,NULL
14934,NULL,8010,Jermaine Sai,NULL
22518,NULL,15301,Jillian Sai,NULL
11571,NULL,20074,Joel Sai,NULL
24812,NULL,15889,Johnathan Sai,NULL
14529,NULL,3213,Kaitlin Sai,NULL
14231,NULL,10485,Kari Sai,NULL
15665,NULL,10686,Kristi Sai,NULL
26957,NULL,19694,Kristina Sai,NULL
17761,NULL,16098,Kristopher Sai,NULL
16349,NULL,7910,Levi Sai,NULL
13968,NULL,3435,Lydia Sai,NULL
25661,NULL,15923,Manuel Sai,NULL
24840,NULL,3858,Marco Sai,NULL
24582,NULL,10042,Marie Sai,NULL
21221,NULL,16737,Martin Sai,NULL
20897,NULL,3384,Mayra Sai,NULL
14140,NULL,7194,Meagan Sai,NULL
14139,NULL,10588,Meredith Sai,NULL
22836,NULL,10147,Michele Sai,NULL
14683,NULL,16135,Molly Sai,NULL
29055,NULL,19541,Monica Sai,NULL
23440,NULL,15456,Nancy Sai,NULL
23848,NULL,15536,Pamela Sai,NULL
28444,NULL,11644,Pedro Sai,NULL
13563,NULL,20158,Phillip Sai,NULL
17046,NULL,3969,Preston Sai,NULL
11912,NULL,15494,Rachael Sai,NULL
13750,NULL,19460,Raymond Sai,NULL
25536,NULL,9840,Rebekah Sai,NULL
21192,NULL,7648,Regina Sai,NULL
13643,NULL,20115,Ronald Sai,NULL
21966,NULL,11753,Ross Sai,NULL
16038,NULL,11100,Roy Sai,NULL
19276,NULL,11199,Ruben Sai,NULL
24461,NULL,3266,Ruth Sai,NULL
12473,NULL,7810,Sergio Sai,NULL
29374,NULL,19370,Shane Sai,NULL
13675,NULL,4029,Stanley Sai,NULL
22855,NULL,3031,Summer Sai,NULL
25741,NULL,10371,Tabitha Sai,NULL
12718,NULL,7416,Tammy Sai,NULL
19106,NULL,8056,Terrance Sai,NULL
15425,NULL,16189,Tina Sai,NULL
18459,NULL,3328,Toni Sai,NULL
16515,NULL,15798,Troy Sai,NULL
16509,NULL,18975,Veronica Sai,NULL
27222,NULL,7591,Virginia Sai,NULL
12636,NULL,18890,Tamer Salah,NULL
11964,NULL,1719,Sharon Salavaria,NULL
12741,NULL,1721,Raymond Sam,NULL
12873,NULL,1722,Mandar Samant,NULL
19966,NULL,18123,Abby Sanchez,NULL
28192,NULL,3913,Abigail Sanchez,NULL
13179,NULL,15272,Adrian Sanchez,NULL
27908,NULL,3193,Adriana Sanchez,NULL
13101,NULL,15235,Alex Sanchez,NULL
19127,NULL,9512,Alexa Sanchez,NULL
12905,NULL,2760,Alexandra Sanchez,NULL
27644,NULL,9532,Alexandria Sanchez,NULL
16667,NULL,9505,Allison Sanchez,NULL
20037,NULL,20110,Alyssa Sanchez,NULL
15595,NULL,16084,Andre Sanchez,NULL
22787,NULL,9506,Andrea Sanchez,NULL
25431,NULL,7277,Ann Sanchez,NULL
23710,NULL,3613,Anna Sanchez,NULL
11654,NULL,9515,Ariana Sanchez,NULL
27809,NULL,8973,Arianna Sanchez,NULL
23912,NULL,10933,Arthur Sanchez,NULL
19115,NULL,9494,Bailey Sanchez,NULL
25479,NULL,16033,Bobby Sanchez,NULL
12522,NULL,18873,Brandy Sanchez,NULL
25656,NULL,15390,Brenda Sanchez,NULL
12608,NULL,19531,Brett Sanchez,NULL
20931,NULL,15253,Brian Sanchez,NULL
12378,NULL,19183,Brianna Sanchez,NULL
21162,NULL,9519,Brooke Sanchez,NULL
18036,NULL,10834,Bruce Sanchez,NULL
14936,NULL,15267,Bryan Sanchez,NULL
13113,NULL,3948,Bryant Sanchez,NULL
22080,NULL,9516,Caitlin Sanchez,NULL
21567,NULL,15437,Candace Sanchez,NULL
18274,NULL,7571,Carla Sanchez,NULL
17570,NULL,15231,Carlos Sanchez,NULL
24105,NULL,9973,Carolyn Sanchez,NULL
13508,NULL,19648,Cassandra Sanchez,NULL
13698,NULL,9507,Catherine Sanchez,NULL
14112,NULL,15274,Charles Sanchez,NULL
17336,NULL,15257,Chase Sanchez,NULL
22086,NULL,18963,Chelsea Sanchez,NULL
16151,NULL,20228,Chloe Sanchez,NULL
14546,NULL,9514,Christina Sanchez,NULL
11288,NULL,7340,Cindy Sanchez,NULL
21188,NULL,4116,Clifford Sanchez,NULL
24794,NULL,15273,Cody Sanchez,NULL
12405,NULL,15262,Cole Sanchez,NULL
23662,NULL,19756,Cynthia Sanchez,NULL
15986,NULL,15290,Dalton Sanchez,NULL
23809,NULL,9509,Danielle Sanchez,NULL
12502,NULL,10196,Darren Sanchez,NULL
16703,NULL,16269,Denise Sanchez,NULL
27600,NULL,19999,Destiny Sanchez,NULL
14369,NULL,15277,Devin Sanchez,NULL
21072,NULL,8258,Dominic Sanchez,NULL
12208,NULL,7512,Dominique Sanchez,NULL
22598,NULL,20060,Donald Sanchez,NULL
25521,NULL,19444,Douglas Sanchez,NULL
11604,NULL,8166,Edgar Sanchez,NULL
13715,NULL,15279,Eduardo Sanchez,NULL
11774,NULL,19480,Emma Sanchez,NULL
21856,NULL,7995,Emmanuel Sanchez,NULL
11732,NULL,3007,Erick Sanchez,NULL
29254,NULL,9527,Erin Sanchez,NULL
18563,NULL,15236,Evan Sanchez,NULL
27049,NULL,8980,Faith Sanchez,NULL
21172,NULL,16721,Francisco Sanchez,NULL
23406,NULL,7894,Frederick Sanchez,NULL
25492,NULL,9496,Gabriella Sanchez,NULL
15885,NULL,15269,Garrett Sanchez,NULL
18398,NULL,8310,Geoffrey Sanchez,NULL
12680,NULL,20221,George Sanchez,NULL
24144,NULL,10749,Gerald Sanchez,NULL
12080,NULL,19585,Grace Sanchez,NULL
20276,NULL,3372,Haley Sanchez,NULL
25257,NULL,2898,Harold Sanchez,NULL
28438,NULL,15287,Heidi Sanchez,NULL
26968,NULL,15990,Henry Sanchez,NULL
14329,NULL,19601,Holly Sanchez,NULL
17399,NULL,15282,Ian Sanchez,NULL
23007,NULL,15245,Isaac Sanchez,NULL
27055,NULL,20752,Isabella Sanchez,NULL
12947,NULL,15233,Isaiah Sanchez,NULL
23703,NULL,8975,Jacqueline Sanchez,NULL
26540,NULL,9499,Jada Sanchez,NULL
15319,NULL,9528,Jade Sanchez,NULL
12281,NULL,18590,Janelle Sanchez,NULL
25850,NULL,15266,Jared Sanchez,NULL
18880,NULL,2948,Jarrod Sanchez,NULL
28047,NULL,10298,Jay Sanchez,NULL
27203,NULL,20440,Jennifer Sanchez,NULL
22265,NULL,15292,Jeremiah Sanchez,NULL
25684,NULL,8040,Jermaine Sanchez,NULL
12623,NULL,15247,Jesse Sanchez,NULL
27667,NULL,3462,Jessica Sanchez,NULL
16552,NULL,11032,Joe Sanchez,NULL
18468,NULL,20104,Joel Sanchez,NULL
24411,NULL,15909,Johnathan Sanchez,NULL
19867,NULL,15258,Juan Sanchez,NULL
28003,NULL,20338,Julia Sanchez,NULL
12261,NULL,3250,Kaitlin Sanchez,NULL
26497,NULL,20550,Karen Sanchez,NULL
19262,NULL,10521,Kari Sanchez,NULL
11290,NULL,9500,Katelyn Sanchez,NULL
24399,NULL,2914,Katherine Sanchez,NULL
28362,NULL,9504,Kaylee Sanchez,NULL
13935,NULL,9520,Kimberly Sanchez,NULL
27074,NULL,10721,Kristi Sanchez,NULL
17759,NULL,16122,Kristopher Sanchez,NULL
12082,NULL,3690,Lauren Sanchez,NULL
27745,NULL,7944,Levi Sanchez,NULL
23351,NULL,15285,Lucas Sanchez,NULL
12579,NULL,3458,Lydia Sanchez,NULL
19007,NULL,9495,Mackenzie Sanchez,NULL
13020,NULL,1724,Madalena Sanchez,NULL
22140,NULL,9522,Makayla Sanchez,NULL
15126,NULL,15947,Manuel Sanchez,NULL
19220,NULL,9530,Mariah Sanchez,NULL
22924,NULL,10080,Marie Sanchez,NULL
21631,NULL,15780,Martin Sanchez,NULL
28800,NULL,15240,Mason Sanchez,NULL
26882,NULL,3417,Mayra Sanchez,NULL
14188,NULL,7228,Meagan Sanchez,NULL
11042,NULL,19075,Megan Sanchez,NULL
13264,NULL,9531,Melanie Sanchez,NULL
11880,NULL,8983,Melissa Sanchez,NULL
19920,NULL,10620,Meredith Sanchez,NULL
23543,NULL,8989,Michele Sanchez,NULL
26569,NULL,9518,Michelle Sanchez,NULL
12118,NULL,19567,Miguel Sanchez,NULL
14811,NULL,16171,Molly Sanchez,NULL
12262,NULL,20649,Morgan Sanchez,NULL
22207,NULL,15485,Nancy Sanchez,NULL
18958,NULL,2680,Natalie Sanchez,NULL
22810,NULL,15256,Nathaniel Sanchez,NULL
14874,NULL,19885,Nicole Sanchez,NULL
14278,NULL,19292,Olivia Sanchez,NULL
22384,NULL,8979,Paige Sanchez,NULL
20879,NULL,15569,Pamela Sanchez,NULL
24382,NULL,15252,Patrick Sanchez,NULL
12506,NULL,4008,Preston Sanchez,NULL
26811,NULL,15523,Rachael Sanchez,NULL
26730,NULL,19681,Rachel Sanchez,NULL
11548,NULL,19486,Raymond Sanchez,NULL
24933,NULL,7682,Regina Sanchez,NULL
27406,NULL,15280,Richard Sanchez,NULL
26491,NULL,8985,Riley Sanchez,NULL
20671,NULL,20146,Ronald Sanchez,NULL
28310,NULL,11784,Ross Sanchez,NULL
21035,NULL,11136,Roy Sanchez,NULL
13688,NULL,11231,Ruben Sanchez,NULL
20581,NULL,3303,Ruth Sanchez,NULL
28378,NULL,9497,Sara Sanchez,NULL
12927,NULL,9502,Savannah Sanchez,NULL
12452,NULL,15248,Sean Sanchez,NULL
11736,NULL,15260,Sebastian Sanchez,NULL
17093,NULL,15286,Seth Sanchez,NULL
17183,NULL,19405,Shane Sanchez,NULL
16021,NULL,9524,Shelby Sanchez,NULL
16411,NULL,4062,Stanley Sanchez,NULL
17867,NULL,3066,Stephanie Sanchez,NULL
18082,NULL,15270,Steven Sanchez,NULL
17553,NULL,3065,Summer Sanchez,NULL
21415,NULL,2831,Sydney Sanchez,NULL
27408,NULL,10408,Tabitha Sanchez,NULL
28518,NULL,7455,Tammy Sanchez,NULL
19584,NULL,8102,Terrance Sanchez,NULL
13228,NULL,1725,Thomas Sanchez,NULL
13932,NULL,15251,Timothy Sanchez,NULL
27527,NULL,16224,Tina Sanchez,NULL
12660,NULL,3369,Toni Sanchez,NULL
26279,NULL,9525,Trinity Sanchez,NULL
25559,NULL,15829,Troy Sanchez,NULL
12458,NULL,19005,Veronica Sanchez,NULL
15306,NULL,19378,Victoria Sanchez,NULL
16899,NULL,18923,Whitney Sanchez,NULL
22993,NULL,15288,Xavier Sanchez,NULL
14396,NULL,9510,Zoe Sanchez,NULL
17655,NULL,9534,Angela Sánchez,NULL
23988,NULL,3843,Cesar Sánchez,NULL
13512,NULL,1726,Ken Sánchez,NULL
15670,NULL,7850,Sergio Sánchez,NULL
12494,NULL,17913,Abby Sandberg,NULL
11956,NULL,8063,Alexandria Sandberg,NULL
21535,NULL,2832,Alfredo Sandberg,NULL
15628,NULL,19232,Brianna Sandberg,NULL
21904,NULL,14245,Chase Sandberg,NULL
21009,NULL,14641,Clinton Sandberg,NULL
14616,NULL,19530,Emma Sandberg,NULL
13350,NULL,14231,Isaac Sandberg,NULL
21429,NULL,2465,Isabella Sandberg,NULL
12241,NULL,6330,Kristine Sandberg,NULL
13566,NULL,1727,Mikael Sandberg,NULL
12077,NULL,19942,Nicole Sandberg,NULL
23075,NULL,9924,Rebekah Sandberg,NULL
21701,NULL,3949,Abigail Sanders,NULL
19283,NULL,14256,Adrian Sanders,NULL
21247,NULL,14227,Alex Sanders,NULL
21741,NULL,8044,Alexa Sanders,NULL
25911,NULL,2793,Alexandra Sanders,NULL
18852,NULL,8033,Allison Sanders,NULL
25007,NULL,20169,Alyssa Sanders,NULL
20180,NULL,3021,Amanda Sanders,NULL
27917,NULL,8038,Andrea Sanders,NULL
16219,NULL,14223,Angel Sanders,NULL
13309,NULL,8065,Angela Sanders,NULL
20017,NULL,3652,Anna Sanders,NULL
27525,NULL,8047,Ariana Sanders,NULL
22859,NULL,8067,Arianna Sanders,NULL
16809,NULL,8017,Bailey Sanders,NULL
18668,NULL,14241,Brian Sanders,NULL
11198,NULL,8052,Brooke Sanders,NULL
17592,NULL,14252,Bryan Sanders,NULL
16088,NULL,14242,Bryce Sanders,NULL
29233,NULL,8050,Caitlin Sanders,NULL
20127,NULL,14222,Carlos Sanders,NULL
19889,NULL,8039,Catherine Sanders,NULL
21967,NULL,14260,Charles Sanders,NULL
23137,NULL,20277,Chloe Sanders,NULL
22310,NULL,8046,Christina Sanders,NULL
28016,NULL,14258,Cody Sanders,NULL
23969,NULL,14250,Cole Sanders,NULL
24739,NULL,14277,Dalton Sanders,NULL
15358,NULL,8041,Danielle Sanders,NULL
24308,NULL,20053,Destiny Sanders,NULL
12014,NULL,14263,Devin Sanders,NULL
20011,NULL,14264,Eduardo Sanders,NULL
11310,NULL,8059,Erin Sanders,NULL
15506,NULL,14229,Evan Sanders,NULL
11906,NULL,8021,Gabriella Sanders,NULL
17878,NULL,3327,Gabrielle Sanders,NULL
13737,NULL,14253,Garrett Sanders,NULL
19647,NULL,3176,Hailey Sanders,NULL
25900,NULL,3406,Haley Sanders,NULL
17275,NULL,14272,Ian Sanders,NULL
25873,NULL,14224,Isaiah Sanders,NULL
23198,NULL,8068,Jacqueline Sanders,NULL
12759,NULL,8024,Jada Sanders,NULL
21798,NULL,8060,Jade Sanders,NULL
25529,NULL,14251,Jared Sanders,NULL
22046,NULL,19837,Jasmine Sanders,NULL
12922,NULL,20486,Jennifer Sanders,NULL
23061,NULL,14278,Jeremiah Sanders,NULL
20758,NULL,14233,Jesse Sanders,NULL
17650,NULL,3500,Jessica Sanders,NULL
20432,NULL,14246,Juan Sanders,NULL
27553,NULL,20379,Julia Sanders,NULL
27479,NULL,20596,Kaitlyn Sanders,NULL
12181,NULL,8027,Katelyn Sanders,NULL
23205,NULL,2947,Katherine Sanders,NULL
20221,NULL,8031,Kaylee Sanders,NULL
13196,NULL,8053,Kimberly Sanders,NULL
24994,NULL,19019,Lauren Sanders,NULL
26802,NULL,14273,Lucas Sanders,NULL
13703,NULL,8020,Mackenzie Sanders,NULL
21761,NULL,8054,Makayla Sanders,NULL
13186,NULL,14266,Marcus Sanders,NULL
25152,NULL,3254,Maria Sanders,NULL
13468,NULL,8061,Mariah Sanders,NULL
23459,NULL,14230,Mason Sanders,NULL
15376,NULL,19121,Megan Sanders,NULL
16205,NULL,8062,Melanie Sanders,NULL
24284,NULL,8071,Melissa Sanders,NULL
20769,NULL,8051,Michelle Sanders,NULL
22226,NULL,20701,Morgan Sanders,NULL
28554,NULL,2720,Natalie Sanders,NULL
14619,NULL,14243,Nathaniel Sanders,NULL
25287,NULL,8069,Paige Sanders,NULL
14444,NULL,14239,Patrick Sanders,NULL
22266,NULL,19734,Rachel Sanders,NULL
21511,NULL,14265,Richard Sanders,NULL
24410,NULL,8023,Sara Sanders,NULL
14892,NULL,8029,Savannah Sanders,NULL
14341,NULL,14236,Sean Sanders,NULL
18857,NULL,14249,Sebastian Sanders,NULL
16750,NULL,14275,Seth Sanders,NULL
27735,NULL,8057,Shelby Sanders,NULL
19746,NULL,3099,Stephanie Sanders,NULL
29152,NULL,14254,Steven Sanders,NULL
27073,NULL,2866,Sydney Sanders,NULL
24655,NULL,3576,Taylor Sanders,NULL
22073,NULL,14238,Timothy Sanders,NULL
26804,NULL,8058,Trinity Sanders,NULL
29078,NULL,19422,Victoria Sanders,NULL
16721,NULL,14276,Xavier Sanders,NULL
24825,NULL,8042,Zoe Sanders,NULL
14016,NULL,1728,Mary Sandidge,NULL
19197,NULL,13800,Briana Sandoval,NULL
22634,NULL,14390,Giraldo Sandoval,NULL
14143,NULL,15117,Jill Sandoval,NULL
14063,NULL,1729,Patrick Sands,NULL
12903,NULL,1723,John Sandstone,NULL
16298,NULL,7137,Adrienne Sanz,NULL
20161,NULL,14931,Albert Sanz,NULL
20924,NULL,6646,Alberto Sanz,NULL
27688,NULL,10979,Arthur Sanz,NULL
21315,NULL,6050,Audrey Sanz,NULL
14462,NULL,6111,Beth Sanz,NULL
12812,NULL,18503,Brandi Sanz,NULL
23117,NULL,10888,Bruce Sanz,NULL
24799,NULL,19854,Byron Sanz,NULL
25023,NULL,10026,Carolyn Sanz,NULL
25534,NULL,19171,Casey Sanz,NULL
14046,NULL,6215,Cheryl Sanz,NULL
21993,NULL,19088,Craig Sanz,NULL
29372,NULL,6262,Daisy Sanz,NULL
20518,NULL,13881,Desiree Sanz,NULL
15098,NULL,18680,Diana Sanz,NULL
20153,NULL,15768,Diane Sanz,NULL
22493,NULL,20673,Dwayne Sanz,NULL
20711,NULL,9717,Ebony Sanz,NULL
19580,NULL,6704,Eddie Sanz,NULL
22464,NULL,19301,Erik Sanz,NULL
22670,NULL,18726,Erika Sanz,NULL
12577,NULL,2591,Francis Sanz,NULL
20851,NULL,18356,Frank Sanz,NULL
17060,NULL,10789,Gerald Sanz,NULL
19179,NULL,16654,Gloria Sanz,NULL
27344,NULL,14737,Hector Sanz,NULL
19928,NULL,7088,Jaime Sanz,NULL
26549,NULL,14681,Jamie Sanz,NULL
17898,NULL,6273,Janet Sanz,NULL
19932,NULL,13659,Javier Sanz,NULL
28503,NULL,10359,Jay Sanz,NULL
28538,NULL,7728,Jerome Sanz,NULL
26933,NULL,5789,Jessie Sanz,NULL
29313,NULL,18403,Jésus Sanz,NULL
25810,NULL,15671,Jimmy Sanz,NULL
25732,NULL,14002,Joanna Sanz,NULL
12981,NULL,11078,Joe Sanz,NULL
14983,NULL,12742,Juan Sanz,NULL
21404,NULL,7026,Julio Sanz,NULL
27341,NULL,10575,Kari Sanz,NULL
16708,NULL,16209,Kellie Sanz,NULL
17753,NULL,15173,Kendra Sanz,NULL
27806,NULL,14248,Krista Sanz,NULL
22284,NULL,14347,Kristy Sanz,NULL
22573,NULL,14876,Lance Sanz,NULL
14067,NULL,18460,Larry Sanz,NULL
29384,NULL,6160,Latasha Sanz,NULL
14030,NULL,14467,Lawrence Sanz,NULL
13180,NULL,18543,Leslie Sanz,NULL
22945,NULL,13835,Linda Sanz,NULL
23865,NULL,14136,Lori Sanz,NULL
14938,NULL,5984,Mallory Sanz,NULL
13600,NULL,10129,Marie Sanz,NULL
19612,NULL,6927,Marvin Sanz,NULL
14557,NULL,14549,Mathew Sanz,NULL
23908,NULL,2715,Max Sanz,NULL
28352,NULL,18819,Meghan Sanz,NULL
27381,NULL,14087,Miguel Sanz,NULL
24273,NULL,13791,Monique Sanz,NULL
12840,NULL,17597,Naomi Sanz,NULL
14839,NULL,18774,Natasha Sanz,NULL
22622,NULL,6878,Neil Sanz,NULL
14056,NULL,19452,Nelson Sanz,NULL
14309,NULL,19024,Orlando Sanz,NULL
26430,NULL,15283,Paula Sanz,NULL
18168,NULL,11734,Pedro Sanz,NULL
17807,NULL,19216,Philip Sanz,NULL
22539,NULL,14985,Randall Sanz,NULL
17522,NULL,6595,Reginald Sanz,NULL
14319,NULL,15033,Renee Sanz,NULL
18251,NULL,15614,Ricky Sanz,NULL
12510,NULL,14832,Roberto Sanz,NULL
15087,NULL,13753,Robin Sanz,NULL
22440,NULL,13292,Robyn Sanz,NULL
16926,NULL,13707,Rodney Sanz,NULL
11455,NULL,11827,Ross Sanz,NULL
11917,NULL,11181,Roy Sanz,NULL
19650,NULL,14193,Sabrina Sanz,NULL
27950,NULL,20265,Shannon Sanz,NULL
18438,NULL,14784,Sheila Sanz,NULL
17496,NULL,10465,Tabitha Sanz,NULL
18161,NULL,14046,Tanya Sanz,NULL
16492,NULL,6768,Theodore Sanz,NULL
28431,NULL,6829,Tyrone Sanz,NULL
17295,NULL,19258,Victor Sanz,NULL
18195,NULL,13617,Walter Sanz,NULL
25389,NULL,13964,Wendy Sanz,NULL
15146,NULL,3162,Adriana Sara,NULL
13661,NULL,16063,Andre Sara,NULL
23576,NULL,7254,Ann Sara,NULL
23753,NULL,10912,Arthur Sara,NULL
13965,NULL,3764,Barry Sara,NULL
22311,NULL,10812,Bruce Sara,NULL
21117,NULL,3922,Bryant Sara,NULL
21380,NULL,15420,Candace Sara,NULL
12582,NULL,8337,Carmen Sara,NULL
20989,NULL,19625,Cassandra Sara,NULL
22172,NULL,3824,Cesar Sara,NULL
14204,NULL,18942,Chelsea Sara,NULL
14930,NULL,7315,Cindy Sara,NULL
24178,NULL,4087,Clifford Sara,NULL
21105,NULL,19336,Cory Sara,NULL
22316,NULL,9750,Deanna Sara,NULL
13836,NULL,8241,Dominic Sara,NULL
25114,NULL,20040,Donald Sara,NULL
27170,NULL,19426,Douglas Sara,NULL
24923,NULL,9641,Ebony Sara,NULL
11104,NULL,8139,Edgar Sara,NULL
25448,NULL,2980,Erick Sara,NULL
16045,NULL,3111,Evelyn Sara,NULL
12296,NULL,16701,Francisco Sara,NULL
22651,NULL,7875,Frederick Sara,NULL
26188,NULL,8292,Geoffrey Sara,NULL
24247,NULL,20200,George Sara,NULL
21716,NULL,11849,Gerald Sara,NULL
22697,NULL,2874,Harold Sara,NULL
19472,NULL,15261,Heidi Sara,NULL
20892,NULL,15971,Henry Sara,NULL
25090,NULL,8183,Ivan Sara,NULL
20626,NULL,2918,Jarrod Sara,NULL
13462,NULL,10276,Jay Sara,NULL
25602,NULL,8019,Jermaine Sara,NULL
26972,NULL,16107,Kristopher Sara,NULL
12540,NULL,7922,Levi Sara,NULL
14037,NULL,3444,Lydia Sara,NULL
12611,NULL,15931,Manuel Sara,NULL
15641,NULL,3870,Marco Sara,NULL
22809,NULL,16748,Martin Sara,NULL
19451,NULL,11653,Pedro Sara,NULL
25116,NULL,20164,Phillip Sara,NULL
16558,NULL,3980,Preston Sara,NULL
25652,NULL,15506,Rachael Sara,NULL
28455,NULL,19465,Raymond Sara,NULL
27257,NULL,9847,Rebekah Sara,NULL
25496,NULL,7659,Regina Sara,NULL
19901,NULL,20128,Ronald Sara,NULL
24367,NULL,11765,Ross Sara,NULL
19566,NULL,11213,Ruben Sara,NULL
25715,NULL,10386,Tabitha Sara,NULL
13463,NULL,7429,Tammy Sara,NULL
19255,NULL,8074,Terrance Sara,NULL
24307,NULL,16200,Tina Sara,NULL
14146,NULL,3346,Toni Sara,NULL
22583,NULL,15807,Troy Sara,NULL
27138,NULL,18983,Veronica Sara,NULL
12220,NULL,7607,Virginia Sara,NULL
21437,NULL,18900,Whitney Sara,NULL
14207,NULL,1730,José Saraiva,NULL
14974,NULL,1733,K. Saravan,NULL
21089,NULL,10579,Yiroyuki Sato,NULL
22205,NULL,16010,Bobby Saunders,NULL
11946,NULL,18853,Brandy Saunders,NULL
27954,NULL,15366,Brenda Saunders,NULL
17983,NULL,14302,Carol Saunders,NULL
24537,NULL,19738,Cynthia Saunders,NULL
16221,NULL,10180,Darren Saunders,NULL
29469,NULL,7486,Dominique Saunders,NULL
16146,NULL,6378,Jacquelyn Saunders,NULL
21178,NULL,15313,Jillian Saunders,NULL
28684,NULL,9616,Kristi Saunders,NULL
14689,NULL,1731,Lloyd Saunders,NULL
14835,NULL,17132,Melody Saunders,NULL
17513,NULL,14602,Micheal Saunders,NULL
19565,NULL,19668,Patricia Saunders,NULL
15107,NULL,11113,Roy Saunders,NULL
27983,NULL,11290,Ruben Saunders,NULL
14847,NULL,1732,Vadim Sazanovich,NULL
15096,NULL,1734,Gary Schare,NULL
15622,NULL,1735,Yvonne Schleger,NULL
24704,NULL,15856,Allen Schmidt,NULL
24813,NULL,6979,Armando Schmidt,NULL
22434,NULL,15769,Billy Schmidt,NULL
14406,NULL,17881,Carrie Schmidt,NULL
25641,NULL,17836,Dana Schmidt,NULL
28926,NULL,14779,Danny Schmidt,NULL
20884,NULL,10252,Darren Schmidt,NULL
25936,NULL,9823,Deanna Schmidt,NULL
22605,NULL,19131,Derrick Schmidt,NULL
16260,NULL,15074,Gina Schmidt,NULL
12669,NULL,1720,Irving Schmidt,NULL
22905,NULL,11010,Joe Schmidt,NULL
22099,NULL,20080,Joel Schmidt,NULL
26366,NULL,15897,Johnathan Schmidt,NULL
13628,NULL,3224,Kaitlin Schmidt,NULL
18751,NULL,10496,Kari Schmidt,NULL
11733,NULL,10698,Kristi Schmidt,NULL
12318,NULL,19703,Kristina Schmidt,NULL
12808,NULL,15720,Marc Schmidt,NULL
17884,NULL,3396,Mayra Schmidt,NULL
18183,NULL,7204,Meagan Schmidt,NULL
25499,NULL,10598,Meredith Schmidt,NULL
21545,NULL,8965,Michele Schmidt,NULL
20584,NULL,16146,Molly Schmidt,NULL
12012,NULL,19550,Monica Schmidt,NULL
11403,NULL,15467,Nancy Schmidt,NULL
24375,NULL,15547,Pamela Schmidt,NULL
28506,NULL,3277,Ruth Schmidt,NULL
17922,NULL,19379,Shane Schmidt,NULL
19035,NULL,4039,Stanley Schmidt,NULL
20697,NULL,7366,Stefanie Schmidt,NULL
15789,NULL,1736,Steve Schmidt,NULL
21854,NULL,13923,Theresa Schmidt,NULL
15807,NULL,1737,Scot Schulte,NULL
15811,NULL,1738,Barbara Schultz,NULL
16751,NULL,16591,Aaron Scott,NULL
15863,NULL,16757,Adam Scott,NULL
14348,NULL,16781,Alex Scott,NULL
17386,NULL,10140,Alexandra Scott,NULL
14497,NULL,10191,Allison Scott,NULL
20652,NULL,10146,Amanda Scott,NULL
17673,NULL,10164,Amber Scott,NULL
13245,NULL,16776,Angel Scott,NULL
12149,NULL,10173,Bailey Scott,NULL
14638,NULL,4192,Blake Scott,NULL
24936,NULL,16631,Caleb Scott,NULL
17830,NULL,16770,Carlos Scott,NULL
18505,NULL,10150,Carol Scott,NULL
18863,NULL,4888,Charles Scott,NULL
27078,NULL,10131,Chloe Scott,NULL
21312,NULL,16652,Connor Scott,NULL
14975,NULL,4500,Dalton Scott,NULL
14253,NULL,5053,Eduardo Scott,NULL
24315,NULL,3727,Edward Scott,NULL
29035,NULL,16541,Elijah Scott,NULL
28248,NULL,16763,Eric Scott,NULL
23251,NULL,16783,Evan Scott,NULL
22254,NULL,3887,Fernando Scott,NULL
24321,NULL,16537,Gabriel Scott,NULL
25378,NULL,10177,Gabriella Scott,NULL
27061,NULL,10154,Gabrielle Scott,NULL
13701,NULL,10156,Haley Scott,NULL
25326,NULL,16720,Hunter Scott,NULL
13856,NULL,4745,Ian Scott,NULL
20365,NULL,16788,Isaac Scott,NULL
26123,NULL,10137,Isabella Scott,NULL
12051,NULL,16779,Isaiah Scott,NULL
26510,NULL,16740,Jack Scott,NULL
13759,NULL,16769,Jackson Scott,NULL
29278,NULL,10181,Janet Scott,NULL
22557,NULL,16558,Jason Scott,NULL
14740,NULL,10166,Jenna Scott,NULL
16154,NULL,10132,Jennifer Scott,NULL
19402,NULL,4027,Jeremiah Scott,NULL
14453,NULL,16549,Jesse Scott,NULL
23224,NULL,16703,Jonathan Scott,NULL
25420,NULL,10168,Jordan Scott,NULL
15535,NULL,16736,Jordan Scott,NULL
15250,NULL,16742,Jose Scott,NULL
12159,NULL,10134,Kaitlyn Scott,NULL
13446,NULL,10183,Katelyn Scott,NULL
13380,NULL,10144,Katherine Scott,NULL
21793,NULL,10189,Kaylee Scott,NULL
11648,NULL,16534,Kevin Scott,NULL
11419,NULL,16758,Kyle Scott,NULL
26064,NULL,16708,Logan Scott,NULL
11866,NULL,4821,Lucas Scott,NULL
22280,NULL,16586,Luis Scott,NULL
25676,NULL,10175,Mackenzie Scott,NULL
23125,NULL,10159,Madeline Scott,NULL
20700,NULL,4655,Marcus Scott,NULL
18639,NULL,10153,Maria Scott,NULL
25624,NULL,10162,Mary Scott,NULL
23551,NULL,16785,Mason Scott,NULL
18866,NULL,4115,Miguel Scott,NULL
22163,NULL,10135,Morgan Scott,NULL
18764,NULL,10138,Natalie Scott,NULL
13887,NULL,16709,Nathan Scott,NULL
12198,NULL,16732,Noah Scott,NULL
21087,NULL,10157,Rebecca Scott,NULL
20438,NULL,16738,Robert Scott,NULL
23161,NULL,16719,Samuel Scott,NULL
19317,NULL,10179,Sara Scott,NULL
16929,NULL,10187,Savannah Scott,NULL
24755,NULL,16554,Sean Scott,NULL
21274,NULL,4347,Seth Scott,NULL
23353,NULL,10160,Sophia Scott,NULL
18518,NULL,10148,Stephanie Scott,NULL
25187,NULL,10142,Sydney Scott,NULL
19631,NULL,16561,Timothy Scott,NULL
23039,NULL,3802,Wyatt Scott,NULL
14764,NULL,4424,Xavier Scott,NULL
16130,NULL,1739,Mike Seamans,NULL
16603,NULL,1740,Scott Seely,NULL
16621,NULL,1741,Birgit Seidel,NULL
16737,NULL,1742,Steven Selikoff,NULL
15084,NULL,7131,Adrienne Serrano,NULL
13328,NULL,14921,Albert Serrano,NULL
15800,NULL,6638,Alberto Serrano,NULL
21258,NULL,2820,Alfredo Serrano,NULL
22495,NULL,2756,Andy Serrano,NULL
24244,NULL,14382,Anne Serrano,NULL
18337,NULL,6043,Audrey Serrano,NULL
24304,NULL,6104,Beth Serrano,NULL
24080,NULL,15763,Billy Serrano,NULL
21436,NULL,18496,Brandi Serrano,NULL
23727,NULL,10881,Bruce Serrano,NULL
17084,NULL,19784,Byron Serrano,NULL
21918,NULL,9707,Carol Serrano,NULL
17222,NULL,10019,Carolyn Serrano,NULL
23786,NULL,17874,Carrie Serrano,NULL
28887,NULL,19166,Casey Serrano,NULL
24145,NULL,6204,Cheryl Serrano,NULL
25154,NULL,14636,Clinton Serrano,NULL
24187,NULL,6172,Daisy Serrano,NULL
12678,NULL,17830,Dana Serrano,NULL
24381,NULL,14772,Danny Serrano,NULL
29196,NULL,10242,Darren Serrano,NULL
15144,NULL,9819,Deanna Serrano,NULL
16707,NULL,19126,Derrick Serrano,NULL
19898,NULL,13871,Desiree Serrano,NULL
28345,NULL,18671,Diana Serrano,NULL
14857,NULL,15688,Diane Serrano,NULL
16695,NULL,20603,Dwayne Serrano,NULL
21041,NULL,6700,Eddie Serrano,NULL
26976,NULL,19293,Erik Serrano,NULL
12394,NULL,18718,Erika Serrano,NULL
23547,NULL,2547,Francis Serrano,NULL
23232,NULL,18350,Frank Serrano,NULL
21021,NULL,19042,Gary Serrano,NULL
27591,NULL,10783,Gerald Serrano,NULL
22700,NULL,15068,Gina Serrano,NULL
21556,NULL,16577,Gloria Serrano,NULL
28308,NULL,14729,Hector Serrano,NULL
21963,NULL,6366,Jacquelyn Serrano,NULL
18159,NULL,7081,Jaime Serrano,NULL
21457,NULL,14671,Jamie Serrano,NULL
11577,NULL,6264,Janet Serrano,NULL
20256,NULL,13650,Javier Serrano,NULL
16474,NULL,10349,Jay Serrano,NULL
17722,NULL,7720,Jerome Serrano,NULL
20168,NULL,5697,Jessie Serrano,NULL
12991,NULL,18395,Jésus Serrano,NULL
24026,NULL,15108,Jill Serrano,NULL
17632,NULL,15661,Jimmy Serrano,NULL
26663,NULL,13994,Joanna Serrano,NULL
20167,NULL,11071,Joe Serrano,NULL
23954,NULL,14499,Jonathon Serrano,NULL
14069,NULL,14225,Joy Serrano,NULL
22334,NULL,12661,Juan Serrano,NULL
20992,NULL,7019,Julio Serrano,NULL
26905,NULL,10565,Kari Serrano,NULL
15350,NULL,18584,Kathleen Serrano,NULL
20722,NULL,16129,Kellie Serrano,NULL
28462,NULL,15165,Kendra Serrano,NULL
20616,NULL,9604,Kristi Serrano,NULL
28940,NULL,6322,Kristine Serrano,NULL
23355,NULL,14870,Lance Serrano,NULL
21516,NULL,18452,Larry Serrano,NULL
27268,NULL,6153,Latasha Serrano,NULL
23915,NULL,14461,Lawrence Serrano,NULL
25787,NULL,14420,Lee Serrano,NULL
14014,NULL,18534,Leslie Serrano,NULL
11071,NULL,13827,Linda Serrano,NULL
17066,NULL,14125,Lori Serrano,NULL
26751,NULL,5974,Mallory Serrano,NULL
12811,NULL,15713,Marc Serrano,NULL
14201,NULL,10122,Marie Serrano,NULL
17316,NULL,6922,Marvin Serrano,NULL
29186,NULL,14540,Mathew Serrano,NULL
12010,NULL,2707,Max Serrano,NULL
20391,NULL,18813,Meghan Serrano,NULL
25681,NULL,14079,Melinda Serrano,NULL
12016,NULL,10660,Meredith Serrano,NULL
25629,NULL,14594,Micheal Serrano,NULL
19483,NULL,9029,Michele Serrano,NULL
28555,NULL,13784,Monique Serrano,NULL
25916,NULL,17519,Naomi Serrano,NULL
25563,NULL,18764,Natasha Serrano,NULL
17076,NULL,6865,Neil Serrano,NULL
26354,NULL,19382,Nelson Serrano,NULL
19561,NULL,18951,Orlando Serrano,NULL
26189,NULL,11726,Pedro Serrano,NULL
27973,NULL,14980,Randall Serrano,NULL
14130,NULL,9916,Rebekah Serrano,NULL
13025,NULL,6588,Reginald Serrano,NULL
15324,NULL,15022,Renee Serrano,NULL
27938,NULL,15606,Ricky Serrano,NULL
14979,NULL,13701,Rodney Serrano,NULL
19767,NULL,11822,Ross Serrano,NULL
16604,NULL,11173,Roy Serrano,NULL
23916,NULL,11282,Ruben Serrano,NULL
28553,NULL,14188,Sabrina Serrano,NULL
18303,NULL,20194,Shannon Serrano,NULL
21018,NULL,14714,Sheila Serrano,NULL
24613,NULL,18625,Stacy Serrano,NULL
28327,NULL,10455,Tabitha Serrano,NULL
23750,NULL,14040,Tanya Serrano,NULL
20759,NULL,15218,Teresa Serrano,NULL
22631,NULL,6756,Theodore Serrano,NULL
11284,NULL,13914,Theresa Serrano,NULL
11360,NULL,6819,Tyrone Serrano,NULL
12299,NULL,13609,Walter Serrano,NULL
28465,NULL,13953,Wendy Serrano,NULL
16936,NULL,1743,Alice Serventi,NULL
17166,NULL,1744,Joshua Several,NULL
18872,NULL,19250,Miguel Severino,NULL
17326,NULL,1745,Paul Shakespear,NULL
20730,NULL,5531,Aaron Shan,NULL
28496,NULL,5272,Adam Shan,NULL
27438,NULL,12541,Alejandro Shan,NULL
27964,NULL,19789,Alicia Shan,NULL
12276,NULL,12011,Alisha Shan,NULL
16056,NULL,16651,Alison Shan,NULL
13560,NULL,5074,Andres Shan,NULL
11566,NULL,20542,April Shan,NULL
22465,NULL,10464,Arturo Shan,NULL
15633,NULL,8956,Ashlee Shan,NULL
21465,NULL,6287,Austin Shan,NULL
23566,NULL,6746,Benjamin Shan,NULL
13973,NULL,17277,Bethany Shan,NULL
12329,NULL,3697,Bonnie Shan,NULL
19605,NULL,9393,Brad Shan,NULL
21032,NULL,9343,Brendan Shan,NULL
29338,NULL,8581,Bridget Shan,NULL
15467,NULL,5584,Caleb Shan,NULL
20811,NULL,9171,Calvin Shan,NULL
24070,NULL,6337,Cameron Shan,NULL
24919,NULL,16958,Carl Shan,NULL
18631,NULL,4502,Carly Shan,NULL
17782,NULL,16294,Casey Shan,NULL
26838,NULL,8895,Cassie Shan,NULL
23775,NULL,3959,Cedric Shan,NULL
24621,NULL,20337,Chad Shan,NULL
23084,NULL,6237,Christian Shan,NULL
26895,NULL,19877,Christine Shan,NULL
16551,NULL,11403,Christy Shan,NULL
22408,NULL,7220,Clarence Shan,NULL
13659,NULL,12645,Clayton Shan,NULL
25921,NULL,13495,Colin Shan,NULL
15150,NULL,12324,Colleen Shan,NULL
18901,NULL,5628,Connor Shan,NULL
14783,NULL,8735,Cristina Shan,NULL
11362,NULL,13039,Damien Shan,NULL
27345,NULL,9568,Darrell Shan,NULL
18680,NULL,6693,David Shan,NULL
19635,NULL,12220,Dawn Shan,NULL
20624,NULL,8852,Deborah Shan,NULL
19782,NULL,20247,Derek Shan,NULL
25297,NULL,4321,Devon Shan,NULL
17426,NULL,4654,Donna Shan,NULL
23659,NULL,9221,Drew Shan,NULL
23965,NULL,2563,Dustin Shan,NULL
19677,NULL,7004,Dylan Shan,NULL
12268,NULL,13194,Edwin Shan,NULL
26795,NULL,5379,Elijah Shan,NULL
26771,NULL,5322,Eric Shan,NULL
12178,NULL,6536,Ethan Shan,NULL
27718,NULL,8302,Franklin Shan,NULL
27731,NULL,5884,Gabriel Shan,NULL
22652,NULL,9392,Gilbert Shan,NULL
26215,NULL,9283,Grant Shan,NULL
20614,NULL,2587,Gregory Shan,NULL
13031,NULL,6082,Hunter Shan,NULL
24819,NULL,5227,Jack Shan,NULL
27405,NULL,4832,Jackson Shan,NULL
20828,NULL,12979,Jaclyn Shan,NULL
22020,NULL,9452,Jaime Shan,NULL
23495,NULL,6396,James Shan,NULL
28971,NULL,5423,Jason Shan,NULL
16706,NULL,11498,Jenny Shan,NULL
19382,NULL,16898,Jerry Shan,NULL
15095,NULL,4703,Jodi Shan,NULL
11999,NULL,17056,Johnny Shan,NULL
24151,NULL,12433,Jon Shan,NULL
28299,NULL,6440,Jonathan Shan,NULL
16207,NULL,5180,Jordan Shan,NULL
20843,NULL,5682,Jose Shan,NULL
13789,NULL,19956,Julie Shan,NULL
11934,NULL,6648,Justin Shan,NULL
11389,NULL,5144,Karl Shan,NULL
19493,NULL,3503,Karla Shan,NULL
12524,NULL,4599,Kate Shan,NULL
28916,NULL,19917,Kathryn Shan,NULL
12534,NULL,20616,Katie Shan,NULL
27814,NULL,16340,Katrina Shan,NULL
20996,NULL,20502,Keith Shan,NULL
17843,NULL,12120,Kelli Shan,NULL
12909,NULL,16513,Kelsey Shan,NULL
24106,NULL,2795,Kelvin Shan,NULL
18386,NULL,5833,Kevin Shan,NULL
23416,NULL,20580,Kristin Shan,NULL
18017,NULL,4152,Kurt Shan,NULL
17261,NULL,5784,Kyle Shan,NULL
14957,NULL,11291,Lacey Shan,NULL
11397,NULL,16386,Latoya Shan,NULL
25617,NULL,5207,Leonard Shan,NULL
27186,NULL,19830,Lindsay Shan,NULL
17852,NULL,20663,Lindsey Shan,NULL
18677,NULL,5931,Logan Shan,NULL
15295,NULL,13095,Louis Shan,NULL
15841,NULL,5479,Luis Shan,NULL
13365,NULL,5135,Luke Shan,NULL
25271,NULL,16808,Mario Shan,NULL
22803,NULL,11487,Marshall Shan,NULL
11433,NULL,9067,Maurice Shan,NULL
27323,NULL,8402,Michele Shan,NULL
25117,NULL,4550,Mindy Shan,NULL
20868,NULL,16468,Misty Shan,NULL
27793,NULL,17138,Mitchell Shan,NULL
27999,NULL,5987,Nathan Shan,NULL
19461,NULL,16606,Nichole Shan,NULL
28544,NULL,5266,Nicolas Shan,NULL
18765,NULL,6136,Noah Shan,NULL
26367,NULL,12750,Omar Shan,NULL
24280,NULL,20418,Peter Shan,NULL
13219,NULL,12864,Rafael Shan,NULL
19485,NULL,9513,Raul Shan,NULL
24210,NULL,17007,Ricardo Shan,NULL
25068,NULL,6191,Robert Shan,NULL
19500,NULL,16857,Russell Shan,NULL
23068,NULL,6591,Ryan Shan,NULL
21455,NULL,6032,Samuel Shan,NULL
24211,NULL,8523,Sharon Shan,NULL
24274,NULL,17094,Shaun Shan,NULL
15101,NULL,20380,Shawn Shan,NULL
27869,NULL,3574,Shawna Shan,NULL
21565,NULL,8681,Sheena Shan,NULL
22447,NULL,19996,Tara Shan,NULL
15192,NULL,8628,Tasha Shan,NULL
20907,NULL,4260,Terrence Shan,NULL
27483,NULL,5735,Thomas Shan,NULL
22614,NULL,4206,Tommy Shan,NULL
16175,NULL,17184,Tony Shan,NULL
14173,NULL,8463,Tonya Shan,NULL
22661,NULL,16423,Tracy Shan,NULL
21971,NULL,17282,Warren Shan,NULL
19365,NULL,9118,Wayne Shan,NULL
17098,NULL,13396,Willie Shan,NULL
12702,NULL,3631,Yolanda Shan,NULL
24359,NULL,6484,Zachary Shan,NULL
11801,NULL,5529,Aaron Sharma,NULL
15433,NULL,5270,Adam Sharma,NULL
21940,NULL,12540,Alejandro Sharma,NULL
19440,NULL,19787,Alicia Sharma,NULL
21094,NULL,16650,Alison Sharma,NULL
19586,NULL,5029,Alvin Sharma,NULL
24230,NULL,5073,Andres Sharma,NULL
17997,NULL,20540,April Sharma,NULL
13648,NULL,10441,Arturo Sharma,NULL
28664,NULL,8954,Ashlee Sharma,NULL
29204,NULL,6286,Austin Sharma,NULL
22421,NULL,11603,Barbara Sharma,NULL
25856,NULL,6745,Benjamin Sharma,NULL
25562,NULL,3696,Bonnie Sharma,NULL
13545,NULL,9391,Brad Sharma,NULL
23233,NULL,20295,Bradley Sharma,NULL
22220,NULL,6944,Brandon Sharma,NULL
22472,NULL,8579,Bridget Sharma,NULL
19120,NULL,5582,Caleb Sharma,NULL
25754,NULL,9167,Calvin Sharma,NULL
17832,NULL,6336,Cameron Sharma,NULL
21375,NULL,16954,Carl Sharma,NULL
20777,NULL,4499,Carly Sharma,NULL
12814,NULL,16291,Casey Sharma,NULL
26978,NULL,8893,Cassie Sharma,NULL
14060,NULL,3932,Cedric Sharma,NULL
23847,NULL,20336,Chad Sharma,NULL
15809,NULL,6233,Christian Sharma,NULL
27930,NULL,7196,Clarence Sharma,NULL
12240,NULL,12643,Clayton Sharma,NULL
13215,NULL,12323,Colleen Sharma,NULL
23505,NULL,5627,Connor Sharma,NULL
17495,NULL,20462,Corey Sharma,NULL
20309,NULL,8733,Cristina Sharma,NULL
23987,NULL,12218,Dawn Sharma,NULL
13497,NULL,8850,Deborah Sharma,NULL
27126,NULL,20246,Derek Sharma,NULL
19315,NULL,4317,Devon Sharma,NULL
11998,NULL,4653,Donna Sharma,NULL
13606,NULL,9220,Drew Sharma,NULL
18484,NULL,2562,Dustin Sharma,NULL
19066,NULL,7003,Dylan Sharma,NULL
25021,NULL,13193,Edwin Sharma,NULL
19894,NULL,5378,Elijah Sharma,NULL
19809,NULL,5321,Eric Sharma,NULL
20092,NULL,6535,Ethan Sharma,NULL
17195,NULL,8284,Franklin Sharma,NULL
15618,NULL,5883,Gabriel Sharma,NULL
17648,NULL,9373,Gilbert Sharma,NULL
23966,NULL,9279,Grant Sharma,NULL
28607,NULL,6081,Hunter Sharma,NULL
28826,NULL,5224,Jack Sharma,NULL
16876,NULL,4830,Jackson Sharma,NULL
28403,NULL,12977,Jaclyn Sharma,NULL
21049,NULL,6395,James Sharma,NULL
15332,NULL,5422,Jason Sharma,NULL
13651,NULL,16895,Jerry Sharma,NULL
18260,NULL,4702,Jodi Sharma,NULL
19834,NULL,17054,Johnny Sharma,NULL
18327,NULL,12432,Jon Sharma,NULL
17393,NULL,5178,Jordan Sharma,NULL
13244,NULL,5680,Jose Sharma,NULL
18191,NULL,19955,Julie Sharma,NULL
15609,NULL,5141,Karl Sharma,NULL
24016,NULL,3501,Karla Sharma,NULL
20740,NULL,19915,Kathryn Sharma,NULL
21106,NULL,20614,Katie Sharma,NULL
11614,NULL,16339,Katrina Sharma,NULL
15728,NULL,20500,Keith Sharma,NULL
26672,NULL,12118,Kelli Sharma,NULL
17219,NULL,16511,Kelsey Sharma,NULL
26655,NULL,2770,Kelvin Sharma,NULL
19549,NULL,5830,Kevin Sharma,NULL
11885,NULL,4150,Kurt Sharma,NULL
18662,NULL,5782,Kyle Sharma,NULL
29472,NULL,12426,Lacey Sharma,NULL
19260,NULL,16384,Latoya Sharma,NULL
24478,NULL,19829,Lindsay Sharma,NULL
29418,NULL,20662,Lindsey Sharma,NULL
21699,NULL,5928,Logan Sharma,NULL
16861,NULL,5477,Luis Sharma,NULL
23005,NULL,5134,Luke Sharma,NULL
25928,NULL,16807,Mario Sharma,NULL
28778,NULL,9065,Maurice Sharma,NULL
21350,NULL,4549,Mindy Sharma,NULL
25708,NULL,16465,Misty Sharma,NULL
20434,NULL,5985,Nathan Sharma,NULL
14692,NULL,16604,Nichole Sharma,NULL
13517,NULL,5265,Nicolas Sharma,NULL
23760,NULL,4441,Nina Sharma,NULL
13610,NULL,12747,Omar Sharma,NULL
23600,NULL,20416,Peter Sharma,NULL
23911,NULL,8786,Priscilla Sharma,NULL
12200,NULL,12861,Rafael Sharma,NULL
16347,NULL,9511,Raul Sharma,NULL
16512,NULL,17006,Ricardo Sharma,NULL
19454,NULL,13300,Roger Sharma,NULL
15637,NULL,16856,Russell Sharma,NULL
27725,NULL,6030,Samuel Sharma,NULL
25294,NULL,8521,Sharon Sharma,NULL
14148,NULL,17092,Shaun Sharma,NULL
27054,NULL,20378,Shawn Sharma,NULL
22627,NULL,3571,Shawna Sharma,NULL
11655,NULL,11900,Tamara Sharma,NULL
24137,NULL,19994,Tara Sharma,NULL
20942,NULL,8626,Tasha Sharma,NULL
17351,NULL,4257,Terrence Sharma,NULL
14000,NULL,17235,Terry Sharma,NULL
18637,NULL,5733,Thomas Sharma,NULL
16532,NULL,4203,Tommy Sharma,NULL
18241,NULL,17180,Tony Sharma,NULL
23914,NULL,8459,Tonya Sharma,NULL
17731,NULL,16422,Tracy Sharma,NULL
21705,NULL,15446,Warren Sharma,NULL
19175,NULL,9115,Wayne Sharma,NULL
22427,NULL,13394,Willie Sharma,NULL
25048,NULL,3629,Yolanda Sharma,NULL
17562,NULL,7054,Zachary Sharma,NULL
11825,NULL,5842,Aimee She,NULL
25597,NULL,17346,Alan She,NULL
17873,NULL,12520,Alejandro She,NULL
17250,NULL,19767,Alicia She,NULL
24757,NULL,11985,Alisha She,NULL
16657,NULL,4809,Alvin She,NULL
19196,NULL,20525,April She,NULL
28319,NULL,8928,Ashlee She,NULL
12823,NULL,17258,Bethany She,NULL
19431,NULL,3667,Bonnie She,NULL
12307,NULL,9369,Brad She,NULL
16016,NULL,20274,Bradley She,NULL
18151,NULL,9313,Brendan She,NULL
19557,NULL,8552,Bridget She,NULL
22942,NULL,17584,Brittney She,NULL
18154,NULL,9148,Calvin She,NULL
29178,NULL,16777,Candice She,NULL
22646,NULL,4883,Cara She,NULL
12317,NULL,16934,Carl She,NULL
28458,NULL,16277,Casey She,NULL
21031,NULL,8874,Cassie She,NULL
12580,NULL,3711,Cedric She,NULL
16184,NULL,19860,Christine She,NULL
24901,NULL,6995,Clarence She,NULL
27188,NULL,5902,Claudia She,NULL
13785,NULL,12624,Clayton She,NULL
15139,NULL,13477,Colin She,NULL
29312,NULL,12300,Colleen She,NULL
21214,NULL,20443,Corey She,NULL
23342,NULL,8714,Cristina She,NULL
12818,NULL,18279,Curtis She,NULL
19441,NULL,5298,Dale She,NULL
25576,NULL,8820,Deborah She,NULL
11339,NULL,17934,Dennis She,NULL
15036,NULL,20232,Derek She,NULL
19346,NULL,4629,Donna She,NULL
25453,NULL,9198,Drew She,NULL
18542,NULL,2551,Dustin She,NULL
27417,NULL,13174,Edwin She,NULL
15510,NULL,6498,Ernest She,NULL
20998,NULL,5499,Eugene She,NULL
24530,NULL,8064,Franklin She,NULL
19505,NULL,9151,Gilbert She,NULL
29117,NULL,5725,Glenn She,NULL
19996,NULL,9253,Grant She,NULL
18458,NULL,2578,Gregory She,NULL
17376,NULL,12959,Jaclyn She,NULL
28482,NULL,9429,Jaime She,NULL
17781,NULL,5437,Jake She,NULL
27149,NULL,18079,Jeffery She,NULL
27586,NULL,11478,Jenny She,NULL
14277,NULL,16881,Jerry She,NULL
13650,NULL,5552,Jessie She,NULL
22727,NULL,4683,Jodi She,NULL
20056,NULL,17035,Johnny She,NULL
22492,NULL,18330,Jorge She,NULL
16570,NULL,19937,Julie She,NULL
23617,NULL,16536,Kara She,NULL
26852,NULL,17435,Karen She,NULL
12215,NULL,3475,Karla She,NULL
16852,NULL,4576,Kate She,NULL
26443,NULL,19900,Kathryn She,NULL
11965,NULL,20597,Katie She,NULL
26563,NULL,20485,Keith She,NULL
24889,NULL,12092,Kelli She,NULL
24617,NULL,16493,Kelsey She,NULL
27002,NULL,20281,Kelvin She,NULL
16096,NULL,2607,Kenneth She,NULL
19961,NULL,20565,Kristin She,NULL
25254,NULL,17388,Krystal She,NULL
26206,NULL,4126,Kurt She,NULL
21823,NULL,12404,Lacey She,NULL
11750,NULL,16366,Latoya She,NULL
11621,NULL,17479,Leah She,NULL
22797,NULL,5176,Leonard She,NULL
29456,NULL,19812,Lindsay She,NULL
14136,NULL,13068,Louis She,NULL
21972,NULL,5785,Mandy She,NULL
21760,NULL,17738,Margaret She,NULL
11407,NULL,16780,Mario She,NULL
18707,NULL,11258,Marshall She,NULL
22251,NULL,4940,Martha She,NULL
22917,NULL,9040,Maurice She,NULL
16516,NULL,4351,Melvin She,NULL
29051,NULL,8373,Michele She,NULL
13009,NULL,4531,Mindy She,NULL
19078,NULL,16442,Misty She,NULL
11909,NULL,16581,Nichole She,NULL
22961,NULL,4415,Nina She,NULL
15448,NULL,12724,Omar She,NULL
20046,NULL,20404,Peter She,NULL
18630,NULL,8765,Priscilla She,NULL
20152,NULL,12837,Rafael She,NULL
18000,NULL,6444,Ramon She,NULL
11415,NULL,18184,Randy She,NULL
19497,NULL,9486,Raul She,NULL
14233,NULL,16982,Ricardo She,NULL
15724,NULL,13278,Roger She,NULL
18931,NULL,4993,Rosa She,NULL
17200,NULL,16838,Russell She,NULL
22017,NULL,8493,Sharon She,NULL
28445,NULL,17078,Shaun She,NULL
16902,NULL,20364,Shawn She,NULL
14989,NULL,3543,Shawna She,NULL
23008,NULL,8655,Sheena She,NULL
26748,NULL,17633,Stacey She,NULL
19956,NULL,17786,Susan She,NULL
28902,NULL,5049,Suzanne She,NULL
14224,NULL,11881,Tamara She,NULL
24185,NULL,19975,Tara She,NULL
15680,NULL,8606,Tasha She,NULL
17928,NULL,4237,Terrence She,NULL
25454,NULL,17213,Terry She,NULL
23442,NULL,18236,Todd She,NULL
14269,NULL,17161,Tony She,NULL
16521,NULL,8440,Tonya She,NULL
21698,NULL,16410,Tracy She,NULL
18021,NULL,4764,Trisha She,NULL
20226,NULL,17529,Valerie She,NULL
21824,NULL,12282,Warren She,NULL
23607,NULL,9092,Wayne She,NULL
17055,NULL,13372,Willie She,NULL
18304,NULL,3610,Yolanda She,NULL
24257,NULL,1746,Alan Shen,NULL
15442,NULL,12525,Alejandro Shen,NULL
13575,NULL,19769,Alicia Shen,NULL
26438,NULL,11994,Alisha Shen,NULL
16614,NULL,16636,Alison Shen,NULL
17850,NULL,4849,Alvin Shen,NULL
20045,NULL,5052,Andres Shen,NULL
28547,NULL,20527,April Shen,NULL
16389,NULL,10269,Arturo Shen,NULL
16566,NULL,8932,Ashlee Shen,NULL
22030,NULL,11586,Barbara Shen,NULL
17903,NULL,17262,Bethany Shen,NULL
21405,NULL,3673,Bonnie Shen,NULL
28059,NULL,20279,Bradley Shen,NULL
14305,NULL,9320,Brendan Shen,NULL
17237,NULL,8556,Bridget Shen,NULL
26145,NULL,9153,Calvin Shen,NULL
19190,NULL,16938,Carl Shen,NULL
22915,NULL,4481,Carly Shen,NULL
12503,NULL,16279,Casey Shen,NULL
22209,NULL,3763,Cedric Shen,NULL
18143,NULL,20322,Chad Shen,NULL
19074,NULL,12305,Colleen Shen,NULL
26739,NULL,20447,Corey Shen,NULL
26768,NULL,8719,Cristina Shen,NULL
12716,NULL,5301,Dale Shen,NULL
14964,NULL,11152,Damien Shen,NULL
29167,NULL,12205,Dawn Shen,NULL
28433,NULL,8828,Deborah Shen,NULL
22586,NULL,20233,Derek Shen,NULL
27358,NULL,4300,Devon Shen,NULL
13674,NULL,9202,Drew Shen,NULL
27974,NULL,2553,Dustin Shen,NULL
16288,NULL,13178,Edwin Shen,NULL
27144,NULL,8115,Franklin Shen,NULL
12005,NULL,9190,Gilbert Shen,NULL
26763,NULL,9262,Grant Shen,NULL
22149,NULL,2579,Gregory Shen,NULL
12575,NULL,12960,Jaclyn Shen,NULL
13765,NULL,9435,Jaime Shen,NULL
20132,NULL,11483,Jenny Shen,NULL
16068,NULL,16883,Jerry Shen,NULL
22028,NULL,4687,Jodi Shen,NULL
19330,NULL,17038,Johnny Shen,NULL
13510,NULL,13578,Jon Shen,NULL
22505,NULL,19940,Julie Shen,NULL
23628,NULL,16542,Kara Shen,NULL
15151,NULL,5119,Karl Shen,NULL
22925,NULL,3481,Karla Shen,NULL
21957,NULL,19903,Kathryn Shen,NULL
20283,NULL,20601,Katie Shen,NULL
15801,NULL,16327,Katrina Shen,NULL
25907,NULL,12098,Kelli Shen,NULL
22921,NULL,16495,Kelsey Shen,NULL
22406,NULL,20602,Kelvin Shen,NULL
17443,NULL,20569,Kristin Shen,NULL
11884,NULL,16373,Latoya Shen,NULL
24271,NULL,5183,Leonard Shen,NULL
26560,NULL,20648,Lindsey Shen,NULL
21778,NULL,13074,Louis Shen,NULL
18802,NULL,16784,Mario Shen,NULL
13388,NULL,11300,Marshall Shen,NULL
26938,NULL,9047,Maurice Shen,NULL
29381,NULL,4358,Melvin Shen,NULL
27985,NULL,8376,Michele Shen,NULL
25019,NULL,16446,Misty Shen,NULL
22904,NULL,17125,Mitchell Shen,NULL
12999,NULL,16584,Nichole Shen,NULL
27775,NULL,4420,Nina Shen,NULL
28215,NULL,8769,Priscilla Shen,NULL
16689,NULL,12842,Rafael Shen,NULL
19507,NULL,9491,Raul Shen,NULL
14905,NULL,16988,Ricardo Shen,NULL
14011,NULL,13282,Roger Shen,NULL
11150,NULL,16842,Russell Shen,NULL
12684,NULL,17080,Shaun Shen,NULL
19270,NULL,20366,Shawn Shen,NULL
21771,NULL,8658,Sheena Shen,NULL
22935,NULL,11882,Tamara Shen,NULL
28882,NULL,8608,Tasha Shen,NULL
19397,NULL,17216,Terry Shen,NULL
25645,NULL,4187,Tommy Shen,NULL
29099,NULL,17167,Tony Shen,NULL
18004,NULL,8445,Tonya Shen,NULL
27503,NULL,12328,Warren Shen,NULL
23647,NULL,9096,Wayne Shen,NULL
18450,NULL,13378,Willie Shen,NULL
24535,NULL,1747,David Shepard,NULL
24541,NULL,1748,Janet Sheperdigian,NULL
24561,NULL,1749,Megan Sherman,NULL
24598,NULL,1750,Irma Sherwood,NULL
24705,NULL,1751,Daniel Shimshoni,NULL
24869,NULL,1752,Misty Shock,NULL
25139,NULL,1753,Carlos Short,NULL
25761,NULL,1754,Shish Shridhar,NULL
13891,NULL,5501,Aaron Simmons,NULL
18113,NULL,12198,Abigail Simmons,NULL
17617,NULL,3974,Abigail Simmons,NULL
25327,NULL,5248,Adam Simmons,NULL
23456,NULL,12922,Aidan Simmons,NULL
17506,NULL,7629,Alexandria Simmons,NULL
23849,NULL,12770,Alexis Simmons,NULL
19213,NULL,3052,Amanda Simmons,NULL
25180,NULL,7454,Ana Simmons,NULL
15825,NULL,7673,Angela Simmons,NULL
12451,NULL,3677,Anna Simmons,NULL
26490,NULL,13214,Antonio Simmons,NULL
29070,NULL,7714,Arianna Simmons,NULL
26898,NULL,12591,Ashley Simmons,NULL
20290,NULL,6255,Austin Simmons,NULL
14625,NULL,6717,Benjamin Simmons,NULL
12951,NULL,13608,Blake Simmons,NULL
18946,NULL,6911,Brandon Simmons,NULL
25878,NULL,19269,Brianna Simmons,NULL
29231,NULL,7203,Brittany Simmons,NULL
12193,NULL,5556,Caleb Simmons,NULL
16777,NULL,6305,Cameron Simmons,NULL
25343,NULL,13052,Carol Simmons,NULL
13912,NULL,6794,Caroline Simmons,NULL
19129,NULL,13261,Carson Simmons,NULL
21707,NULL,6837,Cassidy Simmons,NULL
20752,NULL,6209,Christian Simmons,NULL
19119,NULL,5604,Connor Simmons,NULL
14110,NULL,12964,Dakota Simmons,NULL
26313,NULL,13471,Dalton Simmons,NULL
12017,NULL,6671,David Simmons,NULL
20287,NULL,20094,Destiny Simmons,NULL
12102,NULL,13714,Devin Simmons,NULL
16133,NULL,6969,Dylan Simmons,NULL
24350,NULL,13749,Eduardo Simmons,NULL
21461,NULL,12684,Elizabeth Simmons,NULL
27023,NULL,13006,Emily Simmons,NULL
13940,NULL,19569,Emma Simmons,NULL
14643,NULL,5295,Eric Simmons,NULL
13210,NULL,6503,Ethan Simmons,NULL
15614,NULL,7829,Faith Simmons,NULL
15705,NULL,5852,Gabriel Simmons,NULL
29183,NULL,3353,Gabrielle Simmons,NULL
26296,NULL,19664,Grace Simmons,NULL
17894,NULL,3206,Hailey Simmons,NULL
26202,NULL,3436,Haley Simmons,NULL
16981,NULL,6057,Hunter Simmons,NULL
21733,NULL,13888,Ian Simmons,NULL
26432,NULL,7485,Isabel Simmons,NULL
11669,NULL,2601,Isabella Simmons,NULL
25730,NULL,7524,Isabelle Simmons,NULL
25773,NULL,5198,Jack Simmons,NULL
18829,NULL,5343,Jackson Simmons,NULL
13137,NULL,7755,Jacqueline Simmons,NULL
19884,NULL,6370,James Simmons,NULL
26647,NULL,19866,Jasmine Simmons,NULL
20396,NULL,5401,Jason Simmons,NULL
11262,NULL,20532,Jennifer Simmons,NULL
13902,NULL,13523,Jeremiah Simmons,NULL
24796,NULL,3525,Jessica Simmons,NULL
23304,NULL,5156,Jordan Simmons,NULL
16494,NULL,6880,Jordyn Simmons,NULL
24647,NULL,5656,Jose Simmons,NULL
16218,NULL,20419,Julia Simmons,NULL
15501,NULL,6619,Justin Simmons,NULL
28845,NULL,20635,Kaitlyn Simmons,NULL
26738,NULL,2976,Katherine Simmons,NULL
19745,NULL,12728,Kayla Simmons,NULL
29049,NULL,7559,Kelly Simmons,NULL
12630,NULL,5810,Kevin Simmons,NULL
18599,NULL,5754,Kyle Simmons,NULL
16246,NULL,13931,Lucas Simmons,NULL
24433,NULL,5449,Luis Simmons,NULL
16330,NULL,5107,Luke Simmons,NULL
17696,NULL,12500,Madison Simmons,NULL
18361,NULL,13843,Marcus Simmons,NULL
28087,NULL,3282,Maria Simmons,NULL
26683,NULL,8099,Mariah Simmons,NULL
22039,NULL,7078,Marissa Simmons,NULL
24449,NULL,7585,Melanie Simmons,NULL
24328,NULL,7345,Melissa Simmons,NULL
26250,NULL,13569,Miguel Simmons,NULL
21906,NULL,7286,Miranda Simmons,NULL
15912,NULL,7319,Mya Simmons,NULL
25182,NULL,2748,Natalie Simmons,NULL
11043,NULL,5960,Nathan Simmons,NULL
26177,NULL,19984,Nicole Simmons,NULL
27239,NULL,6108,Noah Simmons,NULL
21689,NULL,19363,Olivia Simmons,NULL
19139,NULL,13390,Oscar Simmons,NULL
24654,NULL,7792,Paige Simmons,NULL
16320,NULL,19774,Rachel Simmons,NULL
24149,NULL,13793,Richard Simmons,NULL
14801,NULL,7381,Riley Simmons,NULL
25148,NULL,6564,Ryan Simmons,NULL
29232,NULL,12542,Samantha Simmons,NULL
26289,NULL,6007,Samuel Simmons,NULL
11500,NULL,12637,Sarah Simmons,NULL
14283,NULL,13979,Seth Simmons,NULL
28279,NULL,13162,Spencer Simmons,NULL
23582,NULL,3132,Stephanie Simmons,NULL
11554,NULL,2894,Sydney Simmons,NULL
18531,NULL,5707,Thomas Simmons,NULL
12441,NULL,12841,Trevor Simmons,NULL
28659,NULL,7414,Vanessa Simmons,NULL
21935,NULL,19459,Victoria Simmons,NULL
22604,NULL,13688,Wyatt Simmons,NULL
12120,NULL,13426,Xavier Simmons,NULL
22718,NULL,7032,Zachary Simmons,NULL
25946,NULL,1755,Britta Simon,NULL
26717,NULL,1757,David Simpson,NULL
16419,NULL,12411,Lacey Simpson,NULL
25746,NULL,19814,Lindsay Simpson,NULL
26292,NULL,1756,Marty Simpson,NULL
15200,NULL,4535,Mindy Simpson,NULL
25123,NULL,8502,Sharon Simpson,NULL
28454,NULL,3551,Shawna Simpson,NULL
28107,NULL,19977,Tara Simpson,NULL
18805,NULL,16412,Tracy Simpson,NULL
19447,NULL,3615,Yolanda Simpson,NULL
26869,NULL,1758,Anne Sims,NULL
26952,NULL,1759,Mircea Singer,NULL
27040,NULL,1760,Paul Singh,NULL
27505,NULL,1761,Bonnie Skelly,NULL
27858,NULL,1762,Anders Skjønaa,NULL
27928,NULL,1763,Dianne Slattengren,NULL
27934,NULL,1764,Lanna Slaven,NULL
27948,NULL,1765,Cathy Sloan,NULL
19405,NULL,12032,Abigail Smith,NULL
18702,NULL,3155,Adriana Smith,NULL
18351,NULL,18069,Alexander Smith,NULL
28292,NULL,11294,Alexandra Smith,NULL
26725,NULL,11990,Alexis Smith,NULL
14072,NULL,15854,Allen Smith,NULL
26083,NULL,11521,Alyssa Smith,NULL
21174,NULL,16058,Andre Smith,NULL
14723,NULL,18863,Andrew Smith,NULL
18240,NULL,10909,Arthur Smith,NULL
29142,NULL,12406,Ashley Smith,NULL
13707,NULL,18118,Austin Smith,NULL
26733,NULL,18151,Benjamin Smith,NULL
18825,NULL,18421,Brandon Smith,NULL
15777,NULL,11707,Brianna Smith,NULL
13589,NULL,17612,Cameron Smith,NULL
27302,NULL,4836,Charles Smith,NULL
17619,NULL,11564,Chloe Smith,NULL
14313,NULL,17956,Christian Smith,NULL
21233,NULL,18651,Christopher Smith,NULL
28875,NULL,1771,Denise Smith,NULL
22428,NULL,11477,Destiny Smith,NULL
28655,NULL,4910,Devin Smith,NULL
20691,NULL,4996,Eduardo Smith,NULL
27041,NULL,4218,Edward Smith,NULL
17692,NULL,12216,Emily Smith,NULL
13976,NULL,7968,Emmanuel Smith,NULL
14530,NULL,17787,Ethan Smith,NULL
26534,NULL,3830,Fernando Smith,NULL
13919,NULL,11897,Grace Smith,NULL
25265,NULL,12267,Hannah Smith,NULL
21507,NULL,17879,Hunter Smith,NULL
17264,NULL,4684,Ian Smith,NULL
21434,NULL,11206,Isabella Smith,NULL
22418,NULL,18673,Jacob Smith,NULL
18474,NULL,17578,James Smith,NULL
28891,NULL,11383,Jasmine Smith,NULL
29283,NULL,1772,Jeff Smith,NULL
21337,NULL,11077,Jennifer Smith,NULL
18522,NULL,4529,Jeremiah Smith,NULL
20069,NULL,12076,Jessica Smith,NULL
19855,NULL,18222,John Smith,NULL
12762,NULL,17670,Jonathan Smith,NULL
23386,NULL,17341,Jose Smith,NULL
20513,NULL,18907,Joseph Smith,NULL
16362,NULL,18757,Joshua Smith,NULL
21282,NULL,11028,Julia Smith,NULL
19827,NULL,18025,Justin Smith,NULL
18133,NULL,11115,Karen Smith,NULL
14164,NULL,10493,Kari Smith,NULL
13197,NULL,10798,Katherine Smith,NULL
21962,NULL,10692,Kristi Smith,NULL
19490,NULL,19699,Kristina Smith,NULL
27972,NULL,1766,Leonard Smith,NULL
18090,NULL,4770,Lucas Smith,NULL
15963,NULL,12313,Madison Smith,NULL
15835,NULL,4600,Marcus Smith,NULL
28437,NULL,1767,Mary Smith,NULL
28830,NULL,18808,Matthew Smith,NULL
26716,NULL,11665,Megan Smith,NULL
23788,NULL,18714,Michael Smith,NULL
25174,NULL,19545,Monica Smith,NULL
17082,NULL,11164,Morgan Smith,NULL
17661,NULL,11250,Natalie Smith,NULL
21764,NULL,17689,Nathan Smith,NULL
13175,NULL,17278,Noah Smith,NULL
18687,NULL,11745,Olivia Smith,NULL
28560,NULL,1768,Peggy Smith,NULL
26101,NULL,20162,Phillip Smith,NULL
27409,NULL,3977,Preston Smith,NULL
23461,NULL,15503,Rachael Smith,NULL
22967,NULL,11335,Rachel Smith,NULL
25355,NULL,5076,Richard Smith,NULL
15113,NULL,17347,Robert Smith,NULL
28584,NULL,1769,Rolando Smith,NULL
11624,NULL,17967,Ryan Smith,NULL
29407,NULL,1773,Samantha Smith,NULL
14479,NULL,12357,Samantha Smith,NULL
23083,NULL,17734,Samuel Smith,NULL
24099,NULL,12455,Sarah Smith,NULL
26786,NULL,4291,Seth Smith,NULL
18053,NULL,7363,Stefanie Smith,NULL
12843,NULL,3040,Summer Smith,NULL
29110,NULL,10742,Sydney Smith,NULL
14787,NULL,10379,Tabitha Smith,NULL
13555,NULL,7424,Tammy Smith,NULL
18816,NULL,12124,Taylor Smith,NULL
19424,NULL,8070,Terrance Smith,NULL
17068,NULL,17333,Thomas Smith,NULL
19793,NULL,16196,Tina Smith,NULL
20341,NULL,18458,Tyler Smith,NULL
15388,NULL,11791,Victoria Smith,NULL
17555,NULL,18376,William Smith,NULL
23147,NULL,3752,Wyatt Smith,NULL
21081,NULL,4375,Xavier Smith,NULL
23783,NULL,18553,Zachary Smith,NULL
17641,NULL,1774,Lorrin Smith-Bates,NULL
17708,NULL,1775,Timothy Sneath,NULL
17900,NULL,1776,Victoria Snowden,NULL
18145,NULL,1777,David So,NULL
18295,NULL,1778,Ajay Solanki,NULL
19068,NULL,1779,Alma Son,NULL
19073,NULL,1780,Lolan Song,NULL
19154,NULL,1781,William Sotelo,NULL
19254,NULL,1782,Anibal Sousa,NULL
19960,NULL,1784,Phil Spencer,NULL
19303,NULL,1783,Sylvia Spencer,NULL
17932,NULL,3758,Barry Srini,NULL
25913,NULL,16007,Beth Srini,NULL
26988,NULL,18850,Brandy Srini,NULL
25553,NULL,19506,Brett Srini,NULL
20978,NULL,10809,Bruce Srini,NULL
12186,NULL,3920,Bryant Srini,NULL
15437,NULL,15416,Candace Srini,NULL
27506,NULL,7540,Carla Srini,NULL
27371,NULL,9947,Carolyn Srini,NULL
20520,NULL,19622,Cassandra Srini,NULL
11563,NULL,3819,Cesar Srini,NULL
17930,NULL,18940,Chelsea Srini,NULL
26026,NULL,7312,Cindy Srini,NULL
14703,NULL,4083,Clifford Srini,NULL
14080,NULL,19735,Cynthia Srini,NULL
15591,NULL,10176,Darren Srini,NULL
15182,NULL,9745,Deanna Srini,NULL
14737,NULL,8237,Dominic Srini,NULL
14149,NULL,20035,Donald Srini,NULL
16733,NULL,19423,Douglas Srini,NULL
17959,NULL,9638,Ebony Srini,NULL
27328,NULL,8134,Edgar Srini,NULL
17947,NULL,2974,Erick Srini,NULL
16855,NULL,3105,Evelyn Srini,NULL
12602,NULL,16697,Francisco Srini,NULL
18757,NULL,7867,Frederick Srini,NULL
16136,NULL,20197,George Srini,NULL
28406,NULL,11843,Gerald Srini,NULL
25525,NULL,15255,Heidi Srini,NULL
14952,NULL,19581,Holly Srini,NULL
27182,NULL,2916,Jarrod Srini,NULL
18326,NULL,10273,Jay Srini,NULL
25650,NULL,15308,Jillian Srini,NULL
22180,NULL,11008,Joe Srini,NULL
14097,NULL,15893,Johnathan Srini,NULL
22648,NULL,3217,Kaitlin Srini,NULL
23997,NULL,16103,Kristopher Srini,NULL
28499,NULL,3439,Lydia Srini,NULL
24168,NULL,15928,Manuel Srini,NULL
28288,NULL,3864,Marco Srini,NULL
18629,NULL,16743,Martin Srini,NULL
22666,NULL,3391,Mayra Srini,NULL
24882,NULL,10594,Meredith Srini,NULL
27790,NULL,16140,Molly Srini,NULL
19329,NULL,15463,Nancy Srini,NULL
15892,NULL,15543,Pamela Srini,NULL
14028,NULL,19666,Patricia Srini,NULL
19316,NULL,19463,Raymond Srini,NULL
28335,NULL,9845,Rebekah Srini,NULL
16467,NULL,20123,Ronald Srini,NULL
17636,NULL,11759,Ross Srini,NULL
24888,NULL,11109,Roy Srini,NULL
18078,NULL,11207,Ruben Srini,NULL
26506,NULL,3270,Ruth Srini,NULL
26225,NULL,7821,Sergio Srini,NULL
12469,NULL,19377,Shane Srini,NULL
18042,NULL,4032,Stanley Srini,NULL
23072,NULL,3339,Toni Srini,NULL
15627,NULL,15803,Troy Srini,NULL
11996,NULL,18980,Veronica Srini,NULL
20048,NULL,7600,Virginia Srini,NULL
11560,NULL,18895,Whitney Srini,NULL
17267,NULL,3912,Abigail Stewart,NULL
11229,NULL,15841,Adrian Stewart,NULL
20084,NULL,15806,Alex Stewart,NULL
27107,NULL,9458,Alexa Stewart,NULL
28096,NULL,2759,Alexandra Stewart,NULL
17476,NULL,9479,Alexandria Stewart,NULL
18826,NULL,9449,Allison Stewart,NULL
22990,NULL,20107,Alyssa Stewart,NULL
15310,NULL,2989,Amanda Stewart,NULL
27252,NULL,9451,Andrea Stewart,NULL
11235,NULL,15802,Angel Stewart,NULL
13301,NULL,9480,Angela Stewart,NULL
18589,NULL,3611,Anna Stewart,NULL
16743,NULL,9463,Ariana Stewart,NULL
17465,NULL,9482,Arianna Stewart,NULL
14485,NULL,9437,Bailey Stewart,NULL
19426,NULL,15822,Brian Stewart,NULL
20558,NULL,19182,Brianna Stewart,NULL
24759,NULL,9467,Brooke Stewart,NULL
16928,NULL,15837,Bryan Stewart,NULL
14562,NULL,15823,Bryce Stewart,NULL
25353,NULL,9464,Caitlin Stewart,NULL
27995,NULL,15799,Carlos Stewart,NULL
15247,NULL,9453,Catherine Stewart,NULL
23257,NULL,15843,Charles Stewart,NULL
12810,NULL,15824,Chase Stewart,NULL
25296,NULL,9459,Christina Stewart,NULL
14496,NULL,20224,Cindy Stewart,NULL
21284,NULL,15842,Cody Stewart,NULL
13595,NULL,15834,Cole Stewart,NULL
25933,NULL,15228,Dalton Stewart,NULL
20707,NULL,9454,Danielle Stewart,NULL
13144,NULL,19997,Destiny Stewart,NULL
13237,NULL,15845,Devin Stewart,NULL
16920,NULL,15848,Eduardo Stewart,NULL
17671,NULL,19478,Emma Stewart,NULL
18575,NULL,9473,Erin Stewart,NULL
27426,NULL,15808,Evan Stewart,NULL
26058,NULL,9487,Faith Stewart,NULL
28034,NULL,9440,Gabriella Stewart,NULL
18748,NULL,3293,Gabrielle Stewart,NULL
15762,NULL,15838,Garrett Stewart,NULL
24773,NULL,19583,Grace Stewart,NULL
22903,NULL,3145,Hailey Stewart,NULL
19108,NULL,3370,Haley Stewart,NULL
28012,NULL,15853,Ian Stewart,NULL
20742,NULL,20750,Isabella Stewart,NULL
26631,NULL,15804,Isaiah Stewart,NULL
27528,NULL,9474,Jade Stewart,NULL
16905,NULL,9442,Janet Stewart,NULL
19003,NULL,15836,Jared Stewart,NULL
11423,NULL,19791,Jasmine Stewart,NULL
11806,NULL,20438,Jennifer Stewart,NULL
12728,NULL,15229,Jeremiah Stewart,NULL
18913,NULL,15812,Jesse Stewart,NULL
16097,NULL,3460,Jessica Stewart,NULL
12902,NULL,20335,Julia Stewart,NULL
20663,NULL,20547,Kaitlyn Stewart,NULL
20109,NULL,9443,Katelyn Stewart,NULL
22901,NULL,2911,Katherine Stewart,NULL
24978,NULL,9447,Kaylee Stewart,NULL
12427,NULL,9468,Kimberly Stewart,NULL
29341,NULL,15855,Lucas Stewart,NULL
25160,NULL,9438,Mackenzie Stewart,NULL
16649,NULL,9469,Makayla Stewart,NULL
20632,NULL,15852,Marcus Stewart,NULL
29096,NULL,9476,Margaret Stewart,NULL
20080,NULL,3221,Maria Stewart,NULL
23780,NULL,15809,Mason Stewart,NULL
11413,NULL,19074,Megan Stewart,NULL
26810,NULL,9477,Melanie Stewart,NULL
25173,NULL,9492,Melissa Stewart,NULL
19713,NULL,20647,Morgan Stewart,NULL
17710,NULL,2677,Natalie Stewart,NULL
20129,NULL,19882,Nicole Stewart,NULL
18749,NULL,19283,Olivia Stewart,NULL
18471,NULL,9484,Paige Stewart,NULL
11882,NULL,15819,Patrick Stewart,NULL
18420,NULL,9493,Riley Stewart,NULL
17347,NULL,9441,Sara Stewart,NULL
16947,NULL,9446,Savannah Stewart,NULL
23886,NULL,15815,Sean Stewart,NULL
12167,NULL,15831,Sebastian Stewart,NULL
18088,NULL,15858,Seth Stewart,NULL
25073,NULL,9470,Shelby Stewart,NULL
23052,NULL,15840,Steven Stewart,NULL
18097,NULL,2830,Sydney Stewart,NULL
13728,NULL,3538,Taylor Stewart,NULL
13199,NULL,15816,Timothy Stewart,NULL
11259,NULL,19376,Victoria Stewart,NULL
20645,NULL,15227,Xavier Stewart,NULL
13324,NULL,20206,Florian Stiller,NULL
12697,NULL,15362,Brenda Stone,NULL
22811,NULL,18030,Brent Stone,NULL
28722,NULL,8333,Carmen Stone,NULL
25948,NULL,19863,Christine Stone,NULL
18434,NULL,12628,Clayton Stone,NULL
12673,NULL,13481,Colin Stone,NULL
15524,NULL,4453,Dalton Stone,NULL
20858,NULL,10757,Damien Stone,NULL
25736,NULL,9546,Darrell Stone,NULL
28558,NULL,12201,Dawn Stone,NULL
11032,NULL,16240,Denise Stone,NULL
16718,NULL,13303,Gavin Stone,NULL
28792,NULL,15965,Henry Stone,NULL
16451,NULL,5115,Karl Stone,NULL
17331,NULL,20489,Keith Stone,NULL
13313,NULL,19164,Megan Stone,NULL
13307,NULL,9465,Michelle Stone,NULL
25013,NULL,17120,Mitchell Stone,NULL
21265,NULL,15850,Richard Stone,NULL
19060,NULL,3064,Stephanie Stone,NULL
13605,NULL,17980,Gerrit Straatsma,NULL
24559,NULL,7136,Adrienne Suarez,NULL
20950,NULL,14930,Albert Suarez,NULL
18719,NULL,6644,Alberto Suarez,NULL
19601,NULL,2829,Alfredo Suarez,NULL
22485,NULL,2765,Andy Suarez,NULL
28430,NULL,6978,Armando Suarez,NULL
26981,NULL,6048,Audrey Suarez,NULL
24867,NULL,6107,Beth Suarez,NULL
17287,NULL,15767,Billy Suarez,NULL
21874,NULL,18500,Brandi Suarez,NULL
15266,NULL,13779,Briana Suarez,NULL
27579,NULL,10887,Bruce Suarez,NULL
16403,NULL,19834,Byron Suarez,NULL
18222,NULL,10024,Carolyn Suarez,NULL
26548,NULL,19169,Casey Suarez,NULL
28419,NULL,6210,Cheryl Suarez,NULL
22657,NULL,14640,Clinton Suarez,NULL
24146,NULL,19086,Craig Suarez,NULL
18288,NULL,6235,Daisy Suarez,NULL
23541,NULL,17835,Dana Suarez,NULL
20995,NULL,14776,Danny Suarez,NULL
19481,NULL,10250,Darren Suarez,NULL
11354,NULL,9822,Deanna Suarez,NULL
21061,NULL,13877,Desiree Suarez,NULL
27834,NULL,18678,Diana Suarez,NULL
22445,NULL,15752,Diane Suarez,NULL
24490,NULL,20659,Dwayne Suarez,NULL
26361,NULL,9715,Ebony Suarez,NULL
24109,NULL,6703,Eddie Suarez,NULL
15194,NULL,19298,Erik Suarez,NULL
15120,NULL,18724,Erika Suarez,NULL
28703,NULL,14299,Felicia Suarez,NULL
25321,NULL,2580,Francis Suarez,NULL
19309,NULL,18354,Frank Suarez,NULL
20248,NULL,15072,Gina Suarez,NULL
15034,NULL,14736,Hector Suarez,NULL
11010,NULL,6377,Jacquelyn Suarez,NULL
15056,NULL,7085,Jaime Suarez,NULL
22623,NULL,14677,Jamie Suarez,NULL
16600,NULL,6272,Janet Suarez,NULL
11470,NULL,10358,Jay Suarez,NULL
20622,NULL,7726,Jerome Suarez,NULL
13702,NULL,5768,Jessie Suarez,NULL
13225,NULL,18401,Jésus Suarez,NULL
12314,NULL,15114,Jill Suarez,NULL
20143,NULL,15669,Jimmy Suarez,NULL
22063,NULL,14001,Joanna Suarez,NULL
19944,NULL,14504,Jonathon Suarez,NULL
12665,NULL,14294,Joy Suarez,NULL
16763,NULL,12721,Juan Suarez,NULL
15058,NULL,7025,Julio Suarez,NULL
17559,NULL,10572,Kari Suarez,NULL
23615,NULL,15171,Kendra Suarez,NULL
25468,NULL,14244,Krista Suarez,NULL
23099,NULL,9613,Kristi Suarez,NULL
16282,NULL,6327,Kristine Suarez,NULL
21984,NULL,14343,Kristy Suarez,NULL
17230,NULL,14874,Lance Suarez,NULL
28694,NULL,18459,Larry Suarez,NULL
11471,NULL,6159,Latasha Suarez,NULL
26131,NULL,14466,Lawrence Suarez,NULL
22680,NULL,14426,Lee Suarez,NULL
22955,NULL,18541,Leslie Suarez,NULL
16665,NULL,13833,Linda Suarez,NULL
12484,NULL,14134,Lori Suarez,NULL
26980,NULL,15719,Marc Suarez,NULL
29429,NULL,10127,Marie Suarez,NULL
22443,NULL,6926,Marvin Suarez,NULL
12279,NULL,14547,Mathew Suarez,NULL
14809,NULL,2714,Max Suarez,NULL
22177,NULL,18816,Meghan Suarez,NULL
29181,NULL,14085,Melinda Suarez,NULL
14276,NULL,17115,Melody Suarez,NULL
15032,NULL,10666,Meredith Suarez,NULL
24063,NULL,14600,Micheal Suarez,NULL
12526,NULL,9036,Michele Suarez,NULL
17833,NULL,13790,Monique Suarez,NULL
13834,NULL,17581,Naomi Suarez,NULL
14679,NULL,18771,Natasha Suarez,NULL
15242,NULL,6875,Neil Suarez,NULL
27355,NULL,19437,Nelson Suarez,NULL
11121,NULL,19001,Orlando Suarez,NULL
24611,NULL,11731,Pedro Suarez,NULL
26974,NULL,19215,Philip Suarez,NULL
28211,NULL,14984,Randall Suarez,NULL
13649,NULL,9922,Rebekah Suarez,NULL
18177,NULL,6593,Reginald Suarez,NULL
12703,NULL,15029,Renee Suarez,NULL
29066,NULL,15612,Ricky Suarez,NULL
18128,NULL,14828,Roberto Suarez,NULL
26696,NULL,13266,Robyn Suarez,NULL
27940,NULL,11826,Ross Suarez,NULL
14031,NULL,11288,Ruben Suarez,NULL
20882,NULL,14191,Sabrina Suarez,NULL
12633,NULL,20240,Shannon Suarez,NULL
28884,NULL,14765,Sheila Suarez,NULL
14506,NULL,18630,Stacy Suarez,NULL
25110,NULL,10461,Tabitha Suarez,NULL
17745,NULL,14045,Tanya Suarez,NULL
12817,NULL,6764,Theodore Suarez,NULL
27803,NULL,13921,Theresa Suarez,NULL
15684,NULL,6826,Tyrone Suarez,NULL
24071,NULL,19255,Victor Suarez,NULL
13730,NULL,13616,Walter Suarez,NULL
22511,NULL,13962,Wendy Suarez,NULL
13256,NULL,17972,Abby Subram,NULL
23424,NULL,3175,Adriana Subram,NULL
17895,NULL,15860,Allen Subram,NULL
28752,NULL,16068,Andre Subram,NULL
18693,NULL,7260,Ann Subram,NULL
27350,NULL,10919,Arthur Subram,NULL
26057,NULL,3770,Barry Subram,NULL
29373,NULL,16016,Bobby Subram,NULL
25693,NULL,18857,Brandy Subram,NULL
22565,NULL,15374,Brenda Subram,NULL
16917,NULL,19512,Brett Subram,NULL
21850,NULL,10817,Bruce Subram,NULL
24843,NULL,3929,Bryant Subram,NULL
27585,NULL,15425,Candace Subram,NULL
29473,NULL,8346,Carmen Subram,NULL
26052,NULL,9957,Carolyn Subram,NULL
16618,NULL,19632,Cassandra Subram,NULL
11475,NULL,3829,Cesar Subram,NULL
16645,NULL,18947,Chelsea Subram,NULL
23943,NULL,7323,Cindy Subram,NULL
28175,NULL,4092,Clifford Subram,NULL
27599,NULL,19342,Cory Subram,NULL
20965,NULL,19743,Cynthia Subram,NULL
25614,NULL,9754,Deanna Subram,NULL
26003,NULL,16251,Denise Subram,NULL
15620,NULL,7493,Dominique Subram,NULL
27184,NULL,20044,Donald Subram,NULL
27352,NULL,19432,Douglas Subram,NULL
26216,NULL,9648,Ebony Subram,NULL
19496,NULL,8147,Edgar Subram,NULL
20795,NULL,7980,Emmanuel Subram,NULL
20458,NULL,2987,Erick Subram,NULL
21257,NULL,3115,Evelyn Subram,NULL
21897,NULL,16705,Francisco Subram,NULL
11559,NULL,7880,Frederick Subram,NULL
25451,NULL,8296,Geoffrey Subram,NULL
20974,NULL,20210,George Subram,NULL
21517,NULL,11859,Gerald Subram,NULL
23903,NULL,2880,Harold Subram,NULL
11605,NULL,15265,Heidi Subram,NULL
28552,NULL,19588,Holly Subram,NULL
26147,NULL,8188,Ivan Subram,NULL
25672,NULL,18448,Janelle Subram,NULL
24876,NULL,2926,Jarrod Subram,NULL
28731,NULL,8026,Jermaine Subram,NULL
13631,NULL,11015,Joe Subram,NULL
20873,NULL,20086,Joel Subram,NULL
12682,NULL,10503,Kari Subram,NULL
15025,NULL,10703,Kristi Subram,NULL
13587,NULL,19707,Kristina Subram,NULL
12824,NULL,16111,Kristopher Subram,NULL
15619,NULL,7930,Levi Subram,NULL
28549,NULL,3451,Lydia Subram,NULL
25680,NULL,15934,Manuel Subram,NULL
28174,NULL,3877,Marco Subram,NULL
24157,NULL,10061,Marie Subram,NULL
19590,NULL,16753,Martin Subram,NULL
28446,NULL,3403,Mayra Subram,NULL
11573,NULL,7211,Meagan Subram,NULL
14261,NULL,10603,Meredith Subram,NULL
25586,NULL,16153,Molly Subram,NULL
15814,NULL,19556,Monica Subram,NULL
29291,NULL,15472,Nancy Subram,NULL
14167,NULL,15552,Pamela Subram,NULL
13775,NULL,19673,Patricia Subram,NULL
17688,NULL,11658,Pedro Subram,NULL
21033,NULL,3989,Preston Subram,NULL
23994,NULL,19473,Raymond Subram,NULL
26030,NULL,9854,Rebekah Subram,NULL
20720,NULL,7665,Regina Subram,NULL
27733,NULL,20134,Ronald Subram,NULL
23085,NULL,11770,Ross Subram,NULL
21896,NULL,11119,Roy Subram,NULL
12187,NULL,11218,Ruben Subram,NULL
28386,NULL,7832,Sergio Subram,NULL
20902,NULL,19386,Shane Subram,NULL
15925,NULL,4046,Stanley Subram,NULL
12371,NULL,7374,Stefanie Subram,NULL
17511,NULL,10390,Tabitha Subram,NULL
27771,NULL,8080,Terrance Subram,NULL
13802,NULL,16205,Tina Subram,NULL
19607,NULL,15813,Troy Subram,NULL
12485,NULL,18989,Veronica Subram,NULL
13036,NULL,7612,Virginia Subram,NULL
15072,NULL,18905,Whitney Subram,NULL
20611,NULL,7554,Carla Sullivan,NULL
22840,NULL,8245,Dominic Sullivan,NULL
20603,NULL,15975,Henry Sullivan,NULL
16919,NULL,3234,Kaitlin Sullivan,NULL
28471,NULL,20170,Phillip Sullivan,NULL
22425,NULL,11179,Roy Sullivan,NULL
27723,NULL,3283,Ruth Sullivan,NULL
21181,NULL,3046,Summer Sullivan,NULL
29083,NULL,3351,Toni Sullivan,NULL
18319,NULL,5811,Aimee Sun,NULL
12802,NULL,17320,Alan Sun,NULL
23923,NULL,12497,Alejandro Sun,NULL
18048,NULL,11960,Alisha Sun,NULL
18252,NULL,4589,Alvin Sun,NULL
11421,NULL,20718,Amy Sun,NULL
11498,NULL,10006,Arturo Sun,NULL
22564,NULL,5933,Autumn Sun,NULL
25585,NULL,18008,Brent Sun,NULL
11365,NULL,17557,Brittney Sun,NULL
19568,NULL,17811,Candice Sun,NULL
17987,NULL,4850,Cara Sun,NULL
17985,NULL,3441,Cedric Sun,NULL
25218,NULL,11357,Christy Sun,NULL
14525,NULL,5874,Claudia Sun,NULL
28533,NULL,12602,Clayton Sun,NULL
28566,NULL,13452,Colin Sun,NULL
21064,NULL,12277,Colleen Sun,NULL
22806,NULL,20767,Crystal Sun,NULL
15696,NULL,8385,Damien Sun,NULL
28708,NULL,5639,Darryl Sun,NULL
18418,NULL,12177,Dawn Sun,NULL
24481,NULL,17910,Dennis Sun,NULL
21170,NULL,13159,Edwin Sun,NULL
26135,NULL,2486,Erica Sun,NULL
22868,NULL,6476,Ernest Sun,NULL
19040,NULL,5473,Eugene Sun,NULL
19615,NULL,7849,Franklin Sun,NULL
12878,NULL,8914,Gilbert Sun,NULL
20556,NULL,5701,Glenn Sun,NULL
28729,NULL,2640,Heather Sun,NULL
18211,NULL,12932,Jaclyn Sun,NULL
21389,NULL,2454,Jamie Sun,NULL
24864,NULL,18057,Jeffery Sun,NULL
12253,NULL,11457,Jenny Sun,NULL
12100,NULL,13555,Jon Sun,NULL
16025,NULL,18313,Jorge Sun,NULL
28208,NULL,17411,Karen Sun,NULL
16307,NULL,12074,Kelli Sun,NULL
16560,NULL,18402,Kelvin Sun,NULL
13813,NULL,2511,Kristen Sun,NULL
18908,NULL,17373,Krystal Sun,NULL
15131,NULL,12382,Lacey Sun,NULL
17734,NULL,17461,Leah Sun,NULL
16182,NULL,13044,Louis Sun,NULL
16694,NULL,5761,Mandy Sun,NULL
25519,NULL,17721,Margaret Sun,NULL
12956,NULL,11025,Marshall Sun,NULL
26394,NULL,4918,Martha Sun,NULL
24887,NULL,5355,Micah Sun,NULL
25783,NULL,12702,Omar Sun,NULL
26749,NULL,12815,Rafael Sun,NULL
11974,NULL,18164,Randy Sun,NULL
25237,NULL,13251,Roger Sun,NULL
21648,NULL,5583,Ronnie Sun,NULL
26900,NULL,4971,Rosa Sun,NULL
27312,NULL,17666,Sandra Sun,NULL
12007,NULL,2538,Shannon Sun,NULL
19361,NULL,17610,Stacey Sun,NULL
23333,NULL,6527,Steve Sun,NULL
21835,NULL,17767,Susan Sun,NULL
24587,NULL,5026,Suzanne Sun,NULL
19976,NULL,11863,Tamara Sun,NULL
17989,NULL,2671,Tiffany Sun,NULL
22018,NULL,18217,Todd Sun,NULL
22442,NULL,4744,Trisha Sun,NULL
18590,NULL,17509,Valerie Sun,NULL
16585,NULL,17959,Vincent Sun,NULL
24863,NULL,18110,Wesley Sun,NULL
19278,NULL,13356,Willie Sun,NULL
18463,NULL,3131,Adriana Suri,NULL
21553,NULL,15832,Allen Suri,NULL
24189,NULL,16038,Andre Suri,NULL
26873,NULL,7230,Ann Suri,NULL
26190,NULL,10894,Arthur Suri,NULL
15253,NULL,3733,Barry Suri,NULL
14333,NULL,15995,Bobby Suri,NULL
14339,NULL,19759,Brandy Suri,NULL
22643,NULL,15346,Brenda Suri,NULL
29398,NULL,10793,Bruce Suri,NULL
18152,NULL,3903,Bryant Suri,NULL
25547,NULL,7515,Carla Suri,NULL
24250,NULL,8316,Carmen Suri,NULL
12972,NULL,9928,Carolyn Suri,NULL
18717,NULL,19605,Cassandra Suri,NULL
17512,NULL,3799,Cesar Suri,NULL
26273,NULL,18927,Chelsea Suri,NULL
18989,NULL,7281,Cindy Suri,NULL
19369,NULL,4065,Clifford Suri,NULL
15010,NULL,20225,Cory Suri,NULL
22589,NULL,19720,Cynthia Suri,NULL
17964,NULL,10158,Darren Suri,NULL
28507,NULL,9721,Deanna Suri,NULL
27524,NULL,16226,Denise Suri,NULL
26950,NULL,8209,Dominic Suri,NULL
25584,NULL,7459,Dominique Suri,NULL
15456,NULL,20023,Donald Suri,NULL
19096,NULL,19407,Douglas Suri,NULL
22808,NULL,9620,Ebony Suri,NULL
24443,NULL,8107,Edgar Suri,NULL
26346,NULL,7946,Emmanuel Suri,NULL
16635,NULL,2954,Erick Suri,NULL
21223,NULL,3075,Evelyn Suri,NULL
22828,NULL,16678,Francisco Suri,NULL
28390,NULL,7852,Frederick Suri,NULL
26419,NULL,8265,Geoffrey Suri,NULL
27336,NULL,20183,George Suri,NULL
13617,NULL,11829,Gerald Suri,NULL
18480,NULL,15238,Heidi Suri,NULL
21683,NULL,15951,Henry Suri,NULL
18286,NULL,19570,Holly Suri,NULL
29481,NULL,8168,Ivan Suri,NULL
27903,NULL,18169,Janelle Suri,NULL
12004,NULL,2900,Jarrod Suri,NULL
15687,NULL,10255,Jay Suri,NULL
15180,NULL,15291,Jillian Suri,NULL
21028,NULL,10983,Joe Suri,NULL
12291,NULL,15881,Johnathan Suri,NULL
29190,NULL,3196,Kaitlin Suri,NULL
25266,NULL,10471,Kari Suri,NULL
22650,NULL,19686,Kristina Suri,NULL
22849,NULL,16088,Kristopher Suri,NULL
12462,NULL,7897,Levi Suri,NULL
13126,NULL,3421,Lydia Suri,NULL
20469,NULL,15913,Manuel Suri,NULL
16454,NULL,3848,Marco Suri,NULL
24281,NULL,10029,Marie Suri,NULL
16589,NULL,16725,Martin Suri,NULL
15729,NULL,3373,Mayra Suri,NULL
22394,NULL,7187,Meagan Suri,NULL
21058,NULL,10577,Meredith Suri,NULL
18007,NULL,10133,Michele Suri,NULL
17503,NULL,16125,Molly Suri,NULL
19509,NULL,15442,Nancy Suri,NULL
16034,NULL,15525,Pamela Suri,NULL
15436,NULL,19651,Patricia Suri,NULL
26422,NULL,11634,Pedro Suri,NULL
17914,NULL,20149,Phillip Suri,NULL
20971,NULL,3954,Preston Suri,NULL
18279,NULL,15487,Rachael Suri,NULL
17416,NULL,19447,Raymond Suri,NULL
19373,NULL,9827,Rebekah Suri,NULL
27800,NULL,7635,Regina Suri,NULL
18214,NULL,20106,Ronald Suri,NULL
18001,NULL,11738,Ross Suri,NULL
17253,NULL,11082,Roy Suri,NULL
12461,NULL,3255,Ruth Suri,NULL
16391,NULL,7794,Sergio Suri,NULL
25126,NULL,19360,Shane Suri,NULL
27496,NULL,4013,Stanley Suri,NULL
22620,NULL,7343,Stefanie Suri,NULL
26219,NULL,3017,Summer Suri,NULL
27957,NULL,10362,Tabitha Suri,NULL
24031,NULL,7402,Tammy Suri,NULL
21046,NULL,8045,Terrance Suri,NULL
26691,NULL,16176,Tina Suri,NULL
18464,NULL,3311,Toni Suri,NULL
12251,NULL,15784,Troy Suri,NULL
23967,NULL,18967,Veronica Suri,NULL
16807,NULL,7574,Virginia Suri,NULL
21974,NULL,18875,Whitney Suri,NULL
25504,NULL,9155,Calvin Sutton,NULL
16613,NULL,8881,Cassie Sutton,NULL
26864,NULL,19864,Christine Sutton,NULL
16630,NULL,9439,Jaime Sutton,NULL
26660,NULL,5059,Kern Sutton,NULL
20862,NULL,11353,Marshall Sutton,NULL
25633,NULL,19981,Tara Sutton,NULL
15669,NULL,3464,Paul Suurs,NULL
28334,NULL,19775,Marco Tanara,NULL
11542,NULL,12528,Alejandro Tang,NULL
12869,NULL,11998,Alisha Tang,NULL
16299,NULL,16640,Alison Tang,NULL
21678,NULL,4903,Alvin Tang,NULL
25935,NULL,20531,April Tang,NULL
17637,NULL,10307,Arturo Tang,NULL
11369,NULL,8939,Ashlee Tang,NULL
27711,NULL,11589,Barbara Tang,NULL
28492,NULL,17265,Bethany Tang,NULL
27856,NULL,3678,Bonnie Tang,NULL
25489,NULL,9378,Brad Tang,NULL
28521,NULL,20283,Bradley Tang,NULL
17730,NULL,8563,Bridget Tang,NULL
21238,NULL,16942,Carl Tang,NULL
22470,NULL,4486,Carly Tang,NULL
15046,NULL,16281,Casey Tang,NULL
28381,NULL,3811,Cedric Tang,NULL
24041,NULL,20325,Chad Tang,NULL
23660,NULL,11390,Christy Tang,NULL
21821,NULL,12632,Clayton Tang,NULL
14323,NULL,13484,Colin Tang,NULL
25731,NULL,12307,Colleen Tang,NULL
22649,NULL,20455,Corey Tang,NULL
19623,NULL,8724,Cristina Tang,NULL
25638,NULL,5303,Dale Tang,NULL
28677,NULL,11573,Damien Tang,NULL
16496,NULL,12207,Dawn Tang,NULL
22858,NULL,8835,Deborah Tang,NULL
12820,NULL,20235,Derek Tang,NULL
24132,NULL,4303,Devon Tang,NULL
20554,NULL,4637,Donna Tang,NULL
15178,NULL,9206,Drew Tang,NULL
20450,NULL,13183,Edwin Tang,NULL
26940,NULL,8165,Franklin Tang,NULL
21533,NULL,9237,Gilbert Tang,NULL
11466,NULL,9266,Grant Tang,NULL
24048,NULL,2582,Gregory Tang,NULL
21060,NULL,12965,Jaclyn Tang,NULL
14210,NULL,11486,Jenny Tang,NULL
27765,NULL,16886,Jerry Tang,NULL
17659,NULL,4690,Jodi Tang,NULL
15119,NULL,17041,Johnny Tang,NULL
14440,NULL,13582,Jon Tang,NULL
26589,NULL,19943,Julie Tang,NULL
20591,NULL,16546,Kara Tang,NULL
15397,NULL,5127,Karl Tang,NULL
14851,NULL,3486,Karla Tang,NULL
20036,NULL,4586,Kate Tang,NULL
14186,NULL,16329,Katrina Tang,NULL
17901,NULL,20492,Keith Tang,NULL
26964,NULL,12104,Kelli Tang,NULL
12616,NULL,16499,Kelsey Tang,NULL
20832,NULL,2493,Kelvin Tang,NULL
28477,NULL,2610,Kenneth Tang,NULL
25794,NULL,20571,Kristin Tang,NULL
13847,NULL,4134,Kurt Tang,NULL
22910,NULL,16377,Latoya Tang,NULL
28109,NULL,5188,Leonard Tang,NULL
24934,NULL,19817,Lindsay Tang,NULL
25308,NULL,20652,Lindsey Tang,NULL
18292,NULL,13077,Louis Tang,NULL
13167,NULL,16790,Mario Tang,NULL
11160,NULL,9050,Maurice Tang,NULL
13663,NULL,4364,Melvin Tang,NULL
16469,NULL,8382,Michele Tang,NULL
27129,NULL,4538,Mindy Tang,NULL
14248,NULL,16452,Misty Tang,NULL
15630,NULL,16589,Nichole Tang,NULL
12282,NULL,5249,Nicolas Tang,NULL
27485,NULL,4425,Nina Tang,NULL
24027,NULL,12730,Omar Tang,NULL
25184,NULL,20411,Peter Tang,NULL
12479,NULL,8770,Priscilla Tang,NULL
11908,NULL,12848,Rafael Tang,NULL
22466,NULL,9498,Raul Tang,NULL
23619,NULL,16992,Ricardo Tang,NULL
20945,NULL,13285,Roger Tang,NULL
18632,NULL,16848,Russell Tang,NULL
15823,NULL,8507,Sharon Tang,NULL
27445,NULL,17083,Shaun Tang,NULL
25832,NULL,20369,Shawn Tang,NULL
18031,NULL,3555,Shawna Tang,NULL
28470,NULL,11889,Tamara Tang,NULL
28467,NULL,8613,Tasha Tang,NULL
17303,NULL,4244,Terrence Tang,NULL
14790,NULL,17219,Terry Tang,NULL
29479,NULL,4191,Tommy Tang,NULL
19930,NULL,17170,Tony Tang,NULL
20917,NULL,8449,Tonya Tang,NULL
17851,NULL,2380,Warren Tang,NULL
13090,NULL,9101,Wayne Tang,NULL
25939,NULL,13380,Willie Tang,NULL
20504,NULL,12045,Rakesh Tangirala,NULL
14588,NULL,18275,Alexander Taylor,NULL
20079,NULL,10715,Alexandra Taylor,NULL
20105,NULL,12007,Alexis Taylor,NULL
26198,NULL,11533,Alyssa Taylor,NULL
28985,NULL,18882,Andrew Taylor,NULL
23028,NULL,12183,Anna Taylor,NULL
22335,NULL,18614,Anthony Taylor,NULL
18215,NULL,12421,Ashley Taylor,NULL
19799,NULL,18233,Austin Taylor,NULL
11727,NULL,18039,Benjamin Taylor,NULL
17889,NULL,4155,Blake Taylor,NULL
27737,NULL,18221,Brandon Taylor,NULL
17027,NULL,11719,Brianna Taylor,NULL
12445,NULL,17653,Cameron Taylor,NULL
13792,NULL,4852,Charles Taylor,NULL
20433,NULL,11583,Chloe Taylor,NULL
20764,NULL,18108,Christian Taylor,NULL
21171,NULL,18109,Christopher Taylor,NULL
26626,NULL,4466,Dalton Taylor,NULL
25208,NULL,18489,Daniel Taylor,NULL
15991,NULL,17926,David Taylor,NULL
16655,NULL,11492,Destiny Taylor,NULL
12248,NULL,4921,Devin Taylor,NULL
27992,NULL,18476,Dylan Taylor,NULL
17796,NULL,5014,Eduardo Taylor,NULL
17442,NULL,4240,Edward Taylor,NULL
21901,NULL,11914,Elizabeth Taylor,NULL
17169,NULL,12236,Emily Taylor,NULL
14912,NULL,11860,Emma Taylor,NULL
22555,NULL,17921,Ethan Taylor,NULL
12135,NULL,3849,Fernando Taylor,NULL
24073,NULL,11308,Grace Taylor,NULL
11683,NULL,17902,Greg Taylor,NULL
20785,NULL,11224,Isabella Taylor,NULL
15331,NULL,18691,Jacob Taylor,NULL
11137,NULL,11395,Jasmine Taylor,NULL
18470,NULL,11091,Jennifer Taylor,NULL
29012,NULL,3991,Jeremiah Taylor,NULL
11935,NULL,12095,Jessica Taylor,NULL
23259,NULL,18329,John Taylor,NULL
17549,NULL,17663,Jonathan Taylor,NULL
27201,NULL,17322,Jose Taylor,NULL
12289,NULL,18925,Joseph Taylor,NULL
28130,NULL,18776,Joshua Taylor,NULL
15838,NULL,11048,Julia Taylor,NULL
28066,NULL,18064,Justin Taylor,NULL
18574,NULL,11131,Kaitlyn Taylor,NULL
18607,NULL,10816,Katherine Taylor,NULL
27248,NULL,11961,Kayla Taylor,NULL
14594,NULL,11632,Lauren Taylor,NULL
13522,NULL,17753,Logan Taylor,NULL
11523,NULL,4785,Lucas Taylor,NULL
11802,NULL,12326,Madison Taylor,NULL
18944,NULL,4615,Marcus Taylor,NULL
20511,NULL,18832,Matthew Taylor,NULL
11404,NULL,11679,Megan Taylor,NULL
27907,NULL,18730,Michael Taylor,NULL
23491,NULL,4077,Miguel Taylor,NULL
16879,NULL,11180,Morgan Taylor,NULL
14338,NULL,11265,Natalie Taylor,NULL
26521,NULL,17815,Nathan Taylor,NULL
15386,NULL,18995,Nicholas Taylor,NULL
11538,NULL,11443,Nicole Taylor,NULL
18979,NULL,17165,Noah Taylor,NULL
26341,NULL,11762,Olivia Taylor,NULL
13886,NULL,11347,Rachel Taylor,NULL
22789,NULL,5092,Richard Taylor,NULL
21146,NULL,17179,Robert Taylor,NULL
17025,NULL,17995,Ryan Taylor,NULL
12773,NULL,12375,Samantha Taylor,NULL
16872,NULL,17817,Samuel Taylor,NULL
23856,NULL,12469,Sarah Taylor,NULL
26509,NULL,4309,Seth Taylor,NULL
15905,NULL,12143,Taylor Taylor,NULL
23493,NULL,17412,Thomas Taylor,NULL
12032,NULL,18598,Tyler Taylor,NULL
26013,NULL,11808,Victoria Taylor,NULL
15839,NULL,18409,William Taylor,NULL
27295,NULL,3765,Wyatt Taylor,NULL
27082,NULL,18451,Zachary Taylor,NULL
26507,NULL,12047,Abhijit Thakur,NULL
23803,NULL,18290,Bernard Thames,NULL
27232,NULL,18623,Ram Thirunavukkarasu,NULL
23172,NULL,10718,Alexandra Thomas,NULL
26107,NULL,12009,Alexis Thomas,NULL
20894,NULL,11539,Alyssa Thomas,NULL
29004,NULL,18886,Andrew Thomas,NULL
14624,NULL,11595,Anna Thomas,NULL
12188,NULL,12425,Ashley Thomas,NULL
21295,NULL,18077,Benjamin Thomas,NULL
29242,NULL,4158,Blake Thomas,NULL
21770,NULL,18278,Brandon Thomas,NULL
15302,NULL,11722,Brianna Thomas,NULL
29325,NULL,17446,Cameron Thomas,NULL
25094,NULL,4854,Charles Thomas,NULL
11282,NULL,18134,Christian Thomas,NULL
20242,NULL,18137,Christopher Thomas,NULL
23009,NULL,4468,Dalton Thomas,NULL
24262,NULL,18624,Daniel Thomas,NULL
16836,NULL,17938,David Thomas,NULL
24317,NULL,4927,Devin Thomas,NULL
19873,NULL,18497,Dylan Thomas,NULL
14249,NULL,5017,Eduardo Thomas,NULL
19147,NULL,4242,Edward Thomas,NULL
15282,NULL,11918,Elizabeth Thomas,NULL
21803,NULL,12242,Emily Thomas,NULL
18904,NULL,11864,Emma Thomas,NULL
25259,NULL,17939,Ethan Thomas,NULL
23671,NULL,3852,Fernando Thomas,NULL
17031,NULL,11311,Grace Thomas,NULL
14295,NULL,12287,Hannah Thomas,NULL
22863,NULL,17911,Hunter Thomas,NULL
19118,NULL,4705,Ian Thomas,NULL
27265,NULL,11227,Isabella Thomas,NULL
19991,NULL,18694,Jacob Thomas,NULL
19243,NULL,17614,James Thomas,NULL
13424,NULL,11400,Jasmine Thomas,NULL
21273,NULL,11094,Jennifer Thomas,NULL
18372,NULL,3994,Jeremiah Thomas,NULL
16848,NULL,12099,Jessica Thomas,NULL
14657,NULL,18344,John Thomas,NULL
19777,NULL,17686,Jonathan Thomas,NULL
26960,NULL,17345,Jose Thomas,NULL
27989,NULL,18929,Joseph Thomas,NULL
18643,NULL,18782,Joshua Thomas,NULL
13400,NULL,11050,Julia Thomas,NULL
25860,NULL,17872,Justin Thomas,NULL
19896,NULL,11133,Kaitlyn Thomas,NULL
26536,NULL,10820,Katherine Thomas,NULL
19444,NULL,11963,Kayla Thomas,NULL
27640,NULL,11637,Lauren Thomas,NULL
14091,NULL,17758,Logan Thomas,NULL
13315,NULL,4787,Lucas Thomas,NULL
13389,NULL,12330,Madison Thomas,NULL
29268,NULL,4618,Marcus Thomas,NULL
13239,NULL,18835,Matthew Thomas,NULL
29071,NULL,11683,Megan Thomas,NULL
25183,NULL,18734,Michael Thomas,NULL
25480,NULL,4081,Miguel Thomas,NULL
12771,NULL,11183,Morgan Thomas,NULL
23350,NULL,11270,Natalie Thomas,NULL
20330,NULL,17826,Nathan Thomas,NULL
11795,NULL,11448,Nicole Thomas,NULL
18352,NULL,17181,Noah Thomas,NULL
23688,NULL,11764,Olivia Thomas,NULL
20767,NULL,11351,Rachel Thomas,NULL
27557,NULL,5094,Richard Thomas,NULL
15499,NULL,17195,Robert Thomas,NULL
22532,NULL,17998,Ryan Thomas,NULL
21690,NULL,12377,Samantha Thomas,NULL
25004,NULL,17844,Samuel Thomas,NULL
11173,NULL,12474,Sarah Thomas,NULL
14567,NULL,4311,Seth Thomas,NULL
14322,NULL,10769,Sydney Thomas,NULL
29275,NULL,12146,Taylor Thomas,NULL
21629,NULL,17422,Thomas Thomas,NULL
15536,NULL,11810,Victoria Thomas,NULL
21614,NULL,18413,William Thomas,NULL
12431,NULL,3768,Wyatt Thomas,NULL
12146,NULL,4390,Xavier Thomas,NULL
28045,NULL,18556,Zachary Thomas,NULL
24332,NULL,12057,Abigail Thompson,NULL
27114,NULL,18305,Alexander Thompson,NULL
28638,NULL,10728,Alexandra Thompson,NULL
19002,NULL,12015,Alexis Thompson,NULL
18638,NULL,11545,Alyssa Thompson,NULL
27200,NULL,11602,Anna Thompson,NULL
13850,NULL,18316,Anthony Thompson,NULL
15104,NULL,12436,Ashley Thompson,NULL
12513,NULL,17419,Austin Thompson,NULL
19435,NULL,18183,Benjamin Thompson,NULL
18390,NULL,4169,Blake Thompson,NULL
15311,NULL,18391,Brandon Thompson,NULL
18642,NULL,11729,Brianna Thompson,NULL
16620,NULL,17515,Cameron Thompson,NULL
13724,NULL,4863,Charles Thompson,NULL
15743,NULL,11012,Chloe Thompson,NULL
19815,NULL,18192,Christian Thompson,NULL
13028,NULL,4475,Dalton Thompson,NULL
21776,NULL,18488,Daniel Thompson,NULL
20067,NULL,11503,Destiny Thompson,NULL
20708,NULL,4937,Devin Thompson,NULL
26108,NULL,18512,Dylan Thompson,NULL
19157,NULL,5023,Eduardo Thompson,NULL
15290,NULL,4253,Edward Thompson,NULL
11864,NULL,11924,Elizabeth Thompson,NULL
15489,NULL,12249,Emily Thompson,NULL
19445,NULL,11874,Emma Thompson,NULL
19989,NULL,17957,Ethan Thompson,NULL
16350,NULL,3860,Fernando Thompson,NULL
15742,NULL,11320,Grace Thompson,NULL
26262,NULL,12294,Hannah Thompson,NULL
12976,NULL,17150,Hunter Thompson,NULL
18756,NULL,11236,Isabella Thompson,NULL
21153,NULL,17628,James Thompson,NULL
18659,NULL,11409,Jasmine Thompson,NULL
23063,NULL,11101,Jennifer Thompson,NULL
14592,NULL,12107,Jessica Thompson,NULL
21316,NULL,18359,John Thompson,NULL
27017,NULL,17700,Jonathan Thompson,NULL
23731,NULL,17379,Jose Thompson,NULL
20114,NULL,18948,Joseph Thompson,NULL
25999,NULL,18793,Joshua Thompson,NULL
29350,NULL,11059,Julia Thompson,NULL
22954,NULL,18074,Justin Thompson,NULL
12430,NULL,11142,Kaitlyn Thompson,NULL
27990,NULL,10829,Katherine Thompson,NULL
12363,NULL,11974,Kayla Thompson,NULL
12088,NULL,11648,Lauren Thompson,NULL
26522,NULL,17770,Logan Thompson,NULL
21277,NULL,4795,Lucas Thompson,NULL
18788,NULL,12338,Madison Thompson,NULL
22127,NULL,4628,Marcus Thompson,NULL
17578,NULL,11692,Megan Thompson,NULL
26148,NULL,18743,Michael Thompson,NULL
25179,NULL,4091,Miguel Thompson,NULL
24011,NULL,11192,Morgan Thompson,NULL
13904,NULL,11278,Natalie Thompson,NULL
25523,NULL,17841,Nathan Thompson,NULL
11252,NULL,19006,Nicholas Thompson,NULL
16150,NULL,11460,Nicole Thompson,NULL
14547,NULL,17307,Noah Thompson,NULL
15408,NULL,11774,Olivia Thompson,NULL
27108,NULL,11363,Rachel Thompson,NULL
14368,NULL,4539,Richard Thompson,NULL
21065,NULL,17222,Robert Thompson,NULL
11330,NULL,17961,Ryan Thompson,NULL
25075,NULL,12389,Samantha Thompson,NULL
15970,NULL,17690,Samuel Thompson,NULL
12423,NULL,12482,Sarah Thompson,NULL
21809,NULL,10777,Sydney Thompson,NULL
21736,NULL,17433,Thomas Thompson,NULL
27502,NULL,18515,Tyler Thompson,NULL
13857,NULL,11818,Victoria Thompson,NULL
22866,NULL,18249,William Thompson,NULL
17194,NULL,3775,Wyatt Thompson,NULL
15761,NULL,4397,Xavier Thompson,NULL
26018,NULL,18568,Zachary Thompson,NULL
12890,NULL,4320,Steven Thorpe,NULL
25367,NULL,3940,Abigail Torres,NULL
19534,NULL,14356,Adrian Torres,NULL
11482,NULL,7115,Adrienne Torres,NULL
18512,NULL,14324,Alex Torres,NULL
27685,NULL,2810,Alfredo Torres,NULL
21244,NULL,8683,Allison Torres,NULL
14036,NULL,3011,Amanda Torres,NULL
22441,NULL,8685,Andrea Torres,NULL
24102,NULL,2744,Andy Torres,NULL
21290,NULL,14321,Angel Torres,NULL
12845,NULL,8151,Angela Torres,NULL
28571,NULL,3641,Anna Torres,NULL
18623,NULL,14373,Anne Torres,NULL
22277,NULL,8152,Arianna Torres,NULL
23241,NULL,6957,Armando Torres,NULL
20594,NULL,10966,Arthur Torres,NULL
16571,NULL,6027,Audrey Torres,NULL
18259,NULL,8673,Bailey Torres,NULL
24623,NULL,6093,Beth Torres,NULL
16286,NULL,15755,Billy Torres,NULL
13747,NULL,14334,Brian Torres,NULL
13685,NULL,13614,Briana Torres,NULL
14116,NULL,19214,Brianna Torres,NULL
12552,NULL,10870,Bruce Torres,NULL
21607,NULL,14335,Bryce Torres,NULL
18561,NULL,9694,Carol Torres,NULL
15261,NULL,10011,Carolyn Torres,NULL
25372,NULL,17869,Carrie Torres,NULL
26792,NULL,19159,Casey Torres,NULL
13171,NULL,8686,Catherine Torres,NULL
11644,NULL,14361,Charles Torres,NULL
25727,NULL,6193,Cheryl Torres,NULL
21504,NULL,20261,Chloe Torres,NULL
20746,NULL,8691,Christina Torres,NULL
11687,NULL,14358,Cody Torres,NULL
13302,NULL,14345,Cole Torres,NULL
23503,NULL,14386,Dalton Torres,NULL
26907,NULL,17824,Dana Torres,NULL
22947,NULL,8687,Danielle Torres,NULL
16994,NULL,9805,Deanna Torres,NULL
11550,NULL,6061,Deb Torres,NULL
14691,NULL,19115,Derrick Torres,NULL
23852,NULL,13858,Desiree Torres,NULL
25385,NULL,20037,Destiny Torres,NULL
23752,NULL,14363,Devin Torres,NULL
17685,NULL,18662,Diana Torres,NULL
25211,NULL,15585,Diane Torres,NULL
17288,NULL,20528,Dwayne Torres,NULL
21985,NULL,6690,Eddie Torres,NULL
15314,NULL,14367,Eduardo Torres,NULL
11730,NULL,19515,Emma Torres,NULL
14919,NULL,19285,Erik Torres,NULL
26994,NULL,18705,Erika Torres,NULL
12182,NULL,8145,Erin Torres,NULL
19543,NULL,14325,Evan Torres,NULL
14376,NULL,8156,Faith Torres,NULL
17223,NULL,2494,Francis Torres,NULL
16582,NULL,18343,Frank Torres,NULL
12142,NULL,8676,Gabriella Torres,NULL
21417,NULL,3316,Gabrielle Torres,NULL
26954,NULL,10774,Gerald Torres,NULL
17904,NULL,15058,Gina Torres,NULL
26041,NULL,16487,Gloria Torres,NULL
21615,NULL,19616,Grace Torres,NULL
18648,NULL,3167,Hailey Torres,NULL
23283,NULL,3397,Haley Torres,NULL
17700,NULL,14722,Hector Torres,NULL
17207,NULL,14377,Ian Torres,NULL
25441,NULL,2408,Isabella Torres,NULL
23277,NULL,14323,Isaiah Torres,NULL
21976,NULL,8153,Jacqueline Torres,NULL
27464,NULL,6360,Jacquelyn Torres,NULL
25358,NULL,8146,Jade Torres,NULL
23295,NULL,7067,Jaime Torres,NULL
26542,NULL,14661,Jamie Torres,NULL
16354,NULL,8678,Janet Torres,NULL
23985,NULL,6253,Janet Torres,NULL
29243,NULL,14349,Jared Torres,NULL
11216,NULL,19820,Jasmine Torres,NULL
12274,NULL,13639,Javier Torres,NULL
16388,NULL,10337,Jay Torres,NULL
15472,NULL,20471,Jennifer Torres,NULL
13205,NULL,7706,Jerome Torres,NULL
25181,NULL,14328,Jesse Torres,NULL
27015,NULL,3488,Jessica Torres,NULL
24464,NULL,13984,Joanna Torres,NULL
11816,NULL,11061,Joe Torres,NULL
17273,NULL,14490,Jonathon Torres,NULL
26362,NULL,14124,Joy Torres,NULL
26783,NULL,14339,Juan Torres,NULL
12746,NULL,12558,Juan Torres,NULL
23565,NULL,20362,Julia Torres,NULL
22460,NULL,7009,Julio Torres,NULL
18806,NULL,20584,Kaitlyn Torres,NULL
18486,NULL,10551,Kari Torres,NULL
20804,NULL,8679,Katelyn Torres,NULL
21709,NULL,2937,Katherine Torres,NULL
15260,NULL,18576,Kathleen Torres,NULL
19569,NULL,16043,Kellie Torres,NULL
14585,NULL,8137,Kimberly Torres,NULL
17004,NULL,14228,Krista Torres,NULL
14884,NULL,9593,Kristi Torres,NULL
13035,NULL,14333,Kristy Torres,NULL
16897,NULL,3714,Lauren Torres,NULL
15671,NULL,14452,Lawrence Torres,NULL
18818,NULL,14381,Lucas Torres,NULL
28153,NULL,8675,Mackenzie Torres,NULL
16065,NULL,8138,Makayla Torres,NULL
11765,NULL,15703,Marc Torres,NULL
25497,NULL,14375,Marcus Torres,NULL
16792,NULL,3241,Maria Torres,NULL
16380,NULL,8148,Mariah Torres,NULL
23925,NULL,10116,Marie Torres,NULL
27885,NULL,6907,Marvin Torres,NULL
18900,NULL,14531,Mathew Torres,NULL
25797,NULL,2695,Max Torres,NULL
23854,NULL,19107,Megan Torres,NULL
21256,NULL,18800,Meghan Torres,NULL
19171,NULL,8149,Melanie Torres,NULL
14033,NULL,14070,Melinda Torres,NULL
17804,NULL,16969,Melody Torres,NULL
17472,NULL,10649,Meredith Torres,NULL
16176,NULL,9019,Michele Torres,NULL
25235,NULL,13775,Monique Torres,NULL
21719,NULL,20688,Morgan Torres,NULL
14061,NULL,17425,Naomi Torres,NULL
18383,NULL,2708,Natalie Torres,NULL
26889,NULL,18755,Natasha Torres,NULL
20690,NULL,14336,Nathaniel Torres,NULL
17305,NULL,6858,Neil Torres,NULL
25804,NULL,19290,Nelson Torres,NULL
26014,NULL,19321,Olivia Torres,NULL
27896,NULL,18859,Orlando Torres,NULL
15055,NULL,14332,Patrick Torres,NULL
16958,NULL,11710,Pedro Torres,NULL
18941,NULL,19202,Philip Torres,NULL
25646,NULL,14973,Randall Torres,NULL
29394,NULL,6519,Raquel Torres,NULL
28711,NULL,9906,Rebekah Torres,NULL
19510,NULL,15014,Renee Torres,NULL
12040,NULL,14369,Richard Torres,NULL
21680,NULL,15599,Ricky Torres,NULL
20535,NULL,8158,Riley Torres,NULL
13864,NULL,13735,Robin Torres,NULL
25570,NULL,13105,Robyn Torres,NULL
22520,NULL,13690,Rodney Torres,NULL
25551,NULL,11814,Ross Torres,NULL
27951,NULL,11163,Roy Torres,NULL
11002,NULL,11269,Ruben Torres,NULL
20425,NULL,14179,Sabrina Torres,NULL
18399,NULL,8677,Sara Torres,NULL
23669,NULL,14329,Sean Torres,NULL
25831,NULL,14344,Sebastian Torres,NULL
28006,NULL,14383,Seth Torres,NULL
12612,NULL,20118,Shannon Torres,NULL
13683,NULL,14622,Sheila Torres,NULL
17954,NULL,8142,Shelby Torres,NULL
14772,NULL,18616,Stacy Torres,NULL
11182,NULL,3087,Stephanie Torres,NULL
17666,NULL,14354,Steven Torres,NULL
17629,NULL,10443,Tabitha Torres,NULL
23986,NULL,14032,Tanya Torres,NULL
16666,NULL,3564,Taylor Torres,NULL
16188,NULL,15208,Teresa Torres,NULL
13577,NULL,6741,Theodore Torres,NULL
21202,NULL,13904,Theresa Torres,NULL
18030,NULL,19242,Victor Torres,NULL
17551,NULL,19406,Victoria Torres,NULL
26784,NULL,13598,Walter Torres,NULL
18269,NULL,13947,Wendy Torres,NULL
16840,NULL,14385,Xavier Torres,NULL
22348,NULL,8688,Zoe Torres,NULL
14077,NULL,14350,Bryan Townsend,NULL
18467,NULL,10232,Darren Townsend,NULL
23621,NULL,14285,Felicia Townsend,NULL
26503,NULL,14387,Jeremiah Townsend,NULL
11134,NULL,18439,Larry Townsend,NULL
12864,NULL,8133,Michelle Townsend,NULL
19359,NULL,14815,Roberto Townsend,NULL
12367,NULL,8143,Trinity Townsend,NULL
24466,NULL,8690,Alexa Travers,NULL
19406,NULL,8135,Brooke Travers,NULL
12587,NULL,14763,Danny Travers,NULL
11836,NULL,14352,Garrett Travers,NULL
13828,NULL,5585,Jessie Travers,NULL
16602,NULL,15097,Jill Travers,NULL
12674,NULL,15651,Jimmy Travers,NULL
22830,NULL,14412,Lee Travers,NULL
29420,NULL,13818,Linda Travers,NULL
26397,NULL,14583,Micheal Travers,NULL
19462,NULL,8155,Paige Travers,NULL
28488,NULL,7766,Reginald Travers,NULL
28363,NULL,8680,Savannah Travers,NULL
28265,NULL,16029,Shirleen Travers,NULL
19656,NULL,2855,Sydney Travers,NULL
14558,NULL,2784,Marcel Truempy,NULL
16109,NULL,16039,Adam Turner,NULL
23033,NULL,16050,Alex Turner,NULL
14513,NULL,9588,Alexandra Turner,NULL
25000,NULL,9630,Allison Turner,NULL
20318,NULL,9595,Amanda Turner,NULL
11230,NULL,9612,Amber Turner,NULL
20209,NULL,9633,Andrea Turner,NULL
16278,NULL,16046,Angel Turner,NULL
18101,NULL,9619,Bailey Turner,NULL
12136,NULL,4209,Blake Turner,NULL
18344,NULL,16031,Caleb Turner,NULL
20033,NULL,16045,Carlos Turner,NULL
24188,NULL,4900,Charles Turner,NULL
27050,NULL,9578,Chloe Turner,NULL
17008,NULL,16032,Connor Turner,NULL
22975,NULL,9614,Courtney Turner,NULL
18658,NULL,4518,Dalton Turner,NULL
23464,NULL,4985,Devin Turner,NULL
15876,NULL,5065,Eduardo Turner,NULL
20474,NULL,3742,Edward Turner,NULL
19428,NULL,16040,Eric Turner,NULL
24038,NULL,16051,Evan Turner,NULL
28182,NULL,3899,Fernando Turner,NULL
13402,NULL,16027,Gabriel Turner,NULL
11645,NULL,9621,Gabriella Turner,NULL
28063,NULL,9603,Gabrielle Turner,NULL
29279,NULL,9598,Hailey Turner,NULL
11804,NULL,9605,Haley Turner,NULL
18854,NULL,16013,Hunter Turner,NULL
19885,NULL,16054,Isaac Turner,NULL
25673,NULL,16048,Isaiah Turner,NULL
24734,NULL,16037,Jack Turner,NULL
16969,NULL,16041,Jackson Turner,NULL
16841,NULL,16004,James Turner,NULL
17130,NULL,9625,Janet Turner,NULL
28570,NULL,9615,Jenna Turner,NULL
25435,NULL,9581,Jennifer Turner,NULL
19207,NULL,4049,Jeremiah Turner,NULL
28099,NULL,16056,Jesse Turner,NULL
15390,NULL,16005,Jonathan Turner,NULL
13420,NULL,9617,Jordan Turner,NULL
11420,NULL,16035,Jordan Turner,NULL
11784,NULL,16021,Jose Turner,NULL
26552,NULL,9579,Judith Turner,NULL
26239,NULL,9583,Kaitlyn Turner,NULL
18996,NULL,9591,Katherine Turner,NULL
16213,NULL,9629,Kaylee Turner,NULL
26466,NULL,16026,Kevin Turner,NULL
26835,NULL,16024,Kyle Turner,NULL
12143,NULL,16006,Logan Turner,NULL
22948,NULL,4280,Lucas Turner,NULL
14152,NULL,16034,Luke Turner,NULL
23845,NULL,9608,Madeline Turner,NULL
28623,NULL,4670,Marcus Turner,NULL
14548,NULL,9601,Maria Turner,NULL
22015,NULL,9611,Mary Turner,NULL
17687,NULL,4130,Miguel Turner,NULL
11823,NULL,9584,Morgan Turner,NULL
17441,NULL,9586,Natalie Turner,NULL
14743,NULL,16009,Nathan Turner,NULL
20640,NULL,16015,Noah Turner,NULL
27699,NULL,9607,Rebecca Turner,NULL
18965,NULL,4587,Richard Turner,NULL
29261,NULL,16017,Robert Turner,NULL
27420,NULL,16011,Samuel Turner,NULL
23430,NULL,9627,Savannah Turner,NULL
22732,NULL,16059,Sean Turner,NULL
14752,NULL,4362,Seth Turner,NULL
21532,NULL,9618,Sierra Turner,NULL
26247,NULL,9610,Sophia Turner,NULL
16215,NULL,16022,Thomas Turner,NULL
14641,NULL,16060,Timothy Turner,NULL
20034,NULL,3818,Wyatt Turner,NULL
14343,NULL,4440,Xavier Turner,NULL
20308,NULL,9597,Pieter Uittenbogaard,NULL
16717,NULL,9624,Masaki Umeda,NULL
28576,NULL,16053,Sunil Uppal,NULL
22802,NULL,7240,Ann Van,NULL
12606,NULL,10899,Arthur Van,NULL
27757,NULL,16000,Bobby Van,NULL
24890,NULL,15353,Brenda Van,NULL
26166,NULL,19493,Brett Van,NULL
13562,NULL,3910,Bryant Van,NULL
15160,NULL,15399,Candace Van,NULL
19056,NULL,7526,Carla Van,NULL
23126,NULL,9934,Carolyn Van,NULL
13525,NULL,19610,Cassandra Van,NULL
26983,NULL,3140,Adriana Vance,NULL
21205,NULL,16234,Denise Vance,NULL
29378,NULL,8220,Dominic Vance,NULL
16387,NULL,19411,Douglas Vance,NULL
20724,NULL,9628,Ebony Vance,NULL
19351,NULL,8119,Edgar Vance,NULL
28742,NULL,2962,Erick Vance,NULL
24861,NULL,3091,Evelyn Vance,NULL
20972,NULL,16687,Francisco Vance,NULL
14946,NULL,7857,Frederick Vance,NULL
12038,NULL,20188,George Vance,NULL
27841,NULL,11836,Gerald Vance,NULL
14771,NULL,15246,Heidi Vance,NULL
27986,NULL,15958,Henry Vance,NULL
27795,NULL,19575,Holly Vance,NULL
15230,NULL,15299,Jillian Vance,NULL
28877,NULL,10992,Joe Vance,NULL
27766,NULL,20070,Joel Vance,NULL
11254,NULL,15887,Johnathan Vance,NULL
29383,NULL,3207,Kaitlin Vance,NULL
21531,NULL,10479,Kari Vance,NULL
28338,NULL,10683,Kristi Vance,NULL
20407,NULL,16093,Kristopher Vance,NULL
13124,NULL,3854,Marco Vance,NULL
21012,NULL,10037,Marie Vance,NULL
25604,NULL,16731,Martin Vance,NULL
29405,NULL,7192,Meagan Vance,NULL
20983,NULL,10585,Meredith Vance,NULL
14551,NULL,10143,Michele Vance,NULL
13500,NULL,16133,Molly Vance,NULL
12338,NULL,19538,Monica Vance,NULL
14193,NULL,15533,Pamela Vance,NULL
21542,NULL,19659,Patricia Vance,NULL
11499,NULL,11641,Pedro Vance,NULL
29308,NULL,20155,Phillip Vance,NULL
26899,NULL,15493,Rachael Vance,NULL
14984,NULL,7645,Regina Vance,NULL
25459,NULL,20114,Ronald Vance,NULL
19080,NULL,11751,Ross Vance,NULL
27813,NULL,11095,Roy Vance,NULL
28374,NULL,11194,Ruben Vance,NULL
17302,NULL,3262,Ruth Vance,NULL
26862,NULL,16184,Tina Vance,NULL
23438,NULL,3322,Toni Vance,NULL
16575,NULL,18973,Veronica Vance,NULL
27250,NULL,7586,Virginia Vance,NULL
17596,NULL,7127,Adrienne Vazquez,NULL
17576,NULL,14919,Albert Vazquez,NULL
19620,NULL,2750,Andy Vazquez,NULL
16027,NULL,14378,Anne Vazquez,NULL
22571,NULL,6963,Armando Vazquez,NULL
28480,NULL,10971,Arthur Vazquez,NULL
14850,NULL,6039,Audrey Vazquez,NULL
20076,NULL,6098,Beth Vazquez,NULL
27160,NULL,18490,Brandi Vazquez,NULL
20417,NULL,10873,Bruce Vazquez,NULL
11122,NULL,19748,Byron Vazquez,NULL
23650,NULL,10016,Carolyn Vazquez,NULL
29419,NULL,17871,Carrie Vazquez,NULL
13132,NULL,19162,Casey Vazquez,NULL
17948,NULL,6201,Cheryl Vazquez,NULL
27831,NULL,14632,Clinton Vazquez,NULL
28117,NULL,19076,Craig Vazquez,NULL
25560,NULL,6131,Daisy Vazquez,NULL
23745,NULL,17828,Dana Vazquez,NULL
26033,NULL,14769,Danny Vazquez,NULL
27811,NULL,10239,Darren Vazquez,NULL
15887,NULL,9813,Deanna Vazquez,NULL
14966,NULL,19120,Derrick Vazquez,NULL
22490,NULL,13867,Desiree Vazquez,NULL
24096,NULL,18667,Diana Vazquez,NULL
11987,NULL,15645,Diane Vazquez,NULL
12493,NULL,20577,Dwayne Vazquez,NULL
19176,NULL,9702,Ebony Vazquez,NULL
14012,NULL,6697,Eddie Vazquez,NULL
24124,NULL,19288,Erik Vazquez,NULL
22974,NULL,18713,Erika Vazquez,NULL
12223,NULL,14292,Felicia Vazquez,NULL
17281,NULL,2524,Francis Vazquez,NULL
14185,NULL,18348,Frank Vazquez,NULL
11379,NULL,19036,Gary Vazquez,NULL
26941,NULL,10779,Gerald Vazquez,NULL
14829,NULL,15063,Gina Vazquez,NULL
27329,NULL,16543,Gloria Vazquez,NULL
19772,NULL,14726,Hector Vazquez,NULL
28960,NULL,6363,Jacquelyn Vazquez,NULL
22304,NULL,7074,Jaime Vazquez,NULL
21053,NULL,14666,Jamie Vazquez,NULL
21973,NULL,6259,Janet Vazquez,NULL
17652,NULL,13645,Javier Vazquez,NULL
24036,NULL,10344,Jay Vazquez,NULL
23116,NULL,7713,Jerome Vazquez,NULL
13433,NULL,5648,Jessie Vazquez,NULL
26665,NULL,18392,Jésus Vazquez,NULL
15664,NULL,15103,Jill Vazquez,NULL
12348,NULL,15657,Jimmy Vazquez,NULL
16332,NULL,13676,Joan Vazquez,NULL
11990,NULL,13991,Joanna Vazquez,NULL
20418,NULL,11067,Joe Vazquez,NULL
17906,NULL,14494,Jonathon Vazquez,NULL
22578,NULL,12621,Juan Vazquez,NULL
14969,NULL,7015,Julio Vazquez,NULL
22696,NULL,10562,Kari Vazquez,NULL
12500,NULL,18582,Kathleen Vazquez,NULL
29417,NULL,16099,Kellie Vazquez,NULL
22458,NULL,15161,Kendra Vazquez,NULL
26164,NULL,14234,Krista Vazquez,NULL
28349,NULL,9600,Kristi Vazquez,NULL
17736,NULL,6317,Kristine Vazquez,NULL
14550,NULL,14338,Kristy Vazquez,NULL
11376,NULL,14864,Lance Vazquez,NULL
12655,NULL,18447,Larry Vazquez,NULL
21952,NULL,6150,Latasha Vazquez,NULL
19632,NULL,14458,Lawrence Vazquez,NULL
14843,NULL,14416,Lee Vazquez,NULL
21085,NULL,18531,Leslie Vazquez,NULL
17653,NULL,13824,Linda Vazquez,NULL
18283,NULL,5971,Mallory Vazquez,NULL
24362,NULL,15710,Marc Vazquez,NULL
21899,NULL,10120,Marie Vazquez,NULL
21953,NULL,6918,Marvin Vazquez,NULL
16555,NULL,14536,Mathew Vazquez,NULL
15060,NULL,2701,Max Vazquez,NULL
15047,NULL,18809,Meghan Vazquez,NULL
22553,NULL,14077,Melinda Vazquez,NULL
20747,NULL,17028,Melody Vazquez,NULL
12387,NULL,10654,Meredith Vazquez,NULL
25258,NULL,14591,Micheal Vazquez,NULL
16934,NULL,9024,Michele Vazquez,NULL
23936,NULL,13780,Monique Vazquez,NULL
23023,NULL,17480,Naomi Vazquez,NULL
19727,NULL,18760,Natasha Vazquez,NULL
28719,NULL,6862,Neil Vazquez,NULL
22076,NULL,19346,Nelson Vazquez,NULL
11299,NULL,18920,Orlando Vazquez,NULL
13442,NULL,15159,Paula Vazquez,NULL
15686,NULL,11718,Pedro Vazquez,NULL
21186,NULL,14977,Randall Vazquez,NULL
15784,NULL,9911,Rebekah Vazquez,NULL
24406,NULL,6584,Reginald Vazquez,NULL
11245,NULL,15603,Ricky Vazquez,NULL
16826,NULL,14820,Roberto Vazquez,NULL
15685,NULL,13741,Robin Vazquez,NULL
13047,NULL,13694,Rodney Vazquez,NULL
11148,NULL,11820,Ross Vazquez,NULL
26029,NULL,11171,Roy Vazquez,NULL
14301,NULL,11277,Ruben Vazquez,NULL
26035,NULL,20165,Shannon Vazquez,NULL
22559,NULL,18620,Stacy Vazquez,NULL
19821,NULL,10449,Tabitha Vazquez,NULL
27167,NULL,14036,Tanya Vazquez,NULL
12750,NULL,15216,Teresa Vazquez,NULL
16831,NULL,6750,Theodore Vazquez,NULL
22581,NULL,13911,Theresa Vazquez,NULL
28710,NULL,6811,Tyrone Vazquez,NULL
29453,NULL,19247,Victor Vazquez,NULL
28412,NULL,13607,Walter Vazquez,NULL
23737,NULL,13950,Elena Velez Amezaga,NULL
11008,NULL,14673,Rob Verhoff,NULL
24346,NULL,13171,Giorgio Veronesi,NULL
11822,NULL,11562,Rohinton Wadia,NULL
23244,NULL,2782,Alexandra Wagner,NULL
25405,NULL,6931,Brandon Wagner,NULL
20922,NULL,12571,Clayton Wagner,NULL
24030,NULL,11615,Deb Wagner,NULL
26402,NULL,2439,Jamie Wagner,NULL
28186,NULL,11431,Jenny Wagner,NULL
28919,NULL,17351,Krystal Wagner,NULL
16513,NULL,5559,Ronnie Wagner,NULL
12523,NULL,6504,Steve Wagner,NULL
16894,NULL,12073,Abigail Walker,NULL
13713,NULL,18218,Alexander Walker,NULL
28861,NULL,10740,Alexandra Walker,NULL
20291,NULL,12026,Alexis Walker,NULL
13862,NULL,18906,Andrew Walker,NULL
25250,NULL,18436,Anthony Walker,NULL
15961,NULL,12450,Ashley Walker,NULL
20229,NULL,17605,Austin Walker,NULL
14456,NULL,17930,Benjamin Walker,NULL
26291,NULL,4179,Blake Walker,NULL
15916,NULL,18467,Brandon Walker,NULL
14006,NULL,11741,Brianna Walker,NULL
22242,NULL,17554,Cameron Walker,NULL
11677,NULL,4875,Charles Walker,NULL
16909,NULL,11024,Chloe Walker,NULL
11855,NULL,18115,Christian Walker,NULL
13655,NULL,18266,Christopher Walker,NULL
28447,NULL,4487,Dalton Walker,NULL
18661,NULL,18638,Daniel Walker,NULL
24628,NULL,18148,David Walker,NULL
16996,NULL,11518,Destiny Walker,NULL
26634,NULL,4952,Devin Walker,NULL
14405,NULL,18550,Dylan Walker,NULL
20784,NULL,5039,Eduardo Walker,NULL
28090,NULL,4264,Edward Walker,NULL
27457,NULL,11936,Elizabeth Walker,NULL
15746,NULL,12262,Emily Walker,NULL
25209,NULL,11890,Emma Walker,NULL
18068,NULL,17963,Ethan Walker,NULL
23302,NULL,3874,Fernando Walker,NULL
25513,NULL,11332,Grace Walker,NULL
29002,NULL,12310,Hannah Walker,NULL
27100,NULL,17254,Hunter Walker,NULL
16771,NULL,4731,Ian Walker,NULL
24386,NULL,11247,Isabella Walker,NULL
29027,NULL,18712,Jacob Walker,NULL
12108,NULL,17664,James Walker,NULL
13460,NULL,11426,Jasmine Walker,NULL
13489,NULL,11111,Jennifer Walker,NULL
23674,NULL,4015,Jeremiah Walker,NULL
26075,NULL,12119,Jessica Walker,NULL
28589,NULL,18371,John Walker,NULL
19152,NULL,17730,Jonathan Walker,NULL
22330,NULL,17309,Jose Walker,NULL
18226,NULL,18969,Joseph Walker,NULL
20732,NULL,18807,Joshua Walker,NULL
27217,NULL,11075,Julia Walker,NULL
21280,NULL,18103,Justin Walker,NULL
16148,NULL,11161,Karen Walker,NULL
28151,NULL,10845,Katherine Walker,NULL
27679,NULL,11987,Kayla Walker,NULL
11012,NULL,11663,Lauren Walker,NULL
25170,NULL,17688,Logan Walker,NULL
23089,NULL,4808,Lucas Walker,NULL
17105,NULL,12353,Madison Walker,NULL
20032,NULL,4640,Marcus Walker,NULL
29371,NULL,18862,Matthew Walker,NULL
11154,NULL,11703,Megan Walker,NULL
26636,NULL,4103,Miguel Walker,NULL
28854,NULL,11203,Morgan Walker,NULL
12894,NULL,11289,Natalie Walker,NULL
25383,NULL,17719,Nathan Walker,NULL
23699,NULL,18524,Nicholas Walker,NULL
11860,NULL,11474,Nicole Walker,NULL
20009,NULL,17336,Noah Walker,NULL
19887,NULL,11789,Olivia Walker,NULL
20449,NULL,11380,Rachel Walker,NULL
19640,NULL,4557,Richard Walker,NULL
18683,NULL,17335,Robert Walker,NULL
23789,NULL,18024,Ryan Walker,NULL
18752,NULL,12403,Samantha Walker,NULL
26002,NULL,17878,Samuel Walker,NULL
13814,NULL,11898,Sarah Walker,NULL
27689,NULL,4333,Seth Walker,NULL
19047,NULL,10794,Sydney Walker,NULL
21740,NULL,12168,Taylor Walker,NULL
13071,NULL,17453,Thomas Walker,NULL
16769,NULL,18646,Tyler Walker,NULL
15768,NULL,11844,Victoria Walker,NULL
13092,NULL,18420,William Walker,NULL
13165,NULL,3786,Wyatt Walker,NULL
15978,NULL,4410,Xavier Walker,NULL
23515,NULL,17785,Zachary Walker,NULL
12163,NULL,5518,Aaron Wang,NULL
21340,NULL,5260,Adam Wang,NULL
21011,NULL,5790,Aimee Wang,NULL
13622,NULL,18333,Alan Wang,NULL
17310,NULL,12467,Alejandro Wang,NULL
18164,NULL,11938,Alisha Wang,NULL
19939,NULL,4298,Alvin Wang,NULL
27720,NULL,9728,Arturo Wang,NULL
14632,NULL,6275,Austin Wang,NULL
13049,NULL,5906,Autumn Wang,NULL
15652,NULL,11536,Barbara Wang,NULL
27454,NULL,6736,Benjamin Wang,NULL
22538,NULL,4767,Bianca Wang,NULL
20274,NULL,17986,Brent Wang,NULL
28227,NULL,5574,Caleb Wang,NULL
23124,NULL,6325,Cameron Wang,NULL
19288,NULL,17789,Candice Wang,NULL
21023,NULL,4829,Cara Wang,NULL
19028,NULL,3146,Cedric Wang,NULL
27226,NULL,6226,Christian Wang,NULL
19498,NULL,11327,Christy Wang,NULL
23631,NULL,13420,Colin Wang,NULL
11112,NULL,20739,Crystal Wang,NULL
13108,NULL,18238,Curtis Wang,NULL
27152,NULL,12150,Dawn Wang,NULL
25318,NULL,17887,Dennis Wang,NULL
13229,NULL,6986,Dylan Wang,NULL
21757,NULL,5918,Elijah Wang,NULL
14409,NULL,5313,Eric Wang,NULL
22168,NULL,2471,Erica Wang,NULL
17038,NULL,6449,Ernest Wang,NULL
18146,NULL,5443,Eugene Wang,NULL
29386,NULL,7561,Franklin Wang,NULL
11163,NULL,5872,Gabriel Wang,NULL
17220,NULL,5667,Glenn Wang,NULL
12499,NULL,2627,Heather Wang,NULL
20699,NULL,6072,Hunter Wang,NULL
17152,NULL,5215,Jack Wang,NULL
18977,NULL,5362,Jackson Wang,NULL
17063,NULL,12899,Jaclyn Wang,NULL
13329,NULL,5385,Jake Wang,NULL
14489,NULL,5413,Jason Wang,NULL
18188,NULL,18034,Jeffery Wang,NULL
11799,NULL,5506,Jessie Wang,NULL
26191,NULL,13522,Jon Wang,NULL
27829,NULL,18284,Jorge Wang,NULL
15398,NULL,5673,Jose Wang,NULL
19553,NULL,17390,Karen Wang,NULL
17939,NULL,12048,Kelli Wang,NULL
15143,NULL,15988,Kelvin Wang,NULL
17674,NULL,5822,Kevin Wang,NULL
20583,NULL,2498,Kristen Wang,NULL
20599,NULL,5771,Kyle Wang,NULL
24173,NULL,12355,Lacey Wang,NULL
26146,NULL,2386,Laura Wang,NULL
17205,NULL,2413,Lisa Wang,NULL
12150,NULL,6480,Logan Wang,NULL
22507,NULL,14144,Louis Wang,NULL
11175,NULL,5468,Luis Wang,NULL
28856,NULL,5122,Luke Wang,NULL
22815,NULL,17694,Margaret Wang,NULL
11342,NULL,10772,Marshall Wang,NULL
24272,NULL,4886,Martha Wang,NULL
14676,NULL,6548,Micah Wang,NULL
14039,NULL,5975,Nathan Wang,NULL
15924,NULL,12675,Omar Wang,NULL
21129,NULL,12784,Rafael Wang,NULL
25125,NULL,18136,Randy Wang,NULL
13236,NULL,6176,Robert Wang,NULL
24605,NULL,13223,Roger Wang,NULL
11993,NULL,4943,Rosa Wang,NULL
23454,NULL,6579,Ryan Wang,NULL
13266,NULL,6023,Samuel Wang,NULL
24878,NULL,17638,Sandra Wang,NULL
11017,NULL,2521,Shannon Wang,NULL
15689,NULL,17586,Stacey Wang,NULL
15698,NULL,17742,Susan Wang,NULL
29141,NULL,4999,Suzanne Wang,NULL
17881,NULL,13007,Tamara Wang,NULL
21271,NULL,5724,Thomas Wang,NULL
11384,NULL,2654,Tiffany Wang,NULL
15676,NULL,18188,Todd Wang,NULL
17259,NULL,5955,Trisha Wang,NULL
20217,NULL,17483,Valerie Wang,NULL
17100,NULL,17937,Vincent Wang,NULL
21289,NULL,11804,Warren Wang,NULL
20495,NULL,18083,Wesley Wang,NULL
29304,NULL,13333,Willie Wang,NULL
22144,NULL,7044,Zachary Wang,NULL
14419,NULL,3939,Abigail Ward,NULL
23787,NULL,14298,Adrian Ward,NULL
14542,NULL,14894,Alex Ward,NULL
29330,NULL,8638,Alexa Ward,NULL
18063,NULL,8661,Alexandria Ward,NULL
21909,NULL,8631,Allison Ward,NULL
19268,NULL,20138,Alyssa Ward,NULL
13714,NULL,3010,Amanda Ward,NULL
14595,NULL,8633,Andrea Ward,NULL
16761,NULL,14890,Angel Ward,NULL
27756,NULL,8662,Angela Ward,NULL
24636,NULL,3639,Anna Ward,NULL
24956,NULL,8641,Ariana Ward,NULL
13536,NULL,8664,Arianna Ward,NULL
21922,NULL,8611,Bailey Ward,NULL
24849,NULL,19212,Brianna Ward,NULL
13007,NULL,8648,Brooke Ward,NULL
28162,NULL,14907,Bruce Ward,NULL
13054,NULL,14908,Bryce Ward,NULL
16445,NULL,8644,Caitlin Ward,NULL
12900,NULL,14889,Carlos Ward,NULL
13448,NULL,8634,Catherine Ward,NULL
22356,NULL,14301,Charles Ward,NULL
15820,NULL,14913,Chase Ward,NULL
24425,NULL,20260,Chloe Ward,NULL
12979,NULL,8640,Christina Ward,NULL
23166,NULL,14300,Cody Ward,NULL
21490,NULL,14290,Cole Ward,NULL
28661,NULL,14317,Dalton Ward,NULL
15827,NULL,8636,Danielle Ward,NULL
16128,NULL,20036,Destiny Ward,NULL
15378,NULL,14304,Devin Ward,NULL
13916,NULL,14306,Eduardo Ward,NULL
21796,NULL,19513,Emma Ward,NULL
14365,NULL,14896,Evan Ward,NULL
12226,NULL,8669,Faith Ward,NULL
18229,NULL,8615,Gabriella Ward,NULL
26633,NULL,3312,Gabrielle Ward,NULL
26284,NULL,14293,Garrett Ward,NULL
23356,NULL,19615,Grace Ward,NULL
11315,NULL,3165,Hailey Ward,NULL
16631,NULL,3395,Haley Ward,NULL
12056,NULL,14312,Ian Ward,NULL
17176,NULL,14901,Isaac Ward,NULL
14830,NULL,2402,Isabella Ward,NULL
17842,NULL,14893,Isaiah Ward,NULL
28168,NULL,8665,Jacqueline Ward,NULL
14661,NULL,8652,Jade Ward,NULL
26975,NULL,8620,Janet Ward,NULL
29475,NULL,14291,Jared Ward,NULL
14500,NULL,19818,Jasmine Ward,NULL
24745,NULL,20468,Jennifer Ward,NULL
24951,NULL,14318,Jeremy Ward,NULL
23176,NULL,14902,Jesse Ward,NULL
15587,NULL,3485,Jessica Ward,NULL
21595,NULL,14914,Juan Ward,NULL
23815,NULL,20361,Julia Ward,NULL
25410,NULL,20581,Kaitlyn Ward,NULL
20258,NULL,8622,Katelyn Ward,NULL
18381,NULL,2936,Katherine Ward,NULL
24415,NULL,8630,Kaylee Ward,NULL
28642,NULL,3713,Lauren Ward,NULL
18363,NULL,14313,Lucas Ward,NULL
21130,NULL,8614,Mackenzie Ward,NULL
12052,NULL,8649,Makayla Ward,NULL
19511,NULL,14310,Marcus Ward,NULL
24844,NULL,3240,Maria Ward,NULL
21580,NULL,8657,Mariah Ward,NULL
23840,NULL,14899,Mason Ward,NULL
20573,NULL,19106,Megan Ward,NULL
21432,NULL,8660,Melanie Ward,NULL
29406,NULL,8670,Melissa Ward,NULL
15775,NULL,8647,Michelle Ward,NULL
15569,NULL,20686,Morgan Ward,NULL
13241,NULL,2704,Natalie Ward,NULL
25233,NULL,14912,Nathaniel Ward,NULL
21272,NULL,19916,Nicole Ward,NULL
13164,NULL,19319,Olivia Ward,NULL
16953,NULL,8667,Paige Ward,NULL
21472,NULL,14906,Patrick Ward,NULL
22126,NULL,19718,Rachel Ward,NULL
29140,NULL,14308,Richard Ward,NULL
25552,NULL,8672,Riley Ward,NULL
14603,NULL,8616,Sara Ward,NULL
21692,NULL,8627,Savannah Ward,NULL
25059,NULL,14903,Sean Ward,NULL
19244,NULL,14289,Sebastian Ward,NULL
27233,NULL,14314,Seth Ward,NULL
26132,NULL,8650,Shelby Ward,NULL
27429,NULL,3086,Stephanie Ward,NULL
14272,NULL,2853,Sydney Ward,NULL
26483,NULL,3561,Taylor Ward,NULL
28991,NULL,14904,Timothy Ward,NULL
23725,NULL,14315,Dennis Ware,NULL
13937,NULL,19403,Victoria Ware,NULL
24649,NULL,5497,Aaron Washington,NULL
23661,NULL,3971,Abigail Washington,NULL
25437,NULL,5245,Adam Washington,NULL
23444,NULL,12917,Aidan Washington,NULL
15498,NULL,2816,Alexandra Washington,NULL
22241,NULL,7625,Alexandria Washington,NULL
27613,NULL,7114,Alexia Washington,NULL
19781,NULL,12766,Alexis Washington,NULL
23735,NULL,3047,Amanda Washington,NULL
12030,NULL,7451,Ana Washington,NULL
24498,NULL,7669,Angela Washington,NULL
20346,NULL,7155,Angelica Washington,NULL
14817,NULL,3674,Anna Washington,NULL
11810,NULL,13210,Antonio Washington,NULL
28009,NULL,7711,Arianna Washington,NULL
26004,NULL,12195,Arthur Washington,NULL
14559,NULL,12587,Ashley Washington,NULL
17425,NULL,6252,Austin Washington,NULL
19132,NULL,6714,Benjamin Washington,NULL
19814,NULL,13605,Blake Washington,NULL
20477,NULL,6909,Brandon Washington,NULL
26995,NULL,5554,Caleb Washington,NULL
28813,NULL,6303,Cameron Washington,NULL
13897,NULL,12961,Carol Washington,NULL
23114,NULL,6792,Caroline Washington,NULL
19888,NULL,13256,Carson Washington,NULL
17701,NULL,6833,Cassidy Washington,NULL
12076,NULL,20315,Chloe Washington,NULL
26686,NULL,6765,Christian Washington,NULL
21327,NULL,5602,Connor Washington,NULL
19142,NULL,13468,Dalton Washington,NULL
29060,NULL,6669,David Washington,NULL
22812,NULL,20091,Destiny Washington,NULL
20673,NULL,6967,Dylan Washington,NULL
11518,NULL,13649,Edward Washington,NULL
25016,NULL,5904,Elijah Washington,NULL
24254,NULL,13004,Emily Washington,NULL
19123,NULL,19559,Emma Washington,NULL
15159,NULL,5293,Eric Washington,NULL
20849,NULL,7825,Faith Washington,NULL
18117,NULL,13119,Fernando Washington,NULL
24814,NULL,5849,Gabriel Washington,NULL
13429,NULL,3350,Gabrielle Washington,NULL
28146,NULL,13299,Gavin Washington,NULL
22048,NULL,19660,Grace Washington,NULL
25885,NULL,3203,Hailey Washington,NULL
23904,NULL,3432,Haley Washington,NULL
29130,NULL,13047,Hannah Washington,NULL
17695,NULL,6052,Hunter Washington,NULL
24664,NULL,13884,Ian Washington,NULL
20880,NULL,2590,Isabella Washington,NULL
14593,NULL,5195,Jack Washington,NULL
11978,NULL,5340,Jackson Washington,NULL
13422,NULL,7749,Jacqueline Washington,NULL
24127,NULL,6368,James Washington,NULL
25151,NULL,19862,Jasmine Washington,NULL
17137,NULL,5398,Jason Washington,NULL
18139,NULL,20523,Jennifer Washington,NULL
27610,NULL,13520,Jeremy Washington,NULL
11528,NULL,7200,Joan Washington,NULL
17946,NULL,7245,Jocelyn Washington,NULL
20761,NULL,6414,Jonathan Washington,NULL
27779,NULL,5152,Jordan Washington,NULL
17662,NULL,5652,Jose Washington,NULL
20875,NULL,20414,Julia Washington,NULL
23330,NULL,13341,Julian Washington,NULL
11539,NULL,6616,Justin Washington,NULL
14372,NULL,20631,Kaitlyn Washington,NULL
26708,NULL,2973,Katherine Washington,NULL
14655,NULL,12726,Kayla Washington,NULL
28748,NULL,7556,Kelly Washington,NULL
11939,NULL,5807,Kevin Washington,NULL
29255,NULL,5752,Kyle Washington,NULL
22998,NULL,19053,Lauren Washington,NULL
18057,NULL,6460,Logan Washington,NULL
17524,NULL,13928,Lucas Washington,NULL
12533,NULL,5446,Luis Washington,NULL
21237,NULL,5105,Luke Washington,NULL
20059,NULL,12495,Madison Washington,NULL
28329,NULL,13840,Marcus Washington,NULL
26343,NULL,8095,Mariah Washington,NULL
24391,NULL,7075,Marissa Washington,NULL
25337,NULL,19155,Megan Washington,NULL
22898,NULL,7581,Melanie Washington,NULL
12191,NULL,7342,Melissa Washington,NULL
18778,NULL,13565,Miguel Washington,NULL
15201,NULL,7284,Miranda Washington,NULL
23369,NULL,20733,Morgan Washington,NULL
26093,NULL,19978,Nicole Washington,NULL
27387,NULL,6103,Noah Washington,NULL
18409,NULL,19358,Olivia Washington,NULL
22980,NULL,13387,Oscar Washington,NULL
14916,NULL,7789,Paige Washington,NULL
28163,NULL,19771,Rachel Washington,NULL
22074,NULL,13789,Richard Washington,NULL
18544,NULL,7378,Riley Washington,NULL
14906,NULL,6155,Robert Washington,NULL
28332,NULL,6561,Ryan Washington,NULL
18510,NULL,6005,Samuel Washington,NULL
13855,NULL,12635,Sarah Washington,NULL
25851,NULL,13973,Seth Washington,NULL
23499,NULL,13157,Spencer Washington,NULL
25957,NULL,3128,Stephanie Washington,NULL
28924,NULL,2890,Sydney Washington,NULL
21266,NULL,3597,Taylor Washington,NULL
27451,NULL,5702,Thomas Washington,NULL
26326,NULL,12838,Trevor Washington,NULL
22341,NULL,12878,Tristan Washington,NULL
23819,NULL,7410,Vanessa Washington,NULL
23557,NULL,19456,Victoria Washington,NULL
26801,NULL,13686,Wyatt Washington,NULL
28049,NULL,13423,Xavier Washington,NULL
15509,NULL,7029,Zachary Washington,NULL
13641,NULL,14089,Adrian Watson,NULL
25966,NULL,14054,Alex Watson,NULL
12517,NULL,7862,Alexa Watson,NULL
25249,NULL,2789,Alexandra Watson,NULL
28978,NULL,7886,Alexandria Watson,NULL
21660,NULL,8409,Allison Watson,NULL
28980,NULL,20156,Alyssa Watson,NULL
14358,NULL,3018,Amanda Watson,NULL
24787,NULL,8411,Andrea Watson,NULL
22391,NULL,7888,Angela Watson,NULL
20238,NULL,3647,Anna Watson,NULL
17039,NULL,7865,Ariana Watson,NULL
19009,NULL,7889,Arianna Watson,NULL
28870,NULL,14067,Brian Watson,NULL
28812,NULL,19226,Brianna Watson,NULL
26261,NULL,7870,Brooke Watson,NULL
27799,NULL,14069,Bryce Watson,NULL
19733,NULL,7868,Caitlin Watson,NULL
23855,NULL,14048,Carlos Watson,NULL
16086,NULL,14092,Charles Watson,NULL
27096,NULL,14073,Chase Watson,NULL
19293,NULL,20270,Chloe Watson,NULL
25275,NULL,7864,Christina Watson,NULL
21768,NULL,14078,Cole Watson,NULL
26201,NULL,14107,Dalton Watson,NULL
18572,NULL,7858,Danielle Watson,NULL
24593,NULL,20047,Destiny Watson,NULL
18875,NULL,14093,Devin Watson,NULL
23452,NULL,14094,Eduardo Watson,NULL
17481,NULL,19524,Emma Watson,NULL
22772,NULL,7879,Erin Watson,NULL
27452,NULL,14056,Evan Watson,NULL
22333,NULL,8401,Gabriella Watson,NULL
21696,NULL,3323,Gabrielle Watson,NULL
19545,NULL,14084,Garrett Watson,NULL
15318,NULL,19626,Grace Watson,NULL
16119,NULL,3172,Hailey Watson,NULL
26398,NULL,14099,Ian Watson,NULL
15188,NULL,14061,Isaac Watson,NULL
20664,NULL,14050,Isaiah Watson,NULL
19643,NULL,7890,Jacqueline Watson,NULL
13680,NULL,7881,Jan Watson,NULL
23208,NULL,8404,Janet Watson,NULL
22094,NULL,14082,Jared Watson,NULL
15965,NULL,20479,Jennifer Watson,NULL
19225,NULL,14108,Jeremy Watson,NULL
20100,NULL,14062,Jesse Watson,NULL
23266,NULL,3496,Jessica Watson,NULL
20532,NULL,7895,Joan Watson,NULL
15023,NULL,14074,Juan Watson,NULL
15246,NULL,20592,Kaitlyn Watson,NULL
21477,NULL,8406,Katelyn Watson,NULL
15190,NULL,2941,Katherine Watson,NULL
14380,NULL,8408,Kaylee Watson,NULL
20188,NULL,7872,Kimberly Watson,NULL
15198,NULL,19014,Lauren Watson,NULL
16992,NULL,14104,Lucas Watson,NULL
18999,NULL,8400,Mackenzie Watson,NULL
18684,NULL,7873,Makayla Watson,NULL
22715,NULL,14098,Marcus Watson,NULL
17229,NULL,3249,Maria Watson,NULL
28852,NULL,7882,Mariah Watson,NULL
15293,NULL,14057,Mason Watson,NULL
23258,NULL,19117,Megan Watson,NULL
27048,NULL,7883,Melanie Watson,NULL
26235,NULL,7869,Michelle Watson,NULL
16779,NULL,20697,Morgan Watson,NULL
25765,NULL,2713,Natalie Watson,NULL
25826,NULL,14071,Nathaniel Watson,NULL
22717,NULL,19934,Nicole Watson,NULL
13860,NULL,19332,Olivia Watson,NULL
28081,NULL,7892,Paige Watson,NULL
18049,NULL,14066,Patrick Watson,NULL
15943,NULL,14096,Richard Watson,NULL
26986,NULL,7899,Riley Watson,NULL
14921,NULL,8403,Sara Watson,NULL
18981,NULL,8407,Savannah Watson,NULL
18678,NULL,14063,Sean Watson,NULL
14944,NULL,14075,Sebastian Watson,NULL
26720,NULL,14105,Seth Watson,NULL
14911,NULL,7874,Shelby Watson,NULL
20748,NULL,3095,Stephanie Watson,NULL
17942,NULL,14086,Steven Watson,NULL
28982,NULL,2861,Sydney Watson,NULL
28155,NULL,3572,Taylor Watson,NULL
29129,NULL,14064,Timothy Watson,NULL
28808,NULL,7877,Trinity Watson,NULL
16125,NULL,19417,Victoria Watson,NULL
24439,NULL,14106,Xavier Watson,NULL
26515,NULL,7860,Zoe Watson,NULL
20909,NULL,3028,Kelly Weadock,NULL
29191,NULL,18932,Chelsea Weber,NULL
22448,NULL,7292,Cindy Weber,NULL
19321,NULL,4074,Clifford Weber,NULL
16739,NULL,19322,Cory Weber,NULL
26921,NULL,19726,Cynthia Weber,NULL
22563,NULL,10167,Darren Weber,NULL
14855,NULL,9730,Deanna Weber,NULL
28317,NULL,8174,Ivan Weber,NULL
14859,NULL,2907,Jarrod Weber,NULL
25244,NULL,10266,Jay Weber,NULL
23447,NULL,8008,Jermaine Weber,NULL
13120,NULL,7904,Levi Weber,NULL
23926,NULL,3431,Lydia Weber,NULL
11440,NULL,7806,Sergio Weber,NULL
12311,NULL,4023,Stanley Weber,NULL
16578,NULL,7355,Stefanie Weber,NULL
17998,NULL,7412,Tammy Weber,NULL
12060,NULL,18889,Andrew Wedge,NULL
26511,NULL,4857,Charles Weisman,NULL
17616,NULL,18462,Daniel Weisman,NULL
11708,NULL,11902,Elizabeth Weisman,NULL
19734,NULL,11273,Natalie Weisman,NULL
23219,NULL,20203,Alyssa West,NULL
24066,NULL,17532,Brittney West,NULL
18408,NULL,14091,Cody West,NULL
13128,NULL,12250,Colleen West,NULL
14544,NULL,5607,Darryl West,NULL
14206,NULL,13120,Edwin West,NULL
26604,NULL,12679,Elizabeth West,NULL
19238,NULL,2457,Isabella West,NULL
15148,NULL,6386,James West,NULL
28871,NULL,19827,Jasmine West,NULL
17523,NULL,5169,Jordan West,NULL
27554,NULL,6876,Jordyn West,NULL
17564,NULL,20372,Julia West,NULL
24370,NULL,5954,Nathan West,NULL
15866,NULL,12053,Abigail White,NULL
20487,NULL,18301,Alexander White,NULL
26169,NULL,10723,Alexandra White,NULL
23133,NULL,12010,Alexis White,NULL
15367,NULL,11541,Alyssa White,NULL
17610,NULL,11598,Anna White,NULL
18140,NULL,18626,Anthony White,NULL
21887,NULL,12428,Ashley White,NULL
12092,NULL,18239,Austin White,NULL
12792,NULL,4163,Blake White,NULL
12425,NULL,18300,Brandon White,NULL
19780,NULL,11724,Brianna White,NULL
23830,NULL,17469,Cameron White,NULL
22101,NULL,12289,Carol White,NULL
12103,NULL,11594,Chloe White,NULL
24766,NULL,18163,Christian White,NULL
26049,NULL,18162,Christopher White,NULL
16765,NULL,4471,Dalton White,NULL
15636,NULL,18035,David White,NULL
15471,NULL,11499,Destiny White,NULL
18893,NULL,4933,Devin White,NULL
15626,NULL,5019,Eduardo White,NULL
15847,NULL,4248,Edward White,NULL
20002,NULL,11921,Elizabeth White,NULL
15917,NULL,12245,Emily White,NULL
16090,NULL,11868,Emma White,NULL
22021,NULL,17943,Ethan White,NULL
26735,NULL,11313,Grace White,NULL
17403,NULL,17093,Greg White,NULL
11649,NULL,4707,Ian White,NULL
15857,NULL,11232,Isabella White,NULL
12015,NULL,18696,Jacob White,NULL
25331,NULL,17621,James White,NULL
13443,NULL,11402,Jasmine White,NULL
27027,NULL,11098,Jennifer White,NULL
26578,NULL,3997,Jeremy White,NULL
20653,NULL,12101,Jessica White,NULL
12064,NULL,18352,John White,NULL
24703,NULL,17693,Jonathan White,NULL
16337,NULL,17367,Jose White,NULL
11887,NULL,18936,Joseph White,NULL
24320,NULL,18786,Joshua White,NULL
14885,NULL,11055,Judith White,NULL
20393,NULL,11138,Kaitlyn White,NULL
27732,NULL,10823,Katherine White,NULL
26424,NULL,11966,Kayla White,NULL
19800,NULL,11643,Lauren White,NULL
11728,NULL,17765,Logan White,NULL
21755,NULL,4792,Lucas White,NULL
11876,NULL,12332,Madison White,NULL
20066,NULL,4622,Marcus White,NULL
26199,NULL,18840,Matthew White,NULL
20780,NULL,18737,Michael White,NULL
13988,NULL,4088,Miguel White,NULL
22361,NULL,17837,Nathan White,NULL
26494,NULL,18999,Nicholas White,NULL
16731,NULL,11453,Nicole White,NULL
17580,NULL,17270,Noah White,NULL
18457,NULL,11769,Olivia White,NULL
27529,NULL,11356,Rachel White,NULL
23018,NULL,5099,Richard White,NULL
19690,NULL,17212,Robert White,NULL
17561,NULL,12381,Samantha White,NULL
16670,NULL,12476,Sarah White,NULL
20703,NULL,4315,Seth White,NULL
16296,NULL,10771,Sydney White,NULL
25011,NULL,12149,Taylor White,NULL
14457,NULL,17427,Thomas White,NULL
14291,NULL,18407,Tyler White,NULL
15867,NULL,11815,Victoria White,NULL
12157,NULL,18209,William White,NULL
16361,NULL,3772,Wyatt White,NULL
20948,NULL,4393,Xavier White,NULL
24042,NULL,18562,Zachary White,NULL
16938,NULL,12035,Abigail Williams,NULL
12877,NULL,18114,Alexander Williams,NULL
14674,NULL,11992,Alexis Williams,NULL
24139,NULL,18868,Andrew Williams,NULL
17504,NULL,12174,Anna Williams,NULL
29250,NULL,18566,Anthony Williams,NULL
21749,NULL,12409,Ashley Williams,NULL
20354,NULL,18165,Austin Williams,NULL
29421,NULL,4143,Blake Williams,NULL
20805,NULL,18431,Brandon Williams,NULL
25005,NULL,11709,Brianna Williams,NULL
20325,NULL,4839,Charles Williams,NULL
28106,NULL,11567,Chloe Williams,NULL
23863,NULL,17969,Christian Williams,NULL
17602,NULL,4455,Dalton Williams,NULL
17517,NULL,18657,Daniel Williams,NULL
19199,NULL,18125,David Williams,NULL
15881,NULL,11480,Destiny Williams,NULL
28667,NULL,4914,Devin Williams,NULL
25063,NULL,18480,Dylan Williams,NULL
13062,NULL,5002,Eduardo Williams,NULL
14274,NULL,4222,Edward Williams,NULL
16367,NULL,12221,Emily Williams,NULL
16325,NULL,11850,Emma Williams,NULL
24309,NULL,17823,Ethan Williams,NULL
15469,NULL,3836,Fernando Williams,NULL
28653,NULL,11297,Grace Williams,NULL
28104,NULL,12270,Hannah Williams,NULL
17006,NULL,17886,Hunter Williams,NULL
17558,NULL,4688,Ian Williams,NULL
23790,NULL,11209,Isabella Williams,NULL
16725,NULL,18676,Jacob Williams,NULL
11152,NULL,17585,James Williams,NULL
22375,NULL,11385,Jasmine Williams,NULL
19457,NULL,11081,Jennifer Williams,NULL
13594,NULL,12081,Jessica Williams,NULL
13238,NULL,18232,John Williams,NULL
23082,NULL,17684,Jonathan Williams,NULL
23561,NULL,17224,Jose Williams,NULL
23714,NULL,18911,Joseph Williams,NULL
26051,NULL,18762,Joshua Williams,NULL
23474,NULL,11031,Julia Williams,NULL
21923,NULL,18031,Justin Williams,NULL
19221,NULL,11120,Kaitlyn Williams,NULL
11972,NULL,10801,Katherine Williams,NULL
29324,NULL,11943,Kayla Williams,NULL
16368,NULL,11618,Lauren Williams,NULL
28076,NULL,17590,Logan Williams,NULL
22997,NULL,4773,Lucas Williams,NULL
21198,NULL,12315,Madison Williams,NULL
22298,NULL,4603,Marcus Williams,NULL
28979,NULL,18817,Matthew Williams,NULL
12884,NULL,11669,Megan Williams,NULL
25412,NULL,18717,Michael Williams,NULL
20789,NULL,4063,Miguel Williams,NULL
20373,NULL,11166,Morgan Williams,NULL
20937,NULL,11254,Natalie Williams,NULL
25200,NULL,17733,Nathan Williams,NULL
25809,NULL,18977,Nicholas Williams,NULL
18384,NULL,11432,Nicole Williams,NULL
25285,NULL,17281,Noah Williams,NULL
21811,NULL,11748,Olivia Williams,NULL
18924,NULL,11338,Rachel Williams,NULL
17993,NULL,5079,Richard Williams,NULL
22873,NULL,17350,Robert Williams,NULL
22247,NULL,17977,Ryan Williams,NULL
13875,NULL,12362,Samantha Williams,NULL
18424,NULL,17751,Samuel Williams,NULL
28077,NULL,12459,Sarah Williams,NULL
11663,NULL,4296,Seth Williams,NULL
15334,NULL,10748,Sydney Williams,NULL
13426,NULL,12130,Taylor Williams,NULL
29246,NULL,17354,Thomas Williams,NULL
18912,NULL,18494,Tyler Williams,NULL
21253,NULL,11794,Victoria Williams,NULL
21163,NULL,18387,William Williams,NULL
19614,NULL,3754,Wyatt Williams,NULL
16013,NULL,4378,Xavier Williams,NULL
27099,NULL,18283,Zachary Williams,NULL
13227,NULL,18270,Alexander Wilson,NULL
25195,NULL,10711,Alexandra Wilson,NULL
29217,NULL,12005,Alexis Wilson,NULL
12897,NULL,11529,Alyssa Wilson,NULL
18236,NULL,18878,Andrew Wilson,NULL
21639,NULL,18607,Anthony Wilson,NULL
18762,NULL,12043,Arthur Wilson,NULL
26712,NULL,12417,Ashley Wilson,NULL
14443,NULL,17981,Benjamin Wilson,NULL
20195,NULL,4151,Blake Wilson,NULL
23334,NULL,18444,Brandon Wilson,NULL
21498,NULL,17650,Cameron Wilson,NULL
14599,NULL,4848,Charles Wilson,NULL
11640,NULL,11577,Chloe Wilson,NULL
27085,NULL,18040,Christian Wilson,NULL
16014,NULL,18091,Christopher Wilson,NULL
18543,NULL,4460,Dalton Wilson,NULL
14281,NULL,18672,Daniel Wilson,NULL
15908,NULL,17880,David Wilson,NULL
11021,NULL,11489,Destiny Wilson,NULL
12528,NULL,4919,Devin Wilson,NULL
15309,NULL,18311,Dylan Wilson,NULL
15323,NULL,5013,Eduardo Wilson,NULL
26562,NULL,4236,Edward Wilson,NULL
11508,NULL,11912,Elizabeth Wilson,NULL
17400,NULL,12231,Emily Wilson,NULL
27575,NULL,11857,Emma Wilson,NULL
21611,NULL,17909,Ethan Wilson,NULL
16643,NULL,3845,Fernando Wilson,NULL
17539,NULL,11306,Grace Wilson,NULL
24087,NULL,12278,Hannah Wilson,NULL
27230,NULL,17899,Hunter Wilson,NULL
28354,NULL,4698,Ian Wilson,NULL
15078,NULL,18687,Jacob Wilson,NULL
29199,NULL,17541,James Wilson,NULL
17329,NULL,11393,Jasmine Wilson,NULL
14435,NULL,11089,Jennifer Wilson,NULL
28341,NULL,3988,Jeremy Wilson,NULL
11318,NULL,12090,Jessica Wilson,NULL
14290,NULL,17642,Jonathan Wilson,NULL
25464,NULL,17311,Jose Wilson,NULL
24520,NULL,18918,Joseph Wilson,NULL
28606,NULL,18770,Joshua Wilson,NULL
15396,NULL,11046,Julia Wilson,NULL
11842,NULL,18055,Justin Wilson,NULL
11691,NULL,11127,Kaitlyn Wilson,NULL
17582,NULL,10811,Katherine Wilson,NULL
28361,NULL,11954,Kayla Wilson,NULL
14887,NULL,11627,Lauren Wilson,NULL
12121,NULL,17739,Logan Wilson,NULL
27622,NULL,4783,Lucas Wilson,NULL
19828,NULL,12322,Madison Wilson,NULL
12975,NULL,4612,Marcus Wilson,NULL
12937,NULL,11677,Megan Wilson,NULL
22250,NULL,18725,Michael Wilson,NULL
13414,NULL,4075,Miguel Wilson,NULL
28493,NULL,11178,Morgan Wilson,NULL
15394,NULL,11262,Natalie Wilson,NULL
13936,NULL,17812,Nathan Wilson,NULL
23490,NULL,18987,Nicholas Wilson,NULL
27375,NULL,11441,Nicole Wilson,NULL
29044,NULL,11756,Olivia Wilson,NULL
14414,NULL,11345,Rachel Wilson,NULL
23520,NULL,5089,Richard Wilson,NULL
22035,NULL,17988,Ryan Wilson,NULL
25947,NULL,17790,Sam Wilson,NULL
28229,NULL,12373,Samantha Wilson,NULL
27098,NULL,12465,Sarah Wilson,NULL
16957,NULL,4306,Seth Wilson,NULL
17109,NULL,10759,Sydney Wilson,NULL
23384,NULL,12139,Taylor Wilson,NULL
15573,NULL,17399,Thomas Wilson,NULL
15879,NULL,18575,Tyler Wilson,NULL
27536,NULL,11803,Victoria Wilson,NULL
15946,NULL,3761,Wyatt Wilson,NULL
25558,NULL,18380,Zachary Wilson,NULL
22675,NULL,10700,Alexandra Winston,NULL
25964,NULL,18666,Christopher Winston,NULL
13427,NULL,5619,Connor Winston,NULL
21622,NULL,6523,Ethan Winston,NULL
14243,NULL,12792,Gregory Winston,NULL
18577,NULL,7521,Isabelle Winston,NULL
27539,NULL,17850,Samuel Winston,NULL
15962,NULL,18171,Benjamin Winter,NULL
21386,NULL,3953,Abigail Wood,NULL
14747,NULL,12896,Aidan Wood,NULL
28797,NULL,2799,Alexandra Wood,NULL
24824,NULL,7602,Alexandria Wood,NULL
23252,NULL,7097,Alexia Wood,NULL
13985,NULL,12745,Alexis Wood,NULL
25879,NULL,20175,Alyssa Wood,NULL
28068,NULL,3025,Amanda Wood,NULL
26102,NULL,7433,Ana Wood,NULL
25348,NULL,7644,Angela Wood,NULL
17174,NULL,7130,Angelica Wood,NULL
26473,NULL,3657,Anna Wood,NULL
29216,NULL,13184,Antonio Wood,NULL
19701,NULL,7690,Arianna Wood,NULL
18861,NULL,12562,Ashley Wood,NULL
26519,NULL,19238,Brianna Wood,NULL
28777,NULL,7174,Brittany Wood,NULL
25203,NULL,6774,Caroline Wood,NULL
21616,NULL,13236,Carson Wood,NULL
15547,NULL,6812,Cassidy Wood,NULL
23878,NULL,20287,Chloe Wood,NULL
22782,NULL,12941,Dakota Wood,NULL
13432,NULL,13448,Dalton Wood,NULL
13824,NULL,20062,Destiny Wood,NULL
17530,NULL,14284,Devin Wood,NULL
29138,NULL,13728,Eduardo Wood,NULL
11210,NULL,13628,Edward Wood,NULL
26312,NULL,12656,Elizabeth Wood,NULL
11161,NULL,12985,Emily Wood,NULL
21524,NULL,7808,Faith Wood,NULL
24253,NULL,13097,Fernando Wood,NULL
28787,NULL,3332,Gabrielle Wood,NULL
16964,NULL,13277,Gavin Wood,NULL
14241,NULL,19638,Grace Wood,NULL
19282,NULL,3182,Hailey Wood,NULL
12027,NULL,3409,Haley Wood,NULL
12717,NULL,13021,Hannah Wood,NULL
13359,NULL,13864,Ian Wood,NULL
17377,NULL,7469,Isabel Wood,NULL
19697,NULL,2519,Isabella Wood,NULL
17451,NULL,7503,Isabelle Wood,NULL
16705,NULL,7730,Jacqueline Wood,NULL
13881,NULL,19841,Jasmine Wood,NULL
26274,NULL,20495,Jennifer Wood,NULL
27277,NULL,13493,Jeremy Wood,NULL
11863,NULL,3506,Jessica Wood,NULL
27569,NULL,7219,Jocelyn Wood,NULL
24521,NULL,6854,Jordyn Wood,NULL
12356,NULL,20387,Julia Wood,NULL
18166,NULL,13319,Julian Wood,NULL
21422,NULL,20605,Karen Wood,NULL
13477,NULL,2951,Katherine Wood,NULL
27565,NULL,12703,Kayla Wood,NULL
28743,NULL,7538,Kelly Wood,NULL
14267,NULL,19029,Lauren Wood,NULL
23037,NULL,13909,Lucas Wood,NULL
14573,NULL,13070,Madison Wood,NULL
21931,NULL,13815,Marcus Wood,NULL
12667,NULL,3258,Maria Wood,NULL
11628,NULL,8075,Mariah Wood,NULL
14386,NULL,7056,Marissa Wood,NULL
16671,NULL,19132,Megan Wood,NULL
23734,NULL,8114,Melanie Wood,NULL
26594,NULL,7851,Melissa Wood,NULL
16726,NULL,13541,Miguel Wood,NULL
15854,NULL,7266,Miranda Wood,NULL
18760,NULL,20706,Morgan Wood,NULL
18787,NULL,7302,Mya Wood,NULL
16010,NULL,19951,Nicole Wood,NULL
19376,NULL,7773,Paige Wood,NULL
20322,NULL,19742,Rachel Wood,NULL
24377,NULL,13769,Richard Wood,NULL
14705,NULL,7361,Riley Wood,NULL
19022,NULL,12517,Samantha Wood,NULL
26621,NULL,12615,Sarah Wood,NULL
18679,NULL,13952,Seth Wood,NULL
21722,NULL,13139,Spencer Wood,NULL
13990,NULL,3102,Stephanie Wood,NULL
23310,NULL,2869,Sydney Wood,NULL
23801,NULL,3580,Taylor Wood,NULL
17456,NULL,12816,Trevor Wood,NULL
21915,NULL,12857,Tristan Wood,NULL
16501,NULL,7395,Vanessa Wood,NULL
12896,NULL,19429,Victoria Wood,NULL
23732,NULL,13392,Xavier Wood,NULL
12650,NULL,17137,Aaron Wright,NULL
17525,NULL,17171,Adam Wright,NULL
19758,NULL,17191,Alex Wright,NULL
28995,NULL,10552,Alexandra Wright,NULL
16084,NULL,10597,Allison Wright,NULL
26317,NULL,10556,Amanda Wright,NULL
23924,NULL,10569,Amber Wright,NULL
15479,NULL,10601,Andrea Wright,NULL
27845,NULL,17186,Angel Wright,NULL
25484,NULL,10580,Bailey Wright,NULL
24970,NULL,4186,Blake Wright,NULL
15843,NULL,17158,Caleb Wright,NULL
15515,NULL,17182,Carlos Wright,NULL
12928,NULL,10582,Carol Wright,NULL
14420,NULL,10537,Chloe Wright,NULL
20139,NULL,17160,Connor Wright,NULL
11953,NULL,10570,Courtney Wright,NULL
26253,NULL,4495,Dalton Wright,NULL
18605,NULL,4964,David Wright,NULL
22744,NULL,3721,Edward Wright,NULL
25577,NULL,17023,Elijah Wright,NULL
14507,NULL,17173,Eric Wright,NULL
13187,NULL,17200,Evan Wright,NULL
12923,NULL,3883,Fernando Wright,NULL
24403,NULL,17013,Gabriel Wright,NULL
24336,NULL,10560,Gabrielle Wright,NULL
26036,NULL,10561,Haley Wright,NULL
27477,NULL,17143,Hunter Wright,NULL
16903,NULL,4741,Ian Wright,NULL
24770,NULL,17202,Isaac Wright,NULL
25984,NULL,10548,Isabella Wright,NULL
11629,NULL,17189,Isaiah Wright,NULL
29075,NULL,17166,Jack Wright,NULL
11698,NULL,17175,Jackson Wright,NULL
16118,NULL,17118,James Wright,NULL
24323,NULL,10587,Janet Wright,NULL
11158,NULL,17031,Jason Wright,NULL
11291,NULL,10573,Jenna Wright,NULL
26505,NULL,10540,Jennifer Wright,NULL
27223,NULL,4024,Jeremy Wright,NULL
27199,NULL,17064,Jesse Wright,NULL
16336,NULL,17122,Jonathan Wright,NULL
15485,NULL,10574,Jordan Wright,NULL
27065,NULL,17163,Jordan Wright,NULL
12022,NULL,17151,Jose Wright,NULL
11129,NULL,10538,Julia Wright,NULL
13434,NULL,10541,Kaitlyn Wright,NULL
14502,NULL,10590,Katelyn Wright,NULL
25997,NULL,10554,Katherine Wright,NULL
24855,NULL,10596,Kaylee Wright,NULL
26096,NULL,17011,Kevin Wright,NULL
23716,NULL,16997,Kyle Wright,NULL
13783,NULL,17123,Logan Wright,NULL
14271,NULL,4816,Lucas Wright,NULL
18761,NULL,17114,Luis Wright,NULL
21596,NULL,17162,Luke Wright,NULL
12412,NULL,10581,Mackenzie Wright,NULL
13325,NULL,4648,Marcus Wright,NULL
16376,NULL,10559,Maria Wright,NULL
18562,NULL,10568,Mary Wright,NULL
16752,NULL,17201,Mason Wright,NULL
25811,NULL,4113,Miguel Wright,NULL
18828,NULL,10546,Morgan Wright,NULL
13383,NULL,10549,Natalie Wright,NULL
15984,NULL,17127,Nathan Wright,NULL
17401,NULL,17146,Noah Wright,NULL
28041,NULL,10563,Rebecca Wright,NULL
24335,NULL,4569,Richard Wright,NULL
15889,NULL,17147,Robert Wright,NULL
26117,NULL,17141,Samuel Wright,NULL
23111,NULL,10584,Sara Wright,NULL
23108,NULL,10593,Savannah Wright,NULL
18394,NULL,17069,Sean Wright,NULL
18614,NULL,4342,Seth Wright,NULL
19016,NULL,10578,Sierra Wright,NULL
12189,NULL,10566,Sophia Wright,NULL
27763,NULL,10557,Stephanie Wright,NULL
25863,NULL,10553,Sydney Wright,NULL
14044,NULL,17155,Thomas Wright,NULL
24928,NULL,17071,Timothy Wright,NULL
17150,NULL,3796,Wyatt Wright,NULL
16690,NULL,5798,Aimee Wu,NULL
18455,NULL,12479,Alejandro Wu,NULL
23654,NULL,11950,Alisha Wu,NULL
19790,NULL,20708,Amy Wu,NULL
28321,NULL,9851,Arturo Wu,NULL
22568,NULL,5919,Autumn Wu,NULL
14532,NULL,11547,Barbara Wu,NULL
28485,NULL,4779,Bianca Wu,NULL
19075,NULL,17999,Brent Wu,NULL
23418,NULL,17539,Brittney Wu,NULL
23142,NULL,4835,Cara Wu,NULL
21025,NULL,3285,Cedric Wu,NULL
25568,NULL,11342,Christy Wu,NULL
13115,NULL,6599,Clarence Wu,NULL
15920,NULL,13435,Colin Wu,NULL
19291,NULL,12265,Colleen Wu,NULL
22672,NULL,20755,Crystal Wu,NULL
23239,NULL,18248,Curtis Wu,NULL
11479,NULL,5624,Darryl Wu,NULL
11493,NULL,12161,Dawn Wu,NULL
11503,NULL,17896,Dennis Wu,NULL
18367,NULL,13135,Edwin Wu,NULL
25452,NULL,2478,Erica Wu,NULL
11147,NULL,6463,Ernest Wu,NULL
22414,NULL,5457,Eugene Wu,NULL
29343,NULL,5681,Glenn Wu,NULL
19261,NULL,2634,Heather Wu,NULL
24035,NULL,12915,Jaclyn Wu,NULL
22446,NULL,5397,Jake Wu,NULL
27595,NULL,2445,Jamie Wu,NULL
25757,NULL,18046,Jeffery Wu,NULL
23944,NULL,11446,Jenny Wu,NULL
23792,NULL,5517,Jessie Wu,NULL
26278,NULL,13538,Jon Wu,NULL
19849,NULL,18294,Jorge Wu,NULL
21353,NULL,17400,Karen Wu,NULL
15621,NULL,12059,Kelli Wu,NULL
24595,NULL,17097,Kelvin Wu,NULL
23222,NULL,2504,Kristen Wu,NULL
14536,NULL,17362,Krystal Wu,NULL
19250,NULL,12366,Lacey Wu,NULL
20615,NULL,2391,Laura Wu,NULL
17749,NULL,17451,Leah Wu,NULL
26158,NULL,2421,Lisa Wu,NULL
23755,NULL,14157,Louis Wu,NULL
18309,NULL,5745,Mandy Wu,NULL
28928,NULL,17705,Margaret Wu,NULL
15590,NULL,10892,Marshall Wu,NULL
25469,NULL,4901,Martha Wu,NULL
17246,NULL,6563,Micah Wu,NULL
29293,NULL,12583,Nuan Wu,NULL
12745,NULL,12794,Rafael Wu,NULL
27955,NULL,6411,Ramon Wu,NULL
11647,NULL,18152,Randy Wu,NULL
22630,NULL,13234,Roger Wu,NULL
26816,NULL,5571,Ronnie Wu,NULL
16461,NULL,4956,Rosa Wu,NULL
22624,NULL,17652,Sandra Wu,NULL
15268,NULL,2529,Shannon Wu,NULL
20286,NULL,17595,Stacey Wu,NULL
14949,NULL,6513,Steve Wu,NULL
16564,NULL,17749,Susan Wu,NULL
25735,NULL,5008,Suzanne Wu,NULL
17405,NULL,13025,Tamara Wu,NULL
26404,NULL,4730,Trisha Wu,NULL
20297,NULL,17494,Valerie Wu,NULL
15602,NULL,11903,Warren Wu,NULL
14205,NULL,18098,Wesley Wu,NULL
18546,NULL,2662,Pieter Wycoff,NULL
25781,NULL,12527,Alejandro Xie,NULL
26427,NULL,19772,Alicia Xie,NULL
17368,NULL,11996,Alisha Xie,NULL
20840,NULL,16639,Alison Xie,NULL
16617,NULL,4878,Alvin Xie,NULL
24531,NULL,5054,Andres Xie,NULL
21160,NULL,20529,April Xie,NULL
26641,NULL,10285,Arturo Xie,NULL
26943,NULL,8936,Ashlee Xie,NULL
28505,NULL,11587,Barbara Xie,NULL
14775,NULL,3675,Bonnie Xie,NULL
19302,NULL,9376,Brad Xie,NULL
28476,NULL,20282,Bradley Xie,NULL
13018,NULL,9324,Brendan Xie,NULL
22432,NULL,8561,Bridget Xie,NULL
24858,NULL,9154,Calvin Xie,NULL
18136,NULL,16939,Carl Xie,NULL
13253,NULL,4484,Carly Xie,NULL
21217,NULL,16280,Casey Xie,NULL
19297,NULL,3792,Cedric Xie,NULL
26155,NULL,20324,Chad Xie,NULL
25089,NULL,11386,Christy Xie,NULL
22402,NULL,7062,Clarence Xie,NULL
14135,NULL,12630,Clayton Xie,NULL
22444,NULL,13482,Colin Xie,NULL
12133,NULL,12306,Colleen Xie,NULL
24885,NULL,20452,Corey Xie,NULL
17050,NULL,8720,Cristina Xie,NULL
20553,NULL,11370,Damien Xie,NULL
23726,NULL,9552,Darrell Xie,NULL
21391,NULL,12206,Dawn Xie,NULL
12713,NULL,8829,Deborah Xie,NULL
14287,NULL,20234,Derek Xie,NULL
20099,NULL,4302,Devon Xie,NULL
12549,NULL,4636,Donna Xie,NULL
20218,NULL,9203,Drew Xie,NULL
22204,NULL,2554,Dustin Xie,NULL
28879,NULL,13180,Edwin Xie,NULL
17747,NULL,8140,Franklin Xie,NULL
14831,NULL,9208,Gilbert Xie,NULL
17770,NULL,9263,Grant Xie,NULL
13992,NULL,2581,Gregory Xie,NULL
27123,NULL,12963,Jaclyn Xie,NULL
25823,NULL,9436,Jaime Xie,NULL
20081,NULL,16885,Jerry Xie,NULL
27889,NULL,4689,Jodi Xie,NULL
21122,NULL,19941,Julie Xie,NULL
20281,NULL,5124,Karl Xie,NULL
18201,NULL,3483,Karla Xie,NULL
26832,NULL,4583,Kate Xie,NULL
16262,NULL,19905,Kathryn Xie,NULL
19916,NULL,20604,Katie Xie,NULL
26897,NULL,16328,Katrina Xie,NULL
24203,NULL,20490,Keith Xie,NULL
20452,NULL,12102,Kelli Xie,NULL
12834,NULL,16497,Kelsey Xie,NULL
21806,NULL,2382,Kelvin Xie,NULL
13842,NULL,2609,Kenneth Xie,NULL
23929,NULL,20570,Kristin Xie,NULL
14344,NULL,4132,Kurt Xie,NULL
23226,NULL,5186,Leonard Xie,NULL
11391,NULL,19816,Lindsay Xie,NULL
25132,NULL,20650,Lindsey Xie,NULL
13590,NULL,13076,Louis Xie,NULL
13687,NULL,16787,Mario Xie,NULL
19796,NULL,11324,Marshall Xie,NULL
15882,NULL,9048,Maurice Xie,NULL
28426,NULL,4360,Melvin Xie,NULL
15039,NULL,8379,Michele Xie,NULL
16285,NULL,4537,Mindy Xie,NULL
13907,NULL,16450,Misty Xie,NULL
20993,NULL,17126,Mitchell Xie,NULL
23145,NULL,16587,Nichole Xie,NULL
22595,NULL,5247,Nicolas Xie,NULL
12997,NULL,4423,Nina Xie,NULL
18018,NULL,20408,Peter Xie,NULL
11326,NULL,12845,Rafael Xie,NULL
18710,NULL,16991,Ricardo Xie,NULL
22489,NULL,13284,Roger Xie,NULL
11024,NULL,16843,Russell Xie,NULL
20962,NULL,8505,Sharon Xie,NULL
16476,NULL,20367,Shawn Xie,NULL
12212,NULL,3553,Shawna Xie,NULL
18041,NULL,8659,Sheena Xie,NULL
28384,NULL,11885,Tamara Xie,NULL
19912,NULL,19980,Tara Xie,NULL
24696,NULL,8612,Tasha Xie,NULL
16199,NULL,4243,Terrence Xie,NULL
20885,NULL,17218,Terry Xie,NULL
29425,NULL,4190,Tommy Xie,NULL
28532,NULL,17168,Tony Xie,NULL
21342,NULL,8448,Tonya Xie,NULL
13843,NULL,12347,Warren Xie,NULL
18302,NULL,9098,Wayne Xie,NULL
12841,NULL,3617,Yolanda Xie,NULL
16741,NULL,17317,Alan Xu,NULL
16353,NULL,12530,Alejandro Xu,NULL
26585,NULL,12493,Alejandro Xu,NULL
11370,NULL,19778,Alicia Xu,NULL
28546,NULL,11959,Alisha Xu,NULL
14100,NULL,11999,Alisha Xu,NULL
14227,NULL,16642,Alison Xu,NULL
21249,NULL,4925,Alvin Xu,NULL
17741,NULL,4567,Alvin Xu,NULL
13619,NULL,9978,Arturo Xu,NULL
16399,NULL,10331,Arturo Xu,NULL
13541,NULL,8946,Ashlee Xu,NULL
12531,NULL,5930,Autumn Xu,NULL
29195,NULL,11560,Barbara Xu,NULL
14074,NULL,11591,Barbara Xu,NULL
22382,NULL,17269,Bethany Xu,NULL
14520,NULL,3679,Bonnie Xu,NULL
26157,NULL,9382,Brad Xu,NULL
17994,NULL,20284,Bradley Xu,NULL
14937,NULL,9330,Brendan Xu,NULL
14967,NULL,8565,Bridget Xu,NULL
26688,NULL,17555,Brittney Xu,NULL
27583,NULL,9157,Calvin Xu,NULL
27324,NULL,17806,Candice Xu,NULL
23526,NULL,4846,Cara Xu,NULL
28847,NULL,4489,Carly Xu,NULL
13580,NULL,19867,Carol Xu,NULL
13158,NULL,16282,Casey Xu,NULL
24039,NULL,8882,Cassie Xu,NULL
18198,NULL,3832,Cedric Xu,NULL
24278,NULL,3423,Cedric Xu,NULL
20901,NULL,20327,Chad Xu,NULL
21877,NULL,7107,Clarence Xu,NULL
14179,NULL,5871,Claudia Xu,NULL
18488,NULL,12598,Clayton Xu,NULL
25001,NULL,12633,Clayton Xu,NULL
15790,NULL,13449,Colin Xu,NULL
29461,NULL,13486,Colin Xu,NULL
28956,NULL,12309,Colleen Xu,NULL
18325,NULL,12276,Colleen Xu,NULL
25017,NULL,8726,Cristina Xu,NULL
15754,NULL,20766,Crystal Xu,NULL
14766,NULL,18261,Curtis Xu,NULL
26382,NULL,5306,Dale Xu,NULL
22419,NULL,11780,Damien Xu,NULL
19931,NULL,5638,Darryl Xu,NULL
27873,NULL,12172,Dawn Xu,NULL
14711,NULL,8839,Deborah Xu,NULL
21997,NULL,17908,Dennis Xu,NULL
20824,NULL,20237,Derek Xu,NULL
20831,NULL,9207,Drew Xu,NULL
23481,NULL,2555,Dustin Xu,NULL
18513,NULL,13185,Edwin Xu,NULL
25272,NULL,13154,Edwin Xu,NULL
20863,NULL,2485,Erica Xu,NULL
14827,NULL,6473,Ernest Xu,NULL
14208,NULL,5469,Eugene Xu,NULL
19439,NULL,7826,Franklin Xu,NULL
17103,NULL,8179,Franklin Xu,NULL
13145,NULL,8892,Gilbert Xu,NULL
22554,NULL,9257,Gilbert Xu,NULL
18743,NULL,5698,Glenn Xu,NULL
19266,NULL,9268,Grant Xu,NULL
25803,NULL,2583,Gregory Xu,NULL
26880,NULL,2639,Heather Xu,NULL
24252,NULL,12929,Jaclyn Xu,NULL
12685,NULL,12967,Jaclyn Xu,NULL
17766,NULL,5416,Jake Xu,NULL
12624,NULL,2453,Jamie Xu,NULL
28744,NULL,11488,Jenny Xu,NULL
12222,NULL,11456,Jenny Xu,NULL
26958,NULL,16887,Jerry Xu,NULL
27517,NULL,5528,Jessie Xu,NULL
16460,NULL,4693,Jodi Xu,NULL
22459,NULL,17042,Johnny Xu,NULL
16572,NULL,13583,Jon Xu,NULL
22523,NULL,13552,Jon Xu,NULL
14955,NULL,18307,Jorge Xu,NULL
18301,NULL,19944,Julie Xu,NULL
22212,NULL,16548,Kara Xu,NULL
17115,NULL,17410,Karen Xu,NULL
23321,NULL,5129,Karl Xu,NULL
11583,NULL,3487,Karla Xu,NULL
28957,NULL,4590,Kate Xu,NULL
25210,NULL,19907,Kathryn Xu,NULL
14799,NULL,20608,Katie Xu,NULL
24668,NULL,16331,Katrina Xu,NULL
25124,NULL,20493,Keith Xu,NULL
16597,NULL,12072,Kelli Xu,NULL
21628,NULL,12106,Kelli Xu,NULL
28220,NULL,16501,Kelsey Xu,NULL
18305,NULL,18227,Kelvin Xu,NULL
21222,NULL,2604,Kelvin Xu,NULL
12646,NULL,2611,Kenneth Xu,NULL
15751,NULL,2510,Kristen Xu,NULL
20925,NULL,20573,Kristin Xu,NULL
25491,NULL,17372,Krystal Xu,NULL
16422,NULL,4137,Kurt Xu,NULL
26736,NULL,12380,Lacey Xu,NULL
17913,NULL,12416,Lacey Xu,NULL
11406,NULL,16378,Latoya Xu,NULL
16287,NULL,2398,Laura Xu,NULL
17646,NULL,17460,Leah Xu,NULL
16051,NULL,5190,Leonard Xu,NULL
21030,NULL,19819,Lindsay Xu,NULL
15583,NULL,20653,Lindsey Xu,NULL
24215,NULL,2428,Lisa Xu,NULL
20104,NULL,13042,Louis Xu,NULL
27169,NULL,13080,Louis Xu,NULL
27899,NULL,5759,Mandy Xu,NULL
22404,NULL,17718,Margaret Xu,NULL
26411,NULL,16795,Mario Xu,NULL
26687,NULL,11371,Marshall Xu,NULL
25747,NULL,11007,Marshall Xu,NULL
16351,NULL,4916,Martha Xu,NULL
28894,NULL,9054,Maurice Xu,NULL
11474,NULL,4368,Melvin Xu,NULL
15931,NULL,6581,Micah Xu,NULL
15353,NULL,8387,Michele Xu,NULL
20246,NULL,4541,Mindy Xu,NULL
22615,NULL,16454,Misty Xu,NULL
12218,NULL,17129,Mitchell Xu,NULL
27826,NULL,5253,Nicolas Xu,NULL
13291,NULL,4426,Nina Xu,NULL
22596,NULL,12699,Omar Xu,NULL
19279,NULL,12734,Omar Xu,NULL
28204,NULL,20412,Peter Xu,NULL
12751,NULL,8772,Priscilla Xu,NULL
21885,NULL,12812,Rafael Xu,NULL
21195,NULL,12850,Rafael Xu,NULL
22318,NULL,6427,Ramon Xu,NULL
11969,NULL,18160,Randy Xu,NULL
27157,NULL,9501,Raul Xu,NULL
27968,NULL,13289,Roger Xu,NULL
16295,NULL,13250,Roger Xu,NULL
17892,NULL,5580,Ronnie Xu,NULL
18823,NULL,16849,Russell Xu,NULL
16976,NULL,17665,Sandra Xu,NULL
23344,NULL,8509,Sharon Xu,NULL
27804,NULL,17085,Shaun Xu,NULL
19328,NULL,20371,Shawn Xu,NULL
23419,NULL,3557,Shawna Xu,NULL
21052,NULL,8663,Sheena Xu,NULL
21513,NULL,17609,Stacey Xu,NULL
28906,NULL,6526,Steve Xu,NULL
17108,NULL,17764,Susan Xu,NULL
17029,NULL,5024,Suzanne Xu,NULL
24958,NULL,11891,Tamara Xu,NULL
19592,NULL,19983,Tara Xu,NULL
11948,NULL,8619,Tasha Xu,NULL
23743,NULL,4247,Terrence Xu,NULL
24228,NULL,17223,Terry Xu,NULL
24125,NULL,2670,Tiffany Xu,NULL
28456,NULL,18215,Todd Xu,NULL
22576,NULL,17172,Tony Xu,NULL
17324,NULL,8450,Tonya Xu,NULL
17916,NULL,16414,Tracy Xu,NULL
20282,NULL,4743,Trisha Xu,NULL
23047,NULL,17507,Valerie Xu,NULL
24762,NULL,12036,Warren Xu,NULL
28551,NULL,4876,Warren Xu,NULL
18014,NULL,9102,Wayne Xu,NULL
29182,NULL,18107,Wesley Xu,NULL
13160,NULL,13382,Willie Xu,NULL
14157,NULL,13355,Willie Xu,NULL
15893,NULL,3619,Yolanda Xu,NULL
20215,NULL,16151,Ioannis Xylaras,NULL
26011,NULL,5802,Daisuke Yanagishima,NULL
25196,NULL,5522,Aaron Yang,NULL
15605,NULL,17305,Alan Yang,NULL
22176,NULL,12477,Alejandro Yang,NULL
16266,NULL,11947,Alisha Yang,NULL
28497,NULL,4386,Alvin Yang,NULL
16941,NULL,20704,Amy Yang,NULL
27303,NULL,9818,Arturo Yang,NULL
22992,NULL,6280,Austin Yang,NULL
27219,NULL,6740,Benjamin Yang,NULL
28732,NULL,4776,Bianca Yang,NULL
24351,NULL,6939,Brandon Yang,NULL
26847,NULL,17994,Brent Yang,NULL
22269,NULL,5576,Caleb Yang,NULL
12117,NULL,6332,Cameron Yang,NULL
15038,NULL,3245,Cedric Yang,NULL
23139,NULL,6228,Christian Yang,NULL
25121,NULL,17756,Clarence Yang,NULL
24556,NULL,5859,Claudia Yang,NULL
25145,NULL,12580,Clayton Yang,NULL
20612,NULL,13430,Colin Yang,NULL
22167,NULL,12258,Colleen Yang,NULL
17735,NULL,5623,Connor Yang,NULL
23665,NULL,20751,Crystal Yang,NULL
11110,NULL,18247,Curtis Yang,NULL
21571,NULL,5621,Darryl Yang,NULL
14374,NULL,6685,David Yang,NULL
22664,NULL,12158,Dawn Yang,NULL
15003,NULL,17893,Dennis Yang,NULL
24068,NULL,13127,Edwin Yang,NULL
14744,NULL,5373,Elijah Yang,NULL
26840,NULL,5317,Eric Yang,NULL
25678,NULL,2476,Erica Yang,NULL
21468,NULL,6528,Ethan Yang,NULL
17676,NULL,5453,Eugene Yang,NULL
12139,NULL,7650,Franklin Yang,NULL
16724,NULL,5877,Gabriel Yang,NULL
19370,NULL,8725,Gilbert Yang,NULL
18275,NULL,2631,Heather Yang,NULL
20237,NULL,6077,Hunter Yang,NULL
26103,NULL,5219,Jack Yang,NULL
22570,NULL,4825,Jackson Yang,NULL
14961,NULL,12908,Jaclyn Yang,NULL
16547,NULL,5394,Jake Yang,NULL
12786,NULL,6389,James Yang,NULL
18465,NULL,2443,Jamie Yang,NULL
27627,NULL,5418,Jason Yang,NULL
24225,NULL,18043,Jeffery Yang,NULL
16842,NULL,11439,Jenny Yang,NULL
20053,NULL,5511,Jessie Yang,NULL
11000,NULL,13531,Jon Yang,NULL
15523,NULL,6435,Jonathan Yang,NULL
14458,NULL,5173,Jordan Yang,NULL
20404,NULL,18291,Jorge Yang,NULL
20329,NULL,5676,Jose Yang,NULL
15363,NULL,6641,Justin Yang,NULL
19274,NULL,17396,Karen Yang,NULL
16048,NULL,12056,Kelli Yang,NULL
13404,NULL,16710,Kelvin Yang,NULL
20605,NULL,5826,Kevin Yang,NULL
22344,NULL,17356,Krystal Yang,NULL
13242,NULL,5777,Kyle Yang,NULL
13150,NULL,12361,Lacey Yang,NULL
15186,NULL,17447,Leah Yang,NULL
24640,NULL,2419,Lisa Yang,NULL
15359,NULL,5924,Logan Yang,NULL
23013,NULL,14152,Louis Yang,NULL
24294,NULL,5472,Luis Yang,NULL
28526,NULL,5125,Luke Yang,NULL
21724,NULL,5738,Mandy Yang,NULL
12564,NULL,10846,Marshall Yang,NULL
22210,NULL,4895,Martha Yang,NULL
23357,NULL,6559,Micah Yang,NULL
28674,NULL,5980,Nathan Yang,NULL
26602,NULL,6127,Noah Yang,NULL
12566,NULL,12682,Omar Yang,NULL
23900,NULL,12791,Rafael Yang,NULL
13609,NULL,6400,Ramon Yang,NULL
24000,NULL,18147,Randy Yang,NULL
24298,NULL,6181,Robert Yang,NULL
28108,NULL,13231,Roger Yang,NULL
23524,NULL,5567,Ronnie Yang,NULL
18713,NULL,4951,Rosa Yang,NULL
28723,NULL,6586,Ryan Yang,NULL
15271,NULL,6026,Samuel Yang,NULL
23962,NULL,17647,Sandra Yang,NULL
12001,NULL,2527,Shannon Yang,NULL
14215,NULL,17592,Stacey Yang,NULL
16039,NULL,6512,Steve Yang,NULL
12396,NULL,17746,Susan Yang,NULL
18628,NULL,5004,Suzanne Yang,NULL
28159,NULL,13022,Tamara Yang,NULL
14108,NULL,5728,Thomas Yang,NULL
21215,NULL,2659,Tiffany Yang,NULL
19094,NULL,18198,Todd Yang,NULL
27361,NULL,17489,Valerie Yang,NULL
17201,NULL,17944,Vincent Yang,NULL
17908,NULL,11869,Warren Yang,NULL
15127,NULL,18092,Wesley Yang,NULL
14726,NULL,7048,Zachary Yang,NULL
20782,NULL,17313,Alan Ye,NULL
15029,NULL,12487,Alejandro Ye,NULL
22008,NULL,11955,Alisha Ye,NULL
15575,NULL,4511,Alvin Ye,NULL
11073,NULL,20712,Amy Ye,NULL
20727,NULL,9919,Arturo Ye,NULL
27805,NULL,11554,Barbara Ye,NULL
28922,NULL,18004,Brent Ye,NULL
21605,NULL,17544,Brittney Ye,NULL
25049,NULL,17802,Candice Ye,NULL
26229,NULL,4841,Cara Ye,NULL
19335,NULL,3365,Cedric Ye,NULL
14219,NULL,11354,Christy Ye,NULL
26050,NULL,6666,Clarence Ye,NULL
19102,NULL,5864,Claudia Ye,NULL
28007,NULL,12589,Clayton Ye,NULL
22501,NULL,13441,Colin Ye,NULL
13620,NULL,7535,Damien Ye,NULL
17790,NULL,5633,Darryl Ye,NULL
25488,NULL,12165,Dawn Ye,NULL
16638,NULL,17904,Dennis Ye,NULL
18334,NULL,13144,Edwin Ye,NULL
13010,NULL,2481,Erica Ye,NULL
22558,NULL,6468,Ernest Ye,NULL
11609,NULL,5462,Eugene Ye,NULL
13952,NULL,7753,Franklin Ye,NULL
29344,NULL,8838,Gilbert Ye,NULL
17136,NULL,5690,Glenn Ye,NULL
23928,NULL,12921,Jaclyn Ye,NULL
16329,NULL,2449,Jamie Ye,NULL
28572,NULL,18051,Jeffery Ye,NULL
25036,NULL,11451,Jenny Ye,NULL
14145,NULL,5524,Jessie Ye,NULL
14713,NULL,13544,Jon Ye,NULL
16426,NULL,18297,Jorge Ye,NULL
25476,NULL,17403,Karen Ye,NULL
19470,NULL,12065,Kelli Ye,NULL
12486,NULL,2507,Kristen Ye,NULL
26923,NULL,17365,Krystal Ye,NULL
29090,NULL,12372,Lacey Ye,NULL
12867,NULL,2395,Laura Ye,NULL
11077,NULL,17455,Leah Ye,NULL
27855,NULL,2424,Lisa Ye,NULL
19343,NULL,13033,Louis Ye,NULL
19475,NULL,5751,Mandy Ye,NULL
28688,NULL,17714,Margaret Ye,NULL
26559,NULL,10948,Marshall Ye,NULL
22200,NULL,4908,Martha Ye,NULL
20952,NULL,6571,Micah Ye,NULL
21020,NULL,12691,Omar Ye,NULL
14242,NULL,12806,Rafael Ye,NULL
11357,NULL,6416,Ramon Ye,NULL
29367,NULL,18156,Randy Ye,NULL
28543,NULL,13241,Roger Ye,NULL
19940,NULL,4962,Rosa Ye,NULL
24689,NULL,17659,Sandra Ye,NULL
12319,NULL,2534,Shannon Ye,NULL
12568,NULL,17603,Stacey Ye,NULL
29087,NULL,6520,Steve Ye,NULL
11673,NULL,17757,Susan Ye,NULL
27173,NULL,5015,Suzanne Ye,NULL
20243,NULL,13031,Tamara Ye,NULL
23326,NULL,2666,Tiffany Ye,NULL
27166,NULL,4737,Trisha Ye,NULL
28948,NULL,17500,Valerie Ye,NULL
13013,NULL,17951,Vincent Ye,NULL
27614,NULL,11969,Warren Ye,NULL
22963,NULL,13349,Willie Ye,NULL
18598,NULL,4882,Norimichi Yonekura,NULL
26299,NULL,13585,Y. Yong,NULL
12050,NULL,16923,Aaron Young,NULL
12984,NULL,16952,Adam Young,NULL
25359,NULL,16966,Alex Young,NULL
28452,NULL,10981,Alexandra Young,NULL
23644,NULL,10414,Allison Young,NULL
27228,NULL,10987,Amanda Young,NULL
28005,NULL,11001,Amber Young,NULL
22092,NULL,10419,Andrea Young,NULL
15561,NULL,16959,Angel Young,NULL
24725,NULL,10402,Bailey Young,NULL
20370,NULL,4184,Blake Young,NULL
23237,NULL,16928,Caleb Young,NULL
17805,NULL,16957,Carlos Young,NULL
11015,NULL,10963,Chloe Young,NULL
22044,NULL,16933,Connor Young,NULL
17622,NULL,11002,Courtney Young,NULL
18954,NULL,4490,Dalton Young,NULL
16878,NULL,4958,Devin Young,NULL
24800,NULL,5043,Eduardo Young,NULL
13399,NULL,4267,Edward Young,NULL
24838,NULL,16801,Elijah Young,NULL
29236,NULL,16955,Eric Young,NULL
12739,NULL,16971,Evan Young,NULL
25401,NULL,16800,Gabriel Young,NULL
19305,NULL,10404,Gabriella Young,NULL
28043,NULL,10995,Gabrielle Young,NULL
25379,NULL,10989,Hailey Young,NULL
20934,NULL,10996,Haley Young,NULL
12403,NULL,16931,Henry Young,NULL
20336,NULL,4736,Ian Young,NULL
22340,NULL,16847,Isaac Young,NULL
11857,NULL,10976,Isabella Young,NULL
25587,NULL,16964,Isaiah Young,NULL
28078,NULL,16951,Jack Young,NULL
29020,NULL,16956,Jackson Young,NULL
20531,NULL,16917,James Young,NULL
25466,NULL,10407,Janet Young,NULL
16441,NULL,16896,Jason Young,NULL
16365,NULL,11003,Jenna Young,NULL
27673,NULL,10973,Jennifer Young,NULL
12437,NULL,4019,Jeremy Young,NULL
18676,NULL,16863,Jesse Young,NULL
18920,NULL,16919,Jonathan Young,NULL
23186,NULL,16948,Jordan Young,NULL
28267,NULL,10399,Jordan Young,NULL
13738,NULL,16943,Jose Young,NULL
27414,NULL,10969,Julia Young,NULL
25062,NULL,10974,Kaitlyn Young,NULL
23700,NULL,10409,Katelyn Young,NULL
26737,NULL,10986,Katherine Young,NULL
13756,NULL,10413,Kaylee Young,NULL
19883,NULL,16798,Kevin Young,NULL
20847,NULL,16797,Kyle Young,NULL
27391,NULL,16920,Logan Young,NULL
22655,NULL,4813,Lucas Young,NULL
13934,NULL,16906,Luis Young,NULL
26481,NULL,16937,Luke Young,NULL
27736,NULL,10403,Mackenzie Young,NULL
18121,NULL,10998,Madeline Young,NULL
18494,NULL,4643,Marcus Young,NULL
18052,NULL,10993,Maria Young,NULL
17689,NULL,11000,Mary Young,NULL
27427,NULL,16975,Mason Young,NULL
23796,NULL,4108,Miguel Young,NULL
12342,NULL,10975,Morgan Young,NULL
23364,NULL,10978,Natalie Young,NULL
20635,NULL,16925,Nathan Young,NULL
13348,NULL,16932,Noah Young,NULL
14418,NULL,10997,Rebecca Young,NULL
18115,NULL,4560,Richard Young,NULL
16882,NULL,16936,Robert Young,NULL
23470,NULL,16927,Samuel Young,NULL
19860,NULL,10405,Sara Young,NULL
25971,NULL,10410,Savannah Young,NULL
17660,NULL,4338,Seth Young,NULL
11619,NULL,10400,Sierra Young,NULL
20409,NULL,10999,Sophia Young,NULL
27430,NULL,10988,Stephanie Young,NULL
21006,NULL,10984,Sydney Young,NULL
28051,NULL,16944,Thomas Young,NULL
28173,NULL,16980,Timothy Young,NULL
25087,NULL,3790,Wyatt Young,NULL
15763,NULL,4416,Xavier Young,NULL
17547,NULL,12534,Alejandro Yuan,NULL
25225,NULL,19782,Alicia Yuan,NULL
27013,NULL,12001,Alisha Yuan,NULL
24574,NULL,16645,Alison Yuan,NULL
25651,NULL,4965,Alvin Yuan,NULL
20968,NULL,10373,Arturo Yuan,NULL
21515,NULL,11593,Barbara Yuan,NULL
11030,NULL,17272,Bethany Yuan,NULL
15048,NULL,3689,Bonnie Yuan,NULL
22162,NULL,9387,Brad Yuan,NULL
17920,NULL,20286,Bradley Yuan,NULL
24744,NULL,9336,Brendan Yuan,NULL
26211,NULL,8572,Bridget Yuan,NULL
17905,NULL,9162,Calvin Yuan,NULL
24160,NULL,16946,Carl Yuan,NULL
19839,NULL,4493,Carly Yuan,NULL
11430,NULL,16287,Casey Yuan,NULL
24453,NULL,8885,Cassie Yuan,NULL
15449,NULL,3869,Cedric Yuan,NULL
21173,NULL,20330,Chad Yuan,NULL
11046,NULL,19870,Christine Yuan,NULL
24047,NULL,7143,Clarence Yuan,NULL
11758,NULL,13490,Colin Yuan,NULL
25548,NULL,12316,Colleen Yuan,NULL
27334,NULL,20459,Corey Yuan,NULL
23776,NULL,8728,Cristina Yuan,NULL
17818,NULL,5312,Dale Yuan,NULL
29442,NULL,12184,Damien Yuan,NULL
18271,NULL,9560,Darrell Yuan,NULL
18801,NULL,12211,Dawn Yuan,NULL
12021,NULL,8843,Deborah Yuan,NULL
27589,NULL,20239,Derek Yuan,NULL
29434,NULL,4647,Donna Yuan,NULL
21679,NULL,9210,Drew Yuan,NULL
24089,NULL,2557,Dustin Yuan,NULL
21664,NULL,13189,Edwin Yuan,NULL
24594,NULL,8216,Franklin Yuan,NULL
24909,NULL,9272,Grant Yuan,NULL
21822,NULL,2585,Gregory Yuan,NULL
24904,NULL,12971,Jaclyn Yuan,NULL
17848,NULL,9448,Jaime Yuan,NULL
12233,NULL,16891,Jerry Yuan,NULL
28915,NULL,17045,Johnny Yuan,NULL
25937,NULL,13591,Jon Yuan,NULL
22959,NULL,19947,Julie Yuan,NULL
26448,NULL,16551,Kara Yuan,NULL
12835,NULL,5131,Karl Yuan,NULL
13629,NULL,3491,Karla Yuan,NULL
18973,NULL,4595,Kate Yuan,NULL
23106,NULL,19910,Kathryn Yuan,NULL
19459,NULL,20611,Katie Yuan,NULL
26659,NULL,16335,Katrina Yuan,NULL
22926,NULL,20496,Keith Yuan,NULL
13034,NULL,16505,Kelsey Yuan,NULL
25692,NULL,2706,Kelvin Yuan,NULL
24114,NULL,20576,Kristin Yuan,NULL
16561,NULL,4141,Kurt Yuan,NULL
12349,NULL,12420,Lacey Yuan,NULL
21070,NULL,16380,Latoya Yuan,NULL
16791,NULL,5199,Leonard Yuan,NULL
29448,NULL,20657,Lindsey Yuan,NULL
18193,NULL,13086,Louis Yuan,NULL
19978,NULL,11411,Marshall Yuan,NULL
24380,NULL,9059,Maurice Yuan,NULL
29331,NULL,4371,Melvin Yuan,NULL
22331,NULL,8393,Michele Yuan,NULL
12201,NULL,4544,Mindy Yuan,NULL
17957,NULL,16460,Misty Yuan,NULL
26744,NULL,17131,Mitchell Yuan,NULL
25788,NULL,16595,Nichole Yuan,NULL
19756,NULL,5259,Nicolas Yuan,NULL
11531,NULL,4431,Nina Yuan,NULL
19449,NULL,12638,Nuan Yuan,NULL
12380,NULL,12736,Omar Yuan,NULL
17107,NULL,8777,Priscilla Yuan,NULL
20625,NULL,12854,Rafael Yuan,NULL
16674,NULL,16999,Ricardo Yuan,NULL
19622,NULL,13293,Roger Yuan,NULL
12008,NULL,8515,Sharon Yuan,NULL
27762,NULL,20375,Shawn Yuan,NULL
16364,NULL,3563,Shawna Yuan,NULL
21166,NULL,11893,Tamara Yuan,NULL
22795,NULL,19987,Tara Yuan,NULL
20565,NULL,8623,Tasha Yuan,NULL
15463,NULL,4252,Terrence Yuan,NULL
13646,NULL,17227,Terry Yuan,NULL
17940,NULL,4198,Tommy Yuan,NULL
16303,NULL,16416,Tracy Yuan,NULL
19091,NULL,9255,Warren Yuan,NULL
17088,NULL,9108,Wayne Yuan,NULL
23421,NULL,13386,Willie Yuan,NULL
22154,NULL,3624,Yolanda Yuan,NULL
19342,NULL,5839,Aimee Zeng,NULL
22321,NULL,17344,Alan Zeng,NULL
18171,NULL,12518,Alejandro Zeng,NULL
15727,NULL,11984,Alisha Zeng,NULL
11118,NULL,4788,Alvin Zeng,NULL
24242,NULL,20735,Amy Zeng,NULL
29396,NULL,10200,Arturo Zeng,NULL
16082,NULL,5949,Autumn Zeng,NULL
23102,NULL,11581,Barbara Zeng,NULL
21110,NULL,18029,Brent Zeng,NULL
13670,NULL,17582,Brittney Zeng,NULL
25520,NULL,16775,Candice Zeng,NULL
20444,NULL,4879,Cara Zeng,NULL
21650,NULL,3688,Cedric Zeng,NULL
15441,NULL,11377,Christy Zeng,NULL
12234,NULL,6977,Clarence Zeng,NULL
16696,NULL,5898,Claudia Zeng,NULL
14202,NULL,12622,Clayton Zeng,NULL
21343,NULL,13474,Colin Zeng,NULL
28304,NULL,12299,Colleen Zeng,NULL
12298,NULL,2384,Crystal Zeng,NULL
26669,NULL,18277,Curtis Zeng,NULL
20929,NULL,5664,Darryl Zeng,NULL
29455,NULL,12200,Dawn Zeng,NULL
13050,NULL,17931,Dennis Zeng,NULL
26924,NULL,2496,Erica Zeng,NULL
12992,NULL,6495,Ernest Zeng,NULL
24025,NULL,5498,Eugene Zeng,NULL
20914,NULL,9132,Gilbert Zeng,NULL
25306,NULL,5722,Glenn Zeng,NULL
18287,NULL,2652,Heather Zeng,NULL
18086,NULL,12956,Jaclyn Zeng,NULL
18054,NULL,5435,Jake Zeng,NULL
12789,NULL,2469,Jamie Zeng,NULL
14642,NULL,18078,Jeffery Zeng,NULL
16940,NULL,11476,Jenny Zeng,NULL
25091,NULL,5551,Jessie Zeng,NULL
14310,NULL,13574,Jon Zeng,NULL
26056,NULL,17431,Karen Zeng,NULL
22825,NULL,12091,Kelli Zeng,NULL
26207,NULL,20117,Kelvin Zeng,NULL
17541,NULL,2520,Kristen Zeng,NULL
25814,NULL,17386,Krystal Zeng,NULL
12471,NULL,12400,Lacey Zeng,NULL
27390,NULL,17477,Leah Zeng,NULL
19480,NULL,2437,Lisa Zeng,NULL
18903,NULL,13065,Louis Zeng,NULL
25630,NULL,5783,Mandy Zeng,NULL
16191,NULL,17737,Margaret Zeng,NULL
20987,NULL,11228,Marshall Zeng,NULL
17844,NULL,4936,Martha Zeng,NULL
25561,NULL,5377,Micah Zeng,NULL
25427,NULL,12722,Omar Zeng,NULL
24486,NULL,12834,Rafael Zeng,NULL
27979,NULL,6443,Ramon Zeng,NULL
11341,NULL,18181,Randy Zeng,NULL
22377,NULL,13275,Roger Zeng,NULL
12806,NULL,5601,Ronnie Zeng,NULL
16302,NULL,4990,Rosa Zeng,NULL
25608,NULL,17687,Sandra Zeng,NULL
24338,NULL,2549,Shannon Zeng,NULL
17317,NULL,17631,Stacey Zeng,NULL
25894,NULL,6543,Steve Zeng,NULL
16825,NULL,17783,Susan Zeng,NULL
17918,NULL,5048,Suzanne Zeng,NULL
13652,NULL,11880,Tamara Zeng,NULL
21890,NULL,20692,Tiffany Zeng,NULL
12283,NULL,18235,Todd Zeng,NULL
17977,NULL,17526,Valerie Zeng,NULL
24477,NULL,12264,Warren Zeng,NULL
20460,NULL,18127,Wesley Zeng,NULL
22768,NULL,5516,Aaron Zhang,NULL
16804,NULL,5258,Adam Zhang,NULL
26025,NULL,5787,Aimee Zhang,NULL
22835,NULL,18332,Alan Zhang,NULL
21992,NULL,12464,Alejandro Zhang,NULL
28394,NULL,11937,Alisha Zhang,NULL
19082,NULL,4272,Alvin Zhang,NULL
18307,NULL,20693,Amy Zhang,NULL
26891,NULL,9705,Arturo Zhang,NULL
19395,NULL,6274,Austin Zhang,NULL
22773,NULL,5903,Autumn Zhang,NULL
16338,NULL,11534,Barbara Zhang,NULL
12593,NULL,6734,Benjamin Zhang,NULL
29144,NULL,6929,Brandon Zhang,NULL
18173,NULL,17984,Brent Zhang,NULL
19975,NULL,17531,Brittney Zhang,NULL
12863,NULL,5572,Caleb Zhang,NULL
21633,NULL,6324,Cameron Zhang,NULL
23777,NULL,17788,Candice Zhang,NULL
12351,NULL,4827,Cara Zhang,NULL
26966,NULL,3125,Cedric Zhang,NULL
23375,NULL,6223,Christian Zhang,NULL
13001,NULL,17661,Clarence Zhang,NULL
13114,NULL,5847,Claudia Zhang,NULL
29482,NULL,12570,Clayton Zhang,NULL
16562,NULL,12247,Colleen Zhang,NULL
13853,NULL,5618,Connor Zhang,NULL
21667,NULL,20737,Crystal Zhang,NULL
26758,NULL,5344,Damien Zhang,NULL
24875,NULL,5606,Darryl Zhang,NULL
14222,NULL,12147,Dawn Zhang,NULL
11231,NULL,17885,Dennis Zhang,NULL
27321,NULL,6985,Dylan Zhang,NULL
15785,NULL,13118,Edwin Zhang,NULL
28789,NULL,5916,Elijah Zhang,NULL
21410,NULL,5311,Eric Zhang,NULL
22746,NULL,2470,Erica Zhang,NULL
14612,NULL,6447,Ernest Zhang,NULL
11022,NULL,6522,Ethan Zhang,NULL
27887,NULL,5441,Eugene Zhang,NULL
12597,NULL,7536,Franklin Zhang,NULL
18163,NULL,5870,Gabriel Zhang,NULL
17630,NULL,8618,Gilbert Zhang,NULL
13967,NULL,5666,Glenn Zhang,NULL
16654,NULL,2626,Heather Zhang,NULL
14105,NULL,5361,Jackson Zhang,NULL
12160,NULL,12898,Jaclyn Zhang,NULL
22616,NULL,5382,Jake Zhang,NULL
14684,NULL,6384,James Zhang,NULL
15481,NULL,2438,Jamie Zhang,NULL
12796,NULL,5412,Jason Zhang,NULL
12472,NULL,18032,Jeffery Zhang,NULL
24609,NULL,11430,Jenny Zhang,NULL
28111,NULL,13517,Jon Zhang,NULL
12541,NULL,6428,Jonathan Zhang,NULL
26874,NULL,18282,Jorge Zhang,NULL
23905,NULL,5670,Jose Zhang,NULL
26322,NULL,6633,Justin Zhang,NULL
18035,NULL,17389,Karen Zhang,NULL
26072,NULL,12042,Kelli Zhang,NULL
28689,NULL,15826,Kelvin Zhang,NULL
20005,NULL,5821,Kevin Zhang,NULL
27484,NULL,2497,Kristen Zhang,NULL
20163,NULL,17348,Krystal Zhang,NULL
11713,NULL,5770,Kyle Zhang,NULL
14127,NULL,12354,Lacey Zhang,NULL
25311,NULL,2385,Laura Zhang,NULL
28540,NULL,17436,Leah Zhang,NULL
20227,NULL,14141,Louis Zhang,NULL
16811,NULL,5466,Luis Zhang,NULL
18862,NULL,5121,Luke Zhang,NULL
16058,NULL,17692,Margaret Zhang,NULL
29104,NULL,5973,Nathan Zhang,NULL
15339,NULL,6123,Noah Zhang,NULL
13441,NULL,12673,Omar Zhang,NULL
23441,NULL,12781,Rafael Zhang,NULL
12352,NULL,6385,Ramon Zhang,NULL
12601,NULL,18133,Randy Zhang,NULL
18855,NULL,6171,Robert Zhang,NULL
12690,NULL,13222,Roger Zhang,NULL
16656,NULL,5558,Ronnie Zhang,NULL
14789,NULL,4942,Rosa Zhang,NULL
11873,NULL,6577,Ryan Zhang,NULL
21100,NULL,17635,Sandra Zhang,NULL
18216,NULL,17741,Susan Zhang,NULL
20316,NULL,4997,Suzanne Zhang,NULL
12769,NULL,5723,Thomas Zhang,NULL
17318,NULL,2653,Tiffany Zhang,NULL
20590,NULL,18186,Todd Zhang,NULL
18156,NULL,5952,Trisha Zhang,NULL
17765,NULL,17481,Valerie Zhang,NULL
27686,NULL,17936,Vincent Zhang,NULL
25252,NULL,11781,Warren Zhang,NULL
24356,NULL,18080,Wesley Zhang,NULL
16023,NULL,13332,Willie Zhang,NULL
27229,NULL,7043,Zachary Zhang,NULL
17787,NULL,12488,Alejandro Zhao,NULL
21988,NULL,11956,Alisha Zhao,NULL
19347,NULL,4530,Alvin Zhao,NULL
26416,NULL,20715,Amy Zhao,NULL
19425,NULL,9935,Arturo Zhao,NULL
27770,NULL,5927,Autumn Zhao,NULL
16723,NULL,11556,Barbara Zhao,NULL
13971,NULL,4789,Bianca Zhao,NULL
22500,NULL,18005,Brent Zhao,NULL
25610,NULL,17547,Brittney Zhao,NULL
25640,NULL,17804,Candice Zhao,NULL
19826,NULL,6696,Clarence Zhao,NULL
22633,NULL,5866,Claudia Zhao,NULL
20586,NULL,12592,Clayton Zhao,NULL
24241,NULL,13442,Colin Zhao,NULL
16407,NULL,12271,Colleen Zhao,NULL
25906,NULL,20762,Crystal Zhao,NULL
15861,NULL,7752,Damien Zhao,NULL
15656,NULL,5634,Darryl Zhao,NULL
24195,NULL,12169,Dawn Zhao,NULL
20173,NULL,17905,Dennis Zhao,NULL
14991,NULL,13146,Edwin Zhao,NULL
24963,NULL,2482,Erica Zhao,NULL
18700,NULL,6470,Ernest Zhao,NULL
12328,NULL,5465,Eugene Zhao,NULL
20134,NULL,7780,Franklin Zhao,NULL
23119,NULL,8857,Gilbert Zhao,NULL
14221,NULL,5693,Glenn Zhao,NULL
24596,NULL,2637,Heather Zhao,NULL
26167,NULL,12925,Jaclyn Zhao,NULL
12312,NULL,5407,Jake Zhao,NULL
16179,NULL,2450,Jamie Zhao,NULL
17931,NULL,18053,Jeffery Zhao,NULL
11027,NULL,5526,Jessie Zhao,NULL
28148,NULL,13547,Jon Zhao,NULL
16711,NULL,18299,Jorge Zhao,NULL
25408,NULL,17405,Karen Zhao,NULL
26386,NULL,12069,Kelli Zhao,NULL
25135,NULL,17846,Kelvin Zhao,NULL
16930,NULL,2508,Kristen Zhao,NULL
27713,NULL,12378,Lacey Zhao,NULL
24589,NULL,2396,Laura Zhao,NULL
19859,NULL,2425,Lisa Zhao,NULL
16806,NULL,13035,Louis Zhao,NULL
24877,NULL,5756,Mandy Zhao,NULL
22033,NULL,10967,Marshall Zhao,NULL
28542,NULL,4911,Martha Zhao,NULL
18708,NULL,6573,Micah Zhao,NULL
27927,NULL,12693,Omar Zhao,NULL
13412,NULL,12810,Rafael Zhao,NULL
12753,NULL,6420,Ramon Zhao,NULL
27874,NULL,18157,Randy Zhao,NULL
22322,NULL,13244,Roger Zhao,NULL
17955,NULL,5578,Ronnie Zhao,NULL
19672,NULL,4963,Rosa Zhao,NULL
22503,NULL,17660,Sandra Zhao,NULL
19807,NULL,2536,Shannon Zhao,NULL
28365,NULL,17606,Stacey Zhao,NULL
25122,NULL,17760,Susan Zhao,NULL
13565,NULL,2668,Tiffany Zhao,NULL
23991,NULL,18210,Todd Zhao,NULL
22710,NULL,4738,Trisha Zhao,NULL
13493,NULL,17501,Valerie Zhao,NULL
24823,NULL,17953,Vincent Zhao,NULL
25635,NULL,11993,Warren Zhao,NULL
24580,NULL,18104,Wesley Zhao,NULL
11392,NULL,13350,Willie Zhao,NULL
24283,NULL,5832,Aimee Zheng,NULL
11050,NULL,17337,Alan Zheng,NULL
27961,NULL,12511,Alejandro Zheng,NULL
22203,NULL,11979,Alisha Zheng,NULL
25734,NULL,4727,Alvin Zheng,NULL
27853,NULL,20729,Amy Zheng,NULL
11467,NULL,10149,Arturo Zheng,NULL
19041,NULL,5945,Autumn Zheng,NULL
27493,NULL,11578,Barbara Zheng,NULL
27662,NULL,4817,Bianca Zheng,NULL
20043,NULL,18026,Brent Zheng,NULL
27913,NULL,17575,Brittney Zheng,NULL
27513,NULL,4867,Cara Zheng,NULL
18803,NULL,3614,Cedric Zheng,NULL
17069,NULL,11372,Christy Zheng,NULL
17638,NULL,6917,Clarence Zheng,NULL
18691,NULL,5892,Claudia Zheng,NULL
24539,NULL,13467,Colin Zheng,NULL
13026,NULL,12291,Colleen Zheng,NULL
21127,NULL,20776,Crystal Zheng,NULL
23645,NULL,18272,Curtis Zheng,NULL
14142,NULL,9918,Damien Zheng,NULL
18706,NULL,5655,Darryl Zheng,NULL
19579,NULL,12194,Dawn Zheng,NULL
25567,NULL,17924,Dennis Zheng,NULL
14216,NULL,13169,Edwin Zheng,NULL
23643,NULL,2491,Erica Zheng,NULL
23960,NULL,5490,Eugene Zheng,NULL
21044,NULL,7986,Franklin Zheng,NULL
22689,NULL,9066,Gilbert Zheng,NULL
26908,NULL,5715,Glenn Zheng,NULL
12711,NULL,2647,Heather Zheng,NULL
11910,NULL,12949,Jaclyn Zheng,NULL
19296,NULL,5429,Jake Zheng,NULL
22156,NULL,2466,Jamie Zheng,NULL
15030,NULL,18071,Jeffery Zheng,NULL
11947,NULL,11470,Jenny Zheng,NULL
18028,NULL,5544,Jessie Zheng,NULL
25455,NULL,18325,Jorge Zheng,NULL
22390,NULL,19627,Kelvin Zheng,NULL
24463,NULL,2516,Kristen Zheng,NULL
13803,NULL,17383,Krystal Zheng,NULL
11417,NULL,12395,Lacey Zheng,NULL
16701,NULL,2409,Laura Zheng,NULL
12627,NULL,17474,Leah Zheng,NULL
13846,NULL,2434,Lisa Zheng,NULL
23957,NULL,13057,Louis Zheng,NULL
24721,NULL,5778,Mandy Zheng,NULL
13823,NULL,17732,Margaret Zheng,NULL
13796,NULL,4931,Martha Zheng,NULL
19234,NULL,5371,Micah Zheng,NULL
13604,NULL,12614,Nuan Zheng,NULL
14522,NULL,12717,Omar Zheng,NULL
28393,NULL,6436,Ramon Zheng,NULL
22574,NULL,18178,Randy Zheng,NULL
29321,NULL,13264,Roger Zheng,NULL
16629,NULL,4984,Rosa Zheng,NULL
15141,NULL,17679,Sandra Zheng,NULL
14678,NULL,2545,Shannon Zheng,NULL
19877,NULL,6540,Steve Zheng,NULL
24719,NULL,17779,Susan Zheng,NULL
15326,NULL,18229,Todd Zheng,NULL
22437,NULL,4757,Trisha Zheng,NULL
19312,NULL,17522,Valerie Zheng,NULL
18496,NULL,17974,Vincent Zheng,NULL
12269,NULL,12204,Warren Zheng,NULL
12230,NULL,18121,Wesley Zheng,NULL
21102,NULL,13367,Willie Zheng,NULL
20729,NULL,5799,Aimee Zhou,NULL
16480,NULL,17310,Alan Zhou,NULL
12304,NULL,12485,Alejandro Zhou,NULL
27910,NULL,9895,Arturo Zhou,NULL
25229,NULL,5922,Autumn Zhou,NULL
28539,NULL,11550,Barbara Zhou,NULL
15434,NULL,18002,Brent Zhou,NULL
24148,NULL,17542,Brittney Zhou,NULL
26389,NULL,17801,Candice Zhou,NULL
11350,NULL,4840,Cara Zhou,NULL
24454,NULL,20757,Carol Zhou,NULL
17514,NULL,3342,Cedric Zhou,NULL
12435,NULL,11350,Christy Zhou,NULL
27301,NULL,6643,Clarence Zhou,NULL
11247,NULL,5863,Claudia Zhou,NULL
27348,NULL,12588,Clayton Zhou,NULL
17962,NULL,13440,Colin Zhou,NULL
23122,NULL,12268,Colleen Zhou,NULL
25505,NULL,18254,Curtis Zhou,NULL
25776,NULL,7307,Damien Zhou,NULL
22834,NULL,5631,Darryl Zhou,NULL
22499,NULL,12163,Dawn Zhou,NULL
17199,NULL,17903,Dennis Zhou,NULL
14965,NULL,13142,Edwin Zhou,NULL
19062,NULL,2480,Erica Zhou,NULL
15792,NULL,6466,Ernest Zhou,NULL
28749,NULL,7731,Franklin Zhou,NULL
24475,NULL,8806,Gilbert Zhou,NULL
12326,NULL,5687,Glenn Zhou,NULL
24914,NULL,2636,Heather Zhou,NULL
21179,NULL,12920,Jaclyn Zhou,NULL
25423,NULL,5404,Jake Zhou,NULL
17327,NULL,2448,Jamie Zhou,NULL
24848,NULL,18050,Jeffery Zhou,NULL
11702,NULL,11449,Jenny Zhou,NULL
20610,NULL,5521,Jessie Zhou,NULL
11060,NULL,13542,Jon Zhou,NULL
22319,NULL,18296,Jorge Zhou,NULL
25309,NULL,17402,Karen Zhou,NULL
15000,NULL,12063,Kelli Zhou,NULL
20231,NULL,17464,Kelvin Zhou,NULL
23632,NULL,2506,Kristen Zhou,NULL
23593,NULL,17364,Krystal Zhou,NULL
28383,NULL,12369,Lacey Zhou,NULL
12683,NULL,2394,Laura Zhou,NULL
22309,NULL,17454,Leah Zhou,NULL
13809,NULL,2423,Lisa Zhou,NULL
17912,NULL,13032,Louis Zhou,NULL
29251,NULL,5748,Mandy Zhou,NULL
12734,NULL,17711,Margaret Zhou,NULL
14804,NULL,4906,Martha Zhou,NULL
11306,NULL,6569,Micah Zhou,NULL
24695,NULL,12688,Omar Zhou,NULL
24494,NULL,12803,Rafael Zhou,NULL
20057,NULL,6413,Ramon Zhou,NULL
21825,NULL,18155,Randy Zhou,NULL
23950,NULL,13238,Roger Zhou,NULL
25573,NULL,4960,Rosa Zhou,NULL
28917,NULL,17656,Sandra Zhou,NULL
14716,NULL,2531,Shannon Zhou,NULL
21374,NULL,17601,Stacey Zhou,NULL
20263,NULL,6517,Steve Zhou,NULL
15678,NULL,17754,Susan Zhou,NULL
12130,NULL,5012,Suzanne Zhou,NULL
24862,NULL,13030,Tamara Zhou,NULL
22531,NULL,2664,Tiffany Zhou,NULL
12686,NULL,4734,Trisha Zhou,NULL
17828,NULL,17497,Valerie Zhou,NULL
23276,NULL,17949,Vincent Zhou,NULL
19791,NULL,11949,Warren Zhou,NULL
24156,NULL,18101,Wesley Zhou,NULL
17320,NULL,17321,Alan Zhu,NULL
28912,NULL,12498,Alejandro Zhu,NULL
18239,NULL,11964,Alisha Zhu,NULL
28344,NULL,4605,Alvin Zhu,NULL
26664,NULL,20719,Amy Zhu,NULL
24575,NULL,10022,Arturo Zhu,NULL
14840,NULL,5935,Autumn Zhu,NULL
21005,NULL,11566,Barbara Zhu,NULL
19519,NULL,4796,Bianca Zhu,NULL
16508,NULL,18011,Brent Zhu,NULL
20111,NULL,17560,Brittney Zhu,NULL
21219,NULL,17813,Candice Zhu,NULL
20723,NULL,3456,Cedric Zhu,NULL
11003,NULL,11358,Christy Zhu,NULL
18462,NULL,6788,Clarence Zhu,NULL
13501,NULL,12605,Clayton Zhu,NULL
19973,NULL,13454,Colin Zhu,NULL
17252,NULL,12279,Colleen Zhu,NULL
17089,NULL,20769,Crystal Zhu,NULL
15822,NULL,8617,Damien Zhu,NULL
26661,NULL,12180,Dawn Zhu,NULL
12966,NULL,17912,Dennis Zhu,NULL
27148,NULL,13160,Edwin Zhu,NULL
25221,NULL,2487,Erica Zhu,NULL
20159,NULL,6478,Ernest Zhu,NULL
13060,NULL,5476,Eugene Zhu,NULL
15259,NULL,7863,Franklin Zhu,NULL
11921,NULL,8945,Gilbert Zhu,NULL
22567,NULL,5703,Glenn Zhu,NULL
22426,NULL,2642,Heather Zhu,NULL
14985,NULL,12935,Jaclyn Zhu,NULL
24603,NULL,5419,Jake Zhu,NULL
13140,NULL,2455,Jamie Zhu,NULL
28489,NULL,18059,Jeffery Zhu,NULL
17078,NULL,11459,Jenny Zhu,NULL
12666,NULL,5530,Jessie Zhu,NULL
26384,NULL,13556,Jon Zhu,NULL
26141,NULL,18314,Jorge Zhu,NULL
18012,NULL,17413,Karen Zhu,NULL
28418,NULL,12075,Kelli Zhu,NULL
28666,NULL,18589,Kelvin Zhu,NULL
21514,NULL,17374,Krystal Zhu,NULL
24167,NULL,12384,Lacey Zhu,NULL
29439,NULL,2400,Laura Zhu,NULL
22474,NULL,17462,Leah Zhu,NULL
15059,NULL,2429,Lisa Zhu,NULL
14858,NULL,13045,Louis Zhu,NULL
19552,NULL,17722,Margaret Zhu,NULL
28685,NULL,11041,Marshall Zhu,NULL
11576,NULL,5358,Micah Zhu,NULL
25033,NULL,12704,Omar Zhu,NULL
16228,NULL,12817,Rafael Zhu,NULL
27104,NULL,18167,Randy Zhu,NULL
28098,NULL,13254,Roger Zhu,NULL
25316,NULL,5586,Ronnie Zhu,NULL
15732,NULL,17668,Sandra Zhu,NULL
21866,NULL,2539,Shannon Zhu,NULL
22636,NULL,17613,Stacey Zhu,NULL
14971,NULL,17769,Susan Zhu,NULL
25112,NULL,5027,Suzanne Zhu,NULL
12607,NULL,11866,Tamara Zhu,NULL
26437,NULL,2672,Tiffany Zhu,NULL
28131,NULL,18219,Todd Zhu,NULL
13599,NULL,17511,Valerie Zhu,NULL
24899,NULL,17960,Vincent Zhu,NULL
19624,NULL,18111,Wesley Zhu,NULL
12487,NULL,13357,Willie Zhu,NULL
27214,NULL,4766,Bianca Zimmerman,NULL
26754,NULL,16768,Candice Zimmerman,NULL
27825,NULL,11325,Christy Zimmerman,NULL
14702,NULL,18237,Curtis Zimmerman,NULL
22192,NULL,6071,Henry Zimmerman,NULL
28630,NULL,5213,Jack Zimmerman,NULL
18197,NULL,11493,Jenny Zimmerman,NULL
17228,NULL,17366,Krystal Zimmerman,NULL
23325,NULL,20685,Tiffany Zimmerman,NULL
22058,NULL,12079,Jake Zukowski,NULL
