CustomerID,StoreID,PersonID,CustomerName,PointOfContact,MostRecentOrderDate
29484,292,291,Next-Door Bike Store,Gustavo Achong,30/04/2013
29485,294,293,Professional Sales and Service,Catherine Abel,01/05/2014
29486,296,295,Riders Company,Kim Abercrombie,01/05/2014
29487,298,297,The Bike Mechanics,Humberto Acevedo,01/05/2014
29488,300,299,Nationwide Supply,Pilar Ackerman,01/05/2014
29489,302,301,Area Bike Accessories,Frances Adams,01/03/2014
29490,304,303,Bicycle Accessories and Kits,Margaret Smith,28/01/2013
29491,306,305,Clamps & Brackets Co.,Carla Adams,29/02/2012
29492,308,307,Valley Bicycle Specialists,Jay Adams,01/05/2014
29493,310,309,New Bikes Company,Ronald Adina,30/03/2012
29494,312,311,Vinyl and Plastic Goods Corporation,Samuel Agcaoili,01/05/2014
29495,314,313,Top of the Line Bikes,James Aguilar,31/03/2014
29496,316,315,Fun Toys and Bikes,Robert Ahlering,01/05/2014
29497,318,317,Great Bikes ,François Ferrier,01/03/2014
29498,320,319,Metropolitan Sales and Rental,Kim Akers,01/05/2014
29499,324,323,Valley Toy Store,Amy Alberts,01/05/2014
29500,326,325,Worthwhile Activity Store,Anna Albright,01/03/2014
29501,328,327,Purchase Mart,Milton Albury,01/05/2014
29502,330,329,Major Sport Suppliers,Paul Alcorn,01/03/2014
29503,332,331,Family's Favorite Bike Shop,Gregory Alderson,31/03/2014
29504,334,333,Global Plaza,J. Phillip Alexander,30/04/2012
29505,336,335,Imported and Domestic Cycles,Michelle Alexander,30/03/2013
29506,338,337,Systematic Sales,Sean Jacobson,31/03/2014
29507,340,339,eCommerce Bikes,Phyllis Allen,30/03/2013
29508,342,341,Mountain Toy Store,Marvin Allen,01/05/2014
29509,344,343,Retail Sales and Service,Michael Allen,31/03/2014
29510,346,345,Designated Distributors,Cecil Allison,30/03/2012
29511,348,347,Bold Bike Accessories,Oscar Alpuerto,31/03/2014
29512,350,349,Twin Cycles,Sandra Altamirano,01/05/2014
29513,352,351,Tiny Bike Boutique,Selena Alvarado,30/03/2013
29514,354,353,Acclaimed Bicycle Company,Emilio Alvaro,01/05/2014
29515,356,355,Serious Cycles,Maxwell Amland,30/09/2013
29516,358,357,Quality Bike Sales,Mae Anderson,31/03/2014
29517,360,359,Novelty Bikes,Ramona Antrim,31/03/2014
29518,362,361,Distinctive Cycles Sales & Service,Sabria Appelbaum,01/05/2014
29519,364,363,Leading Bike Distributors,Hannah Arakawa,31/03/2014
29520,366,365,Activity Center,Kyley Arbelaez,01/03/2014
29521,368,367,Brightwork Company,Tom Johnston,31/03/2014
29522,370,369,Resale Services,Thomas Armstrong,31/03/2014
29523,372,371,The Gear Store,John Arthur,31/03/2014
29524,374,373,Immense Manufacturing Company,Chris Ashton,31/03/2014
29525,376,375,Extended Bike Sales,Teresa Atkinson,30/04/2012
29526,378,377,Pedaling Components,John Ault,31/03/2014
29527,380,379,Workout Emporium,Robert Avalos,01/05/2014
29528,382,381,Work and Play Association,Stephen Ayers,01/05/2014
29529,384,383,Seaside Bike Works,Phillip Bacalzo,01/05/2014
29530,386,385,Nice Bikes,Daniel Blanco,30/04/2013
29531,388,387,Remarkable Bike Store,Cory Booth,01/05/2014
29532,390,389,Road-Way Mart,James Bailey,30/08/2012
29533,392,391,Small Cycle Store,Douglas Baldwin,01/03/2014
29534,394,393,Blue-Ribbon Bike Company,Jennifer Bales,01/05/2014
29535,398,397,Grand Bicycle Stores,Wayne Banack,01/05/2014
29536,406,405,Kickstand Sellers,Robert Barker,30/04/2013
29537,408,407,Nearest Bike Store,Rebecca Barley,01/05/2014
29538,410,409,Fast Bike Works,Brenda Barlow,31/03/2014
29539,412,411,Gasless Cycle Shop,Josh Barnhill,31/03/2014
29540,414,413,Lubricant and Grease Suppliers,Adam Barr,31/03/2014
29541,418,417,Transportation Options,Gytis Barzdukas,31/12/2012
29542,420,419,Capital Riding Supplies,David Bartness,31/03/2014
29543,422,421,Bike Boutique,Karel Bates,31/03/2014
29544,428,427,Finer Cycle Shop,Shaun Beasley,31/03/2014
29545,430,429,Center Cycle Shop,John Beaver,28/02/2013
29546,432,431,Bulk Discount Store,Christopher Beck,01/05/2014
29547,436,435,Second Bike Shop,Benjamin Becker,31/12/2013
29548,438,437,First-Rate Outlet,Ann Beebe,30/03/2012
29549,440,439,Juvenile Sports Equipment,Shane Belli,28/02/2013
29550,442,441,Another Bicycle Company,Stanley Alan,01/05/2014
29551,444,443,Fourth Bike Store,Mason Bendixen,01/05/2014
29552,446,445,Rodeway Bike Store,John Bennetts,01/05/2014
29553,450,449,Unsurpassed Bikes,Edna Benson,01/05/2014
29554,452,451,Field Trip Inc,Payton Benson,30/06/2013
29555,454,453,Tire Company,Max Benson,30/09/2013
29556,456,455,Uncompromising Quality Co,Scot Bent,31/03/2014
29557,464,463,Odometers and Accessories Company,Alexander Berger,01/05/2014
29558,466,465,Scratch-Resistant Finishes Company,John Berger,30/06/2013
29559,472,471,Safe Cycles Shop,Robert Bernacchi,01/05/2014
29560,474,473,Number 1 Supply,Matthias Berndt,31/03/2014
29561,476,475,Industrial Supplies,John Berry,31/03/2014
29562,478,477,Golf and Cycle Store,Steven Brown,30/04/2013
29563,480,479,Front Runner Bikes,Chris Bidelman,01/05/2014
29564,482,481,Favorite Toy Distributor,Mary Billstrom,31/03/2014
29565,484,483,World Bike Discount Store,Jimmy Bischoff,30/11/2013
29566,488,487,Historic Bicycle Sales,Mae Black,29/02/2012
29567,490,489,Commuter Bicycle Store,Jackie Blackwell,31/03/2014
29568,492,491,Coalition Bike Company,Donald Blanton,01/05/2014
29569,494,493,Travel Systems,Linda Burnett,31/03/2014
29570,496,495,Grease and Oil Products Company,Michael Blythe,01/03/2014
29571,498,497,Moderately-Priced Bikes Store,Gabriel Bockenkamp,31/03/2014
29572,502,501,Eighty Toy Stores,Corinna Bolender,01/05/2014
29573,504,503,Economy Bikes Company,Luis Bonifaz,30/04/2013
29574,506,505,Third Bike Store,Randall Boseman,01/05/2014
29575,508,507,Atypical Bike Company,Stephanie Bourne,30/09/2013
29576,510,509,Bikes for Two,Eli Bowen,01/05/2014
29577,512,511,Metal Processing Company,Lester Bowman,01/05/2014
29578,514,513,Widget Bicycle Specialists,David Bradley,30/08/2013
29579,516,515,Initial Bike Company,Cornelius Brandon,01/05/2014
29580,518,517,Latest Sports Equipment,Richard Bready,01/03/2014
29581,520,519,Modern Bike Store,Sara Breer,29/01/2014
29582,522,521,Raw Materials Inc,Ted Bremer,30/03/2012
29583,524,523,Lots of Bikes Storehouse,Alan Brewer,31/03/2014
29584,526,525,Futuristic Bikes,Walter Brian,01/05/2014
29585,528,527,Parcel Express Delivery Service,Christopher Bright,01/10/2011
29586,532,531,North Bike Company,David Brink,31/03/2014
29587,534,533,Prosperous Tours,John Brooks,01/03/2014
29588,536,535,Nonskid Tire Company,Willie Brooks,31/03/2014
29589,538,537,Amalgamated Parts Shop,Carolee Brown,01/03/2014
29590,540,539,Metro Bike Works,Jo Brown,31/03/2014
29591,542,541,Best o' Bikes,Robert Brown,01/03/2014
29592,544,543,Painters Bicycle Specialists,Kevin Browne,01/05/2014
29593,546,545,Client Discount Store,Mary Browning,31/03/2014
29594,548,547,Eastside Sporting Goods,Dave Browning,28/02/2013
29595,550,549,Helmets and Cycles,Bridget Browqett,01/03/2014
29596,552,551,Requisite Part Supply,Eric Brumfield,29/02/2012
29597,554,553,Racks and Security Systems,Dick Brummer,31/03/2014
29598,556,555,Mechanical Products Ltd.,Michael Brundage,31/03/2014
29599,558,557,Commendable Bikes,Shirley Bruner,01/03/2014
29600,560,559,Online Bike Sellers,June Brunner,30/04/2013
29601,562,561,Custom Accessories Company,Dirk Bruno,31/03/2014
29602,564,563,Unusual Bicycle Company,Nancy Buchanan,01/03/2014
29603,566,565,Courteous Bicycle Specialists,Janaina Barreiro Gambaro Bueno,01/05/2014
29604,568,567,Hobby Store,Edward Buensalido,01/03/2014
29605,570,569,Professional Cycle Store,Megan Burke,01/03/2014
29606,574,573,Fifth Bike Store,Karren Burkhardt,01/03/2014
29607,578,577,Rambling Tours,Dana Burnell,31/07/2013
29608,580,579,Farthest Bike Store,Timothy Burnett,31/03/2014
29609,582,581,Excellent Bikes,Stephen Burton,31/03/2014
29610,584,583,Curbside Universe,Deanna Buskirk,28/02/2013
29611,586,585,Alternative Vehicles,Jared Bustamante,30/03/2012
29612,588,587,Channel Outlet,Richard Byham,01/05/2014
29613,590,589,Full Sports Supply,David Byrnes,28/02/2013
29614,592,591,Retail Mall,Ryan Calafato,01/03/2014
29615,596,595,Metro Metals Co.,Mari Caldwell,31/03/2014
29616,598,597,Sheet Metal Manufacturing,Barbara Calone,31/03/2014
29617,600,599,Thorough Parts and Repair Services,Lindsey Camacho,31/03/2014
29618,602,601,Uttermost Bike Shop,Gustavo Camargo,31/03/2014
29619,604,603,Mechanical Sports Center,DeeDee Cameron,31/03/2014
29620,608,607,Two-Wheeled Transit Company,Joan Campbell,31/03/2014
29621,610,609,Mountain Emporium,David Campbell,30/09/2012
29622,612,611,Metro Cycle Shop,Henry Campen,01/05/2014
29623,614,613,Outdoor Sporting Goods,Chris Cannon,30/11/2013
29624,616,615,Tread Industries,Joseph Cantoni,30/03/2012
29625,618,617,Petroleum Products Distributors,Suzana De Abreu Canuto,01/05/2014
29626,620,619,Tandem Bicycle Store,Jun Cao,31/03/2014
29627,622,621,Bikes and Motorbikes,Johnny Caprio,31/03/2014
29628,624,623,Budget Toy Store,Richard Carey,01/05/2014
29629,626,625,Camping and Sports Store,Carlton Carlisle,01/05/2014
29630,628,627,Ace Bicycle Supply,Ty Loren Carlson,31/03/2014
29631,630,629,Rural Department Store,Jane Carmichael,01/03/2014
29632,632,631,Sports Commodities,Jovita Carmody,30/04/2012
29633,634,633,Riverside Company,Steve Carnes,31/03/2014
29634,636,635,Bicycle Exporters,Fernando Caro,01/03/2014
29635,638,637,Responsible Bike Dealers,Rob Caron,01/05/2014
29636,640,639,Western Bike Supplies,Andy Carothers,28/02/2013
29637,642,641,Advanced Bike Components,Donna Carreras,01/05/2014
29638,644,643,Aerobic Exercise Company,Rosmarie Carroll,01/05/2014
29639,648,647,Corner Bicycle Supply,Joseph Castellucio,01/05/2014
29640,650,649,Distance Bikes,Pamela Carlson,31/03/2014
29641,652,651,Westside Plaza,Raul Casts,01/03/2014
29642,654,653,Ultimate Bike Shop,Elizabeth Catalano,01/05/2014
29643,656,655,Outstanding Cycles,Matthew Cavallari,31/03/2014
29644,658,657,Vigorous Sports Store,Brigid Cavendish,01/05/2014
29645,660,659,Sports Merchandise,Andrew Cencini,01/05/2014
29646,662,661,Fitness Toy Store,Stacey Cereghino,01/03/2014
29647,664,663,Casual Bicycle Store,Baris Cetinok,01/03/2014
29648,666,665,Fitness Discount Store,Sean Chai,01/03/2014
29649,668,667,General Cycle Storehouse,Pat Chambers,30/04/2013
29650,670,669,Fitness Cycling,Forrest Chandler,01/03/2014
29651,672,671,Good Bike Shop,Lee Chapla,01/05/2014
29652,676,675,Inexpensive Parts Shop,Neil Charney,01/05/2014
29653,682,681,Thrilling Bike Tours,Pei Chow,01/05/2014
29654,684,683,This Area Sporting Goods,Yao-Qiang Cheng,01/03/2014
29655,686,685,Full-Service Bike Store,Nicky Chesnut,30/04/2012
29656,688,687,Plastic Products Manufacturers,Susan Chestnut,01/03/2014
29657,690,689,Kids and Adults Cycle Shop,Martin Chisholm,31/03/2014
29658,692,691,Grand Discount Store,Mike Choi,01/03/2014
29659,694,693,Genuine Bike Shop,Ruth Choin,30/10/2013
29660,696,695,Extreme Riding Supplies,Anthony Chor,01/05/2014
29661,698,697,Bike Rims Company,Charles Christensen,28/02/2013
29662,700,699,Fleet Bikes,Jill Christie,30/03/2013
29663,702,701,Local Hardware Factory,Alice Clark,30/04/2013
29664,704,703,Only Bikes and Accessories,Gina Clark,30/03/2012
29665,706,705,Rental Gallery,James Clark,31/03/2014
29666,708,707,South Bike Company,Jane Clayton,31/03/2014
29667,710,709,Wonderful Bikes Inc.,Kristine Cleary,30/03/2013
29668,714,713,Discount Bicycle Specialists,Connie Coffman,01/10/2011
29669,716,715,Famous Bike Sales and Service,Jeanette Cole,01/05/2014
29670,718,717,First Supplies,Eric Coleman,01/03/2014
29671,720,719,Machines & Cycles Store,Pat Coleman,01/03/2014
29672,722,721,Pedals Warehouse,Takiko Collins,01/03/2014
29673,724,723,Two Wheels Cycle Store,John Colon,30/04/2012
29674,726,725,Westside Cycle Store,Scott Colvin,30/10/2012
29675,728,727,Wholesale Bikes,Aaron Con,31/03/2014
29676,730,729,Very Best Sports Supply,Peter Connelly,01/05/2014
29677,732,731,Urban Sports Emporium,William Conner,31/03/2014
29678,734,733,Superlative Bikes,Stephanie Conroy,01/05/2014
29679,736,735,Primary Cycle Shop,Amy Consentino,01/03/2014
29680,738,737,Sixth Bike Store,Dorothy Contreras,30/03/2013
29681,740,739,Touring Services,Patrick Cook,30/10/2013
29682,742,741,Vehicle Shop,Scott Cooper,01/03/2014
29683,744,743,First Department Stores,Eva Corets,01/03/2014
29684,746,745,Grand Sport Boutique,Marlin Coriell,31/03/2014
29685,752,751,Elemental Sporting Goods,Pamela Cox,01/05/2014
29686,754,753,Distinctive Store,Jack Creasey,30/04/2012
29687,758,757,Nearby Bike Mall,Shelley Crow,01/05/2014
29688,760,759,Handy Bike Services,Grant Culbertson,31/03/2014
29689,762,761,Friendly Bike Shop,Scott Culp,01/03/2014
29690,764,763,Fashionable Bikes and Accessories,Conor Cunningham,01/05/2014
29691,766,765,Extreme Toy Store,Jose Curry,31/03/2014
29692,768,767,Citywide Service and Repair,Thierry D'Hers,01/03/2014
29693,770,769,Best Cycle Store,Ryan Danner,01/03/2014
29694,772,771,Professional Sporting Goods,Mike Danseglio,01/03/2014
29695,774,773,Rugged Bikes,Megan Davis,01/05/2014
29696,776,775,Principal Bike Company,Alvaro De Matos Miranda Filho,01/05/2014
29697,778,777,One-Piece Handle Bars,Jose De Oliveira,30/04/2012
29698,780,779,Finer Riding Supplies,Jacob Dean,31/03/2014
29699,782,781,Neighborhood Store,Alexander Deborde,30/03/2013
29700,784,783,Online Bike Catalog,Barbara Decker,01/05/2014
29701,786,785,Outdoor Equipment Store,Kirk DeGrasse,01/05/2014
29702,788,787,Paint Supply,Aidan Delaney,01/05/2014
29703,790,789,Preferred Bikes,Stefan Delmarco,30/03/2013
29704,792,791,Rally Day Mall,Shawn Demicell,01/03/2014
29705,794,793,Rewarding Activities Company,Della Demott Jr,31/03/2014
29706,796,795,Rich Department Store,Bruno Deniut,31/03/2014
29707,798,797,Sales and Supply Company,Helen Dennis,01/05/2014
29708,800,799,Stationary Bikes and Stands,Prashanth Desai,30/04/2012
29709,802,801,Successful Sales Company,Bev Desalvo,01/05/2014
29710,804,803,Downtown Hotel,Brenda Diaz,30/04/2012
29711,806,805,Certified Sports Supply,Gabriele Dickmann,01/05/2014
29712,808,807,Registered Cycle Store,Holly Dickson,31/03/2014
29713,810,809,Rampart Amusement Company,Dick Dievendorff,31/03/2014
29714,812,811,Sundry Sporting Goods,Rudolph Dillon,01/05/2014
29715,814,813,Excellent Riding Supplies,Andrew Dixon,01/05/2014
29716,816,815,Farthermost Bike Shop,Blaine Dockter,31/03/2014
29717,818,817,Suburban Cycle Shop,Cindy Dodd,30/06/2013
29718,820,819,Weekend Tours,John Donovan,28/02/2013
29719,822,821,Racing Bike Outlet,Patricia Doyle,31/03/2014
29720,824,823,Utilitarian Sporting Goods,Gerald Drury,01/05/2014
29721,826,825,Bike Goods ,Gary Drury,01/05/2014
29722,828,827,Vigorous Exercise Company,Reuben D'sa,01/05/2014
29723,830,829,Showcase for Cycles,Ed Dudenhoefer,30/03/2014
29724,832,831,Lease-a-Bike Shop,Bernard Duerr,31/03/2014
29725,834,833,Functional Store South,Tish Duff,31/03/2014
29726,836,835,Active Cycling,Adrian Dumitrascu,28/01/2013
29727,838,837,Stock Parts and Supplies,Bart Duncan,31/03/2014
29728,840,839,Roadway Supplies,Maciej Dusza,01/01/2012
29729,842,841,Sensational Discount Store,Shelley Dyck,29/01/2014
29730,844,843,Future Bikes,Linda Ecoffey,01/05/2014
29731,846,845,Super Sports Store,Carla Eldridge,31/03/2014
29732,848,847,Satin Finish Company,Carol Elliott,31/03/2014
29733,850,849,Regional Manufacturing,Shannon Elliott,29/01/2012
29734,852,851,Original Bicycle Supply Company,Jauna Elson,01/03/2014
29735,854,853,First Center,Michael Emanuel,01/05/2014
29736,856,855,Action Bicycle Specialists,Terry Eminhizer,01/05/2014
29737,858,857,Roadway Bike Emporium,John Emory,01/03/2014
29738,860,859,Sleek Bikes ,Gail Erickson,01/05/2014
29739,862,861,Retail Sporting Equipment,Mark Erickson,30/04/2013
29740,864,863,Price-Cutter Discount Bikes,Martha Espinoza,01/05/2014
29741,868,867,Central Bicycle Specialists,Janeth Esteves,01/05/2014
29742,870,869,Vast Bike Sales and Rental,Twanna Evans,30/03/2012
29743,872,871,Summer Sports Place,Ann Evans,30/10/2013
29744,874,873,Real Sporting Goods,John Evans,01/03/2014
29745,876,875,Versatile Sporting Goods Company,Marc Faeber,01/03/2014
29746,878,877,Bicycle Outfitters,Fadi Fakhouri,30/04/2013
29747,880,879,The Bike Shop,Carolyn Farino,01/03/2014
29748,882,881,Safe Toys,Geri Farrell,30/04/2012
29749,884,883,Qualified Sales and Repair Services,Hanying Feng,30/03/2012
29750,886,885,Our Sporting Goods Store,Rhoda Finley,01/05/2014
29751,888,887,Lustrous Paints and Components,Duane Fitzgerald,30/05/2013
29752,890,889,Expert Sports Store,James Fine,31/03/2014
29753,892,891,Coho Sports,Kathie Flood,31/03/2014
29754,894,893,Jumbo Bikes,Jay Fluegel,01/05/2014
29755,896,895,Quick Delivery Service,Kelly Focht,30/04/2012
29756,898,897,Tough and Reliable Parts,Jeffrey Ford,30/09/2013
29757,900,899,Basic Sports Equipment,Garth Fort,31/03/2014
29758,902,901,Cash & Carry Bikes,Dorothy Fox,29/01/2014
29759,904,903,Convenient Bike Shop,Judith Frazier,29/02/2012
29760,906,905,Fitness Bike Accessories,John Fredericksen,01/05/2014
29761,908,907,General Bike Corporation,Susan French,01/03/2014
29762,910,909,Quitting Business Distributors,Liam Friedland,01/05/2014
29763,912,911,Retail Cycle Shop,Mihail Frintu,31/07/2012
29764,914,913,Social Activities Club,John Ford,31/03/2014
29765,916,915,Blue Bicycle Company,Paul Fulton,31/12/2013
29766,920,919,General Riding Supplies,Bob Gage,31/03/2014
29767,922,921,Parts Shop,Aldeen Gallagher,30/08/2013
29768,924,923,Riding Excursions,Michael Galos,01/12/2011
29769,926,925,Unique Bikes,Jon Ganio,30/04/2012
29770,928,927,Rural Cycle Emporium,Kathleen Garza,01/05/2014
29771,930,929,Associated Bikes,Dominic Gash,28/02/2013
29772,932,931,Modular Cycle Systems,Janet Gates,01/03/2014
29773,934,933,A Bike Store,Orlando Gee,30/03/2012
29774,936,935,Journey Sporting Goods,Darren Gehring,30/03/2012
29775,938,937,Two Bike Shops,Jim Geist,01/05/2014
29776,940,939,Cycles Wholesaler & Mfg.,Barbara German,01/03/2014
29777,942,941,Wheels Inc.,Tom Getzinger,31/03/2014
29778,944,943,Number One Bike Co.,Leo Giakoumakis,01/03/2014
29779,946,945,Racing Supply Distributors,Cornett Gibbens,31/03/2014
29780,948,947,Standard Bikes,Frances Giglio,31/03/2014
29781,950,949,The Bicycle Accessories Company,Guy Gilbert,01/05/2014
29782,952,951,Active Systems,Janet Gilliat,28/02/2013
29783,954,953,Futuristic Sport Distributors,Mary Gimmi,01/03/2014
29784,958,957,Big-Time Bike Store,Jeanie Glenn,31/03/2014
29785,960,959,The Showroom,Diane Glimp,31/03/2014
29786,962,961,Spa and Exercise Outfitters,James Glynn,31/03/2014
29787,964,963,Year-Round Sports,Scott Gode,30/09/2012
29788,966,965,The New Bike Store,Mete Goktepe,30/04/2013
29789,970,969,Primary Bike Distributors,Brian Goldstein,31/03/2014
29790,972,971,Major Bicycle Store,Lynn Gonzales,30/06/2013
29791,974,973,Leather and Vinyl Manufacturing,Linda Gonzales,30/03/2012
29792,976,975,Genial Bike Associates,Abigail Gonzalez,31/03/2014
29793,978,977,Commercial Sporting Goods,Michael Graff,30/04/2013
29794,980,979,Wholesale Parts,Derek Graham,30/03/2012
29795,982,981,Steel Inc.,Lowell Graham,01/03/2014
29796,984,983,Riding Cycles,Jon Grande,01/05/2014
29797,986,985,Metro Manufacturing,Jane Greer,31/03/2014
29798,988,987,Manufacturers Inc,Geoff Grisso,31/03/2014
29799,990,989,Locks Company,Douglas Groncki,01/05/2014
29800,992,991,Latest Accessories Sales,Brian Groth,31/03/2014
29801,994,993,Incomparable Bicycle Store,Faith Gustafson,01/05/2014
29802,996,995,Hometown Riding Supplies,Greg Harrison,30/08/2013
29803,998,997,Greater Bike Store,Hattie Haemon,01/05/2014
29804,1000,999,Games and Sport Supply Company,Matthew Hagemann,01/05/2014
29805,1002,1001,Distant Inn,Erin Hagens,01/03/2014
29806,1004,1003,Finer Mart,Betty Haines,01/05/2014
29807,1010,1009,Cross-Country Riding Supplies,Bryan Hamilton,30/03/2012
29808,1012,1011,Stylish Department Stores,James Hamilton,30/04/2012
29809,1014,1013,Bike World,Kerim Hanif,01/05/2014
29810,1016,1015,Central Discount Store,Jean Handley,01/05/2014
29811,1018,1017,Trusted Catalog Store,Mark Hanson,01/03/2014
29812,1020,1019,Bicycle Warehouse Inc.,William Hapke,01/05/2014
29813,1022,1021,Sharp Bikes,Katherine Harding,30/03/2012
29814,1024,1023,Exemplary Cycles,Kimberly Harrington,31/03/2014
29815,1026,1025,Metropolitan Sports Supply,Lucy Harrington,01/05/2014
29816,1028,1027,Progressive Sports,Keith Harris,31/03/2014
29817,1030,1029,Underglaze and Finish Company,Doris Hartwig,31/03/2014
29818,1032,1031,Brakes and Gears,Roger Harui,31/03/2014
29819,1034,1033,The Accessories Store,Ann Hass,30/06/2013
29820,1036,1035,Mountain Bike Store,Mark Hassall,01/03/2014
29821,1038,1037,Bike Part Wholesalers,Neal Hasty,01/05/2014
29822,1040,1039,Family Cycle Store,James Haugh,01/05/2014
29823,1042,1041,Popular Bike Lines,Jeff Hay,01/05/2014
29824,1044,1043,Superb Sales and Repair,Brenda Heaney,01/03/2014
29825,1046,1045,Better Bike Shop,James Hendergart,01/03/2014
29826,1048,1047,Countryside Company,John Hanson,01/03/2014
29827,1050,1049,First Bike Store,Valerie Hendricks,01/03/2014
29828,1052,1051,Traditional Department Stores,Jay Henningsen,31/03/2014
29829,1054,1053,Eastside Cycle Shop,Jeff Henshaw,01/03/2014
29830,1056,1055,General Department Stores,Kari Hensien,31/03/2014
29831,1060,1059,Operational Manufacturing,Irene Hernandez,01/05/2014
29832,1062,1061,Online Bike Warehouse,Jésus Hernandez,30/10/2012
29833,1064,1063,Retread Tire Company,Pam Herrick,30/04/2013
29834,1066,1065,Small Bike Shop,Cheryl Herring,01/05/2014
29835,1068,1067,Superior Hardware Distributors,Ronald Heymsfield,31/03/2014
29836,1070,1069,Fitness Sport Boutique,Sidney Higa,30/03/2013
29837,1072,1071,Producer Goods Clearinghouse,Onetha Higgs,01/03/2014
29838,1074,1073,Recreation Systems,Fran Highfill,01/05/2014
29839,1076,1075,Rustic Bike Store,Geneva Hill,01/05/2014
29840,1078,1077,Eastside Parts Shop,Andrew Hill,01/05/2014
29841,1080,1079,Exchange Parts Inc.,Reinout Hillmann,01/05/2014
29842,1082,1081,First Cycle Store,Mike Hines,01/05/2014
29843,1084,1083,Running and Cycling Gear,Matthew Hink,01/05/2014
29844,1086,1085,Seventh Bike Store,Nancy Hirota,01/03/2014
29845,1088,1087,Fast Services,Rose Hirsch,31/03/2014
29846,1090,1089,General Associates,Douglas Hite,31/03/2014
29847,1092,1091,Good Toys,David Hodgson,01/05/2014
29848,1094,1093,Little Bicycle Supply Shop,Helge Hoeing,31/03/2014
29849,1096,1095,Retail Toy Store,Barbara Hoffman,30/05/2013
29850,1100,1099,All Seasons Sports Supply,Bob Hodges,01/03/2014
29851,1102,1101,Leisure Clearing House,Jean Holloway,31/03/2014
29852,1106,1105,The Commissary,Eddie Holmes,28/01/2013
29853,1108,1107,Affordable Sports Equipment,Juanita Holman,30/03/2013
29854,1110,1109,Local Sales and Rental,Peter Houston,01/05/2014
29855,1112,1111,Economy Center,Curtis Howard,31/12/2012
29856,1114,1113,Community Department Stores,Joe Howard,01/05/2014
29857,1116,1115,Area Sheet Metal Supply,Janice Hows,31/03/2014
29858,1118,1117,Synthetic Materials Manufacturing,George Huckaby,28/02/2013
29859,1120,1119,Rural Sales and Service,Joshua Huff,30/04/2012
29860,1122,1121,Tubeless Tire Company,Arlene Huff,30/06/2013
29861,1126,1125,Hardware Components,Phyllis Huntsman,30/03/2012
29862,1128,1127,Retail Sporting Goods,Lawrence Hurkett,30/08/2012
29863,1130,1129,Efficient Cycling,Ryan Ihrig,31/03/2014
29864,1132,1131,General Industries,Beth Inghram,01/05/2014
29865,1134,1133,Highway Bike Shop,Lucio Iallo,31/03/2014
29866,1136,1135,Rental Bikes,Richard Irwin,30/09/2013
29867,1138,1137,Roving Sports,Erik Ismert,01/03/2014
29868,1140,1139,Express Bike Services,Denean Ison,31/03/2014
29869,1142,1141,Major Amusement Company,Raman Iyer,31/03/2014
29870,1144,1143,Retail Discount Store,Bronson Jacobs,01/05/2014
29871,1146,1145,Vale Riding Supplies,Eric Jacobsen,01/03/2014
29872,1148,1147,A Great Bicycle Company,Jodan Jacobson,30/10/2013
29873,1150,1149,Certified Bicycle Supply,Mary Alexander,01/05/2014
29874,1152,1151,Exceptional Cycle Services,David Jaffe,01/03/2014
29875,1154,1153,Instant Cycle Store,Jay Jamison,01/03/2014
29876,1156,1155,Leisure Activities,Vance Johns,30/03/2013
29877,1158,1157,Paints and Solvents Company,Joyce Jarvis,01/05/2014
29878,1160,1159,West Wind Distributors,George Jiang,01/05/2014
29879,1162,1161,Bikes for Kids and Adults,Stephen Jiang,01/03/2014
29880,1164,1163,Consolidated Sales,Samuel Johnson,31/03/2014
29881,1166,1165,Home Town Bike Store,Danielle Johnson,01/05/2014
29882,1168,1167,Optimal Bikes,Greg Johnson,30/04/2013
29883,1170,1169,Sample Bike Store,Barry Johnson,31/07/2012
29884,1172,1171,Extras Sporting Goods,Brian Johnson,28/01/2013
29885,1174,1173,Sure & Reliable Sporting Goods,David Johnson,30/03/2013
29886,1176,1175,Eleventh Bike Store,Willis Johnson,31/08/2011
29887,1178,1177,Enterprise Center,Tamara Johnston,01/05/2014
29888,1182,1181,New and Used Bicycles,Brannon Jones,31/03/2014
29889,1184,1183,Separate Parts Corporation,Jean Jordan,28/02/2013
29890,1186,1185,Basic Bike Company,Peggy Justice,30/11/2013
29891,1188,1187,"Fabrikam Inc., West",Diane Krane,01/05/2014
29892,1192,1191,Non-Slip Pedal Company,Sandra Kitt,30/09/2013
29893,1196,1195,Weekend Bike Tours,Sandeep Kaliyath,30/05/2013
29894,1198,1197,"Fabrikam Inc., East",John Kane,01/03/2014
29895,1200,1199,General Supplies,Lori Kane,31/03/2014
29896,1202,1201,Noiseless Gear Company,Judith Krane,31/03/2014
29897,1204,1203,Racing Toys,Kay Krane,01/05/2014
29898,1206,1205,Capable Sales and Service,Sandeep Katyal,29/02/2012
29899,1210,1209,Pretty Bikes and Toys,Kendall Keil,31/03/2014
29900,1212,1211,Road Way Sales and Rental,Victor Kelley,30/04/2013
29901,1214,1213,Sturdy Toys,John Kelly,31/03/2014
29902,1216,1215,Beneficial Exercises and Activities,Robert Kelly,29/01/2014
29903,1218,1217,Fad Outlet,Kevin Kennedy,01/05/2014
29904,1220,1219,Commerce Bicycle Specialists,Mary Kesslep,31/03/2014
29905,1224,1223,Acceptable Sales & Service,Elizabeth Keyser,30/03/2012
29906,1228,1227,District Mall,Imtiaz Khan,30/03/2012
29907,1230,1229,Fitness Supplies,Karan Khanna,31/03/2014
29908,1232,1231,Mail Market,Joe Kim,31/03/2014
29909,1234,1233,Spare Parts Co.,Jim Kim,01/03/2014
29910,1236,1235,Twelfth Bike Store,Shane Kim,31/03/2014
29911,1238,1237,Consolidated Messenger,Tim Kim,31/03/2014
29912,1240,1239,Daring Rides,Russell King,29/02/2012
29913,1242,1241,Field Trip Store,Anton Kirilov,31/03/2014
29914,1244,1243,Finish and Sealant Products,Christian Kleinerman,30/04/2012
29915,1246,1245,Finer Parts Shop,Andrew Kobylinski,01/05/2014
29916,1248,1247,Glossy Bikes,Reed Koch,01/05/2014
29917,1250,1249,Next Door Cycles,Jim Kennedy,01/05/2014
29918,1252,1251,Up-To-Date Sports,Kirk King,31/03/2014
29919,1254,1253,Mountain Bike Center,Eugene Kogan,31/03/2014
29920,1256,1255,Specialty Sports Store,Scott Konersmann,01/03/2014
29921,1258,1257,Scooters and Bikes Store,Joy Koski,30/04/2012
29922,1260,1259,Closest Bicycle Store,Pamala Kotc,01/05/2014
29923,1262,1261,Roadway Bicycle Supply,Edward Kozlowski,31/03/2014
29924,1266,1265,Reasonable Bicycle Sales,Mitch Kennedy,31/03/2014
29925,1270,1269,Outdoor Sports Supply,Margaret Krupka,31/12/2012
29926,1272,1271,Outdoor Aerobic Systems Company,Deepak Kumar,31/12/2013
29927,1274,1273,Self-Contained Cycle Parts Company,Jeffrey Kung,01/05/2014
29928,1276,1275,Metal Clearing House,Vamsi Kuppa,31/03/2014
29929,1278,1277,Many Bikes Store,Jeffrey Kurtz,01/05/2014
29930,1280,1279,Largest Bike Store,Peter Kurniawan,30/03/2013
29931,1282,1281,Kickstands and Accessories Company,Eric Lang,01/05/2014
29932,1284,1283,Instruments and Parts Company,Rebecca Laszlo,01/05/2014
29933,1286,1285,Neighborhood Bicycle Storehouse,Cecilia Laursen,01/05/2014
29934,1288,1287,Gear-Shift Bikes Limited,David Lawrence,30/10/2012
29935,1290,1289,Frugal Bike Shop,Elsa Leavitt,31/03/2014
29936,1292,1291,Family Entertainment Center,Michael Lee,31/03/2014
29937,1294,1293,Go-cart and Bike Specialists,Marjorie Lee,28/02/2013
29938,1296,1295,Trailblazing Sports,Frank Campbell,01/05/2014
29939,1298,1297,Racing Partners,Mark Lee,01/05/2014
29940,1300,1299,Perfect Toys,Robertson Lee,31/03/2014
29941,1302,1301,Exhibition Showroom,Jolie Lenehan,01/03/2014
29942,1304,1303,Authorized Bike Sales and Rental,Roger Lengel,31/03/2014
29943,1306,1305,Two-Seater Bikes,A. Leonetti,01/05/2014
29944,1308,1307,More Bikes!,Bonnie Lepro,30/04/2012
29945,1310,1309,Unified Sports Company,Gloria Lesko,31/03/2014
29946,1312,1311,National Manufacturing,Linda Leste,30/03/2013
29947,1316,1315,Wheelsets Storehouse,Judy Lew,31/03/2014
29948,1318,1317,Town Industries,Elsie Lewin,01/05/2014
29949,1320,1319,Security Racks and Locks Wholesalers,George Li,31/03/2014
29950,1322,1321,Rapid Bikes,Yale Li,01/05/2014
29951,1324,1323,Metro Sports Equipment,Yan Li,01/05/2014
29952,1326,1325,Nearby Sporting Goods,Yuhong Li,31/03/2014
29953,1328,1327,Front Sporting Goods,Joseph Lique,30/03/2013
29954,1330,1329,Elite Bikes,Paulo Lisboa,30/04/2013
29955,1332,1331,Catalog Store,David Liu,31/03/2014
29956,1334,1333,Chic Department Stores,Jinghao Liu,01/05/2014
29957,1336,1335,Eastside Department Store,Kevin Liu,01/05/2014
29958,1338,1337,Sports Sales and Rental,Run Liu,01/03/2014
29959,1340,1339,Cycle Merchants,Todd Logan,01/05/2014
29960,1342,1341,Global Sports Outlet,Kok-Ho Loh,01/05/2014
29961,1344,1343,Exotic Bikes,John Long,31/03/2014
29962,1346,1345,Fitness Hotel,Sharon Looney,01/05/2014
29963,1350,1349,Every Bike Shop,Spencer Low,31/03/2014
29964,1352,1351,Grand Industries,Anita Lucerne,01/05/2014
29965,1354,1353,Ideal Components,Jose Lugo,01/05/2014
29966,1356,1355,Larger Cycle Shop,Richard Lum,01/05/2014
29967,1358,1357,Leading Sales & Repair,Judy Lundahl,30/04/2012
29968,1362,1361,Metro Bike Mart,Helen Lutes,31/03/2014
29969,1364,1363,Tandem Sales and Service,Robert Lyeba,30/10/2012
29970,1366,1365,Sensible Sports,Sharon Lynn,01/03/2014
29971,1368,1367,Reliable Retail Center,Robert Lyon,01/05/2014
29972,1370,1369,Liquidation Sales,Jenny Lysaker,01/05/2014
29973,1372,1371,Friendly Bike Shop,Denise Maccietto,28/02/2013
29974,1374,1373,Yellow Bicycle Company,Scott MacDonald,30/11/2013
29975,1376,1375,Sports Products Store,Walter Mays,01/05/2014
29976,1378,1377,Selected Distributors,Patrick Magenheimer,30/04/2013
29977,1380,1379,Impervious Paint Company,Kimberly Malmendier,31/03/2014
29978,1382,1381,Shipping Specialists,Ajay Manchepalli,31/03/2014
29979,1384,1383,Finer Sporting Goods,Parul Manek,31/03/2014
29980,1386,1385,Authentic Sales and Service,Tomas Manzanares,30/04/2013
29981,1388,1387,Official Parts Shop,Kathy Marcovecchio,01/03/2014
29982,1392,1391,Discount Tours,Melissa Marple,01/05/2014
29983,1394,1393,Tire Exchange,Cecelia Marshall,31/03/2014
29984,1396,1395,Racing Tours,Benjamin Martin,31/03/2014
29985,1398,1397,Oils and Fluids Warehouse,Linda Martin,31/03/2014
29986,1400,1399,Finished Parts Shop,Mindy Martin,31/03/2014
29987,1404,1403,Rally Master Company Inc,Frank Mart¡nez,01/03/2014
29988,1406,1405,Professional Cyclists,Steve Masters,30/03/2013
29989,1408,1407,Sports Products Store,Joseph Matthews,31/03/2014
29990,1410,1409,Exclusive Bicycle Mart,Jennifer Maxham,31/03/2014
29991,1412,1411,City Manufacturing,Chris Maxwell,31/03/2014
29992,1414,1413,Bike Dealers Association,Sandra Maynard,01/03/2014
29993,1416,1415,Pedal Systems Company,John McClane,30/03/2013
29994,1418,1417,"Health Spa, Limited",Robin McGuigan,01/03/2014
29995,1420,1419,Global Bike Retailers,Stacie Mcanich,31/03/2014
29996,1422,1421,Fashionable Department Stores,Katie McAskill-White,31/03/2014
29997,1424,1423,Closeout Boutique,Lola McCarthy,31/03/2014
29998,1426,1425,Bicycle Merchandise Warehouse,Jane McCarty,30/04/2013
29999,1428,1427,Spoke Manufacturers,Nikki McCormick,30/05/2013
30000,1430,1429,Leather Seat Factory,James McCoy,01/03/2014
30001,1432,1431,Good Bicycle Store,Christinia McDonald,30/11/2013
30002,1434,1433,Endurance Bikes,Alejandro McGuel,31/03/2014
30003,1436,1435,Practical Bike Supply Company,Yvonne McKay,30/04/2013
30004,1438,1437,Some Discount Store,Nkenge McLin,31/12/2013
30005,1440,1439,Variety Cycling,Nancy McPhearson,31/03/2014
30006,1442,1441,Accessories Network,Nellie Medina,01/05/2014
30007,1444,1443,Remote Bicycle Specialists,Raquel Mello,01/05/2014
30008,1448,1447,Friendly Neighborhood Bikes,R. Morgan Mendoza,01/05/2014
30009,1450,1449,Guaranteed Sales and Service,Tosh Meston,31/03/2014
30010,1454,1453,Recommended Bicycles,Stephen Mew,30/03/2012
30011,1456,1455,Sunny Place Bikes,Eric Meyer,31/03/2014
30012,1458,1457,Alpine Ski House,Helen Meyer,30/03/2013
30013,1460,1459,Cycles and Scooters,Deanna Meyer,30/04/2012
30014,1462,1461,Small Bike Accessories Shop,Gary Meyerhoff,31/03/2014
30015,1464,1463,List Price Catalog Company,Ramesh Meyyappan,31/03/2014
30016,1466,1465,Seats and Saddles Company,Thomas Michaels,30/09/2012
30017,1468,1467,Village Tours,Jan Miksovsky,30/03/2013
30018,1470,1469,All Cycle Shop,Virginia Miller,01/03/2014
30019,1472,1471,Tachometers and Accessories,Matthew Miller,01/05/2014
30020,1474,1473,Cycles Sales and Repair,Emilo Miller,01/05/2014
30021,1476,1475,Low Price Cycles,Ben Miller,31/03/2014
30022,1478,1477,Metropolitan Manufacturing,Dylan Miller,31/03/2014
30023,1480,1479,Orange Bicycle Company,Frank Miller,31/03/2014
30024,1482,1481,Riding Associates,Neva Mitchell,31/03/2014
30025,1484,1483,Essential Bike Works,Linda Mitchell,01/05/2014
30026,1486,1485,Rural Mountain Bike Mart,Scott Mitchell,31/03/2014
30027,1490,1489,Engineered Bike Systems,Joseph Mitzner,01/05/2014
30028,1796,1795,Professional Containers and Packaging Co.,Laura Steele,30/03/2013
30029,1798,1797,One Bike Company,Shanay Steelman,01/05/2014
30030,1802,1801,Cycling Goods,Stefano Stefani,31/03/2014
30031,1804,1803,Cycle Clearance,Alan Steiner,01/05/2014
30032,1806,1805,Black Bicycle Company,Derik Stenerson,30/03/2013
30033,1808,1807,Transport Bikes,Vassar Stern,01/05/2014
30034,1810,1809,Sellers of Cycles,Wathalee Steuber,01/05/2014
30035,1812,1811,Maintenance and Repair for Bicycles,Alice Steiner,31/03/2014
30036,1814,1813,Fitness Department Stores,Liza Marie Stevens,31/12/2013
30037,1816,1815,Famous Bike Shop,Jim Stewart,01/05/2014
30038,1818,1817,Eastward Bike Accessories,Judy Storjohann,01/05/2014
30039,1822,1821,Gift and Toy Store,Robert Stotka,01/03/2014
30040,1824,1823,Major Sporting Goods,Kayla Stotler,30/03/2013
30041,1826,1825,Executive Discount Store,Charles Strange,30/08/2012
30042,1828,1827,Major Cycling,Ruby Sue Styles,31/12/2013
30043,1830,1829,Getaway Inn,Min Su,01/05/2014
30044,1832,1831,Downhill Bicycle Specialists,Gary Suess,30/03/2013
30045,1834,1833,Bike Experts,Ruth Suffin,30/03/2013
30046,1836,1835,Extraordinary Bike Works,Elizabeth Sullivan,01/05/2014
30047,1838,1837,Valley Bicycle Distributors,Michael Sullivan,31/03/2014
30048,1840,1839,Top Sports Supply,Marcia Sultan,01/03/2014
30049,1842,1841,Racing Sales and Service,Nate Sun,01/05/2014
30050,1844,1843,Metropolitan Bicycle Supply,Krishna Sunkammurali,01/05/2014
30051,1846,1845,Honest Repair Service,Brad Sutton,01/03/2014
30052,1850,1849,Wheel Gallery,Abraham Swearengin,29/02/2012
30053,1852,1851,Top Bike Market,Katherine Swan,01/05/2014
30054,1856,1855,Grown-up Bike Store,Shelly Szymanski,31/03/2014
30055,1858,1857,Bicycle Lines Distributors,Julie Taft-Rider,31/03/2014
30056,1860,1859,Sparkling Paint and Finishes,Clarence Tatman,30/03/2012
30057,1862,1861,Racing Association,Damon Taylor,01/03/2014
30058,1864,1863,Plastic Parts Company,Mike Taylor,31/03/2014
30059,1866,1865,Gears and Parts Company,Denis Taylor,31/03/2014
30060,1868,1867,Executive Gift Store,Jeff Teper,31/03/2014
30061,1870,1869,Big Cycle Mall,Chad Tedford,31/03/2014
30062,1872,1871,Budget Bike Company,Sameer Tejani,31/03/2014
30063,1874,1873,Eighth Bike Store,Vanessa Tench,31/03/2014
30064,1876,1875,Demand Distributors,Judy Thames,01/05/2014
30065,1878,1877,Immediate Repair Shop,Karen Theisen,01/03/2014
30066,1880,1879,Off-Price Bike Center,Ram Thirunavukkarasu,01/05/2014
30067,1882,1881,Red Bicycle Company,Phyllis Thomas,01/03/2014
30068,1884,1883,Retirement Activities Association,James Thomas,29/01/2014
30069,1886,1885,Trendy Department Stores,Donald Thompson,01/05/2014
30070,1888,1887,Vintage Sport Boutique,Kendra Thompson,01/03/2014
30071,1890,1889,Travel Sports,Daniel Thompson,01/05/2014
30072,1892,1891,West Side Mart,Andrea Thomsen,01/05/2014
30073,1894,1893,The Bike Outlet,Rossane Thoreson,31/03/2014
30074,1896,1895,Tenth Bike Store,Yuping Tian,30/03/2013
30075,1898,1897,Valuable Bike Parts Company,Mike Tiano,01/03/2014
30076,1900,1899,Fun Times Club,Diane Tibbott,31/03/2014
30077,1902,1901,Chain and Chain Tool Distributions,Danielle Tiedt,30/06/2012
30078,1904,1903,Mobile Outlet,Tony Ting,30/06/2013
30079,1906,1905,Regional Cycle Shop,John Tippett,29/01/2014
30080,1910,1909,Wingtip Toys,Delia Toone,29/01/2014
30081,1912,1911,The Cycle Store,Alvin Torre,30/10/2013
30082,1914,1913,Educational Services,Anna Townsend,01/05/2014
30083,1916,1915,Active Life Toys,Glenn Track,30/04/2013
30084,1918,1917,Simple Bike Parts,Abe Tramel,01/03/2014
30085,1924,1923,Bike Products and Accessories,Doris Traube,31/03/2014
30086,1926,1925,Fitness Toys,Jean Trenary,31/03/2014
30087,1928,1927,Quick Parts and Service,Billy Trent,01/05/2014
30088,1930,1929,Reliable Brake Systems,David Trolen,30/04/2012
30089,1932,1931,Thrifty Parts and Sales,Michael John Troyer,01/05/2014
30090,1934,1933,A Typical Bike Shop,Christie Trujillo,30/04/2012
30091,1936,1935,Active Transport Inc.,Lynn Tsoflias,31/03/2014
30092,1938,1937,Cycle Parts and Accessories,Gracia Tuell,01/05/2014
30093,1940,1939,Fasteners & Bolts Outlet,Phyllis Tuffield,31/03/2014
30094,1944,1943,Quantity Discounts,Sairaj Uddin,31/03/2014
30095,1946,1945,Swift Cycles,Sunil Uppal,31/03/2014
30096,1948,1947,Classic Cycle Store,Mary Vaca,01/03/2014
30097,1950,1949,Helpful Sales and Repair Service ,Rachel Valdez,01/05/2014
30098,1952,1951,Large Bike Shop,Esther Valle,30/11/2012
30099,1954,1953,Recreation Supplies,H. Valentine,30/04/2013
30100,1956,1955,Wire Baskets and Parts,Jessie Valerio,30/03/2012
30101,1958,1957,Ultimate Bicycle Company,Johnathan Van Eaton,31/03/2014
30102,1960,1959,Sports Store,Roger Van Houten,01/05/2014
30103,1962,1961,Metropolitan Equipment,Mandy Vance,31/03/2014
30104,1964,1963,Extended Tours,Rose Vandenouer,28/02/2013
30105,1966,1965,Convenient Sales and Service,Gregory Vanderbout,01/05/2014
30106,1968,1967,Solid Bike Parts,Michael Vanderhyde,30/04/2013
30107,1970,1969,Permanent Finish Products,Margaret Vanderkamp,31/03/2014
30108,1972,1971,Mercantile Outlet,Kara Vanderlinden,30/03/2013
30109,1976,1975,Exhilarating Cycles,Nieves Vargas,01/03/2014
30110,1978,1977,Exercise Center,Gary Vargas,30/04/2013
30111,1980,1979,Great Bicycle Supply,Ranjit Varkey Chudukatil,30/03/2012
30112,1982,1981,Mail-Order Outlet,Patricia Vasquez,31/03/2014
30113,1984,1983,Nearby Cycle Shop,Raja Venugopal,01/05/2014
30114,1986,1985,Recreation Toy Store,Kevin Verboort,01/03/2014
30115,1988,1987,Retreat Inn,Dora Verdad,31/03/2014
30116,1990,1989,Technical Parts Manufacturing,Wanda Vernon,01/03/2014
30117,1992,1991,Totes & Baskets Company,Robert Vessa,31/03/2014
30118,1994,1993,World of Bikes,Caroline Vicknair,01/05/2014
28866,NULL,16867,Aaron Adams,NULL,28/09/2013
13323,NULL,16901,Adam Adams,NULL,15/05/2014
21139,NULL,16724,Alex Adams,NULL,25/01/2014
29170,NULL,10263,Alexandra Adams,NULL,03/12/2011
19419,NULL,10312,Allison Adams,NULL,08/03/2014
11971,NULL,10274,Amanda Adams,NULL,27/04/2014
26746,NULL,10292,Amber Adams,NULL,11/03/2014
16845,NULL,10314,Andrea Adams,NULL,07/03/2014
18504,NULL,16699,Angel Adams,NULL,09/12/2013
13280,NULL,10299,Bailey Adams,NULL,03/10/2013
28678,NULL,1770,Ben Adams,NULL,14/07/2013
18646,NULL,4194,Blake Adams,NULL,18/04/2014
19822,NULL,16691,Carlos Adams,NULL,29/11/2013
26598,NULL,4891,Charles Adams,NULL,07/07/2013
19410,NULL,10251,Chloe Adams,NULL,28/07/2013
21423,NULL,16872,Connor Adams,NULL,14/02/2014
18075,NULL,10293,Courtney Adams,NULL,07/04/2014
27849,NULL,4503,Dalton Adams,NULL,09/04/2014
21871,NULL,4970,Devin Adams,NULL,06/05/2014
25292,NULL,5055,Eduardo Adams,NULL,14/10/2013
17163,NULL,3731,Edward Adams,NULL,27/11/2013
13214,NULL,16858,Elijah Adams,NULL,10/04/2014
24777,NULL,16902,Eric Adams,NULL,15/07/2013
18814,NULL,16730,Evan Adams,NULL,10/12/2013
20374,NULL,3889,Fernando Adams,NULL,31/10/2013
19527,NULL,16850,Gabriel Adams,NULL,28/11/2013
24758,NULL,10302,Gabriella Adams,NULL,08/03/2014
11172,NULL,10282,Gabrielle Adams,NULL,13/06/2014
12154,NULL,10279,Hailey Adams,NULL,23/12/2013
24786,NULL,10283,Haley Adams,NULL,17/06/2012
18987,NULL,16656,Hunter Adams,NULL,02/07/2013
29422,NULL,4747,Ian Adams,NULL,16/03/2014
26174,NULL,16747,Isaac Adams,NULL,09/06/2012
15715,NULL,10261,Isabella Adams,NULL,03/04/2014
28360,NULL,16722,Isaiah Adams,NULL,01/11/2013
22191,NULL,16894,Jack Adams,NULL,17/10/2013
17449,NULL,16910,Jackson Adams,NULL,12/08/2013
24979,NULL,10304,Jada Adams,NULL,13/04/2014
12889,NULL,16828,James Adams,NULL,03/03/2014
17488,NULL,16859,Jason Adams,NULL,17/08/2013
27311,NULL,10295,Jenna Adams,NULL,18/12/2013
15362,NULL,10257,Jennifer Adams,NULL,04/03/2014
29030,NULL,4034,Jeremy Adams,NULL,22/05/2014
17172,NULL,16754,Jesse Adams,NULL,07/01/2014
28247,NULL,16831,Jonathan Adams,NULL,17/05/2014
16377,NULL,10297,Jordan Adams,NULL,26/07/2013
20387,NULL,16890,Jordan Adams,NULL,06/12/2013
15477,NULL,16819,Jose Adams,NULL,16/05/2014
26073,NULL,10253,Julia Adams,NULL,29/04/2014
11869,NULL,10258,Kaitlyn Adams,NULL,18/06/2014
16877,NULL,10305,Katelyn Adams,NULL,18/07/2013
23518,NULL,10268,Katherine Adams,NULL,30/05/2014
17548,NULL,10311,Kaylee Adams,NULL,21/12/2013
14581,NULL,16846,Kevin Adams,NULL,01/12/2013
18812,NULL,16845,Kyle Adams,NULL,02/06/2014
14466,NULL,16837,Logan Adams,NULL,15/03/2014
18559,NULL,4823,Lucas Adams,NULL,22/03/2014
22517,NULL,16862,Luis Adams,NULL,19/09/2013
13265,NULL,16884,Luke Adams,NULL,07/04/2014
14640,NULL,10300,Mackenzie Adams,NULL,27/12/2013
11931,NULL,4658,Marcus Adams,NULL,05/04/2014
22734,NULL,10281,Maria Adams,NULL,27/07/2013
12950,NULL,10289,Mary Adams,NULL,24/03/2014
20528,NULL,16734,Mason Adams,NULL,06/08/2013
11659,NULL,4118,Miguel Adams,NULL,08/06/2014
12663,NULL,10259,Morgan Adams,NULL,19/04/2014
11217,NULL,10262,Natalie Adams,NULL,17/07/2013
17380,NULL,16840,Nathan Adams,NULL,12/08/2013
16977,NULL,16662,Noah Adams,NULL,08/10/2013
17644,NULL,10284,Rebecca Adams,NULL,07/06/2013
22104,NULL,4577,Richard Adams,NULL,07/10/2013
12901,NULL,16792,Robert Adams,NULL,31/01/2014
18905,NULL,16638,Samuel Adams,NULL,22/05/2014
16986,NULL,10303,Sara Adams,NULL,03/12/2013
23536,NULL,10309,Savannah Adams,NULL,11/11/2013
16293,NULL,16767,Sean Adams,NULL,01/12/2013
16854,NULL,4350,Seth Adams,NULL,06/03/2014
14042,NULL,10277,Stephanie Adams,NULL,14/05/2014
27367,NULL,10265,Sydney Adams,NULL,08/01/2014
29285,NULL,16835,Thomas Adams,NULL,10/01/2012
14890,NULL,3805,Wyatt Adams,NULL,14/11/2013
22133,NULL,4429,Xavier Adams,NULL,19/10/2013
18083,NULL,4388,Osarumwense Agbonile,NULL,30/11/2013
28740,NULL,12041,Alisha Alan,NULL,01/05/2014
27366,NULL,16003,Bob Alan,NULL,09/11/2013
17721,NULL,6184,Cheryl Alan,NULL,29/08/2013
21224,NULL,14644,Jamie Alan,NULL,10/03/2014
23601,NULL,10543,Kari Alan,NULL,24/11/2013
19332,NULL,3107,Kelvin Alan,NULL,13/08/2013
28210,NULL,18784,Meghan Alan,NULL,15/09/2013
15384,NULL,4413,Xavier Alan,NULL,04/09/2013
13677,NULL,15970,Brian Albrecht,NULL,06/06/2014
20285,NULL,5508,Aaron Alexander,NULL,15/05/2014
24223,NULL,3982,Abigail Alexander,NULL,06/09/2013
17387,NULL,12927,Aidan Alexander,NULL,03/09/2013
24775,NULL,2823,Alexandra Alexander,NULL,29/06/2014
26333,NULL,7634,Alexandria Alexander,NULL,06/10/2013
25893,NULL,7120,Alexia Alexander,NULL,26/09/2013
27476,NULL,12778,Alexis Alexander,NULL,26/04/2014
17282,NULL,20216,Alyssa Alexander,NULL,20/06/2014
28822,NULL,3057,Amanda Alexander,NULL,30/11/2011
22637,NULL,7458,Ana Alexander,NULL,07/05/2014
27996,NULL,7678,Angela Alexander,NULL,12/07/2013
22714,NULL,7161,Angelica Alexander,NULL,25/11/2013
16647,NULL,3683,Anna Alexander,NULL,18/02/2014
20176,NULL,13220,Antonio Alexander,NULL,03/03/2014
17423,NULL,7719,Arianna Alexander,NULL,15/04/2014
20007,NULL,12597,Ashley Alexander,NULL,30/01/2014
26673,NULL,6266,Austin Alexander,NULL,18/07/2013
26584,NULL,6726,Benjamin Alexander,NULL,01/07/2013
15273,NULL,6919,Brandon Alexander,NULL,06/09/2013
14503,NULL,19276,Brianna Alexander,NULL,18/10/2013
20526,NULL,7210,Brittany Alexander,NULL,27/12/2013
22774,NULL,5561,Caleb Alexander,NULL,27/05/2014
26255,NULL,6315,Cameron Alexander,NULL,07/03/2014
17654,NULL,6800,Caroline Alexander,NULL,18/04/2014
18106,NULL,13268,Carson Alexander,NULL,21/09/2013
21475,NULL,6843,Cassidy Alexander,NULL,30/03/2014
15817,NULL,20323,Chloe Alexander,NULL,13/10/2013
28611,NULL,6216,Christian Alexander,NULL,16/08/2013
21435,NULL,5610,Connor Alexander,NULL,20/05/2014
24651,NULL,12972,Dakota Alexander,NULL,06/11/2013
23359,NULL,13478,Dalton Alexander,NULL,11/03/2014
15783,NULL,6675,David Alexander,NULL,25/03/2014
28286,NULL,20099,Destiny Alexander,NULL,25/09/2013
24402,NULL,13718,Devin Alexander,NULL,20/05/2014
20319,NULL,6975,Dylan Alexander,NULL,14/11/2013
12172,NULL,13757,Eduardo Alexander,NULL,18/08/2013
18524,NULL,13658,Edward Alexander,NULL,04/05/2014
11738,NULL,5910,Elijah Alexander,NULL,29/05/2014
13089,NULL,12690,Elizabeth Alexander,NULL,14/04/2014
21424,NULL,13011,Emily Alexander,NULL,11/03/2014
28185,NULL,5304,Eric Alexander,NULL,06/08/2011
19664,NULL,6511,Ethan Alexander,NULL,24/05/2014
27276,NULL,7839,Faith Alexander,NULL,24/04/2013
17128,NULL,13129,Fernando Alexander,NULL,22/10/2013
14073,NULL,5861,Gabriel Alexander,NULL,23/03/2014
17670,NULL,3360,Gabrielle Alexander,NULL,05/11/2013
14682,NULL,12208,Gail Alexander,NULL,08/05/2014
29322,NULL,13308,Gavin Alexander,NULL,21/05/2014
24074,NULL,19672,Grace Alexander,NULL,18/02/2014
19666,NULL,3211,Hailey Alexander,NULL,11/03/2014
11837,NULL,3445,Haley Alexander,NULL,23/07/2013
23280,NULL,13061,Hannah Alexander,NULL,07/10/2013
26281,NULL,13899,Ian Alexander,NULL,17/05/2014
22823,NULL,7492,Isabel Alexander,NULL,10/02/2014
27555,NULL,2658,Isabella Alexander,NULL,12/05/2013
15992,NULL,7529,Isabelle Alexander,NULL,31/01/2014
25983,NULL,5204,Jack Alexander,NULL,11/01/2014
20876,NULL,5354,Jackson Alexander,NULL,23/03/2014
16139,NULL,7761,Jacqueline Alexander,NULL,11/04/2014
26110,NULL,6375,James Alexander,NULL,09/01/2014
17151,NULL,19874,Jasmine Alexander,NULL,30/06/2014
29328,NULL,5406,Jason Alexander,NULL,16/01/2014
11721,NULL,20538,Jennifer Alexander,NULL,19/03/2014
19239,NULL,13530,Jeremy Alexander,NULL,22/05/2014
11780,NULL,3530,Jessica Alexander,NULL,18/11/2013
11165,NULL,7251,Jocelyn Alexander,NULL,05/11/2013
22720,NULL,6421,Jonathan Alexander,NULL,28/05/2014
21412,NULL,5163,Jordan Alexander,NULL,08/07/2013
26627,NULL,5661,Jose Alexander,NULL,13/02/2014
15291,NULL,20427,Julia Alexander,NULL,17/04/2014
13217,NULL,13346,Julian Alexander,NULL,17/02/2014
12272,NULL,6625,Justin Alexander,NULL,08/09/2013
12915,NULL,20642,Kaitlyn Alexander,NULL,12/03/2014
22224,NULL,2984,Katherine Alexander,NULL,10/11/2013
12083,NULL,12733,Kayla Alexander,NULL,02/08/2013
16736,NULL,7568,Kelly Alexander,NULL,15/11/2013
12411,NULL,5815,Kevin Alexander,NULL,19/03/2014
27394,NULL,5762,Kyle Alexander,NULL,04/02/2014
18950,NULL,19069,Lauren Alexander,NULL,08/04/2014
19116,NULL,6472,Logan Alexander,NULL,02/11/2013
21459,NULL,5458,Luis Alexander,NULL,18/07/2013
29043,NULL,5112,Luke Alexander,NULL,18/06/2013
14447,NULL,12508,Madison Alexander,NULL,10/12/2013
16102,NULL,13851,Marcus Alexander,NULL,20/02/2014
28401,NULL,3288,Maria Alexander,NULL,21/08/2011
21837,NULL,19175,Megan Alexander,NULL,06/06/2014
27377,NULL,7592,Melanie Alexander,NULL,05/06/2014
24821,NULL,7350,Melissa Alexander,NULL,22/12/2013
15372,NULL,13575,Miguel Alexander,NULL,17/01/2014
27641,NULL,7293,Miranda Alexander,NULL,31/03/2014
24765,NULL,20742,Morgan Alexander,NULL,08/03/2014
23370,NULL,7325,Mya Alexander,NULL,01/03/2014
25760,NULL,2753,Natalie Alexander,NULL,03/09/2013
18795,NULL,5965,Nathan Alexander,NULL,08/10/2013
27236,NULL,19990,Nicole Alexander,NULL,11/04/2014
24337,NULL,6114,Noah Alexander,NULL,18/05/2014
14667,NULL,19371,Olivia Alexander,NULL,21/03/2014
13305,NULL,12807,Oscar Alexander,NULL,04/10/2013
18604,NULL,7798,Paige Alexander,NULL,19/05/2014
13699,NULL,19781,Rachel Alexander,NULL,17/03/2014
19654,NULL,13802,Richard Alexander,NULL,29/11/2013
22799,NULL,7385,Riley Alexander,NULL,25/04/2014
14025,NULL,6165,Robert Alexander,NULL,07/05/2014
14078,NULL,6570,Ryan Alexander,NULL,20/06/2013
17624,NULL,12547,Samantha Alexander,NULL,06/04/2014
19551,NULL,6016,Samuel Alexander,NULL,27/02/2014
19411,NULL,12644,Sarah Alexander,NULL,10/06/2014
11938,NULL,13987,Seth Alexander,NULL,11/06/2014
21645,NULL,13170,Spencer Alexander,NULL,14/04/2014
24950,NULL,3139,Stephanie Alexander,NULL,14/02/2014
16760,NULL,2905,Sydney Alexander,NULL,10/08/2013
17482,NULL,3605,Taylor Alexander,NULL,02/01/2014
20760,NULL,5712,Thomas Alexander,NULL,06/04/2014
24579,NULL,12847,Trevor Alexander,NULL,18/05/2014
11248,NULL,12887,Tristan Alexander,NULL,14/12/2013
20421,NULL,19472,Victoria Alexander,NULL,09/10/2013
13017,NULL,13433,Xavier Alexander,NULL,19/01/2014
23144,NULL,7036,Zachary Alexander,NULL,05/11/2013
20075,NULL,17561,Aaron Allen,NULL,03/05/2012
29135,NULL,17573,Adam Allen,NULL,24/07/2012
19663,NULL,16841,Alex Allen,NULL,25/01/2014
17293,NULL,10915,Alexandra Allen,NULL,24/03/2014
19757,NULL,10960,Allison Allen,NULL,29/01/2014
22353,NULL,10921,Amanda Allen,NULL,20/12/2013
25580,NULL,10936,Amber Allen,NULL,20/11/2013
18798,NULL,10961,Andrea Allen,NULL,02/04/2014
15571,NULL,16806,Angel Allen,NULL,06/03/2014
27218,NULL,10943,Bailey Allen,NULL,13/09/2013
17382,NULL,4183,Blake Allen,NULL,21/03/2014
23383,NULL,17563,Caleb Allen,NULL,05/02/2014
29270,NULL,16804,Carlos Allen,NULL,25/01/2014
13475,NULL,4881,Charles Allen,NULL,12/05/2014
22994,NULL,10903,Chloe Allen,NULL,26/01/2014
18776,NULL,17565,Connor Allen,NULL,31/10/2013
22260,NULL,10938,Courtney Allen,NULL,09/06/2013
15806,NULL,4955,Devin Allen,NULL,06/10/2013
12882,NULL,5042,Eduardo Allen,NULL,11/02/2014
28028,NULL,17537,Elijah Allen,NULL,08/09/2013
18894,NULL,17574,Eric Allen,NULL,16/05/2014
19811,NULL,16851,Evan Allen,NULL,19/01/2014
16805,NULL,3876,Fernando Allen,NULL,17/06/2013
11622,NULL,17510,Gabriel Allen,NULL,15/11/2013
23150,NULL,10946,Gabriella Allen,NULL,08/05/2014
26759,NULL,10923,Hailey Allen,NULL,16/12/2013
17640,NULL,10926,Haley Allen,NULL,23/07/2013
14247,NULL,17430,Hunter Allen,NULL,12/06/2014
16031,NULL,4735,Ian Allen,NULL,06/05/2014
22261,NULL,16897,Isaac Allen,NULL,30/05/2013
15741,NULL,10910,Isabella Allen,NULL,22/03/2014
12529,NULL,16825,Isaiah Allen,NULL,21/06/2014
29137,NULL,17572,Jack Allen,NULL,27/06/2013
18994,NULL,16794,Jackson Allen,NULL,08/04/2014
26866,NULL,10951,Jada Allen,NULL,23/11/2013
28565,NULL,17551,James Allen,NULL,26/05/2014
15529,NULL,17556,Jason Allen,NULL,02/05/2014
23484,NULL,10939,Jenna Allen,NULL,12/04/2014
27106,NULL,10904,Jennifer Allen,NULL,06/03/2014
25281,NULL,4017,Jeremy Allen,NULL,26/08/2013
28795,NULL,16899,Jesse Allen,NULL,16/10/2011
19731,NULL,17558,Jonathan Allen,NULL,06/05/2014
26574,NULL,17569,Jordan Allen,NULL,12/04/2014
19835,NULL,10941,Jordan Allen,NULL,19/05/2014
24053,NULL,17452,Jose Allen,NULL,27/12/2013
24120,NULL,10905,Kaitlyn Allen,NULL,25/08/2013
27669,NULL,10955,Katelyn Allen,NULL,08/04/2014
17457,NULL,10918,Katherine Allen,NULL,02/05/2014
26653,NULL,10958,Kaylee Allen,NULL,03/05/2014
15812,NULL,17382,Logan Allen,NULL,05/04/2014
16802,NULL,4812,Lucas Allen,NULL,20/07/2013
26019,NULL,17559,Luis Allen,NULL,07/02/2014
11316,NULL,17567,Luke Allen,NULL,14/06/2013
21333,NULL,10944,Mackenzie Allen,NULL,10/12/2013
29240,NULL,10928,Madeline Allen,NULL,22/05/2014
23729,NULL,4642,Marcus Allen,NULL,06/07/2013
21203,NULL,10932,Mary Allen,NULL,27/01/2014
17625,NULL,16876,Mason Allen,NULL,27/02/2014
11385,NULL,4106,Miguel Allen,NULL,06/12/2013
16008,NULL,10908,Morgan Allen,NULL,13/06/2014
16997,NULL,10913,Natalie Allen,NULL,19/10/2013
19721,NULL,17438,Noah Allen,NULL,15/12/2013
21787,NULL,10927,Rebecca Allen,NULL,22/07/2013
16756,NULL,4559,Richard Allen,NULL,18/03/2014
19542,NULL,17448,Robert Allen,NULL,10/11/2013
13917,NULL,17418,Samuel Allen,NULL,01/08/2013
17461,NULL,10950,Sara Allen,NULL,11/04/2014
19409,NULL,10956,Savannah Allen,NULL,11/07/2013
12097,NULL,16912,Sean Allen,NULL,21/06/2014
12946,NULL,4336,Seth Allen,NULL,17/02/2014
19134,NULL,10942,Sierra Allen,NULL,24/01/2014
20183,NULL,10930,Sophia Allen,NULL,01/07/2013
24518,NULL,10922,Stephanie Allen,NULL,07/12/2013
13363,NULL,10916,Sydney Allen,NULL,31/07/2013
13485,NULL,17473,Thomas Allen,NULL,18/07/2013
24802,NULL,16915,Timothy Allen,NULL,02/09/2013
28804,NULL,3789,Wyatt Allen,NULL,04/11/2011
17645,NULL,14905,Albert Alonso,NULL,14/04/2014
25350,NULL,6623,Alberto Alonso,NULL,12/02/2014
23323,NULL,2798,Alfredo Alonso,NULL,28/12/2013
17341,NULL,2738,Andy Alonso,NULL,04/02/2014
23227,NULL,14368,Anne Alonso,NULL,02/03/2014
13647,NULL,6949,Armando Alonso,NULL,23/05/2014
19054,NULL,10959,Arthur Alonso,NULL,11/05/2014
27609,NULL,6015,Audrey Alonso,NULL,02/12/2013
13504,NULL,6080,Beth Alonso,NULL,20/05/2014
22852,NULL,15744,Billy Alonso,NULL,22/04/2014
17061,NULL,18478,Brandi Alonso,NULL,15/12/2013
21830,NULL,13525,Briana Alonso,NULL,10/11/2013
20775,NULL,10860,Bruce Alonso,NULL,14/06/2014
27902,NULL,10001,Carolyn Alonso,NULL,30/12/2013
14539,NULL,17862,Carrie Alonso,NULL,28/02/2014
23422,NULL,19153,Casey Alonso,NULL,21/12/2013
23759,NULL,14620,Clinton Alonso,NULL,23/06/2013
15495,NULL,19062,Craig Alonso,NULL,31/05/2014
28568,NULL,5958,Daisy Alonso,NULL,25/04/2014
23683,NULL,18837,Dana Alonso,NULL,03/03/2014
18217,NULL,14755,Danny Alonso,NULL,14/06/2013
27501,NULL,10222,Darren Alonso,NULL,11/12/2013
15347,NULL,9793,Deanna Alonso,NULL,14/04/2014
26017,NULL,19108,Derrick Alonso,NULL,06/07/2013
22124,NULL,13848,Desiree Alonso,NULL,14/04/2014
24590,NULL,18652,Diana Alonso,NULL,25/05/2014
20630,NULL,15515,Diane Alonso,NULL,03/04/2014
28512,NULL,20464,Dwayne Alonso,NULL,23/07/2012
16420,NULL,6681,Eddie Alonso,NULL,14/03/2014
26842,NULL,14274,Felicia Alonso,NULL,30/09/2013
21738,NULL,2446,Francis Alonso,NULL,06/05/2014
18767,NULL,19027,Gary Alonso,NULL,20/09/2013
20958,NULL,10767,Gerald Alonso,NULL,01/07/2013
22587,NULL,15052,Gina Alonso,NULL,01/10/2013
19964,NULL,16418,Gloria Alonso,NULL,18/11/2013
12134,NULL,14712,Hector Alonso,NULL,11/03/2014
27792,NULL,6356,Jacquelyn Alonso,NULL,10/08/2013
15062,NULL,7055,Jaime Alonso,NULL,22/05/2014
15616,NULL,6239,Janet Alonso,NULL,21/02/2014
15675,NULL,10326,Jay Alonso,NULL,14/01/2014
27977,NULL,7700,Jerome Alonso,NULL,11/04/2014
11826,NULL,5505,Jessie Alonso,NULL,18/07/2013
20841,NULL,18381,Jésus Alonso,NULL,08/01/2014
27884,NULL,15093,Jill Alonso,NULL,15/09/2013
18280,NULL,15640,Jimmy Alonso,NULL,24/05/2014
27862,NULL,13977,Joanna Alonso,NULL,23/05/2014
28766,NULL,11051,Joe Alonso,NULL,06/06/2012
25952,NULL,12471,Jon Alonso,NULL,10/02/2014
15238,NULL,14482,Jonathon Alonso,NULL,15/03/2014
19918,NULL,14043,Joy Alonso,NULL,30/05/2014
13749,NULL,7000,Julio Alonso,NULL,24/11/2013
21196,NULL,18567,Kathleen Alonso,NULL,26/01/2014
16427,NULL,15145,Kendra Alonso,NULL,03/07/2013
20212,NULL,14219,Krista Alonso,NULL,17/05/2014
16686,NULL,6302,Kristine Alonso,NULL,26/05/2014
20956,NULL,14327,Kristy Alonso,NULL,08/04/2014
14057,NULL,14854,Lance Alonso,NULL,22/06/2014
13586,NULL,18426,Larry Alonso,NULL,20/05/2014
13591,NULL,6134,Latasha Alonso,NULL,10/12/2013
12323,NULL,14443,Lawrence Alonso,NULL,15/10/2013
20846,NULL,14405,Lee Alonso,NULL,27/01/2014
24457,NULL,18795,Meghan Alonso,NULL,14/11/2013
20621,NULL,10640,Meredith Alonso,NULL,07/01/2014
19307,NULL,14567,Micheal Alonso,NULL,29/03/2014
24842,NULL,13766,Monique Alonso,NULL,16/11/2013
15830,NULL,17363,Naomi Alonso,NULL,29/08/2013
25009,NULL,18748,Natasha Alonso,NULL,10/03/2014
13332,NULL,6849,Neil Alonso,NULL,19/03/2014
22142,NULL,19224,Nelson Alonso,NULL,27/08/2013
15550,NULL,18789,Orlando Alonso,NULL,01/05/2014
22692,NULL,15024,Paula Alonso,NULL,17/04/2014
22303,NULL,19192,Philip Alonso,NULL,16/05/2014
27960,NULL,14964,Randall Alonso,NULL,20/09/2013
17313,NULL,6438,Raquel Alonso,NULL,25/11/2013
14825,NULL,9896,Rebekah Alonso,NULL,19/11/2013
24166,NULL,15004,Renee Alonso,NULL,05/02/2014
14070,NULL,15590,Ricky Alonso,NULL,12/01/2014
14533,NULL,14805,Roberto Alonso,NULL,01/06/2014
17800,NULL,13018,Robyn Alonso,NULL,17/12/2013
25540,NULL,13679,Rodney Alonso,NULL,13/11/2013
18094,NULL,11158,Roy Alonso,NULL,22/07/2013
16881,NULL,11261,Ruben Alonso,NULL,30/03/2014
21051,NULL,14171,Sabrina Alonso,NULL,15/04/2014
24683,NULL,20051,Shannon Alonso,NULL,06/12/2013
25054,NULL,14530,Sheila Alonso,NULL,23/12/2013
28315,NULL,18612,Stacy Alonso,NULL,09/11/2013
14780,NULL,10436,Tabitha Alonso,NULL,29/03/2014
26942,NULL,14021,Tanya Alonso,NULL,24/11/2013
13138,NULL,15201,Teresa Alonso,NULL,29/12/2013
24186,NULL,6729,Theodore Alonso,NULL,05/01/2014
25155,NULL,13896,Theresa Alonso,NULL,29/10/2013
19464,NULL,6798,Tyrone Alonso,NULL,19/03/2014
18138,NULL,14696,Walter Alonso,NULL,08/05/2014
17067,NULL,7103,Adrienne Alvarez,NULL,23/05/2014
16624,NULL,14897,Albert Alvarez,NULL,25/05/2014
23358,NULL,6609,Alberto Alvarez,NULL,16/01/2014
11329,NULL,2731,Andy Alvarez,NULL,13/07/2013
11961,NULL,14360,Anne Alvarez,NULL,10/03/2014
17777,NULL,6942,Armando Alvarez,NULL,06/11/2013
24892,NULL,10952,Arthur Alvarez,NULL,21/05/2014
22450,NULL,6003,Audrey Alvarez,NULL,31/03/2014
29305,NULL,6069,Beth Alvarez,NULL,31/05/2014
28179,NULL,15735,Billy Alvarez,NULL,07/08/2011
16209,NULL,9991,Carolyn Alvarez,NULL,06/07/2013
23410,NULL,17855,Carrie Alvarez,NULL,06/11/2013
28557,NULL,19145,Casey Alvarez,NULL,11/12/2013
12320,NULL,6177,Cheryl Alvarez,NULL,28/03/2014
15625,NULL,14610,Clinton Alvarez,NULL,26/12/2013
22819,NULL,5875,Daisy Alvarez,NULL,16/01/2014
15067,NULL,18830,Dana Alvarez,NULL,01/02/2014
13820,NULL,14750,Danny Alvarez,NULL,24/02/2014
14838,NULL,10213,Darren Alvarez,NULL,26/05/2014
24720,NULL,9783,Deanna Alvarez,NULL,04/11/2013
13005,NULL,13842,Desiree Alvarez,NULL,25/06/2014
13638,NULL,18645,Diana Alvarez,NULL,10/05/2014
26851,NULL,15448,Diane Alvarez,NULL,15/03/2014
22800,NULL,20401,Dwayne Alvarez,NULL,10/05/2014
28428,NULL,9678,Ebony Alvarez,NULL,22/04/2014
13831,NULL,6662,Eddie Alvarez,NULL,06/08/2013
14311,NULL,19270,Erik Alvarez,NULL,11/01/2014
15615,NULL,18695,Erika Alvarez,NULL,30/05/2014
21552,NULL,2404,Francis Alvarez,NULL,20/02/2014
26704,NULL,19317,Frank Alvarez,NULL,14/04/2014
24700,NULL,19021,Gary Alvarez,NULL,04/03/2014
25751,NULL,15048,Gina Alvarez,NULL,12/03/2014
18297,NULL,16354,Gloria Alvarez,NULL,29/07/2013
28058,NULL,7047,Jaime Alvarez,NULL,05/05/2014
11006,NULL,6229,Janet Alvarez,NULL,14/10/2013
11140,NULL,13623,Javier Alvarez,NULL,19/08/2013
29171,NULL,10318,Jay Alvarez,NULL,13/02/2014
14324,NULL,5415,Jessie Alvarez,NULL,16/02/2014
25569,NULL,18375,Jésus Alvarez,NULL,09/11/2013
20041,NULL,12387,Joe Alvarez,NULL,24/09/2013
12752,NULL,14476,Jonathon Alvarez,NULL,17/02/2014
26469,NULL,13963,Joy Alvarez,NULL,05/08/2013
26205,NULL,6994,Julio Alvarez,NULL,01/05/2014
11108,NULL,10536,Kari Alvarez,NULL,23/11/2013
17793,NULL,18557,Kathleen Alvarez,NULL,10/02/2014
15267,NULL,15137,Kendra Alvarez,NULL,27/05/2014
19467,NULL,14214,Krista Alvarez,NULL,05/08/2013
12303,NULL,9580,Kristi Alvarez,NULL,04/03/2014
27937,NULL,6292,Kristine Alvarez,NULL,18/08/2013
15588,NULL,14320,Kristy Alvarez,NULL,27/03/2014
16190,NULL,14847,Lance Alvarez,NULL,05/05/2014
14235,NULL,18419,Larry Alvarez,NULL,16/03/2014
18047,NULL,6128,Latasha Alvarez,NULL,12/03/2014
20719,NULL,14435,Lawrence Alvarez,NULL,21/10/2013
19890,NULL,14396,Lee Alvarez,NULL,17/12/2013
17090,NULL,18514,Leslie Alvarez,NULL,17/03/2014
14047,NULL,13801,Linda Alvarez,NULL,13/01/2014
26662,NULL,14097,Lori Alvarez,NULL,29/03/2014
21124,NULL,7149,Mallory Alvarez,NULL,15/05/2014
18221,NULL,15685,Marc Alvarez,NULL,26/01/2014
20947,NULL,10097,Marie Alvarez,NULL,27/06/2014
23651,NULL,6889,Marvin Alvarez,NULL,09/01/2014
17494,NULL,14515,Mathew Alvarez,NULL,27/10/2013
11986,NULL,2679,Max Alvarez,NULL,27/01/2014
27655,NULL,14052,Melinda Alvarez,NULL,13/03/2014
25070,NULL,16813,Melody Alvarez,NULL,18/02/2014
12480,NULL,10631,Meredith Alvarez,NULL,25/02/2014
13495,NULL,14559,Micheal Alvarez,NULL,18/09/2013
11844,NULL,9004,Michele Alvarez,NULL,13/06/2014
28820,NULL,17284,Naomi Alvarez,NULL,21/11/2011
17874,NULL,18742,Natasha Alvarez,NULL,22/04/2014
22467,NULL,6842,Neil Alvarez,NULL,18/03/2014
28120,NULL,11691,Pedro Alvarez,NULL,08/05/2014
11123,NULL,19185,Philip Alvarez,NULL,27/06/2014
26750,NULL,14953,Randall Alvarez,NULL,17/03/2014
17808,NULL,6351,Raquel Alvarez,NULL,17/05/2014
18746,NULL,7745,Reginald Alvarez,NULL,06/08/2013
28920,NULL,15000,Renée Alvarez,NULL,09/04/2014
24057,NULL,15580,Ricky Alvarez,NULL,09/05/2014
28387,NULL,14791,Roberto Alvarez,NULL,20/04/2014
11243,NULL,13712,Robin Alvarez,NULL,09/11/2013
12255,NULL,12931,Robyn Alvarez,NULL,20/12/2013
29286,NULL,13666,Rodney Alvarez,NULL,24/08/2013
22009,NULL,11802,Ross Alvarez,NULL,18/08/2013
16709,NULL,11150,Roy Alvarez,NULL,25/12/2013
12543,NULL,11252,Ruben Alvarez,NULL,04/10/2013
27943,NULL,14162,Sabrina Alvarez,NULL,19/09/2013
11551,NULL,19979,Shannon Alvarez,NULL,01/08/2013
27478,NULL,14456,Sheila Alvarez,NULL,09/09/2013
11901,NULL,18606,Stacy Alvarez,NULL,11/04/2014
15028,NULL,10426,Tabitha Alvarez,NULL,26/11/2013
17279,NULL,14011,Tanya Alvarez,NULL,10/09/2013
22542,NULL,15189,Teresa Alvarez,NULL,26/03/2014
25690,NULL,6724,Theodore Alvarez,NULL,06/10/2013
12280,NULL,13890,Theresa Alvarez,NULL,13/01/2014
27693,NULL,6786,Tyrone Alvarez,NULL,10/02/2014
18022,NULL,19230,Victor Alvarez,NULL,30/07/2013
24010,NULL,14688,Walter Alvarez,NULL,20/04/2014
12129,NULL,13930,Wendy Alvarez,NULL,27/05/2014
28899,NULL,12568,Alejandro Anand,NULL,27/05/2014
29113,NULL,19809,Alícia Anand,NULL,24/09/2013
24009,NULL,16675,Alison Anand,NULL,10/01/2014
21088,NULL,5367,Alvin Anand,NULL,05/09/2013
11096,NULL,5114,Andrés Anand,NULL,30/12/2013
11180,NULL,20564,April Anand,NULL,25/02/2014
22626,NULL,10739,Arturo Anand,NULL,07/01/2014
20344,NULL,7791,Ashlee Anand,NULL,08/08/2013
19626,NULL,20316,Bradley Anand,NULL,22/12/2013
19847,NULL,9368,Brendan Anand,NULL,18/04/2014
28086,NULL,8604,Bridget Anand,NULL,08/09/2013
28717,NULL,9197,Calvin Anand,NULL,30/09/2013
15165,NULL,16981,Carl Anand,NULL,08/12/2013
25918,NULL,4526,Carly Anand,NULL,07/04/2014
25522,NULL,16324,Casey Anand,NULL,03/04/2014
29342,NULL,8924,Cassie Anand,NULL,11/01/2014
28400,NULL,4246,Cedric Anand,NULL,08/11/2013
24484,NULL,20360,Chad Anand,NULL,02/12/2013
11237,NULL,7511,Clarence Anand,NULL,27/04/2014
20890,NULL,12672,Clayton Anand,NULL,21/11/2013
27645,NULL,13514,Colin Anand,NULL,21/04/2014
12647,NULL,12352,Colleen Anand,NULL,20/09/2013
16565,NULL,20482,Corey Anand,NULL,07/04/2014
18660,NULL,8762,Cristina Anand,NULL,18/04/2014
29111,NULL,5353,Dale Anand,NULL,07/11/2013
24717,NULL,15623,Damien Anand,NULL,28/03/2014
20891,NULL,8372,Darrell Anand,NULL,02/11/2013
20178,NULL,8872,Deborah Anand,NULL,21/08/2013
25600,NULL,20273,Derek Anand,NULL,28/01/2014
28665,NULL,4679,Donna Anand,NULL,26/04/2014
22874,NULL,9250,Drew Anand,NULL,21/09/2013
14535,NULL,2576,Dustin Anand,NULL,17/08/2013
26129,NULL,4724,Jodi Anand,NULL,18/05/2014
14058,NULL,17077,Johnny Anand,NULL,03/01/2014
12868,NULL,19973,Julie Anand,NULL,19/08/2013
11989,NULL,16579,Kara Anand,NULL,06/01/2014
17185,NULL,3541,Karla Anand,NULL,28/03/2014
13263,NULL,4627,Kate Anand,NULL,06/12/2013
18726,NULL,16365,Katrina Anand,NULL,04/08/2013
23861,NULL,20524,Keith Anand,NULL,19/07/2013
20451,NULL,12145,Kelli Anand,NULL,16/12/2013
22513,NULL,20230,Kenneth Anand,NULL,24/09/2013
16475,NULL,4181,Kurt Anand,NULL,09/02/2014
27150,NULL,11322,Lacey Anand,NULL,14/10/2013
28347,NULL,16409,Latoya Anand,NULL,12/10/2013
14316,NULL,5237,Leonard Anand,NULL,27/03/2014
19368,NULL,19858,Lindsay Anand,NULL,16/04/2014
22592,NULL,20682,Lindsey Anand,NULL,18/04/2014
18397,NULL,13116,Louis Anand,NULL,09/04/2014
14437,NULL,17159,Mitchell Anand,NULL,20/05/2014
12508,NULL,16628,Nichole Anand,NULL,31/10/2013
20567,NULL,5294,Nicolas Anand,NULL,03/05/2014
19949,NULL,4474,Niñia Anand,NULL,09/10/2013
19375,NULL,12779,Omar Anand,NULL,16/09/2013
14929,NULL,20439,Peter Anand,NULL,06/04/2014
17005,NULL,8818,Priscilla Anand,NULL,23/04/2014
29306,NULL,12897,Rafael Anand,NULL,16/10/2013
21383,NULL,17033,Ricardo Anand,NULL,02/04/2014
15054,NULL,13331,Roger Anand,NULL,08/12/2013
14810,NULL,16880,Russell Anand,NULL,04/11/2013
26208,NULL,8549,Sharon Anand,NULL,25/11/2013
25524,NULL,17119,Shaun Anand,NULL,06/09/2013
14696,NULL,20403,Shawn Anand,NULL,12/09/2013
21863,NULL,3607,Shawna Anand,NULL,08/09/2013
14907,NULL,8710,Sheena Anand,NULL,30/01/2014
29088,NULL,11935,Tamara Anand,NULL,06/01/2014
16204,NULL,4295,Terrence Anand,NULL,05/04/2014
17875,NULL,4234,Tommy Anand,NULL,17/10/2013
25407,NULL,17210,Tony Anand,NULL,09/11/2013
27141,NULL,8491,Tonya Anand,NULL,12/01/2014
19349,NULL,5096,Warren Anand,NULL,08/02/2014
22686,NULL,9147,Wayne Anand,NULL,11/08/2013
26857,NULL,13418,Willie Anand,NULL,11/11/2013
21831,NULL,3663,Yolanda Anand,NULL,08/03/2014
28691,NULL,12548,Alejandro Andersen,NULL,05/03/2014
19029,NULL,19795,Alicia Andersen,NULL,10/02/2014
25460,NULL,12018,Alisha Andersen,NULL,17/04/2014
27947,NULL,16657,Alison Andersen,NULL,30/03/2014
13744,NULL,5128,Alvin Andersen,NULL,25/06/2013
19492,NULL,5083,Andres Andersen,NULL,03/01/2014
20973,NULL,20548,April Andersen,NULL,06/02/2014
15758,NULL,10530,Arturo Andersen,NULL,26/06/2014
11059,NULL,8960,Ashlee Andersen,NULL,16/08/2013
17984,NULL,11610,Barbara Andersen,NULL,16/03/2014
25324,NULL,17287,Bethany Andersen,NULL,28/07/2013
23934,NULL,3704,Bonnie Andersen,NULL,27/06/2014
26992,NULL,9402,Brad Andersen,NULL,23/12/2013
22698,NULL,20301,Bradley Andersen,NULL,13/09/2013
15121,NULL,9350,Brendan Andersen,NULL,15/05/2014
17792,NULL,8585,Bridget Andersen,NULL,12/01/2014
22920,NULL,9179,Calvin Andersen,NULL,28/04/2014
11057,NULL,16962,Carl Andersen,NULL,21/10/2013
12625,NULL,4508,Carly Andersen,NULL,04/02/2014
25406,NULL,16304,Casey Andersen,NULL,05/11/2013
14428,NULL,8901,Cassie Andersen,NULL,13/12/2013
19249,NULL,20343,Chad Andersen,NULL,29/01/2014
27945,NULL,19881,Christine Andersen,NULL,26/09/2013
27780,NULL,11408,Christy Andersen,NULL,16/04/2014
12546,NULL,7276,Clarence Andersen,NULL,05/02/2014
15631,NULL,12651,Clayton Andersen,NULL,02/03/2014
25053,NULL,13501,Colin Andersen,NULL,01/11/2013
13801,NULL,12333,Colleen Andersen,NULL,21/10/2013
23169,NULL,20466,Corey Andersen,NULL,22/02/2014
14992,NULL,5329,Dale Andersen,NULL,07/06/2014
29402,NULL,13652,Damien Andersen,NULL,03/03/2014
19280,NULL,8351,Darrell Andersen,NULL,14/05/2014
16473,NULL,12227,Dawn Andersen,NULL,07/03/2014
19610,NULL,8856,Deborah Andersen,NULL,16/01/2014
22412,NULL,9232,Drew Andersen,NULL,11/11/2013
26684,NULL,2566,Dustin Andersen,NULL,06/02/2014
27353,NULL,9461,Gilbert Andersen,NULL,09/11/2013
26213,NULL,9293,Grant Andersen,NULL,15/04/2014
28510,NULL,2593,Gregory Andersen,NULL,16/06/2012
11468,NULL,12983,Jaclyn Andersen,NULL,21/01/2014
25268,NULL,9457,Jaime Andersen,NULL,21/02/2014
20259,NULL,11504,Jenny Andersen,NULL,19/12/2013
20975,NULL,16907,Jerry Andersen,NULL,25/11/2013
26766,NULL,4709,Jodi Andersen,NULL,15/04/2014
24564,NULL,17061,Johnny Andersen,NULL,04/03/2014
22494,NULL,12438,Jon Andersen,NULL,07/08/2013
24095,NULL,19961,Julie Andersen,NULL,25/11/2013
14704,NULL,16565,Kara Andersen,NULL,07/07/2013
23105,NULL,5153,Karl Andersen,NULL,03/06/2013
20595,NULL,3512,Karla Andersen,NULL,10/12/2013
14237,NULL,4604,Kate Andersen,NULL,11/01/2014
21865,NULL,19920,Kathryn Andersen,NULL,30/10/2013
19032,NULL,16346,Katrina Andersen,NULL,15/05/2014
11612,NULL,20506,Keith Andersen,NULL,20/04/2014
22602,NULL,12126,Kelli Andersen,NULL,09/05/2014
21366,NULL,2871,Kelvin Andersen,NULL,04/07/2013
21128,NULL,2618,Kenneth Andersen,NULL,28/11/2013
11570,NULL,20585,Kristin Andersen,NULL,14/08/2013
15053,NULL,4159,Kurt Andersen,NULL,17/02/2014
19600,NULL,11298,Lacey Andersen,NULL,20/09/2013
29057,NULL,16391,Latoya Andersen,NULL,18/11/2013
17772,NULL,5214,Leonard Andersen,NULL,13/10/2013
27142,NULL,19836,Lindsay Andersen,NULL,24/02/2014
13261,NULL,20666,Lindsey Andersen,NULL,02/03/2014
17160,NULL,13101,Louis Andersen,NULL,14/04/2014
20977,NULL,16815,Mario Andersen,NULL,20/06/2013
15786,NULL,11553,Marshall Andersen,NULL,14/04/2014
15206,NULL,9070,Maurice Andersen,NULL,22/03/2014
14770,NULL,4382,Melvin Andersen,NULL,13/03/2014
26226,NULL,8413,Michele Andersen,NULL,09/12/2013
25026,NULL,17145,Mitchell Andersen,NULL,30/07/2013
12653,NULL,16611,Nichole Andersen,NULL,28/10/2013
27594,NULL,5275,Nicolas Andersen,NULL,12/08/2013
18338,NULL,4446,Nina Andersen,NULL,14/05/2014
19233,NULL,12755,Omar Andersen,NULL,09/09/2013
19298,NULL,8792,Priscilla Andersen,NULL,09/04/2014
12691,NULL,12876,Rafael Andersen,NULL,15/05/2014
19336,NULL,17014,Ricardo Andersen,NULL,17/07/2013
24469,NULL,13307,Roger Andersen,NULL,19/07/2013
14695,NULL,16864,Russell Andersen,NULL,05/04/2014
26930,NULL,8527,Sharon Andersen,NULL,20/08/2013
19272,NULL,17103,Shaun Andersen,NULL,29/11/2013
13654,NULL,20386,Shawn Andersen,NULL,08/12/2013
19556,NULL,3586,Shawna Andersen,NULL,14/09/2013
21047,NULL,8689,Sheena Andersen,NULL,05/04/2014
29392,NULL,11907,Tamara Andersen,NULL,10/05/2014
24465,NULL,20003,Tara Andersen,NULL,04/11/2013
20302,NULL,8635,Tasha Andersen,NULL,24/08/2013
22016,NULL,4270,Terrence Andersen,NULL,27/05/2014
13527,NULL,8468,Tonya Andersen,NULL,14/12/2013
20815,NULL,16428,Tracy Andersen,NULL,06/08/2013
11919,NULL,2844,Warren Andersen,NULL,23/05/2014
28550,NULL,9127,Wayne Andersen,NULL,13/04/2014
27970,NULL,13400,Willie Andersen,NULL,04/09/2013
21954,NULL,3640,Yolanda Andersen,NULL,02/06/2014
15249,NULL,12046,Abigail Anderson,NULL,04/02/2014
22723,NULL,18280,Alexander Anderson,NULL,01/03/2014
23857,NULL,10716,Alexandra Anderson,NULL,16/04/2014
26059,NULL,18885,Andrew Anderson,NULL,14/10/2013
23270,NULL,12187,Anna Anderson,NULL,02/01/2014
25951,NULL,18619,Anthony Anderson,NULL,27/02/2014
20680,NULL,12423,Ashley Anderson,NULL,28/05/2014
26053,NULL,18234,Austin Anderson,NULL,19/08/2013
20809,NULL,18052,Benjamin Anderson,NULL,27/01/2014
11076,NULL,4157,Blake Anderson,NULL,21/11/2013
16222,NULL,18230,Brandon Anderson,NULL,17/07/2013
19818,NULL,11720,Brianna Anderson,NULL,17/01/2014
16595,NULL,17657,Cameron Anderson,NULL,07/02/2014
29281,NULL,4853,Charles Anderson,NULL,25/09/2012
13986,NULL,11584,Chloe Anderson,NULL,23/08/2013
16503,NULL,18129,Christian Anderson,NULL,17/10/2013
15772,NULL,18113,Christopher Anderson,NULL,19/12/2013
19188,NULL,4467,Dalton Anderson,NULL,22/04/2014
20694,NULL,18530,Daniel Anderson,NULL,01/08/2013
22097,NULL,17932,David Anderson,NULL,19/07/2013
12895,NULL,11494,Destiny Anderson,NULL,04/05/2014
22822,NULL,4923,Devin Anderson,NULL,02/06/2013
18062,NULL,18491,Dylan Anderson,NULL,22/02/2014
23941,NULL,5016,Eduardo Anderson,NULL,30/06/2013
26328,NULL,4241,Edward Anderson,NULL,05/01/2014
25220,NULL,12239,Emily Anderson,NULL,10/08/2013
18580,NULL,11862,Emma Anderson,NULL,13/09/2013
13061,NULL,17922,Ethan Anderson,NULL,06/02/2014
22328,NULL,11309,Grace Anderson,NULL,11/07/2013
11883,NULL,12286,Hannah Anderson,NULL,16/04/2014
15281,NULL,17907,Hunter Anderson,NULL,20/08/2013
28860,NULL,4704,Ian Anderson,NULL,15/10/2013
13743,NULL,11225,Isabella Anderson,NULL,09/04/2014
19452,NULL,18693,Jacob Anderson,NULL,22/05/2014
14398,NULL,17611,James Anderson,NULL,27/11/2013
23553,NULL,11399,Jasmine Anderson,NULL,26/01/2014
23393,NULL,11093,Jennifer Anderson,NULL,05/02/2014
11285,NULL,3992,Jeremy Anderson,NULL,28/03/2014
20367,NULL,12096,Jessica Anderson,NULL,02/05/2014
28946,NULL,18334,John Anderson,NULL,02/06/2014
12885,NULL,17674,Jonathan Anderson,NULL,25/02/2014
21653,NULL,17342,Jose Anderson,NULL,29/08/2013
12777,NULL,18926,Joseph Anderson,NULL,05/01/2014
20507,NULL,18779,Joshua Anderson,NULL,14/11/2013
21309,NULL,11049,Julia Anderson,NULL,12/07/2013
28660,NULL,17865,Justin Anderson,NULL,01/10/2011
24101,NULL,11132,Kaitlyn Anderson,NULL,11/12/2013
24205,NULL,10818,Katherine Anderson,NULL,04/03/2014
14454,NULL,11962,Kayla Anderson,NULL,02/09/2013
25377,NULL,11635,Lauren Anderson,NULL,19/04/2014
20701,NULL,11917,Liz Anderson,NULL,27/01/2014
15821,NULL,17755,Logan Anderson,NULL,06/07/2013
29266,NULL,4786,Lucas Anderson,NULL,05/09/2013
28359,NULL,12327,Madison Anderson,NULL,07/12/2013
12963,NULL,4616,Marcus Anderson,NULL,29/05/2014
15257,NULL,18834,Matthew Anderson,NULL,06/07/2013
23859,NULL,11681,Megan Anderson,NULL,02/06/2013
14111,NULL,18732,Michael Anderson,NULL,31/12/2013
19393,NULL,4079,Miguel Anderson,NULL,09/06/2013
28775,NULL,11182,Morgan Anderson,NULL,15/10/2011
13364,NULL,11268,Natalie Anderson,NULL,15/10/2013
14876,NULL,17822,Nathan Anderson,NULL,12/10/2013
29206,NULL,18996,Nicholas Anderson,NULL,18/09/2013
12837,NULL,11445,Nicole Anderson,NULL,13/07/2013
23301,NULL,17177,Noah Anderson,NULL,18/05/2014
23666,NULL,11763,Olivia Anderson,NULL,28/02/2014
28057,NULL,11349,Rachel Anderson,NULL,25/08/2013
24924,NULL,5093,Richard Anderson,NULL,02/11/2013
18353,NULL,17183,Robert Anderson,NULL,09/04/2014
13271,NULL,17996,Ryan Anderson,NULL,15/02/2014
24964,NULL,12376,Samantha Anderson,NULL,19/06/2014
14199,NULL,17833,Samuel Anderson,NULL,24/01/2014
19476,NULL,12473,Sarah Anderson,NULL,11/05/2014
13296,NULL,4310,Seth Anderson,NULL,27/08/2013
16145,NULL,10764,Sydney Anderson,NULL,06/03/2014
15851,NULL,12144,Taylor Anderson,NULL,05/02/2014
11633,NULL,17416,Thomas Anderson,NULL,16/06/2014
13148,NULL,18604,Tyler Anderson,NULL,18/08/2013
15799,NULL,11809,Victoria Anderson,NULL,15/04/2014
23707,NULL,18412,William Anderson,NULL,21/04/2014
14284,NULL,3767,Wyatt Anderson,NULL,20/10/2013
17086,NULL,4389,Xavier Anderson,NULL,16/07/2013
11324,NULL,18495,Zachary Anderson,NULL,08/07/2013
14800,NULL,17847,Abby Arthur,NULL,31/03/2014
20871,NULL,3150,Adriana Arthur,NULL,31/08/2013
26183,NULL,15849,Allen Arthur,NULL,25/06/2012
16710,NULL,7537,Carla Arthur,NULL,29/05/2014
12567,NULL,8329,Carmen Arthur,NULL,07/03/2014
25583,NULL,9941,Carolyn Arthur,NULL,15/05/2014
22410,NULL,19617,Cassandra Arthur,NULL,24/11/2013
25439,NULL,18318,Janelle Arthur,NULL,04/07/2013
27314,NULL,2912,Jarrod Arthur,NULL,17/12/2013
12694,NULL,10271,Jay Arthur,NULL,11/03/2014
20751,NULL,8013,Jermaine Arthur,NULL,15/05/2014
14093,NULL,15305,Jillian Arthur,NULL,23/01/2014
27701,NULL,20075,Joel Arthur,NULL,22/05/2014
18730,NULL,15890,Johnathan Arthur,NULL,06/06/2014
16438,NULL,3215,Kaitlin Arthur,NULL,26/09/2013
16675,NULL,10689,Kristi Arthur,NULL,19/07/2013
20228,NULL,19461,Raymond Arthur,NULL,30/10/2013
22939,NULL,9841,Rebekah Arthur,NULL,14/05/2014
19089,NULL,7651,Regina Arthur,NULL,23/09/2013
14776,NULL,20119,Ronald Arthur,NULL,09/03/2014
16482,NULL,10375,Tabitha Arthur,NULL,23/07/2013
21363,NULL,7420,Tammy Arthur,NULL,27/09/2013
15706,NULL,16191,Tina Arthur,NULL,12/08/2013
12287,NULL,16055,Andre Arun,NULL,26/10/2013
16238,NULL,7247,Ann Arun,NULL,09/09/2013
27700,NULL,3748,Barry Arun,NULL,11/10/2013
27767,NULL,18845,Brandy Arun,NULL,30/05/2013
13630,NULL,15359,Brenda Arun,NULL,04/05/2014
25671,NULL,19502,Brett Arun,NULL,13/08/2013
21037,NULL,10806,Bruce Arun,NULL,06/05/2014
20453,NULL,3916,Bryant Arun,NULL,04/07/2013
21393,NULL,15409,Candace Arun,NULL,14/02/2014
24859,NULL,3814,Cesar Arun,NULL,27/06/2014
25511,NULL,18938,Chelsea Arun,NULL,24/04/2014
19518,NULL,4082,Clifford Arun,NULL,26/09/2013
16527,NULL,19328,Cory Arun,NULL,25/11/2013
26702,NULL,19732,Cynthia Arun,NULL,23/11/2013
29219,NULL,10172,Darren Arun,NULL,23/06/2014
28218,NULL,16238,Denise Arun,NULL,08/02/2014
26391,NULL,7479,Dominique Arun,NULL,27/10/2013
16933,NULL,20033,Donald Arun,NULL,17/05/2014
27923,NULL,19420,Douglas Arun,NULL,25/03/2014
21066,NULL,9634,Ebony Arun,NULL,19/06/2014
20298,NULL,8128,Edgar Arun,NULL,28/06/2014
28463,NULL,7965,Emmanuel Arun,NULL,07/02/2014
17802,NULL,2967,Erick Arun,NULL,16/11/2013
27842,NULL,3101,Evelyn Arun,NULL,28/11/2013
14763,NULL,20195,George Arun,NULL,19/01/2014
25940,NULL,11841,Gerald Arun,NULL,24/04/2014
23667,NULL,2864,Harold Arun,NULL,24/05/2014
20149,NULL,15254,Heidi Arun,NULL,06/01/2014
27177,NULL,15960,Henry Arun,NULL,05/05/2014
27154,NULL,19578,Holly Arun,NULL,22/03/2014
20716,NULL,19696,Kristina Arun,NULL,12/05/2014
11074,NULL,7914,Levi Arun,NULL,27/10/2013
25634,NULL,3437,Lydia Arun,NULL,01/03/2014
26697,NULL,15925,Manuel Arun,NULL,02/10/2013
19030,NULL,3861,Marco Arun,NULL,20/02/2014
22844,NULL,10051,Marie Arun,NULL,31/08/2013
25745,NULL,3386,Mayra Arun,NULL,28/12/2013
23930,NULL,7197,Meagan Arun,NULL,11/11/2013
26963,NULL,10589,Meredith Arun,NULL,15/12/2013
19065,NULL,10151,Michele Arun,NULL,04/03/2014
18587,NULL,19543,Monica Arun,NULL,19/03/2014
21169,NULL,15461,Nancy Arun,NULL,01/01/2014
29153,NULL,11646,Pedro Arun,NULL,14/10/2013
27133,NULL,20159,Phillip Arun,NULL,15/02/2014
23784,NULL,3972,Preston Arun,NULL,09/07/2013
23976,NULL,15499,Rachael Arun,NULL,30/08/2013
23658,NULL,11754,Ross Arun,NULL,27/02/2014
23620,NULL,11103,Roy Arun,NULL,19/01/2014
20959,NULL,11202,Ruben Arun,NULL,04/04/2014
17294,NULL,3267,Ruth Arun,NULL,07/04/2014
25643,NULL,7815,Sergio Arun,NULL,29/10/2013
27784,NULL,19374,Shane Arun,NULL,22/04/2014
29009,NULL,4030,Stanley Arun,NULL,14/12/2013
16766,NULL,3033,Summer Arun,NULL,06/04/2014
18045,NULL,3330,Toni Arun,NULL,27/03/2014
15221,NULL,15800,Troy Arun,NULL,24/03/2014
18634,NULL,18976,Veronica Arun,NULL,29/03/2014
25655,NULL,7596,Virginia Arun,NULL,21/08/2013
19414,NULL,12008,Alexis Ashe,NULL,01/11/2013
21693,NULL,11535,Alyssa Ashe,NULL,31/10/2013
18734,NULL,11630,Barbara Ashe,NULL,25/04/2014
19350,NULL,16276,Bethany Ashe,NULL,20/09/2013
25228,NULL,9427,Brad Ashe,NULL,30/12/2013
23749,NULL,18473,Brandi Ashe,NULL,19/02/2014
22940,NULL,13445,Briana Ashe,NULL,07/06/2013
12264,NULL,10852,Bruce Ashe,NULL,25/10/2013
20284,NULL,9742,Deanna Ashe,NULL,28/01/2014
16612,NULL,9686,Ebony Ashe,NULL,29/05/2014
12335,NULL,16695,Francisco Ashe,NULL,22/08/2013
19434,NULL,8285,Geoffrey Ashe,NULL,25/11/2013
25300,NULL,14651,Jamie Ashe,NULL,06/11/2013
17756,NULL,15085,Jill Ashe,NULL,31/10/2013
28959,NULL,15635,Jimmy Ashe,NULL,23/09/2013
20997,NULL,13970,Joanna Ashe,NULL,06/09/2013
18440,NULL,11042,Joe Ashe,NULL,16/03/2014
16168,NULL,19935,Kathryn Ashe,NULL,29/08/2013
26770,NULL,20641,Katie Ashe,NULL,05/03/2014
13384,NULL,16836,Mario Ashe,NULL,22/04/2014
28932,NULL,11760,Marshall Ashe,NULL,14/05/2014
20430,NULL,9091,Maurice Ashe,NULL,26/12/2013
26817,NULL,4411,Melvin Ashe,NULL,03/11/2013
24553,NULL,8438,Michele Ashe,NULL,25/05/2014
23129,NULL,16491,Misty Ashe,NULL,06/10/2013
11897,NULL,18715,Orlando Ashe,NULL,16/03/2014
19374,NULL,14952,Paula Ashe,NULL,09/03/2014
28706,NULL,7756,Reginald Ashe,NULL,19/03/2014
19093,NULL,20022,Tara Ashe,NULL,31/08/2013
24881,NULL,8653,Tasha Ashe,NULL,12/11/2013
27531,NULL,3927,Abigail Bailey,NULL,14/05/2013
21812,NULL,15169,Adrian Bailey,NULL,15/04/2014
28676,NULL,15135,Alex Bailey,NULL,21/10/2011
27475,NULL,8849,Alexa Bailey,NULL,28/05/2014
13378,NULL,2772,Alexandra Bailey,NULL,02/10/2013
13209,NULL,8871,Alexandria Bailey,NULL,31/01/2014
21377,NULL,8844,Allison Bailey,NULL,04/11/2013
26595,NULL,20127,Alyssa Bailey,NULL,07/06/2014
20414,NULL,3000,Amanda Bailey,NULL,13/03/2014
20207,NULL,15132,Angel Bailey,NULL,12/11/2013
24737,NULL,8873,Angela Bailey,NULL,02/09/2013
23053,NULL,3628,Anna Bailey,NULL,30/03/2014
13691,NULL,8853,Ariana Bailey,NULL,28/01/2014
16904,NULL,8875,Arianna Bailey,NULL,12/03/2014
12094,NULL,8831,Bailey Bailey,NULL,25/12/2013
16988,NULL,15148,Brian Bailey,NULL,03/05/2014
28619,NULL,19201,Brianna Bailey,NULL,14/10/2011
13799,NULL,15162,Bryan Bailey,NULL,07/09/2013
13469,NULL,15150,Bryce Bailey,NULL,18/06/2014
15972,NULL,8854,Caitlin Bailey,NULL,28/02/2014
16780,NULL,15131,Carlos Bailey,NULL,05/02/2014
28330,NULL,15172,Charles Bailey,NULL,22/08/2013
24801,NULL,15153,Chase Bailey,NULL,05/03/2014
14564,NULL,20250,Chloe Bailey,NULL,21/05/2014
16853,NULL,8851,Christina Bailey,NULL,22/05/2014
19124,NULL,15170,Cody Bailey,NULL,26/05/2014
27510,NULL,15157,Cole Bailey,NULL,29/03/2014
19722,NULL,15188,Dalton Bailey,NULL,30/12/2013
27284,NULL,8846,Danielle Bailey,NULL,24/10/2013
22941,NULL,20017,Destiny Bailey,NULL,04/12/2013
25366,NULL,15174,Eduardo Bailey,NULL,16/08/2013
25044,NULL,19499,Emma Bailey,NULL,20/10/2013
25370,NULL,8868,Erin Bailey,NULL,20/09/2013
27649,NULL,15139,Evan Bailey,NULL,18/06/2011
25846,NULL,8879,Faith Bailey,NULL,16/02/2014
15505,NULL,8833,Gabriella Bailey,NULL,23/11/2013
19055,NULL,15164,Garrett Bailey,NULL,12/05/2014
25414,NULL,19599,Grace Bailey,NULL,06/11/2013
26270,NULL,3158,Hailey Bailey,NULL,25/12/2013
27562,NULL,3385,Haley Bailey,NULL,26/06/2014
22275,NULL,15179,Ian Bailey,NULL,11/07/2013
14491,NULL,15141,Isaac Bailey,NULL,26/10/2013
22123,NULL,20771,Isabella Bailey,NULL,24/10/2013
17751,NULL,15134,Isaiah Bailey,NULL,17/10/2013
28610,NULL,8877,Jacqueline Bailey,NULL,13/03/2014
27052,NULL,8836,Jada Bailey,NULL,01/01/2014
11319,NULL,8869,Jade Bailey,NULL,27/07/2013
20647,NULL,15158,Jared Bailey,NULL,13/01/2014
28658,NULL,19803,Jasmine Bailey,NULL,10/10/2011
18448,NULL,20454,Jennifer Bailey,NULL,15/03/2014
20122,NULL,15190,Jeremy Bailey,NULL,14/04/2014
18061,NULL,15143,Jesse Bailey,NULL,14/12/2013
12945,NULL,3474,Jessica Bailey,NULL,27/06/2014
21243,NULL,15155,Juan Bailey,NULL,06/01/2014
16641,NULL,20349,Julia Bailey,NULL,28/03/2014
12153,NULL,20566,Kaitlyn Bailey,NULL,04/08/2013
28618,NULL,8837,Katelyn Bailey,NULL,24/10/2011
28905,NULL,2927,Katherine Bailey,NULL,25/09/2013
29224,NULL,8842,Kaylee Bailey,NULL,05/08/2013
25897,NULL,8862,Kimberly Bailey,NULL,13/03/2014
15864,NULL,3703,Lauren Bailey,NULL,10/03/2014
24929,NULL,15180,Lucas Bailey,NULL,16/11/2013
18233,NULL,8832,Mackenzie Bailey,NULL,01/03/2014
25362,NULL,8863,Makayla Bailey,NULL,22/03/2014
18329,NULL,15178,Marcus Bailey,NULL,26/03/2014
19150,NULL,3232,Maria Bailey,NULL,09/06/2014
27243,NULL,8870,Mariah Bailey,NULL,17/09/2013
15292,NULL,19091,Megan Bailey,NULL,06/03/2014
19572,NULL,8880,Melissa Bailey,NULL,18/11/2013
21483,NULL,8859,Michelle Bailey,NULL,18/03/2014
21354,NULL,20672,Morgan Bailey,NULL,05/09/2013
16334,NULL,2696,Natalie Bailey,NULL,02/07/2013
29336,NULL,15152,Nathaniel Bailey,NULL,22/09/2012
28842,NULL,19901,Nicole Bailey,NULL,12/08/2013
23892,NULL,19309,Olivia Bailey,NULL,05/11/2013
18985,NULL,8878,Paige Bailey,NULL,24/04/2014
15880,NULL,15147,Patrick Bailey,NULL,16/08/2013
18921,NULL,19706,Rachel Bailey,NULL,29/12/2013
22050,NULL,15176,Richard Bailey,NULL,16/11/2013
19163,NULL,8884,Riley Bailey,NULL,24/10/2013
22872,NULL,8834,Sara Bailey,NULL,18/12/2013
23428,NULL,8840,Savannah Bailey,NULL,02/01/2014
27710,NULL,15144,Sean Bailey,NULL,12/03/2014
21452,NULL,15184,Seth Bailey,NULL,29/11/2013
12515,NULL,8866,Shelby Bailey,NULL,24/12/2013
12883,NULL,3076,Stephanie Bailey,NULL,23/02/2014
15907,NULL,15166,Steven Bailey,NULL,03/03/2014
18948,NULL,2848,Sydney Bailey,NULL,20/01/2014
16434,NULL,3550,Taylor Bailey,NULL,02/11/2013
18456,NULL,15146,Timothy Bailey,NULL,06/04/2014
20677,NULL,8867,Trinity Bailey,NULL,06/01/2014
29169,NULL,19393,Victoria Bailey,NULL,09/12/2011
12305,NULL,15186,Xavier Bailey,NULL,31/03/2014
15554,NULL,8848,Zoe Bailey,NULL,26/06/2013
17862,NULL,16214,Aaron Baker,NULL,09/02/2014
12849,NULL,16221,Adam Baker,NULL,24/05/2014
27072,NULL,16232,Alex Baker,NULL,02/10/2013
26586,NULL,10327,Alexandra Baker,NULL,16/12/2013
26495,NULL,10374,Allison Baker,NULL,15/02/2014
23589,NULL,10333,Amanda Baker,NULL,20/04/2014
14634,NULL,10348,Amber Baker,NULL,26/12/2013
15542,NULL,10376,Andrea Baker,NULL,09/02/2014
11666,NULL,16228,Angel Baker,NULL,10/07/2013
26271,NULL,10356,Bailey Baker,NULL,22/12/2013
25368,NULL,4195,Blake Baker,NULL,04/09/2013
23968,NULL,16216,Caleb Baker,NULL,20/02/2014
15419,NULL,16227,Carlos Baker,NULL,31/12/2013
19313,NULL,4892,Charles Baker,NULL,23/05/2014
21324,NULL,10316,Chloe Baker,NULL,20/09/2013
26345,NULL,16217,Connor Baker,NULL,08/01/2014
18988,NULL,10350,Courtney Baker,NULL,03/04/2014
23207,NULL,4504,Dalton Baker,NULL,07/01/2014
19242,NULL,4972,Devin Baker,NULL,28/09/2013
18092,NULL,5056,Eduardo Baker,NULL,04/05/2014
18507,NULL,3732,Edward Baker,NULL,05/06/2014
26287,NULL,16208,Elijah Baker,NULL,16/10/2013
24357,NULL,16223,Eric Baker,NULL,13/10/2013
19893,NULL,16236,Evan Baker,NULL,30/06/2014
17533,NULL,3891,Fernando Baker,NULL,27/12/2013
14336,NULL,16206,Gabriel Baker,NULL,14/10/2013
17404,NULL,10363,Gabriella Baker,NULL,24/02/2014
14618,NULL,10340,Gabrielle Baker,NULL,02/03/2014
16378,NULL,10336,Hailey Baker,NULL,16/05/2014
19719,NULL,16832,Hunter Baker,NULL,03/12/2013
26200,NULL,4750,Ian Baker,NULL,04/12/2013
14356,NULL,10322,Isabella Baker,NULL,06/11/2013
12106,NULL,16230,Isaiah Baker,NULL,14/03/2014
17866,NULL,16219,Jack Baker,NULL,11/02/2014
28008,NULL,10366,Jada Baker,NULL,24/12/2013
14894,NULL,16791,James Baker,NULL,06/03/2014
15951,NULL,10352,Jenna Baker,NULL,21/09/2013
11800,NULL,10319,Jennifer Baker,NULL,13/01/2014
23471,NULL,4035,Jeremy Baker,NULL,20/03/2014
21766,NULL,16242,Jesse Baker,NULL,10/08/2013
18527,NULL,16793,Jonathan Baker,NULL,01/05/2014
11504,NULL,10353,Jordan Baker,NULL,03/10/2013
22937,NULL,16865,Jose Baker,NULL,20/05/2014
24650,NULL,10317,Julia Baker,NULL,03/02/2014
13232,NULL,10320,Kaitlyn Baker,NULL,07/02/2014
19703,NULL,10367,Katelyn Baker,NULL,21/07/2013
19334,NULL,10329,Katherine Baker,NULL,12/08/2013
11703,NULL,10372,Kaylee Baker,NULL,18/04/2014
13032,NULL,16204,Kevin Baker,NULL,05/09/2013
18982,NULL,16889,Kyle Baker,NULL,04/05/2014
29160,NULL,16802,Logan Baker,NULL,09/12/2013
11807,NULL,4824,Lucas Baker,NULL,12/02/2014
20539,NULL,16212,Luis Baker,NULL,23/02/2014
22952,NULL,16218,Luke Baker,NULL,26/07/2013
16563,NULL,10361,Mackenzie Baker,NULL,08/12/2013
19130,NULL,10343,Madeline Baker,NULL,04/10/2013
17520,NULL,4660,Marcus Baker,NULL,11/03/2014
15911,NULL,10339,Maria Baker,NULL,09/03/2014
20306,NULL,10346,Mary Baker,NULL,01/10/2013
13270,NULL,16237,Mason Baker,NULL,27/02/2014
14824,NULL,4120,Miguel Baker,NULL,11/04/2014
18833,NULL,10321,Morgan Baker,NULL,11/05/2014
17437,NULL,10325,Natalie Baker,NULL,03/08/2013
29000,NULL,16816,Nathan Baker,NULL,23/07/2013
26685,NULL,16844,Noah Baker,NULL,14/03/2014
29036,NULL,10342,Rebecca Baker,NULL,02/06/2014
13898,NULL,4578,Richard Baker,NULL,10/11/2013
27300,NULL,16853,Robert Baker,NULL,18/08/2013
11827,NULL,10364,Sara Baker,NULL,11/05/2014
11081,NULL,10369,Savannah Baker,NULL,13/09/2013
24778,NULL,16244,Sean Baker,NULL,24/07/2013
21520,NULL,4352,Seth Baker,NULL,02/04/2014
19465,NULL,10355,Sierra Baker,NULL,19/10/2013
16356,NULL,10345,Sophia Baker,NULL,15/12/2013
15287,NULL,10334,Stephanie Baker,NULL,09/04/2014
22093,NULL,10328,Sydney Baker,NULL,16/10/2013
25344,NULL,16873,Thomas Baker,NULL,20/03/2014
19688,NULL,16246,Timothy Baker,NULL,09/12/2013
25101,NULL,3807,Wyatt Baker,NULL,04/06/2014
20659,NULL,4430,Xavier Baker,NULL,27/05/2014
15903,NULL,3955,Abigail Barnes,NULL,05/11/2013
29215,NULL,12795,Abigail Barnes,NULL,11/06/2014
21654,NULL,12901,Aidan Barnes,NULL,16/08/2013
22268,NULL,2801,Alexandra Barnes,NULL,26/01/2014
18840,NULL,7604,Alexandria Barnes,NULL,01/05/2014
15231,NULL,7098,Alexia Barnes,NULL,17/06/2014
23935,NULL,12746,Alexis Barnes,NULL,09/12/2013
13335,NULL,20180,Alyssa Barnes,NULL,02/05/2014
20744,NULL,3026,Amanda Barnes,NULL,08/05/2014
18870,NULL,7434,Ana Barnes,NULL,23/06/2014
26532,NULL,7646,Angela Barnes,NULL,07/02/2014
15128,NULL,7133,Angelica Barnes,NULL,10/10/2013
20436,NULL,3658,Anna Barnes,NULL,30/12/2013
18688,NULL,13187,Antonio Barnes,NULL,16/01/2014
13321,NULL,7693,Arianna Barnes,NULL,01/06/2014
29156,NULL,12563,Ashley Barnes,NULL,22/12/2011
17865,NULL,13586,Blake Barnes,NULL,30/04/2014
15340,NULL,7175,Brittany Barnes,NULL,05/05/2014
11973,NULL,6775,Caroline Barnes,NULL,10/08/2013
15343,NULL,13237,Carson Barnes,NULL,27/04/2014
17459,NULL,6813,Cassidy Barnes,NULL,26/11/2013
23558,NULL,12943,Dakota Barnes,NULL,14/03/2014
17858,NULL,13450,Dalton Barnes,NULL,21/04/2014
24750,NULL,20064,Destiny Barnes,NULL,10/03/2014
16768,NULL,13729,Eduardo Barnes,NULL,22/06/2014
15416,NULL,13631,Edward Barnes,NULL,16/03/2014
24939,NULL,12657,Elizabeth Barnes,NULL,18/01/2014
15996,NULL,12986,Emily Barnes,NULL,15/10/2013
15726,NULL,7809,Faith Barnes,NULL,20/04/2014
11300,NULL,13098,Fernando Barnes,NULL,02/06/2014
14883,NULL,3334,Gabrielle Barnes,NULL,09/04/2014
16783,NULL,19639,Grace Barnes,NULL,24/04/2014
15555,NULL,3183,Hailey Barnes,NULL,18/06/2013
21339,NULL,3413,Haley Barnes,NULL,06/07/2013
14421,NULL,13024,Hannah Barnes,NULL,23/12/2013
16106,NULL,13865,Ian Barnes,NULL,15/06/2014
15693,NULL,7470,Isabel Barnes,NULL,24/12/2013
25239,NULL,2522,Isabella Barnes,NULL,27/02/2014
15453,NULL,7505,Isabelle Barnes,NULL,16/05/2014
11167,NULL,19844,Jasmine Barnes,NULL,30/04/2014
28097,NULL,20501,Jennifer Barnes,NULL,09/08/2011
21446,NULL,13497,Jeremy Barnes,NULL,09/10/2013
15068,NULL,3507,Jessica Barnes,NULL,05/10/2013
23080,NULL,7224,Jocelyn Barnes,NULL,16/10/2013
25279,NULL,6855,Jordyn Barnes,NULL,25/05/2014
21999,NULL,20388,Julia Barnes,NULL,31/03/2014
24526,NULL,13321,Julian Barnes,NULL,28/07/2013
15162,NULL,20606,Kaitlyn Barnes,NULL,22/04/2014
24256,NULL,12705,Kayla Barnes,NULL,25/08/2013
25204,NULL,7541,Kelly Barnes,NULL,18/08/2013
26625,NULL,19034,Lauren Barnes,NULL,14/01/2014
22082,NULL,13910,Lucas Barnes,NULL,13/09/2013
18567,NULL,13071,Madison Barnes,NULL,18/04/2014
13718,NULL,13817,Marcus Barnes,NULL,23/02/2014
20459,NULL,3260,Maria Barnes,NULL,29/12/2013
19621,NULL,8077,Mariah Barnes,NULL,05/10/2013
23701,NULL,7057,Marissa Barnes,NULL,01/03/2014
11281,NULL,19134,Megan Barnes,NULL,13/06/2013
29073,NULL,8117,Melanie Barnes,NULL,30/09/2013
12888,NULL,7853,Melissa Barnes,NULL,15/03/2014
13310,NULL,13543,Miguel Barnes,NULL,13/08/2013
21062,NULL,7268,Miranda Barnes,NULL,13/08/2013
27603,NULL,7303,Mya Barnes,NULL,06/12/2013
24295,NULL,2723,Natalie Barnes,NULL,11/05/2014
23156,NULL,12519,Samantha Barnes,NULL,26/11/2013
22188,NULL,12616,Sarah Barnes,NULL,22/05/2014
21603,NULL,13954,Seth Barnes,NULL,06/07/2013
21788,NULL,13140,Spencer Barnes,NULL,28/04/2014
19698,NULL,3104,Stephanie Barnes,NULL,18/11/2013
19759,NULL,2870,Sydney Barnes,NULL,29/10/2013
14279,NULL,3582,Taylor Barnes,NULL,24/02/2014
20369,NULL,12818,Trevor Barnes,NULL,08/10/2013
22681,NULL,12862,Tristan Barnes,NULL,10/11/2013
13810,NULL,7396,Vanessa Barnes,NULL,21/05/2014
24653,NULL,19430,Victoria Barnes,NULL,29/12/2013
13925,NULL,13670,Wyatt Barnes,NULL,08/08/2013
23382,NULL,13393,Xavier Barnes,NULL,29/01/2014
26012,NULL,15005,Mark Bebbington,NULL,05/12/2013
11025,NULL,12565,Alejandro Beck,NULL,27/03/2014
17248,NULL,19807,Alicia Beck,NULL,01/02/2014
11463,NULL,12037,Alisha Beck,NULL,15/05/2014
28889,NULL,16672,Alison Beck,NULL,15/01/2014
19314,NULL,5318,Alvin Beck,NULL,23/05/2014
14302,NULL,20560,April Beck,NULL,10/02/2014
26666,NULL,7785,Ashlee Beck,NULL,07/06/2013
26547,NULL,11628,Barbara Beck,NULL,05/05/2014
16312,NULL,16273,Bethany Beck,NULL,24/04/2014
29097,NULL,3728,Bonnie Beck,NULL,20/01/2014
12635,NULL,9422,Brad Beck,NULL,22/08/2013
22388,NULL,20312,Bradley Beck,NULL,25/08/2013
17952,NULL,9363,Brendan Beck,NULL,27/03/2014
29106,NULL,9192,Calvin Beck,NULL,26/11/2011
16311,NULL,16978,Carl Beck,NULL,06/06/2013
20597,NULL,4523,Carly Beck,NULL,10/11/2013
22403,NULL,4202,Cedric Beck,NULL,05/10/2013
20714,NULL,19896,Christine Beck,NULL,12/08/2013
19366,NULL,11424,Christy Beck,NULL,13/02/2014
11579,NULL,12669,Clayton Beck,NULL,31/12/2013
28256,NULL,13510,Colin Beck,NULL,27/10/2013
28331,NULL,12348,Colleen Beck,NULL,07/08/2013
16576,NULL,20478,Corey Beck,NULL,08/06/2014
12284,NULL,8756,Cristina Beck,NULL,21/10/2013
24022,NULL,5350,Dale Beck,NULL,17/04/2014
23989,NULL,15241,Damien Beck,NULL,14/07/2013
20960,NULL,8365,Darrell Beck,NULL,18/10/2013
17415,NULL,12241,Dawn Beck,NULL,31/03/2014
17322,NULL,20271,Derek Beck,NULL,14/06/2014
17092,NULL,4345,Devon Beck,NULL,12/07/2013
18247,NULL,4675,Donna Beck,NULL,25/03/2014
12838,NULL,5104,Ralph Beck,NULL,30/08/2013
21519,NULL,8551,Franklin Becker,NULL,11/11/2013
14794,NULL,9640,Gilbert Becker,NULL,14/04/2014
21390,NULL,9308,Grant Becker,NULL,10/05/2014
13104,NULL,2603,Gregory Becker,NULL,27/04/2014
27764,NULL,12997,Jaclyn Becker,NULL,16/03/2014
28278,NULL,9481,Jaime Becker,NULL,06/10/2013
17290,NULL,11527,Jenny Becker,NULL,13/01/2014
20857,NULL,16924,Jerry Becker,NULL,11/02/2014
26043,NULL,4721,Jodi Becker,NULL,31/03/2014
22591,NULL,12457,Jon Becker,NULL,23/10/2013
13614,NULL,19970,Julie Becker,NULL,18/03/2014
21167,NULL,16574,Kara Becker,NULL,28/01/2014
12730,NULL,3537,Karla Becker,NULL,24/05/2014
16447,NULL,4623,Kate Becker,NULL,29/10/2013
24588,NULL,19929,Kathryn Becker,NULL,20/12/2013
26997,NULL,20639,Katie Becker,NULL,24/10/2013
11416,NULL,16361,Katrina Becker,NULL,05/10/2013
27515,NULL,20520,Keith Becker,NULL,01/12/2013
16633,NULL,12140,Kelli Becker,NULL,07/06/2014
11968,NULL,16533,Kelsey Becker,NULL,17/01/2014
12842,NULL,3048,Kelvin Becker,NULL,25/02/2014
16581,NULL,2625,Kenneth Becker,NULL,27/03/2014
12514,NULL,11318,Lacey Becker,NULL,17/07/2013
17330,NULL,16406,Latoya Becker,NULL,19/02/2014
22405,NULL,5233,Leonard Becker,NULL,07/10/2013
23951,NULL,19851,Lindsay Becker,NULL,25/03/2014
25841,NULL,20677,Lindsey Becker,NULL,27/01/2014
24193,NULL,13112,Louis Becker,NULL,20/02/2014
13914,NULL,3923,Abigail Bell,NULL,26/09/2013
11874,NULL,15032,Adrian Bell,NULL,20/06/2014
16754,NULL,14997,Alex Bell,NULL,02/01/2014
21600,NULL,8745,Alexa Bell,NULL,02/06/2013
26126,NULL,2767,Alexandra Bell,NULL,13/05/2014
13758,NULL,8764,Alexandria Bell,NULL,19/05/2014
28863,NULL,8734,Allison Bell,NULL,07/06/2014
18775,NULL,8736,Andrea Bell,NULL,05/07/2013
14469,NULL,8767,Angela Bell,NULL,31/08/2013
23394,NULL,3625,Anna Bell,NULL,08/02/2014
29149,NULL,8748,Ariana Bell,NULL,17/08/2012
27675,NULL,8768,Arianna Bell,NULL,14/11/2013
13203,NULL,8717,Bailey Bell,NULL,06/09/2013
28603,NULL,15013,Brian Bell,NULL,03/02/2014
17538,NULL,19198,Brianna Bell,NULL,16/11/2013
23253,NULL,8752,Brooke Bell,NULL,09/12/2013
16394,NULL,15028,Bryan Bell,NULL,12/06/2013
20025,NULL,15015,Bryce Bell,NULL,12/04/2014
21469,NULL,8750,Caitlin Bell,NULL,12/06/2013
24756,NULL,14991,Carlos Bell,NULL,19/01/2014
25314,NULL,15035,Charles Bell,NULL,26/08/2013
18091,NULL,15018,Chase Bell,NULL,07/05/2014
23514,NULL,20245,Chloe Bell,NULL,26/02/2014
26099,NULL,8746,Christina Bell,NULL,16/10/2013
12965,NULL,15034,Cody Bell,NULL,07/07/2013
20311,NULL,15026,Cole Bell,NULL,19/04/2014
27944,NULL,15059,Dalton Bell,NULL,28/10/2013
14041,NULL,8739,Danielle Bell,NULL,06/02/2014
12419,NULL,20011,Destiny Bell,NULL,10/11/2013
28429,NULL,15038,Devin Bell,NULL,26/10/2013
27101,NULL,15040,Eduardo Bell,NULL,26/10/2012
26715,NULL,8721,Gabriella Bell,NULL,11/03/2014
22373,NULL,3304,Gabrielle Bell,NULL,31/01/2014
14265,NULL,15030,Garrett Bell,NULL,07/06/2014
12748,NULL,19596,Grace Bell,NULL,30/12/2013
29437,NULL,3380,Haley Bell,NULL,27/02/2014
12507,NULL,15046,Ian Bell,NULL,11/09/2013
27698,NULL,20763,Isabella Bell,NULL,10/05/2014
27197,NULL,14996,Isaiah Bell,NULL,26/10/2013
21601,NULL,8771,Jacqueline Bell,NULL,23/07/2013
25194,NULL,8723,Jada Bell,NULL,02/12/2013
26246,NULL,8761,Jade Bell,NULL,06/03/2014
25862,NULL,15027,Jared Bell,NULL,25/01/2014
16759,NULL,19799,Jasmine Bell,NULL,25/03/2014
24040,NULL,20449,Jennifer Bell,NULL,07/12/2013
26525,NULL,15064,Jeremy Bell,NULL,16/02/2014
17699,NULL,15008,Jesse Bell,NULL,02/12/2013
22178,NULL,3471,Jessica Bell,NULL,15/04/2014
17215,NULL,15020,Juan Bell,NULL,08/02/2014
21652,NULL,20347,Julia Bell,NULL,02/07/2013
21086,NULL,8727,Katelyn Bell,NULL,14/01/2014
25417,NULL,8730,Savannah Bell,NULL,26/11/2013
27785,NULL,15021,Sebastian Bell,NULL,24/12/2013
18940,NULL,15054,Seth Bell,NULL,09/04/2014
27370,NULL,3073,Stephanie Bell,NULL,07/11/2013
15534,NULL,15031,Steven Bell,NULL,05/02/2014
17358,NULL,2842,Sydney Bell,NULL,14/11/2013
23286,NULL,3547,Taylor Bell,NULL,17/12/2013
28101,NULL,15010,Timothy Bell,NULL,13/07/2013
27898,NULL,8759,Trinity Bell,NULL,15/05/2014
15168,NULL,15056,Xavier Bell,NULL,20/02/2014
24290,NULL,8740,Zoe Bell,NULL,23/12/2013
28751,NULL,11019,Joe Belson,NULL,23/05/2014
27411,NULL,13280,Mason Bendixen,NULL,04/11/2013
28300,NULL,3951,Abigail Bennett,NULL,11/09/2013
18998,NULL,12894,Aidan Bennett,NULL,08/05/2014
24961,NULL,2797,Alexandra Bennett,NULL,04/12/2013
26690,NULL,7093,Alexia Bennett,NULL,26/10/2013
21786,NULL,12744,Alexis Bennett,NULL,29/01/2014
25852,NULL,3024,Amanda Bennett,NULL,25/10/2013
17391,NULL,7643,Angela Bennett,NULL,27/06/2014
23290,NULL,7129,Angelica Bennett,NULL,13/06/2014
11631,NULL,13182,Antonio Bennett,NULL,27/05/2014
23767,NULL,7687,Arianna Bennett,NULL,19/06/2014
24788,NULL,12561,Ashley Bennett,NULL,15/02/2014
20381,NULL,13584,Blake Bennett,NULL,01/04/2014
22332,NULL,7172,Brittany Bennett,NULL,16/11/2013
17508,NULL,6773,Caroline Bennett,NULL,24/04/2014
16951,NULL,6809,Cassidy Bennett,NULL,03/09/2013
26091,NULL,20280,Chloe Bennett,NULL,31/12/2013
11871,NULL,13447,Dalton Bennett,NULL,29/10/2013
21920,NULL,20057,Destiny Bennett,NULL,26/04/2014
27563,NULL,14283,Devin Bennett,NULL,28/11/2013
29154,NULL,13726,Eduardo Bennett,NULL,25/09/2012
18682,NULL,12984,Emily Bennett,NULL,26/02/2014
19880,NULL,19534,Emma Bennett,NULL,30/08/2013
27174,NULL,13096,Fernando Bennett,NULL,10/02/2014
20467,NULL,3331,Gabrielle Bennett,NULL,23/03/2014
17588,NULL,13276,Gavin Bennett,NULL,13/04/2014
28819,NULL,19636,Grace Bennett,NULL,05/07/2012
20538,NULL,3180,Hailey Bennett,NULL,13/03/2014
23813,NULL,13020,Hannah Bennett,NULL,18/03/2014
15454,NULL,13863,Ian Bennett,NULL,05/02/2014
17043,NULL,2502,Isabella Bennett,NULL,02/10/2013
18674,NULL,7502,Isabelle Bennett,NULL,28/06/2014
11199,NULL,7729,Jacqueline Bennett,NULL,19/03/2014
15904,NULL,12789,Janice Bennett,NULL,31/10/2013
13708,NULL,20491,Jennifer Bennett,NULL,12/06/2014
13182,NULL,13492,Jeremy Bennett,NULL,08/05/2014
24330,NULL,3502,Jessica Bennett,NULL,06/05/2014
22230,NULL,6850,Jordyn Bennett,NULL,25/02/2014
23577,NULL,20383,Julia Bennett,NULL,30/07/2013
23738,NULL,13317,Julian Bennett,NULL,18/03/2014
16942,NULL,20600,Kaitlyn Bennett,NULL,20/07/2013
15315,NULL,2950,Katherine Bennett,NULL,08/09/2013
19235,NULL,12700,Kayla Bennett,NULL,16/03/2014
29221,NULL,7534,Kelly Bennett,NULL,03/12/2013
28287,NULL,19023,Lauren Bennett,NULL,23/09/2013
12453,NULL,13069,Madison Bennett,NULL,20/10/2013
29029,NULL,13813,Marcus Bennett,NULL,24/04/2014
22983,NULL,3257,Maria Bennett,NULL,21/12/2013
21684,NULL,8073,Mariah Bennett,NULL,11/01/2014
28805,NULL,7580,Marissa Bennett,NULL,25/11/2011
12439,NULL,19130,Megan Bennett,NULL,25/08/2013
28337,NULL,7847,Melissa Bennett,NULL,10/05/2014
26546,NULL,13540,Miguel Bennett,NULL,22/11/2013
18819,NULL,7265,Miranda Bennett,NULL,07/05/2014
15097,NULL,20705,Morgan Bennett,NULL,03/01/2014
18568,NULL,7301,Mya Bennett,NULL,18/04/2014
23467,NULL,19950,Nicole Bennett,NULL,20/06/2014
28067,NULL,19339,Olivia Bennett,NULL,20/04/2014
20313,NULL,13363,Oscar Bennett,NULL,04/05/2014
17096,NULL,12515,Samantha Bennett,NULL,08/07/2013
17145,NULL,12612,Sarah Bennett,NULL,15/04/2014
24493,NULL,13946,Seth Bennett,NULL,03/05/2012
18807,NULL,13137,Spencer Bennett,NULL,27/08/2013
11014,NULL,2868,Sydney Bennett,NULL,30/09/2013
28972,NULL,3579,Taylor Bennett,NULL,25/01/2014
21795,NULL,12856,Tristan Bennett,NULL,12/08/2013
25096,NULL,19427,Victoria Bennett,NULL,15/07/2013
13658,NULL,13669,Wyatt Bennett,NULL,23/11/2013
26803,NULL,13999,Xavier Bennett,NULL,27/12/2013
14820,NULL,9247,Drew Bhat,NULL,17/07/2013
13079,NULL,13217,Edwin Bhat,NULL,03/04/2014
15225,NULL,3656,Yolanda Bhat,NULL,26/03/2014
27905,NULL,16830,Mario Black,NULL,18/11/2013
15450,NULL,11714,Marshall Black,NULL,01/08/2013
21779,NULL,9088,Maurice Black,NULL,21/05/2014
12429,NULL,4406,Melvin Black,NULL,05/08/2013
13995,NULL,8433,Michele Black,NULL,19/04/2014
18696,NULL,4572,Mindy Black,NULL,06/08/2013
27127,NULL,16485,Misty Black,NULL,29/10/2013
25691,NULL,17156,Mitchell Black,NULL,02/08/2013
22422,NULL,16625,Nichole Black,NULL,18/02/2014
23945,NULL,5290,Nicolas Black,NULL,11/03/2014
17968,NULL,4470,Nina Black,NULL,25/01/2014
28147,NULL,12775,Omar Black,NULL,30/08/2011
21213,NULL,20435,Peter Black,NULL,28/03/2014
15766,NULL,8810,Priscilla Black,NULL,20/11/2013
11966,NULL,12892,Rafael Black,NULL,20/05/2014
25301,NULL,9539,Raul Black,NULL,24/03/2014
19730,NULL,17027,Ricardo Black,NULL,09/12/2013
28416,NULL,13327,Roger Black,NULL,30/10/2013
18897,NULL,16878,Russell Black,NULL,01/02/2014
17355,NULL,17113,Shaun Black,NULL,01/12/2013
19499,NULL,20399,Shawn Black,NULL,06/07/2013
15205,NULL,3601,Shawna Black,NULL,29/03/2014
19248,NULL,8706,Sheena Black,NULL,31/12/2013
24202,NULL,11928,Tamara Black,NULL,29/01/2014
24216,NULL,20018,Tara Black,NULL,09/05/2014
24718,NULL,4293,Terrence Black,NULL,07/09/2013
26396,NULL,17253,Terry Black,NULL,18/06/2014
24376,NULL,4232,Tommy Black,NULL,09/05/2014
27306,NULL,17206,Tony Black,NULL,16/01/2014
21254,NULL,8488,Tonya Black,NULL,14/07/2013
24903,NULL,16439,Tracy Black,NULL,09/08/2013
26538,NULL,4671,Warren Black,NULL,23/02/2014
25056,NULL,9143,Wayne Black,NULL,20/01/2014
18172,NULL,13416,Willie Black,NULL,27/06/2014
18132,NULL,7128,Adrienne Blanco,NULL,09/02/2014
13581,NULL,14920,Albert Blanco,NULL,09/11/2013
27867,NULL,6637,Alberto Blanco,NULL,07/01/2014
17626,NULL,2818,Alfredo Blanco,NULL,16/11/2013
14923,NULL,2754,Andy Blanco,NULL,29/03/2014
20014,NULL,14380,Anne Blanco,NULL,28/08/2013
13918,NULL,6965,Armando Blanco,NULL,18/05/2014
21913,NULL,10972,Arthur Blanco,NULL,24/05/2014
12657,NULL,6041,Audrey Blanco,NULL,25/05/2014
29444,NULL,6100,Beth Blanco,NULL,10/03/2014
23316,NULL,15762,Billy Blanco,NULL,29/12/2013
20986,NULL,18493,Brandi Blanco,NULL,07/03/2014
20455,NULL,10875,Bruce Blanco,NULL,21/06/2014
13524,NULL,6202,Cheryl Blanco,NULL,16/09/2013
14195,NULL,14634,Clinton Blanco,NULL,04/01/2014
16230,NULL,19077,Craig Blanco,NULL,20/05/2014
20551,NULL,6151,Daisy Blanco,NULL,27/06/2014
13773,NULL,17829,Dana Blanco,NULL,10/12/2013
17877,NULL,14770,Danny Blanco,NULL,17/10/2013
14382,NULL,10240,Darren Blanco,NULL,12/11/2013
29024,NULL,9816,Deanna Blanco,NULL,24/06/2014
17473,NULL,9706,Ebony Blanco,NULL,23/02/2014
29093,NULL,19291,Erik Blanco,NULL,19/01/2014
14669,NULL,18716,Erika Blanco,NULL,02/05/2014
12297,NULL,14295,Felicia Blanco,NULL,11/04/2014
25750,NULL,2537,Francis Blanco,NULL,25/10/2013
23975,NULL,18349,Frank Blanco,NULL,24/04/2014
17712,NULL,19038,Gary Blanco,NULL,13/12/2013
28918,NULL,15065,Gina Blanco,NULL,25/07/2013
22938,NULL,14727,Hector Blanco,NULL,13/05/2014
13411,NULL,6364,Jacquelyn Blanco,NULL,30/10/2013
22528,NULL,7076,Jaime Blanco,NULL,08/01/2014
23492,NULL,14668,Jamie Blanco,NULL,16/04/2014
23608,NULL,5671,Jessie Blanco,NULL,26/07/2013
20448,NULL,18394,Jésus Blanco,NULL,08/12/2013
17838,NULL,15105,Jill Blanco,NULL,19/03/2014
14013,NULL,15659,Jimmy Blanco,NULL,14/05/2014
25733,NULL,13993,Joanna Blanco,NULL,31/12/2013
25675,NULL,11068,Joe Blanco,NULL,18/07/2013
17809,NULL,12642,Josue Blanco,NULL,05/12/2013
17678,NULL,7018,Julio Blanco,NULL,01/02/2014
19627,NULL,10564,Kari Blanco,NULL,26/09/2013
25232,NULL,16114,Kellie Blanco,NULL,25/06/2014
20563,NULL,15163,Kendra Blanco,NULL,13/11/2013
27580,NULL,14235,Krista Blanco,NULL,08/03/2014
15464,NULL,9602,Kristi Blanco,NULL,16/05/2014
25695,NULL,6319,Kristine Blanco,NULL,06/11/2013
24959,NULL,14340,Kristy Blanco,NULL,16/09/2013
13255,NULL,14866,Lance Blanco,NULL,04/05/2014
21216,NULL,18449,Larry Blanco,NULL,03/02/2014
11189,NULL,14459,Lawrence Blanco,NULL,08/07/2013
16660,NULL,14419,Lee Blanco,NULL,14/05/2014
27695,NULL,18533,Leslie Blanco,NULL,02/05/2014
15735,NULL,14122,Lori Blanco,NULL,07/02/2014
21958,NULL,5972,Mallory Blanco,NULL,24/04/2014
24908,NULL,15712,Marc Blanco,NULL,17/09/2013
12595,NULL,14539,Mathew Blanco,NULL,04/01/2014
26360,NULL,2705,Max Blanco,NULL,20/10/2013
17961,NULL,18811,Meghan Blanco,NULL,06/04/2014
11113,NULL,14592,Micheal Blanco,NULL,21/09/2013
24122,NULL,9025,Michele Blanco,NULL,26/02/2014
14103,NULL,13783,Monique Blanco,NULL,08/02/2014
26405,NULL,17499,Naomi Blanco,NULL,12/02/2014
15808,NULL,18761,Natasha Blanco,NULL,20/04/2014
19934,NULL,6864,Neil Blanco,NULL,14/10/2013
23718,NULL,19364,Nelson Blanco,NULL,20/03/2014
22575,NULL,18937,Orlando Blanco,NULL,10/11/2013
12538,NULL,15181,Paula Blanco,NULL,27/10/2013
26217,NULL,11721,Pedro Blanco,NULL,27/04/2014
15603,NULL,19207,Philip Blanco,NULL,16/01/2014
26321,NULL,14979,Randall Blanco,NULL,06/12/2013
18149,NULL,9913,Rebekah Blanco,NULL,02/04/2014
25770,NULL,6585,Reginald Blanco,NULL,26/05/2014
16606,NULL,15605,Ricky Blanco,NULL,16/01/2014
24179,NULL,13188,Robyn Blanco,NULL,05/02/2014
20158,NULL,13698,Rodney Blanco,NULL,03/07/2013
26334,NULL,11821,Ross Blanco,NULL,28/02/2014
20203,NULL,11172,Roy Blanco,NULL,22/02/2014
13564,NULL,14186,Sabrina Blanco,NULL,06/05/2014
17724,NULL,14695,Sheila Blanco,NULL,11/01/2014
14767,NULL,18622,Stacy Blanco,NULL,01/03/2014
21609,NULL,10451,Tabitha Blanco,NULL,07/07/2013
19324,NULL,14037,Tanya Blanco,NULL,11/12/2013
29380,NULL,15217,Teresa Blanco,NULL,25/12/2012
26824,NULL,13912,Theresa Blanco,NULL,19/10/2013
19458,NULL,6814,Tyrone Blanco,NULL,13/11/2013
15586,NULL,19249,Victor Blanco,NULL,01/03/2014
19604,NULL,13951,Wendy Blanco,NULL,19/04/2014
19121,NULL,20558,Kaitlyn Blue,NULL,03/09/2013
18585,NULL,2924,Katherine Blue,NULL,29/03/2014
28810,NULL,8732,Kaylee Blue,NULL,24/07/2013
15382,NULL,8753,Kimberly Blue,NULL,04/01/2014
18890,NULL,3700,Lauren Blue,NULL,17/12/2013
28169,NULL,15050,Lucas Blue,NULL,14/01/2012
12925,NULL,8718,Mackenzie Blue,NULL,15/08/2013
19000,NULL,8755,Makayla Blue,NULL,18/06/2014
27550,NULL,15045,Marcus Blue,NULL,29/04/2013
16226,NULL,3230,Maria Blue,NULL,03/08/2013
19131,NULL,15002,Mason Blue,NULL,14/05/2014
18791,NULL,19085,Megan Blue,NULL,23/05/2014
17861,NULL,8763,Melanie Blue,NULL,25/04/2014
13848,NULL,8774,Melissa Blue,NULL,12/07/2013
15947,NULL,8751,Michelle Blue,NULL,30/01/2014
13056,NULL,20668,Morgan Blue,NULL,13/03/2014
20307,NULL,2692,Natalie Blue,NULL,09/11/2013
24437,NULL,19897,Nicole Blue,NULL,24/07/2013
14412,NULL,19953,Nicole Blue,NULL,06/12/2013
15994,NULL,19341,Olivia Blue,NULL,31/12/2013
27008,NULL,13366,Oscar Blue,NULL,15/02/2014
20326,NULL,7774,Paige Blue,NULL,28/09/2013
21703,NULL,8773,Paige Blue,NULL,06/06/2014
22263,NULL,15011,Patrick Blue,NULL,24/06/2014
20359,NULL,19701,Rachel Blue,NULL,07/11/2013
17162,NULL,19744,Rachel Blue,NULL,01/10/2013
12006,NULL,13771,Richard Blue,NULL,29/12/2013
17868,NULL,15042,Richard Blue,NULL,17/02/2014
23042,NULL,7362,Riley Blue,NULL,12/01/2014
17118,NULL,8722,Sara Blue,NULL,23/10/2013
17691,NULL,7601,Alexandria Bradley,NULL,11/04/2014
15677,NULL,20124,Alyssa Bradley,NULL,18/03/2014
25289,NULL,2999,Amanda Bradley,NULL,24/11/2013
27294,NULL,7432,Ana Bradley,NULL,06/03/2014
13989,NULL,20288,Chloe Bradley,NULL,19/08/2013
15884,NULL,12940,Dakota Bradley,NULL,07/10/2013
27322,NULL,19125,Derrick Bradley,NULL,02/09/2013
20582,NULL,13870,Desiree Bradley,NULL,27/12/2013
15140,NULL,15670,Diane Bradley,NULL,30/03/2014
29476,NULL,12655,Elizabeth Bradley,NULL,21/12/2011
14211,NULL,19496,Emma Bradley,NULL,05/01/2014
13401,NULL,8760,Erin Bradley,NULL,23/04/2014
18506,NULL,14998,Evan Bradley,NULL,05/03/2014
20301,NULL,16563,Gloria Bradley,NULL,23/10/2013
27783,NULL,7468,Isabel Bradley,NULL,02/09/2013
19185,NULL,7733,Jacqueline Bradley,NULL,18/07/2013
23022,NULL,7217,Jocelyn Bradley,NULL,24/10/2013
23596,NULL,2953,Katherine Bradley,NULL,01/02/2014
27760,NULL,6152,Latasha Bradley,NULL,30/10/2013
25397,NULL,13908,Lucas Bradley,NULL,24/11/2013
13343,NULL,8113,Melanie Bradley,NULL,24/12/2013
16955,NULL,15016,Nathaniel Bradley,NULL,28/11/2013
20506,NULL,7772,Paige Bradley,NULL,03/08/2013
15850,NULL,19739,Rachel Bradley,NULL,13/05/2014
29173,NULL,13767,Richard Bradley,NULL,27/09/2013
18142,NULL,7360,Riley Bradley,NULL,30/03/2014
26883,NULL,8757,Shelby Bradley,NULL,27/04/2014
29454,NULL,19391,Victoria Bradley,NULL,14/02/2014
11811,NULL,3945,Abigail Brooks,NULL,17/11/2013
23076,NULL,14145,Adrian Brooks,NULL,27/05/2014
14251,NULL,14114,Alex Brooks,NULL,08/04/2014
28874,NULL,7919,Alexa Brooks,NULL,22/10/2013
22138,NULL,2792,Alexandra Brooks,NULL,17/09/2013
27759,NULL,7942,Alexandria Brooks,NULL,20/07/2011
14605,NULL,7912,Allison Brooks,NULL,12/03/2014
24657,NULL,20161,Alyssa Brooks,NULL,29/04/2014
13224,NULL,3019,Amanda Brooks,NULL,23/10/2013
21708,NULL,7913,Andrea Brooks,NULL,04/01/2014
27045,NULL,14111,Angel Brooks,NULL,17/01/2013
22548,NULL,7948,Angela Brooks,NULL,04/06/2014
14366,NULL,3649,Anna Brooks,NULL,27/11/2013
25670,NULL,7923,Ariana Brooks,NULL,26/04/2014
14410,NULL,7949,Arianna Brooks,NULL,28/04/2014
15941,NULL,7900,Bailey Brooks,NULL,09/02/2014
23694,NULL,14129,Brian Brooks,NULL,30/11/2013
25942,NULL,19227,Brianna Brooks,NULL,19/02/2014
24263,NULL,7928,Brooke Brooks,NULL,12/12/2013
12061,NULL,14130,Bryce Brooks,NULL,01/03/2014
12096,NULL,7924,Caitlin Brooks,NULL,20/12/2013
14628,NULL,14110,Carlos Brooks,NULL,11/03/2014
19869,NULL,19527,Carol Brooks,NULL,14/03/2014
20181,NULL,7915,Catherine Brooks,NULL,12/06/2013
19201,NULL,14147,Charles Brooks,NULL,29/06/2013
22764,NULL,14132,Chase Brooks,NULL,03/02/2014
27103,NULL,20275,Chloe Brooks,NULL,20/02/2014
22496,NULL,7920,Christina Brooks,NULL,07/03/2014
25842,NULL,14137,Cole Brooks,NULL,01/10/2013
13173,NULL,14165,Dalton Brooks,NULL,19/09/2013
19999,NULL,7917,Danielle Brooks,NULL,01/09/2013
18105,NULL,20049,Destiny Brooks,NULL,26/08/2013
11164,NULL,14151,Devin Brooks,NULL,05/01/2014
15320,NULL,14153,Eduardo Brooks,NULL,16/01/2014
15759,NULL,7937,Erin Brooks,NULL,21/08/2013
23401,NULL,14115,Evan Brooks,NULL,12/02/2014
26324,NULL,7953,Faith Brooks,NULL,19/01/2014
23092,NULL,3324,Gabrielle Brooks,NULL,25/11/2013
18425,NULL,14142,Garrett Brooks,NULL,11/02/2014
22231,NULL,19629,Grace Brooks,NULL,30/10/2013
13835,NULL,3174,Hailey Brooks,NULL,28/01/2014
17193,NULL,3404,Haley Brooks,NULL,28/05/2014
28290,NULL,14158,Ian Brooks,NULL,12/10/2013
23385,NULL,14119,Isaac Brooks,NULL,11/10/2013
13895,NULL,2461,Isabella Brooks,NULL,01/11/2013
19864,NULL,14113,Isaiah Brooks,NULL,01/12/2013
28254,NULL,7950,Jacqueline Brooks,NULL,21/11/2013
21428,NULL,7906,Jada Brooks,NULL,24/04/2014
19109,NULL,7938,Jade Brooks,NULL,17/05/2014
24476,NULL,14139,Jared Brooks,NULL,30/10/2013
19252,NULL,19832,Jasmine Brooks,NULL,30/08/2013
17411,NULL,20483,Jennifer Brooks,NULL,27/03/2014
24713,NULL,14166,Jeremy Brooks,NULL,30/07/2013
22719,NULL,14121,Jesse Brooks,NULL,18/12/2013
26856,NULL,3497,Jessica Brooks,NULL,14/10/2013
18516,NULL,14133,Juan Brooks,NULL,28/05/2014
11949,NULL,20374,Julia Brooks,NULL,24/02/2014
15475,NULL,20594,Kaitlyn Brooks,NULL,29/05/2014
27279,NULL,7908,Katelyn Brooks,NULL,03/03/2014
22098,NULL,2944,Katherine Brooks,NULL,28/11/2013
24110,NULL,7911,Kaylee Brooks,NULL,19/08/2013
27561,NULL,7929,Kimberly Brooks,NULL,29/07/2013
24445,NULL,19015,Lauren Brooks,NULL,30/10/2013
16089,NULL,14161,Lucas Brooks,NULL,04/04/2014
24292,NULL,7901,Mackenzie Brooks,NULL,16/07/2013
22252,NULL,7932,Makayla Brooks,NULL,31/12/2013
27638,NULL,14156,Marcus Brooks,NULL,02/11/2013
20422,NULL,3251,Maria Brooks,NULL,08/12/2013
21620,NULL,7939,Mariah Brooks,NULL,27/11/2013
21142,NULL,14118,Mason Brooks,NULL,24/05/2014
15508,NULL,19118,Megan Brooks,NULL,23/12/2013
17589,NULL,7940,Melanie Brooks,NULL,24/06/2014
19198,NULL,7955,Melissa Brooks,NULL,18/06/2013
19537,NULL,7926,Michelle Brooks,NULL,20/08/2013
15548,NULL,20698,Morgan Brooks,NULL,29/06/2013
25071,NULL,2716,Natalie Brooks,NULL,14/06/2014
19218,NULL,14131,Nathaniel Brooks,NULL,11/08/2013
26467,NULL,19936,Nicole Brooks,NULL,03/05/2014
18665,NULL,19333,Olivia Brooks,NULL,01/01/2014
22232,NULL,7951,Paige Brooks,NULL,16/11/2013
20644,NULL,14128,Patrick Brooks,NULL,31/03/2014
27604,NULL,14154,Richard Brooks,NULL,09/06/2011
29264,NULL,7956,Riley Brooks,NULL,07/03/2014
12288,NULL,7905,Sara Brooks,NULL,11/06/2014
24558,NULL,7909,Savannah Brooks,NULL,28/09/2013
11617,NULL,14123,Sean Brooks,NULL,07/09/2013
12638,NULL,14135,Sebastian Brooks,NULL,04/04/2014
11746,NULL,14163,Seth Brooks,NULL,11/04/2014
25103,NULL,7934,Shelby Brooks,NULL,04/01/2014
25387,NULL,3097,Stephanie Brooks,NULL,15/10/2013
14877,NULL,14143,Steven Brooks,NULL,07/02/2014
26707,NULL,2862,Sydney Brooks,NULL,19/12/2013
24313,NULL,3573,Taylor Brooks,NULL,18/10/2013
17600,NULL,14126,Timothy Brooks,NULL,10/01/2014
18784,NULL,7936,Trinity Brooks,NULL,17/03/2014
16479,NULL,19418,Victoria Brooks,NULL,24/04/2014
15770,NULL,14164,Xavier Brooks,NULL,08/02/2014
19017,NULL,7918,Zoe Brooks,NULL,07/04/2014
20363,NULL,18182,Alexander Brown,NULL,13/04/2014
13977,NULL,10704,Alexandra Brown,NULL,23/11/2013
27749,NULL,11997,Alexis Brown,NULL,14/01/2014
26468,NULL,11525,Alyssa Brown,NULL,11/07/2013
19819,NULL,18870,Andrew Brown,NULL,26/03/2014
16247,NULL,12176,Anna Brown,NULL,22/12/2013
19399,NULL,18599,Anthony Brown,NULL,11/11/2013
25165,NULL,12413,Ashley Brown,NULL,18/05/2014
23590,NULL,18212,Austin Brown,NULL,07/06/2014
15187,NULL,17923,Benjamin Brown,NULL,28/03/2014
21647,NULL,4146,Blake Brown,NULL,13/07/2013
14400,NULL,18437,Brandon Brown,NULL,14/12/2013
13041,NULL,17632,Cameron Brown,NULL,19/11/2013
27051,NULL,4843,Charles Brown,NULL,20/01/2013
25890,NULL,11571,Chloe Brown,NULL,18/07/2013
22755,NULL,18016,Christian Brown,NULL,14/05/2014
20295,NULL,18019,Christopher Brown,NULL,13/11/2013
21813,NULL,4458,Dalton Brown,NULL,26/05/2014
22752,NULL,18661,Daniel Brown,NULL,18/10/2013
27191,NULL,18131,David Brown,NULL,21/06/2014
25847,NULL,11482,Destiny Brown,NULL,22/02/2014
22040,NULL,4917,Devin Brown,NULL,16/10/2013
12449,NULL,18485,Dylan Brown,NULL,10/11/2013
22070,NULL,5007,Eduardo Brown,NULL,06/01/2014
27621,NULL,4229,Edward Brown,NULL,22/04/2014
27090,NULL,11908,Elizabeth Brown,NULL,24/02/2013
21914,NULL,12225,Emily Brown,NULL,20/09/2013
27616,NULL,11853,Emma Brown,NULL,11/04/2014
17369,NULL,17859,Ethan Brown,NULL,14/07/2013
19001,NULL,3838,Fernando Brown,NULL,04/01/2014
15749,NULL,11302,Grace Brown,NULL,19/06/2014
28680,NULL,12273,Hannah Brown,NULL,26/03/2014
27036,NULL,17895,Hunter Brown,NULL,01/08/2013
13888,NULL,4694,Ian Brown,NULL,31/03/2014
26692,NULL,11215,Isabella Brown,NULL,09/03/2014
16815,NULL,18682,Jacob Brown,NULL,12/06/2014
11192,NULL,17599,James Brown,NULL,25/02/2014
15853,NULL,11388,Jasmine Brown,NULL,27/11/2013
15939,NULL,11085,Jennifer Brown,NULL,02/12/2013
11671,NULL,12085,Jessica Brown,NULL,08/09/2013
20637,NULL,18292,John Brown,NULL,12/10/2013
11875,NULL,17570,Jonathan Brown,NULL,29/06/2014
18500,NULL,17264,Jose Brown,NULL,13/05/2014
28042,NULL,18914,Joseph Brown,NULL,15/07/2011
20695,NULL,18765,Joshua Brown,NULL,27/05/2014
18065,NULL,11035,Julia Brown,NULL,13/03/2014
27672,NULL,18037,Justin Brown,NULL,25/01/2012
29120,NULL,11123,Kaitlyn Brown,NULL,08/11/2013
14538,NULL,10803,Katherine Brown,NULL,15/02/2014
16094,NULL,11946,Kayla Brown,NULL,14/02/2014
28651,NULL,11620,Lauren Brown,NULL,12/10/2011
19135,NULL,17667,Logan Brown,NULL,06/09/2013
19816,NULL,4778,Lucas Brown,NULL,11/02/2014
21763,NULL,12318,Madison Brown,NULL,16/04/2014
17575,NULL,4608,Marcus Brown,NULL,20/01/2014
15886,NULL,18821,Matthew Brown,NULL,11/09/2013
15844,NULL,11673,Megan Brown,NULL,24/02/2014
23151,NULL,18720,Michael Brown,NULL,19/11/2013
26194,NULL,4070,Miguel Brown,NULL,08/05/2014
29197,NULL,11170,Morgan Brown,NULL,14/04/2014
18475,NULL,11257,Natalie Brown,NULL,04/12/2013
13277,NULL,17792,Nathan Brown,NULL,01/10/2013
11506,NULL,18984,Nicholas Brown,NULL,24/06/2014
11334,NULL,11435,Nicole Brown,NULL,27/12/2013
26336,NULL,17294,Noah Brown,NULL,19/06/2014
11218,NULL,11750,Olivia Brown,NULL,06/06/2014
22294,NULL,11341,Rachel Brown,NULL,22/11/2013
29357,NULL,5082,Richard Brown,NULL,05/03/2014
12910,NULL,17144,Robert Brown,NULL,08/03/2014
11086,NULL,17979,Ryan Brown,NULL,23/05/2014
25147,NULL,12367,Samantha Brown,NULL,31/12/2013
26999,NULL,17763,Samuel Brown,NULL,15/04/2014
21687,NULL,12461,Sarah Brown,NULL,21/03/2014
14731,NULL,4301,Seth Brown,NULL,10/05/2014
15392,NULL,10753,Sydney Brown,NULL,11/11/2013
26502,NULL,12133,Taylor Brown,NULL,04/02/2014
15544,NULL,17361,Thomas Brown,NULL,28/09/2013
11839,NULL,18537,Tyler Brown,NULL,12/11/2013
19532,NULL,11797,Victoria Brown,NULL,03/07/2013
18579,NULL,18397,William Brown,NULL,30/03/2014
21329,NULL,3756,Wyatt Brown,NULL,13/03/2014
28823,NULL,4381,Xavier Brown,NULL,22/11/2011
22478,NULL,10017,Carolyn Browning,NULL,19/08/2013
19299,NULL,17873,Carrie Browning,NULL,13/03/2014
16449,NULL,19163,Casey Browning,NULL,25/10/2013
19979,NULL,6263,Janet Browning,NULL,22/11/2013
23120,NULL,13648,Javier Browning,NULL,18/10/2013
24251,NULL,10347,Jay Browning,NULL,05/02/2014
12482,NULL,7717,Jerome Browning,NULL,27/05/2014
26372,NULL,10121,Marie Browning,NULL,13/10/2013
29400,NULL,6920,Marvin Browning,NULL,16/08/2013
12801,NULL,17047,Melody Browning,NULL,26/06/2014
21927,NULL,10656,Meredith Browning,NULL,26/05/2014
13451,NULL,13746,Robin Browning,NULL,20/03/2014
16540,NULL,6752,Theodore Browning,NULL,24/04/2014
12067,NULL,5504,Aaron Bryant,NULL,26/12/2013
22042,NULL,3981,Abigail Bryant,NULL,18/08/2013
24326,NULL,5251,Adam Bryant,NULL,19/05/2014
15364,NULL,12926,Aidan Bryant,NULL,06/01/2014
12598,NULL,2822,Alexandra Bryant,NULL,05/03/2014
18359,NULL,7633,Alexandria Bryant,NULL,13/06/2014
16971,NULL,7119,Alexia Bryant,NULL,25/11/2013
12417,NULL,12777,Alexis Bryant,NULL,07/06/2014
13874,NULL,20214,Alyssa Bryant,NULL,24/12/2013
27537,NULL,3056,Amanda Bryant,NULL,04/03/2014
14141,NULL,7457,Ana Bryant,NULL,25/12/2013
26329,NULL,7160,Angelica Bryant,NULL,16/08/2013
14727,NULL,3682,Anna Bryant,NULL,13/01/2014
13016,NULL,13218,Antonio Bryant,NULL,24/09/2013
19169,NULL,7718,Arianna Bryant,NULL,27/06/2013
17020,NULL,12596,Ashley Bryant,NULL,02/10/2013
11529,NULL,6261,Austin Bryant,NULL,07/07/2013
14909,NULL,6722,Benjamin Bryant,NULL,27/07/2013
15202,NULL,13613,Blake Bryant,NULL,29/12/2013
27798,NULL,6916,Brandon Bryant,NULL,13/12/2013
15960,NULL,19275,Brianna Bryant,NULL,27/05/2014
22545,NULL,7209,Brittany Bryant,NULL,05/01/2014
15371,NULL,6312,Cameron Bryant,NULL,01/01/2014
29136,NULL,6799,Caroline Bryant,NULL,10/11/2011
11190,NULL,13265,Carson Bryant,NULL,18/06/2014
13208,NULL,6841,Cassidy Bryant,NULL,11/09/2013
13230,NULL,20321,Chloe Bryant,NULL,09/10/2013
22218,NULL,6213,Christian Bryant,NULL,26/05/2014
23842,NULL,5609,Connor Bryant,NULL,18/02/2014
17613,NULL,12969,Dakota Bryant,NULL,25/02/2014
18565,NULL,13476,Dalton Bryant,NULL,24/04/2014
17173,NULL,6674,David Bryant,NULL,14/04/2014
28258,NULL,20097,Destiny Bryant,NULL,03/06/2014
18947,NULL,13717,Devin Bryant,NULL,31/12/2013
14614,NULL,6973,Dylan Bryant,NULL,18/12/2013
23782,NULL,13657,Edward Bryant,NULL,25/02/2014
17407,NULL,12689,Elizabeth Bryant,NULL,08/10/2013
27227,NULL,13010,Emily Bryant,NULL,24/03/2013
18569,NULL,19574,Emma Bryant,NULL,09/07/2013
13471,NULL,5302,Eric Bryant,NULL,20/10/2013
13405,NULL,6510,Ethan Bryant,NULL,24/12/2013
24992,NULL,7835,Faith Bryant,NULL,05/11/2013
20609,NULL,13128,Fernando Bryant,NULL,04/12/2013
27656,NULL,5857,Gabriel Bryant,NULL,05/01/2014
29349,NULL,3358,Gabrielle Bryant,NULL,25/12/2013
21584,NULL,13305,Gavin Bryant,NULL,09/03/2014
20371,NULL,19670,Grace Bryant,NULL,15/11/2013
11232,NULL,3210,Hailey Bryant,NULL,15/04/2014
13482,NULL,3443,Haley Bryant,NULL,09/05/2014
20116,NULL,13058,Hannah Bryant,NULL,04/08/2013
26259,NULL,6063,Hunter Bryant,NULL,01/09/2013
27319,NULL,13893,Ian Bryant,NULL,27/05/2014
25986,NULL,7490,Isabel Bryant,NULL,06/03/2014
22995,NULL,2651,Isabella Bryant,NULL,29/11/2013
23397,NULL,7527,Isabelle Bryant,NULL,16/11/2013
15940,NULL,5202,Jack Bryant,NULL,30/07/2013
25332,NULL,5352,Jackson Bryant,NULL,30/10/2013
27318,NULL,6374,James Bryant,NULL,06/06/2014
20463,NULL,19873,Jasmine Bryant,NULL,19/12/2013
26485,NULL,5405,Jason Bryant,NULL,16/09/2013
14869,NULL,20537,Jennifer Bryant,NULL,25/06/2014
23705,NULL,13529,Jeremy Bryant,NULL,18/04/2014
16092,NULL,3529,Jessica Bryant,NULL,24/02/2014
23336,NULL,7249,Jocelyn Bryant,NULL,12/08/2013
19358,NULL,6419,Jonathan Bryant,NULL,10/02/2014
18645,NULL,5160,Jordan Bryant,NULL,09/04/2014
12766,NULL,6885,Jordyn Bryant,NULL,05/11/2013
27629,NULL,5660,Jose Bryant,NULL,01/06/2014
12907,NULL,20423,Julia Bryant,NULL,19/08/2013
28679,NULL,13344,Julian Bryant,NULL,15/05/2014
29335,NULL,6622,Justin Bryant,NULL,15/01/2012
13455,NULL,20640,Kaitlyn Bryant,NULL,10/11/2013
11517,NULL,2982,Katherine Bryant,NULL,23/01/2014
25581,NULL,12732,Kayla Bryant,NULL,27/02/2014
13943,NULL,7567,Kelly Bryant,NULL,04/02/2014
11587,NULL,5813,Kevin Bryant,NULL,09/09/2013
23164,NULL,5760,Kyle Bryant,NULL,15/07/2013
11752,NULL,19064,Lauren Bryant,NULL,08/05/2014
15914,NULL,6469,Logan Bryant,NULL,07/02/2014
17121,NULL,13936,Lucas Bryant,NULL,28/10/2013
21646,NULL,5455,Luis Bryant,NULL,21/07/2013
24991,NULL,5111,Luke Bryant,NULL,13/09/2013
16481,NULL,12505,Madison Bryant,NULL,23/05/2014
26370,NULL,3287,Maria Bryant,NULL,23/01/2014
13102,NULL,8103,Mariah Bryant,NULL,08/09/2013
28892,NULL,7082,Marissa Bryant,NULL,14/01/2014
18670,NULL,7590,Melanie Bryant,NULL,12/04/2014
13218,NULL,7349,Melissa Bryant,NULL,04/04/2014
29348,NULL,13573,Miguel Bryant,NULL,23/01/2014
16073,NULL,7291,Miranda Bryant,NULL,14/05/2014
21522,NULL,20741,Morgan Bryant,NULL,02/12/2013
26711,NULL,7324,Mya Bryant,NULL,11/12/2012
28095,NULL,2752,Natalie Bryant,NULL,27/11/2013
21450,NULL,5964,Nathan Bryant,NULL,31/03/2014
15297,NULL,19989,Nicole Bryant,NULL,07/12/2013
16417,NULL,6113,Noah Bryant,NULL,13/03/2014
23497,NULL,19369,Olivia Bryant,NULL,12/03/2014
19012,NULL,12805,Oscar Bryant,NULL,11/01/2014
25915,NULL,7797,Paige Bryant,NULL,29/03/2014
22019,NULL,19780,Rachel Bryant,NULL,30/07/2013
15518,NULL,13799,Richard Bryant,NULL,08/02/2014
26775,NULL,7383,Riley Bryant,NULL,25/05/2014
28829,NULL,6163,Robert Bryant,NULL,31/10/2011
25206,NULL,6568,Ryan Bryant,NULL,01/09/2013
18345,NULL,12545,Samantha Bryant,NULL,02/04/2014
18975,NULL,6014,Samuel Bryant,NULL,06/11/2013
11923,NULL,12641,Sarah Bryant,NULL,11/06/2014
24626,NULL,13985,Seth Bryant,NULL,16/01/2014
25025,NULL,13168,Spencer Bryant,NULL,04/09/2013
20634,NULL,3136,Stephanie Bryant,NULL,07/09/2013
11412,NULL,2903,Sydney Bryant,NULL,13/03/2014
15901,NULL,3603,Taylor Bryant,NULL,02/11/2013
14407,NULL,5711,Thomas Bryant,NULL,05/06/2014
11090,NULL,12846,Trevor Bryant,NULL,23/04/2014
24441,NULL,12886,Tristan Bryant,NULL,30/10/2013
12929,NULL,7421,Vanessa Bryant,NULL,27/09/2013
28636,NULL,19470,Victoria Bryant,NULL,28/05/2014
25264,NULL,13693,Wyatt Bryant,NULL,24/03/2014
22130,NULL,13432,Xavier Bryant,NULL,09/10/2013
21655,NULL,7035,Zachary Bryant,NULL,24/08/2013
21414,NULL,5500,Aaron Butler,NULL,28/05/2014
17389,NULL,3973,Abigail Butler,NULL,05/11/2013
27925,NULL,5246,Adam Butler,NULL,15/04/2014
14490,NULL,12918,Aidan Butler,NULL,06/05/2014
25528,NULL,7627,Alexandria Butler,NULL,14/04/2014
23882,NULL,7116,Alexia Butler,NULL,13/05/2014
26541,NULL,12769,Alexis Butler,NULL,19/10/2013
23201,NULL,20205,Alyssa Butler,NULL,13/01/2014
15406,NULL,3051,Amanda Butler,NULL,18/08/2013
26040,NULL,7452,Ana Butler,NULL,08/12/2013
11082,NULL,7672,Angela Butler,NULL,08/04/2014
16556,NULL,7156,Angelica Butler,NULL,21/11/2013
28814,NULL,3676,Anna Butler,NULL,28/04/2014
12756,NULL,13212,Antonio Butler,NULL,05/01/2014
23713,NULL,7712,Arianna Butler,NULL,21/05/2014
26118,NULL,12590,Ashley Butler,NULL,18/11/2013
18293,NULL,6254,Austin Butler,NULL,03/07/2013
18972,NULL,6716,Benjamin Butler,NULL,04/04/2014
13583,NULL,13606,Blake Butler,NULL,06/11/2013
12145,NULL,6910,Brandon Butler,NULL,02/06/2014
25278,NULL,19265,Brianna Butler,NULL,04/03/2014
28641,NULL,7201,Brittany Butler,NULL,08/02/2014
21264,NULL,5555,Caleb Butler,NULL,11/02/2014
23812,NULL,6304,Cameron Butler,NULL,04/03/2014
11690,NULL,6793,Caroline Butler,NULL,26/09/2013
12672,NULL,13257,Carson Butler,NULL,17/11/2013
21792,NULL,6834,Cassidy Butler,NULL,02/05/2014
14026,NULL,20317,Chloe Butler,NULL,11/05/2014
27752,NULL,6766,Christian Butler,NULL,19/01/2012
26061,NULL,5603,Connor Butler,NULL,09/12/2013
27423,NULL,12962,Dakota Butler,NULL,17/04/2013
13345,NULL,13469,Dalton Butler,NULL,09/12/2013
16138,NULL,6670,David Butler,NULL,07/04/2014
27865,NULL,20092,Destiny Butler,NULL,07/11/2013
17153,NULL,13713,Devin Butler,NULL,17/11/2013
20121,NULL,6968,Dylan Butler,NULL,18/08/2013
13533,NULL,13747,Eduardo Butler,NULL,10/05/2014
20655,NULL,13651,Edward Butler,NULL,01/02/2014
21551,NULL,5905,Elijah Butler,NULL,02/01/2014
21057,NULL,12683,Elizabeth Butler,NULL,06/04/2014
20964,NULL,13005,Emily Butler,NULL,30/01/2014
20394,NULL,19561,Emma Butler,NULL,03/12/2013
17651,NULL,6502,Ethan Butler,NULL,27/04/2014
18460,NULL,7828,Faith Butler,NULL,07/05/2014
28368,NULL,13121,Fernando Butler,NULL,30/05/2014
26935,NULL,5850,Gabriel Butler,NULL,19/01/2014
13152,NULL,3352,Gabrielle Butler,NULL,11/04/2014
23977,NULL,12196,Gail Butler,NULL,02/01/2014
22949,NULL,13301,Gavin Butler,NULL,18/09/2013
11066,NULL,19662,Grace Butler,NULL,19/02/2014
19865,NULL,3204,Hailey Butler,NULL,04/09/2013
28596,NULL,3434,Haley Butler,NULL,16/05/2014
13111,NULL,13050,Hannah Butler,NULL,08/05/2014
25953,NULL,6053,Hunter Butler,NULL,28/08/2013
16241,NULL,7483,Isabel Butler,NULL,13/02/2014
18437,NULL,2596,Isabella Butler,NULL,05/05/2014
13910,NULL,7523,Isabelle Butler,NULL,13/11/2013
20486,NULL,5197,Jack Butler,NULL,21/02/2014
18324,NULL,5342,Jackson Butler,NULL,20/05/2014
27540,NULL,7751,Jacqueline Butler,NULL,04/04/2014
23112,NULL,6369,James Butler,NULL,09/10/2013
17439,NULL,19865,Jasmine Butler,NULL,31/03/2014
17510,NULL,5399,Jason Butler,NULL,20/05/2014
25478,NULL,20530,Jennifer Butler,NULL,01/03/2014
11236,NULL,13521,Jeremy Butler,NULL,08/06/2014
15370,NULL,3523,Jessica Butler,NULL,10/03/2014
26180,NULL,6415,Jonathan Butler,NULL,14/02/2014
24434,NULL,5154,Jordan Butler,NULL,10/06/2013
13083,NULL,6877,Jordyn Butler,NULL,24/09/2013
29064,NULL,5654,Jose Butler,NULL,21/11/2013
26780,NULL,20417,Julia Butler,NULL,04/03/2014
23328,NULL,13342,Julian Butler,NULL,26/01/2014
28848,NULL,6617,Justin Butler,NULL,13/07/2012
19286,NULL,20633,Kaitlyn Butler,NULL,13/04/2014
26760,NULL,2975,Katherine Butler,NULL,14/08/2013
25748,NULL,12727,Kayla Butler,NULL,12/08/2013
22804,NULL,7558,Kelly Butler,NULL,06/09/2013
14450,NULL,5809,Kevin Butler,NULL,23/10/2013
14327,NULL,5753,Kyle Butler,NULL,20/04/2014
14448,NULL,19055,Lauren Butler,NULL,23/12/2013
28340,NULL,13929,Lucas Butler,NULL,17/09/2011
17611,NULL,5447,Luis Butler,NULL,18/10/2013
24652,NULL,5106,Luke Butler,NULL,04/07/2013
28242,NULL,12499,Madison Butler,NULL,13/01/2014
19886,NULL,13841,Marcus Butler,NULL,12/09/2013
16067,NULL,3280,Maria Butler,NULL,01/02/2014
19805,NULL,8098,Mariah Butler,NULL,23/11/2013
14590,NULL,7077,Marissa Butler,NULL,14/12/2013
22989,NULL,19156,Megan Butler,NULL,16/10/2013
25067,NULL,7584,Melanie Butler,NULL,25/05/2014
14352,NULL,7344,Melissa Butler,NULL,10/12/2013
16061,NULL,13566,Miguel Butler,NULL,12/01/2014
14340,NULL,7285,Miranda Butler,NULL,07/06/2014
20500,NULL,20736,Morgan Butler,NULL,23/09/2013
13866,NULL,7318,Mya Butler,NULL,07/11/2013
26401,NULL,2746,Natalie Butler,NULL,15/07/2013
27058,NULL,5957,Nathan Butler,NULL,05/01/2013
14081,NULL,19982,Nicole Butler,NULL,21/07/2013
12164,NULL,6105,Noah Butler,NULL,01/08/2013
27241,NULL,13389,Oscar Butler,NULL,01/11/2013
12968,NULL,7790,Paige Butler,NULL,25/04/2014
22122,NULL,19773,Rachel Butler,NULL,13/09/2013
17593,NULL,13792,Richard Butler,NULL,06/04/2014
25844,NULL,7380,Riley Butler,NULL,11/07/2013
14781,NULL,6157,Robert Butler,NULL,17/05/2014
21416,NULL,6562,Ryan Butler,NULL,23/03/2014
20674,NULL,6006,Samuel Butler,NULL,02/01/2014
26094,NULL,12636,Sarah Butler,NULL,04/04/2014
15300,NULL,13976,Seth Butler,NULL,28/06/2014
18616,NULL,13158,Spencer Butler,NULL,28/04/2014
25777,NULL,3129,Stephanie Butler,NULL,07/05/2014
22358,NULL,2892,Sydney Butler,NULL,22/10/2013
19718,NULL,3598,Taylor Butler,NULL,14/12/2013
28296,NULL,5705,Thomas Butler,NULL,14/05/2014
27415,NULL,12840,Trevor Butler,NULL,04/07/2013
25865,NULL,12880,Tristan Butler,NULL,08/12/2013
20545,NULL,7413,Vanessa Butler,NULL,14/01/2014
13284,NULL,19457,Victoria Butler,NULL,02/12/2013
17009,NULL,13687,Wyatt Butler,NULL,10/04/2014
17698,NULL,13424,Xavier Butler,NULL,04/10/2013
22052,NULL,7030,Zachary Butler,NULL,12/07/2013
17857,NULL,5836,Albert Cabello,NULL,29/11/2013
21050,NULL,17340,Alan Cai,NULL,17/07/2013
13938,NULL,12516,Alejandro Cai,NULL,17/08/2013
19775,NULL,11982,Alisha Cai,NULL,05/09/2013
11115,NULL,4765,Alvin Cai,NULL,04/06/2014
24920,NULL,20734,Amy Cai,NULL,02/10/2013
16081,NULL,10185,Arturo Cai,NULL,28/03/2014
26163,NULL,5947,Autumn Cai,NULL,24/08/2013
22227,NULL,11580,Barbara Cai,NULL,26/08/2013
22173,NULL,4822,Bianca Cai,NULL,06/10/2013
25898,NULL,17579,Brittney Cai,NULL,07/12/2013
26747,NULL,16773,Candice Cai,NULL,15/03/2014
19921,NULL,4871,Cara Cai,NULL,13/09/2013
19559,NULL,3655,Cedric Cai,NULL,06/09/2013
20936,NULL,11376,Christy Cai,NULL,28/05/2014
22609,NULL,6952,Clarence Cai,NULL,07/11/2013
14537,NULL,12619,Clayton Cai,NULL,07/12/2013
17739,NULL,13472,Colin Cai,NULL,15/11/2013
15088,NULL,12295,Colleen Cai,NULL,29/05/2014
24062,NULL,2383,Crystal Cai,NULL,05/01/2014
21259,NULL,18274,Curtis Cai,NULL,24/03/2014
28563,NULL,17928,Dennis Cai,NULL,10/03/2014
22816,NULL,2495,Erica Cai,NULL,15/05/2014
18256,NULL,9106,Gilbert Cai,NULL,24/02/2014
13787,NULL,5719,Glenn Cai,NULL,16/10/2013
27128,NULL,2650,Heather Cai,NULL,25/07/2013
11386,NULL,12952,Jaclyn Cai,NULL,04/04/2014
22327,NULL,5433,Jake Cai,NULL,19/07/2013
13505,NULL,2468,Jamie Cai,NULL,29/12/2013
15582,NULL,18075,Jeffery Cai,NULL,11/05/2014
29387,NULL,11473,Jenny Cai,NULL,12/11/2013
12249,NULL,5547,Jessie Cai,NULL,23/03/2014
23773,NULL,13571,Jon Cai,NULL,31/08/2013
22031,NULL,18328,Jorge Cai,NULL,22/04/2014
22572,NULL,17429,Karen Cai,NULL,29/11/2013
11402,NULL,12088,Kelli Cai,NULL,02/09/2013
25456,NULL,19948,Kelvin Cai,NULL,13/06/2014
16533,NULL,2518,Kristen Cai,NULL,24/02/2014
25625,NULL,17385,Krystal Cai,NULL,02/06/2013
12733,NULL,12398,Lacey Cai,NULL,06/02/2014
21113,NULL,2411,Laura Cai,NULL,04/06/2014
18125,NULL,17476,Leah Cai,NULL,02/01/2014
11241,NULL,2436,Lisa Cai,NULL,31/03/2014
27109,NULL,5781,Mandy Cai,NULL,14/08/2013
25779,NULL,11212,Marshall Cai,NULL,05/06/2013
28859,NULL,5374,Micah Cai,NULL,29/10/2013
16301,NULL,12719,Omar Cai,NULL,16/08/2013
29440,NULL,12832,Rafael Cai,NULL,05/05/2014
16599,NULL,6441,Ramón Cai,NULL,21/05/2014
13002,NULL,13269,Roger Cai,NULL,22/04/2014
19042,NULL,5599,Ronnie Cai,NULL,22/01/2014
22618,NULL,4988,Rosa Cai,NULL,08/05/2014
26156,NULL,2548,Shannon Cai,NULL,17/01/2014
20575,NULL,17630,Stacey Cai,NULL,17/05/2014
22155,NULL,6542,Steve Cai,NULL,07/02/2014
19101,NULL,17782,Susan Cai,NULL,13/03/2014
25051,NULL,5045,Suzanne Cai,NULL,14/11/2013
19744,NULL,11879,Tamara Cai,NULL,29/09/2013
18204,NULL,20690,Tiffany Cai,NULL,15/04/2014
18265,NULL,4762,Trisha Cai,NULL,01/04/2014
19469,NULL,17525,Valerie Cai,NULL,10/06/2014
11757,NULL,17976,Vincent Cai,NULL,29/04/2014
24918,NULL,12240,Warren Cai,NULL,21/10/2013
17643,NULL,18126,Wesley Cai,NULL,09/04/2014
25960,NULL,13369,Willie Cai,NULL,26/02/2014
21151,NULL,16167,Aaron Campbell,NULL,10/02/2014
21400,NULL,16179,Adam Campbell,NULL,19/10/2013
11984,NULL,16188,Alex Campbell,NULL,06/10/2013
16914,NULL,9714,Alexandra Campbell,NULL,30/04/2014
21143,NULL,9761,Allison Campbell,NULL,28/02/2014
21807,NULL,9720,Amanda Campbell,NULL,15/04/2014
20192,NULL,9737,Amber Campbell,NULL,14/11/2013
25689,NULL,9763,Andrea Campbell,NULL,10/12/2013
19546,NULL,16185,Angel Campbell,NULL,14/11/2013
12776,NULL,4212,Blake Campbell,NULL,23/06/2014
11729,NULL,16170,Caleb Campbell,NULL,13/06/2014
19246,NULL,16183,Carlos Campbell,NULL,10/12/2013
11212,NULL,9700,Chloe Campbell,NULL,19/06/2014
20194,NULL,16172,Connor Campbell,NULL,23/11/2013
29228,NULL,9738,Courtney Campbell,NULL,21/07/2013
29023,NULL,4521,Dalton Campbell,NULL,14/03/2014
23653,NULL,4991,Devin Campbell,NULL,18/01/2014
26593,NULL,5068,Eduardo Campbell,NULL,20/05/2014
21119,NULL,3746,Edward Campbell,NULL,27/02/2014
25575,NULL,16161,Elijah Campbell,NULL,05/05/2014
13354,NULL,16180,Eric Campbell,NULL,09/10/2013
24342,NULL,16190,Evan Campbell,NULL,13/05/2014
23366,NULL,3902,Fernando Campbell,NULL,07/09/2013
23380,NULL,16159,Gabriel Campbell,NULL,26/08/2013
18841,NULL,9747,Gabriella Campbell,NULL,02/10/2013
15507,NULL,9724,Hailey Campbell,NULL,29/12/2013
17304,NULL,9731,Haley Campbell,NULL,31/05/2014
17422,NULL,16150,Hunter Campbell,NULL,01/01/2014
26168,NULL,4763,Ian Campbell,NULL,20/04/2014
13900,NULL,16193,Isaac Campbell,NULL,19/09/2013
20350,NULL,9711,Isabella Campbell,NULL,10/04/2014
20405,NULL,16186,Isaiah Campbell,NULL,18/10/2013
24150,NULL,16177,Jack Campbell,NULL,23/03/2014
11575,NULL,16181,Jackson Campbell,NULL,16/02/2014
24643,NULL,9749,Jada Campbell,NULL,07/12/2013
28613,NULL,16141,James Campbell,NULL,27/04/2014
13625,NULL,16165,Jason Campbell,NULL,31/03/2014
22876,NULL,9739,Jenna Campbell,NULL,18/09/2013
12958,NULL,9703,Jennifer Campbell,NULL,09/04/2014
22543,NULL,4052,Jeremy Campbell,NULL,20/08/2013
23506,NULL,16195,Jesse Campbell,NULL,07/04/2014
12784,NULL,16142,Jonathan Campbell,NULL,06/02/2014
13290,NULL,16175,Jordan Campbell,NULL,18/04/2014
28268,NULL,9740,Jordan Campbell,NULL,16/05/2014
15013,NULL,9701,Julia Campbell,NULL,03/10/2013
21004,NULL,9709,Kaitlyn Campbell,NULL,08/06/2013
18071,NULL,9751,Katelyn Campbell,NULL,25/09/2013
28448,NULL,9718,Katherine Campbell,NULL,05/03/2014
20658,NULL,9760,Kaylee Campbell,NULL,07/05/2014
12177,NULL,16158,Kevin Campbell,NULL,18/12/2013
14293,NULL,16157,Kyle Campbell,NULL,18/01/2014
11695,NULL,16144,Logan Campbell,NULL,19/01/2014
29329,NULL,4283,Lucas Campbell,NULL,17/04/2014
19170,NULL,16166,Luis Campbell,NULL,18/06/2013
13722,NULL,16173,Luke Campbell,NULL,19/03/2014
11696,NULL,9743,Mackenzie Campbell,NULL,29/09/2013
12898,NULL,9734,Madeline Campbell,NULL,10/02/2014
17499,NULL,4676,Marcus Campbell,NULL,08/04/2014
24388,NULL,9726,Maria Campbell,NULL,09/05/2014
26989,NULL,16192,Mason Campbell,NULL,05/07/2013
26010,NULL,9710,Morgan Campbell,NULL,02/08/2013
11512,NULL,9713,Natalie Campbell,NULL,30/05/2014
27080,NULL,16147,Nathan Campbell,NULL,09/02/2013
21730,NULL,16152,Noah Campbell,NULL,06/05/2014
20687,NULL,9732,Rebecca Campbell,NULL,27/03/2014
19892,NULL,4591,Richard Campbell,NULL,28/09/2013
28761,NULL,16154,Robert Campbell,NULL,05/10/2011
18109,NULL,16148,Samuel Campbell,NULL,26/07/2013
21721,NULL,9748,Sara Campbell,NULL,15/03/2014
15989,NULL,9756,Savannah Campbell,NULL,07/02/2014
20071,NULL,16197,Sean Campbell,NULL,03/08/2013
18716,NULL,4365,Seth Campbell,NULL,02/08/2013
23822,NULL,9741,Sierra Campbell,NULL,05/10/2013
11829,NULL,9735,Sophia Campbell,NULL,21/11/2013
11744,NULL,9722,Stephanie Campbell,NULL,27/01/2014
13465,NULL,9716,Sydney Campbell,NULL,23/04/2014
18095,NULL,16156,Thomas Campbell,NULL,08/07/2013
25845,NULL,16199,Timothy Campbell,NULL,26/05/2014
27602,NULL,3821,Wyatt Campbell,NULL,19/05/2013
28089,NULL,4442,Xavier Campbell,NULL,12/02/2014
21725,NULL,9727,Gabrielle Cannata,NULL,12/12/2013
16178,NULL,2826,Alfredo Carlson,NULL,21/04/2014
23445,NULL,2762,Andy Carlson,NULL,13/02/2014
22305,NULL,14388,Anne Carlson,NULL,07/06/2014
17484,NULL,6974,Armando Carlson,NULL,21/09/2013
11343,NULL,10977,Arthur Carlson,NULL,24/12/2013
25263,NULL,6047,Audrey Carlson,NULL,08/02/2014
14023,NULL,6106,Beth Carlson,NULL,22/05/2014
19667,NULL,15766,Billy Carlson,NULL,21/04/2014
16276,NULL,18499,Brandi Carlson,NULL,14/05/2014
26436,NULL,13759,Briana Carlson,NULL,13/04/2014
28432,NULL,10883,Bruce Carlson,NULL,31/03/2014
11900,NULL,19815,Byron Carlson,NULL,11/12/2013
23828,NULL,10023,Carolyn Carlson,NULL,14/04/2014
23917,NULL,17875,Carrie Carlson,NULL,08/01/2014
26293,NULL,19168,Casey Carlson,NULL,26/01/2014
29365,NULL,6208,Cheryl Carlson,NULL,03/04/2014
11116,NULL,14638,Clinton Carlson,NULL,18/03/2014
17218,NULL,19083,Craig Carlson,NULL,24/04/2014
17976,NULL,6214,Daisy Carlson,NULL,28/03/2014
14863,NULL,17832,Dana Carlson,NULL,15/08/2013
27859,NULL,14775,Danny Carlson,NULL,12/09/2013
29478,NULL,10248,Darren Carlson,NULL,26/11/2013
28436,NULL,19129,Derrick Carlson,NULL,02/04/2014
14864,NULL,13875,Desiree Carlson,NULL,10/03/2014
21014,NULL,18677,Diana Carlson,NULL,18/06/2013
21074,NULL,15727,Diane Carlson,NULL,24/11/2013
13959,NULL,9712,Ebony Carlson,NULL,12/05/2014
23347,NULL,6702,Eddie Carlson,NULL,06/02/2014
16444,NULL,18722,Erika Carlson,NULL,11/08/2013
19502,NULL,14297,Felicia Carlson,NULL,08/08/2013
27340,NULL,2570,Francis Carlson,NULL,29/09/2013
11896,NULL,18353,Frank Carlson,NULL,11/12/2013
24115,NULL,19045,Gary Carlson,NULL,10/03/2014
27660,NULL,10787,Gerald Carlson,NULL,26/05/2014
20521,NULL,15070,Gina Carlson,NULL,09/05/2014
15632,NULL,16616,Gloria Carlson,NULL,13/03/2014
28997,NULL,14735,Hector Carlson,NULL,03/11/2011
17470,NULL,7084,Jaime Carlson,NULL,17/04/2014
23770,NULL,14674,Jamie Carlson,NULL,24/07/2013
25808,NULL,6268,Janet Carlson,NULL,19/02/2014
20264,NULL,10354,Jay Carlson,NULL,23/12/2013
21817,NULL,7724,Jerome Carlson,NULL,28/03/2014
15683,NULL,5744,Jessie Carlson,NULL,13/08/2013
16059,NULL,18400,Jésus Carlson,NULL,18/08/2013
21886,NULL,15112,Jill Carlson,NULL,08/03/2014
12642,NULL,15666,Jimmy Carlson,NULL,15/10/2013
15594,NULL,13997,Joanna Carlson,NULL,19/06/2014
25627,NULL,11074,Joe Carlson,NULL,12/07/2013
17073,NULL,14502,Jonathon Carlson,NULL,09/03/2014
19954,NULL,12701,Jose Carlson,NULL,15/11/2013
13981,NULL,14269,Joy Carlson,NULL,20/12/2013
17885,NULL,7022,Julio Carlson,NULL,13/01/2014
14856,NULL,10571,Kari Carlson,NULL,17/06/2014
20916,NULL,18587,Kathleen Carlson,NULL,17/11/2013
18044,NULL,15168,Kendra Carlson,NULL,07/02/2014
28209,NULL,14240,Krista Carlson,NULL,17/09/2013
21055,NULL,9609,Kristi Carlson,NULL,10/05/2014
28753,NULL,6326,Kristine Carlson,NULL,29/07/2013
28217,NULL,14342,Kristy Carlson,NULL,28/07/2013
22856,NULL,14872,Lance Carlson,NULL,25/12/2013
20915,NULL,6158,Latasha Carlson,NULL,22/05/2014
22064,NULL,14464,Lawrence Carlson,NULL,19/07/2013
21079,NULL,14423,Lee Carlson,NULL,23/12/2013
12609,NULL,13832,Linda Carlson,NULL,21/02/2014
19281,NULL,5979,Mallory Carlson,NULL,31/01/2014
17501,NULL,15716,Marc Carlson,NULL,30/03/2014
29311,NULL,10124,Marie Carlson,NULL,25/04/2014
23012,NULL,14544,Mathew Carlson,NULL,07/02/2014
15109,NULL,18815,Meghan Carlson,NULL,13/11/2013
20921,NULL,14083,Melinda Carlson,NULL,30/03/2014
21008,NULL,17098,Melody Carlson,NULL,05/04/2014
24691,NULL,10664,Meredith Carlson,NULL,27/10/2013
27164,NULL,14599,Micheal Carlson,NULL,12/10/2013
25648,NULL,9035,Michele Carlson,NULL,28/11/2013
21136,NULL,18769,Natasha Carlson,NULL,09/11/2013
19226,NULL,6871,Neil Carlson,NULL,25/06/2014
12273,NULL,19419,Nelson Carlson,NULL,01/01/2014
11893,NULL,18982,Orlando Carlson,NULL,23/12/2013
13292,NULL,15242,Paula Carlson,NULL,26/10/2013
11915,NULL,19213,Philip Carlson,NULL,24/01/2014
13829,NULL,14983,Randall Carlson,NULL,05/10/2013
29377,NULL,9921,Rebekah Carlson,NULL,14/12/2013
22677,NULL,6592,Reginald Carlson,NULL,14/04/2014
20204,NULL,15025,Renee Carlson,NULL,02/07/2013
29260,NULL,15611,Ricky Carlson,NULL,10/02/2014
19786,NULL,13750,Robin Carlson,NULL,09/10/2013
14183,NULL,13247,Robyn Carlson,NULL,27/12/2013
24552,NULL,11825,Ross Carlson,NULL,05/05/2014
20257,NULL,11177,Roy Carlson,NULL,26/06/2014
25304,NULL,11287,Ruben Carlson,NULL,10/10/2013
23933,NULL,14190,Sabrina Carlson,NULL,09/01/2014
11009,NULL,20229,Shannon Carlson,NULL,09/10/2013
14977,NULL,18629,Stacy Carlson,NULL,19/06/2014
14688,NULL,10460,Tabitha Carlson,NULL,26/07/2013
16183,NULL,14044,Tanya Carlson,NULL,13/10/2013
12852,NULL,15225,Teresa Carlson,NULL,06/04/2014
24694,NULL,6761,Theodore Carlson,NULL,08/10/2013
19629,NULL,13919,Theresa Carlson,NULL,02/01/2014
22662,NULL,6821,Tyrone Carlson,NULL,22/04/2014
14425,NULL,19253,Victor Carlson,NULL,11/11/2013
19943,NULL,13615,Walter Carlson,NULL,08/04/2014
20220,NULL,13960,Wendy Carlson,NULL,06/11/2013
29172,NULL,10591,Arturo Carson,NULL,26/05/2014
23995,NULL,20306,Bradley Carson,NULL,22/01/2014
18537,NULL,19922,Kathryn Carson,NULL,08/05/2014
11995,NULL,2910,Kelvin Carson,NULL,12/05/2014
24459,NULL,20586,Kristin Carson,NULL,18/04/2014
13623,NULL,17149,Mitchell Carson,NULL,20/05/2014
20062,NULL,16868,Russell Carson,NULL,30/08/2013
14722,NULL,8533,Sharon Carson,NULL,04/01/2014
11126,NULL,17105,Shaun Carson,NULL,05/04/2014
11356,NULL,4274,Terrence Carson,NULL,02/04/2014
27916,NULL,16420,Aaron Carter,NULL,24/05/2014
12042,NULL,16451,Alex Carter,NULL,12/12/2013
19980,NULL,9937,Alexandra Carter,NULL,18/06/2014
21756,NULL,9977,Allison Carter,NULL,01/08/2013
11041,NULL,9940,Amanda Carter,NULL,16/06/2013
16679,NULL,9952,Amber Carter,NULL,31/08/2013
27678,NULL,16447,Angel Carter,NULL,20/07/2011
21332,NULL,9963,Bailey Carter,NULL,12/07/2013
24698,NULL,4201,Blake Carter,NULL,06/03/2014
11067,NULL,16424,Caleb Carter,NULL,14/06/2014
25867,NULL,16445,Carlos Carter,NULL,29/11/2013
22899,NULL,4896,Charles Carter,NULL,30/09/2013
23836,NULL,9923,Chloe Carter,NULL,22/04/2014
27578,NULL,9955,Courtney Carter,NULL,16/06/2011
13893,NULL,4509,Dalton Carter,NULL,19/11/2013
11584,NULL,4977,Devin Carter,NULL,16/02/2014
24974,NULL,5060,Eduardo Carter,NULL,08/02/2014
23824,NULL,3737,Edward Carter,NULL,09/07/2013
21618,NULL,16415,Elijah Carter,NULL,04/07/2013
19852,NULL,16441,Eric Carter,NULL,17/08/2013
18780,NULL,16453,Evan Carter,NULL,06/04/2014
14563,NULL,3895,Fernando Carter,NULL,24/12/2013
22071,NULL,16413,Gabriel Carter,NULL,07/10/2013
12983,NULL,9966,Gabriella Carter,NULL,03/08/2013
16596,NULL,9945,Gabrielle Carter,NULL,20/01/2014
15348,NULL,16392,Greg Carter,NULL,12/01/2014
23184,NULL,9942,Hailey Carter,NULL,28/10/2013
13719,NULL,16457,Isaac Carter,NULL,26/10/2013
21420,NULL,9931,Isabella Carter,NULL,01/04/2014
27572,NULL,16448,Isaiah Carter,NULL,22/04/2014
21460,NULL,16436,Jack Carter,NULL,22/12/2013
20010,NULL,16443,Jackson Carter,NULL,23/02/2014
13338,NULL,9971,Jada Carter,NULL,28/06/2014
14257,NULL,16383,James Carter,NULL,19/01/2014
11724,NULL,16417,Jason Carter,NULL,16/05/2014
13890,NULL,9926,Jennifer Carter,NULL,18/08/2013
22184,NULL,4040,Jeremy Carter,NULL,15/03/2014
22141,NULL,16458,Jesse Carter,NULL,26/01/2014
17694,NULL,9946,Joan Carter,NULL,19/09/2013
14578,NULL,16385,Jonathan Carter,NULL,28/11/2013
11950,NULL,9958,Jordan Carter,NULL,09/04/2014
28669,NULL,16431,Jordan Carter,NULL,24/06/2012
12532,NULL,16396,Jose Carter,NULL,26/05/2014
28249,NULL,9925,Julia Carter,NULL,16/03/2014
20739,NULL,9929,Kaitlyn Carter,NULL,10/08/2013
11268,NULL,9972,Katelyn Carter,NULL,18/04/2014
11861,NULL,9939,Katherine Carter,NULL,24/05/2014
17412,NULL,9975,Kaylee Carter,NULL,15/04/2014
13194,NULL,16403,Kevin Carter,NULL,19/02/2014
12395,NULL,16401,Kyle Carter,NULL,24/02/2014
12475,NULL,16387,Logan Carter,NULL,23/01/2014
20763,NULL,4275,Lucas Carter,NULL,19/11/2013
25883,NULL,16419,Luis Carter,NULL,16/07/2012
14635,NULL,16427,Luke Carter,NULL,08/01/2014
15845,NULL,9964,Mackenzie Carter,NULL,15/02/2014
27522,NULL,9948,Madeline Carter,NULL,02/01/2014
21471,NULL,4665,Marcus Carter,NULL,04/09/2013
11289,NULL,9943,Maria Carter,NULL,18/06/2013
16821,NULL,9950,Mary Carter,NULL,19/01/2014
23887,NULL,16455,Mason Carter,NULL,05/05/2014
13776,NULL,4124,Miguel Carter,NULL,16/08/2013
16079,NULL,9933,Natalie Carter,NULL,09/02/2014
24948,NULL,16389,Nathan Carter,NULL,23/02/2014
25954,NULL,16393,Noah Carter,NULL,27/10/2013
17681,NULL,16395,Robert Carter,NULL,16/02/2014
26455,NULL,16390,Samuel Carter,NULL,28/10/2013
18060,NULL,9968,Sara Carter,NULL,01/02/2014
12090,NULL,9974,Savannah Carter,NULL,08/10/2013
23889,NULL,16459,Sean Carter,NULL,24/05/2014
20126,NULL,4356,Seth Carter,NULL,11/06/2014
20328,NULL,9962,Sierra Carter,NULL,18/01/2014
25230,NULL,9949,Sophia Carter,NULL,13/10/2013
12959,NULL,9938,Sydney Carter,NULL,31/05/2014
22792,NULL,16399,Thomas Carter,NULL,09/01/2014
17429,NULL,3812,Wyatt Carter,NULL,02/05/2014
24389,NULL,4435,Xavier Carter,NULL,17/07/2013
18529,NULL,14929,Albert Castro,NULL,30/06/2014
21093,NULL,6372,Jacquelyn Castro,NULL,02/08/2013
21661,NULL,17242,Terry Champion,NULL,27/11/2013
28909,NULL,4219,Tommy Champion,NULL,23/01/2014
15375,NULL,12025,Alisha Chande,NULL,09/12/2013
15703,NULL,16661,Alison Chande,NULL,30/06/2013
24893,NULL,5175,Alvin Chande,NULL,20/10/2013
14860,NULL,10576,Arturo Chande,NULL,24/11/2013
23096,NULL,7771,Ashlee Chande,NULL,29/09/2013
27064,NULL,11614,Barbara Chande,NULL,31/12/2012
12285,NULL,17291,Bethany Chande,NULL,14/01/2014
23992,NULL,3710,Bonnie Chande,NULL,04/01/2014
22430,NULL,9408,Brad Chande,NULL,30/05/2013
29450,NULL,20304,Bradley Chande,NULL,16/02/2013
11798,NULL,9354,Brendan Chande,NULL,11/11/2013
12379,NULL,8590,Bridget Chande,NULL,21/09/2013
11483,NULL,9182,Calvin Chande,NULL,19/12/2013
18932,NULL,16965,Carl Chande,NULL,15/10/2013
26149,NULL,16306,Casey Chande,NULL,06/03/2014
11103,NULL,8905,Cassie Chande,NULL,06/11/2013
20728,NULL,4068,Cedric Chande,NULL,05/11/2013
11546,NULL,19884,Christine Chande,NULL,12/08/2013
26214,NULL,11415,Christy Chande,NULL,28/10/2013
22699,NULL,7329,Clarence Chande,NULL,25/04/2014
26233,NULL,8743,Cristina Chande,NULL,07/07/2013
17242,NULL,5334,Dale Chande,NULL,20/01/2014
12659,NULL,14058,Damien Chande,NULL,16/09/2013
11635,NULL,8357,Darrell Chande,NULL,21/02/2014
15617,NULL,12232,Dawn Chande,NULL,04/07/2013
23633,NULL,8860,Deborah Chande,NULL,26/04/2014
26743,NULL,20257,Derek Chande,NULL,23/07/2013
12924,NULL,4328,Devon Chande,NULL,03/04/2014
24118,NULL,4661,Donna Chande,NULL,27/06/2014
20930,NULL,9238,Drew Chande,NULL,26/04/2014
18786,NULL,2568,Dustin Chande,NULL,03/09/2013
18003,NULL,13200,Edwin Chande,NULL,26/06/2014
20232,NULL,8415,Franklin Chande,NULL,13/11/2013
13346,NULL,2595,Gregory Chande,NULL,02/10/2013
18698,NULL,12987,Jaclyn Chande,NULL,21/06/2013
12313,NULL,9462,Jaime Chande,NULL,17/06/2014
17111,NULL,11511,Jenny Chande,NULL,26/07/2013
18331,NULL,16909,Jerry Chande,NULL,20/04/2014
26412,NULL,4610,Kate Chande,NULL,24/03/2014
18043,NULL,20627,Katie Chande,NULL,20/10/2013
19968,NULL,16349,Katrina Chande,NULL,09/11/2013
19191,NULL,20511,Keith Chande,NULL,08/11/2013
22933,NULL,12128,Kelli Chande,NULL,06/05/2014
14846,NULL,16520,Kelsey Chande,NULL,12/04/2014
24555,NULL,11304,Lacey Chande,NULL,11/01/2014
23309,NULL,16397,Latoya Chande,NULL,11/08/2013
18184,NULL,5220,Leonard Chande,NULL,18/03/2014
18244,NULL,19840,Lindsay Chande,NULL,15/06/2013
20094,NULL,20669,Lindsey Chande,NULL,07/01/2014
16681,NULL,13104,Louis Chande,NULL,09/12/2013
23256,NULL,16820,Mario Chande,NULL,20/02/2014
11460,NULL,4392,Melvin Chande,NULL,10/11/2013
13078,NULL,8417,Michele Chande,NULL,16/04/2014
27472,NULL,4561,Mindy Chande,NULL,02/05/2014
21059,NULL,16476,Misty Chande,NULL,07/07/2013
25373,NULL,16614,Nichole Chande,NULL,23/02/2014
12720,NULL,5280,Nicolas Chande,NULL,12/11/2013
19263,NULL,4451,Nina Chande,NULL,18/04/2014
27261,NULL,12760,Omar Chande,NULL,20/04/2013
29358,NULL,8795,Priscilla Chande,NULL,02/04/2014
26418,NULL,12879,Rafael Chande,NULL,07/12/2013
21176,NULL,9523,Raul Chande,NULL,02/07/2013
24471,NULL,17019,Ricardo Chande,NULL,01/09/2013
19473,NULL,13312,Roger Chande,NULL,01/11/2013
11543,NULL,8695,Sheena Chande,NULL,23/05/2014
28693,NULL,11915,Tamara Chande,NULL,16/05/2014
28529,NULL,20008,Tara Chande,NULL,28/07/2012
28528,NULL,8637,Tasha Chande,NULL,23/02/2014
15462,NULL,17192,Tony Chande,NULL,19/03/2014
11992,NULL,8474,Tonya Chande,NULL,13/05/2014
12588,NULL,16430,Tracy Chande,NULL,05/04/2014
17307,NULL,3313,Warren Chande,NULL,26/07/2013
16229,NULL,9133,Wayne Chande,NULL,09/05/2014
16163,NULL,13402,Willie Chande,NULL,04/02/2014
24455,NULL,12554,Alejandro Chander,NULL,15/09/2013
12572,NULL,12027,Alisha Chander,NULL,11/02/2014
18249,NULL,16663,Alison Chander,NULL,08/07/2013
29460,NULL,5088,Andres Chander,NULL,06/02/2014
11446,NULL,17293,Bethany Chander,NULL,21/11/2013
21382,NULL,9409,Brad Chander,NULL,12/07/2013
18124,NULL,9185,Calvin Chander,NULL,16/02/2014
14315,NULL,16967,Carl Chander,NULL,07/03/2014
26961,NULL,4513,Carly Chander,NULL,24/11/2013
16554,NULL,16309,Casey Chander,NULL,17/05/2014
18258,NULL,8906,Cassie Chander,NULL,31/03/2014
21677,NULL,4086,Cedric Chander,NULL,31/03/2014
17839,NULL,19886,Christine Chander,NULL,20/05/2014
21548,NULL,11416,Christy Chander,NULL,19/02/2014
13982,NULL,7352,Clarence Chander,NULL,07/04/2014
12847,NULL,13505,Colin Chander,NULL,26/11/2013
24708,NULL,20472,Corey Chander,NULL,19/04/2014
24046,NULL,8744,Cristina Chander,NULL,24/02/2014
19929,NULL,5337,Dale Chander,NULL,30/08/2013
11080,NULL,14268,Damien Chander,NULL,23/11/2013
24943,NULL,8359,Darrell Chander,NULL,28/04/2014
13818,NULL,12233,Dawn Chander,NULL,03/07/2013
16557,NULL,20259,Derek Chander,NULL,26/08/2013
24612,NULL,4331,Devon Chander,NULL,19/07/2013
19177,NULL,4663,Donna Chander,NULL,23/07/2013
25111,NULL,9239,Drew Chander,NULL,05/11/2013
11895,NULL,2569,Dustin Chander,NULL,25/12/2013
17370,NULL,13204,Edwin Chander,NULL,11/11/2013
18006,NULL,8439,Franklin Chander,NULL,01/10/2013
12511,NULL,9300,Grant Chander,NULL,28/11/2013
22001,NULL,2597,Gregory Chander,NULL,04/10/2013
12804,NULL,12989,Jaclyn Chander,NULL,25/04/2014
19412,NULL,9466,Jaime Chander,NULL,19/10/2013
19917,NULL,11513,Jenny Chander,NULL,10/04/2014
28180,NULL,16911,Jerry Chander,NULL,19/08/2011
27935,NULL,17066,Johnny Chander,NULL,26/01/2014
13257,NULL,12446,Jon Chander,NULL,08/05/2014
18763,NULL,19964,Julie Chander,NULL,09/04/2014
23398,NULL,5159,Karl Chander,NULL,18/02/2014
23648,NULL,3520,Karla Chander,NULL,05/01/2014
24174,NULL,20512,Keith Chander,NULL,23/02/2014
26934,NULL,12131,Kelli Chander,NULL,11/11/2013
27879,NULL,2928,Kelvin Chander,NULL,11/01/2014
13176,NULL,4166,Kurt Chander,NULL,21/09/2013
26138,NULL,16398,Latoya Chander,NULL,25/03/2014
16586,NULL,5221,Leonard Chander,NULL,25/12/2013
19972,NULL,19842,Lindsay Chander,NULL,06/03/2014
26949,NULL,20671,Lindsey Chander,NULL,26/12/2013
12590,NULL,16822,Mario Chander,NULL,30/03/2014
19090,NULL,11612,Marshall Chander,NULL,16/04/2014
14086,NULL,9075,Maurice Chander,NULL,22/06/2014
24266,NULL,4396,Melvin Chander,NULL,04/03/2014
18508,NULL,8422,Michele Chander,NULL,15/05/2014
27421,NULL,4562,Mindy Chander,NULL,07/04/2013
17333,NULL,16479,Misty Chander,NULL,05/02/2014
28451,NULL,16615,Nichole Chander,NULL,07/04/2014
12819,NULL,5283,Nicolas Chander,NULL,31/03/2014
23446,NULL,4452,Nina Chander,NULL,08/10/2013
17241,NULL,12761,Omar Chander,NULL,21/01/2014
14836,NULL,20426,Peter Chander,NULL,18/01/2014
16530,NULL,8797,Priscilla Chander,NULL,03/05/2014
18167,NULL,9526,Raul Chander,NULL,05/02/2014
25214,NULL,13315,Roger Chander,NULL,23/12/2013
29067,NULL,16869,Russell Chander,NULL,07/01/2014
25607,NULL,8534,Sharon Chander,NULL,16/01/2014
20216,NULL,20391,Shawn Chander,NULL,04/11/2013
12516,NULL,3592,Shawna Chander,NULL,18/05/2014
16308,NULL,8696,Sheena Chander,NULL,25/05/2014
11741,NULL,11916,Tamara Chander,NULL,23/07/2013
13333,NULL,20010,Tara Chander,NULL,24/02/2014
15073,NULL,8639,Tasha Chander,NULL,21/01/2014
11492,NULL,4279,Terrence Chander,NULL,22/07/2013
26127,NULL,17243,Terry Chander,NULL,07/06/2012
19086,NULL,4221,Tommy Chander,NULL,25/06/2014
13653,NULL,17193,Tony Chander,NULL,05/11/2013
15794,NULL,8478,Tonya Chander,NULL,29/05/2014
17965,NULL,3535,Warren Chander,NULL,07/03/2014
24344,NULL,9136,Wayne Chander,NULL,29/07/2013
21818,NULL,13407,Willie Chander,NULL,02/10/2013
16519,NULL,3645,Yolanda Chander,NULL,09/09/2013
20946,NULL,3469,Abby Chandra,NULL,14/02/2014
14181,NULL,3137,Adriana Chandra,NULL,28/11/2013
29327,NULL,15835,Allen Chandra,NULL,09/12/2013
25262,NULL,16044,Andre Chandra,NULL,15/05/2014
18209,NULL,7232,Ann Chandra,NULL,11/06/2013
14032,NULL,10896,Arthur Chandra,NULL,20/05/2014
11501,NULL,19762,Brandy Chandra,NULL,24/06/2014
15100,NULL,15351,Brenda Chandra,NULL,07/12/2013
12737,NULL,19489,Brett Chandra,NULL,07/09/2013
14970,NULL,10797,Bruce Chandra,NULL,29/04/2014
23315,NULL,8319,Carmen Chandra,NULL,29/03/2014
23799,NULL,9932,Carolyn Chandra,NULL,14/05/2014
19463,NULL,19607,Cassandra Chandra,NULL,09/08/2013
20236,NULL,3803,Cesar Chandra,NULL,30/11/2013
22829,NULL,18930,Chelsea Chandra,NULL,07/05/2014
28690,NULL,20227,Cory Chandra,NULL,28/09/2012
22000,NULL,19723,Cynthia Chandra,NULL,04/04/2014
20698,NULL,10163,Darren Chandra,NULL,27/10/2013
18141,NULL,9725,Deanna Chandra,NULL,18/05/2014
19377,NULL,8213,Dominic Chandra,NULL,22/06/2014
26765,NULL,7463,Dominique Chandra,NULL,13/08/2013
11485,NULL,20025,Donald Chandra,NULL,12/02/2014
29391,NULL,9623,Ebony Chandra,NULL,17/07/2013
29362,NULL,7952,Emmanuel Chandra,NULL,13/04/2014
15080,NULL,3085,Evelyn Chandra,NULL,09/12/2013
12440,NULL,16684,Francisco Chandra,NULL,06/12/2013
27657,NULL,7854,Frederick Chandra,NULL,30/04/2014
19909,NULL,8269,Geoffrey Chandra,NULL,30/10/2013
12799,NULL,20185,George Chandra,NULL,22/11/2013
25131,NULL,11832,Gerald Chandra,NULL,21/12/2013
17236,NULL,2847,Harold Chandra,NULL,27/12/2013
25993,NULL,15243,Heidi Chandra,NULL,05/03/2014
17771,NULL,19572,Holly Chandra,NULL,09/07/2013
11597,NULL,18208,Janelle Chandra,NULL,07/06/2014
24171,NULL,2902,Jarrod Chandra,NULL,18/02/2014
15411,NULL,10260,Jay Chandra,NULL,23/01/2014
14299,NULL,8002,Jermaine Chandra,NULL,05/02/2014
15298,NULL,10990,Joe Chandra,NULL,22/04/2014
12562,NULL,19688,Kristina Chandra,NULL,14/08/2013
24987,NULL,16090,Kristopher Chandra,NULL,14/04/2014
12093,NULL,7898,Levi Chandra,NULL,24/06/2014
22462,NULL,3425,Lydia Chandra,NULL,11/07/2013
28466,NULL,3851,Marco Chandra,NULL,10/06/2014
25775,NULL,10035,Marie Chandra,NULL,24/02/2014
16453,NULL,3376,Mayra Chandra,NULL,27/03/2014
12331,NULL,7189,Meagan Chandra,NULL,05/08/2013
16257,NULL,10139,Michele Chandra,NULL,17/06/2014
24306,NULL,16130,Molly Chandra,NULL,28/06/2014
18898,NULL,19536,Monica Chandra,NULL,08/08/2013
22597,NULL,15491,Rachael Chandra,NULL,16/10/2013
22463,NULL,19450,Raymond Chandra,NULL,06/12/2013
28486,NULL,9831,Rebekah Chandra,NULL,08/11/2013
15057,NULL,7638,Regina Chandra,NULL,15/03/2014
20801,NULL,20109,Ronald Chandra,NULL,20/11/2013
24583,NULL,11086,Roy Chandra,NULL,16/11/2013
25319,NULL,11189,Ruben Chandra,NULL,23/04/2014
16208,NULL,3259,Ruth Chandra,NULL,04/08/2013
22837,NULL,7799,Sergio Chandra,NULL,12/02/2014
19287,NULL,19362,Shane Chandra,NULL,27/05/2014
20836,NULL,4018,Stanley Chandra,NULL,19/01/2014
24880,NULL,3022,Summer Chandra,NULL,20/05/2014
12474,NULL,7407,Tammy Chandra,NULL,10/02/2014
23202,NULL,8049,Terrance Chandra,NULL,06/04/2014
13974,NULL,16182,Tina Chandra,NULL,03/05/2014
21406,NULL,15789,Troy Chandra,NULL,18/08/2013
14681,NULL,18971,Veronica Chandra,NULL,07/04/2014
27588,NULL,7579,Virginia Chandra,NULL,25/04/2014
15712,NULL,18881,Whitney Chandra,NULL,08/03/2014
21418,NULL,19800,Alicia Chapman,NULL,23/02/2014
21134,NULL,15997,Bob Chapman,NULL,10/10/2013
24404,NULL,3907,Bryant Chapman,NULL,24/06/2013
27534,NULL,15397,Candace Chapman,NULL,09/05/2013
15254,NULL,7519,Carla Chapman,NULL,14/03/2014
21168,NULL,4069,Clifford Chapman,NULL,21/01/2014
18636,NULL,8111,Edgar Chapman,NULL,28/01/2014
12399,NULL,15956,Henry Chapman,NULL,23/01/2014
22966,NULL,4715,Jodi Chapman,NULL,18/09/2013
19050,NULL,20066,Joel Chapman,NULL,07/03/2014
12768,NULL,15885,Johnathan Chapman,NULL,18/12/2013
27382,NULL,3202,Kaitlin Chapman,NULL,13/09/2013
26221,NULL,10475,Kari Chapman,NULL,08/02/2014
11988,NULL,19923,Kathryn Chapman,NULL,06/01/2014
18144,NULL,20629,Katie Chapman,NULL,02/05/2014
23897,NULL,16350,Katrina Chapman,NULL,14/08/2013
21986,NULL,10676,Kristi Chapman,NULL,16/04/2014
11276,NULL,15449,Nancy Chapman,NULL,24/06/2014
27145,NULL,15530,Pamela Chapman,NULL,10/01/2014
12037,NULL,19655,Patricia Chapman,NULL,09/02/2014
17785,NULL,11638,Pedro Chapman,NULL,20/08/2013
23240,NULL,20151,Phillip Chapman,NULL,26/02/2014
18268,NULL,3960,Preston Chapman,NULL,27/01/2014
12397,NULL,17108,Shaun Chapman,NULL,24/10/2013
28420,NULL,16432,Tracy Chapman,NULL,15/03/2014
17846,NULL,12553,Alejandro Chavez,NULL,30/12/2013
23555,NULL,5087,Andres Chavez,NULL,25/08/2013
21949,NULL,12654,Clayton Chavez,NULL,27/04/2014
16032,NULL,13503,Colin Chavez,NULL,23/09/2013
20049,NULL,12335,Colleen Chavez,NULL,23/01/2014
15731,NULL,20470,Corey Chavez,NULL,28/02/2014
18909,NULL,4713,Jodi Chavez,NULL,29/08/2013
11678,NULL,17065,Johnny Chavez,NULL,08/07/2013
13786,NULL,12443,Jon Chavez,NULL,04/01/2014
13285,NULL,16566,Kara Chavez,NULL,28/03/2014
16704,NULL,3516,Karla Chavez,NULL,12/12/2013
23563,NULL,4164,Kurt Chavez,NULL,29/01/2014
11227,NULL,11590,Marshall Chavez,NULL,13/07/2013
28187,NULL,5519,Aaron Chen,NULL,13/12/2013
22274,NULL,5262,Adam Chen,NULL,23/06/2013
26591,NULL,5791,Aimee Chen,NULL,03/05/2014
13579,NULL,17299,Alan Chen,NULL,20/04/2014
14947,NULL,12468,Alejandro Chen,NULL,09/04/2014
14225,NULL,11940,Alisha Chen,NULL,26/01/2014
26863,NULL,4316,Alvin Chen,NULL,07/06/2014
19352,NULL,9752,Arturo Chen,NULL,21/09/2013
24190,NULL,6277,Austin Chen,NULL,17/11/2013
21408,NULL,5907,Autumn Chen,NULL,02/02/2014
22870,NULL,11537,Barbara Chen,NULL,24/09/2013
22146,NULL,6737,Benjamin Chen,NULL,13/05/2014
24891,NULL,4771,Bianca Chen,NULL,10/05/2014
29031,NULL,6933,Brandon Chen,NULL,12/04/2014
22610,NULL,17987,Brent Chen,NULL,04/11/2013
20379,NULL,17533,Brittney Chen,NULL,05/01/2014
22045,NULL,6328,Cameron Chen,NULL,13/09/2013
17065,NULL,3178,Cedric Chen,NULL,23/11/2013
28015,NULL,6227,Christian Chen,NULL,27/10/2013
15147,NULL,17702,Clarence Chen,NULL,06/01/2014
16627,NULL,5851,Claudia Chen,NULL,29/11/2013
15219,NULL,12575,Clayton Chen,NULL,03/03/2014
16535,NULL,13422,Colin Chen,NULL,03/11/2013
20321,NULL,12254,Colleen Chen,NULL,10/11/2013
28150,NULL,5620,Connor Chen,NULL,15/08/2011
26566,NULL,20743,Crystal Chen,NULL,06/03/2014
23979,NULL,5788,Damien Chen,NULL,15/11/2013
25050,NULL,5612,Darryl Chen,NULL,02/10/2013
27208,NULL,6682,David Chen,NULL,27/05/2014
16580,NULL,12152,Dawn Chen,NULL,04/01/2014
17627,NULL,17888,Dennis Chen,NULL,19/11/2013
16781,NULL,6987,Dylan Chen,NULL,01/07/2013
16267,NULL,13123,Edwin Chen,NULL,24/04/2014
27272,NULL,5923,Elijah Chen,NULL,10/04/2013
15493,NULL,5314,Eric Chen,NULL,13/01/2014
18308,NULL,2473,Erica Chen,NULL,06/07/2013
17853,NULL,6451,Ernest Chen,NULL,27/12/2013
20547,NULL,6525,Ethan Chen,NULL,04/02/2014
28376,NULL,5445,Eugene Chen,NULL,26/12/2013
26564,NULL,7582,Franklin Chen,NULL,30/06/2014
27906,NULL,8654,Gilbert Chen,NULL,23/03/2014
27134,NULL,5669,Glenn Chen,NULL,31/01/2014
29408,NULL,2628,Heather Chen,NULL,31/12/2013
22760,NULL,6074,Hunter Chen,NULL,20/09/2013
17579,NULL,5216,Jack Chen,NULL,11/05/2014
27075,NULL,5364,Jackson Chen,NULL,28/03/2014
22847,NULL,12900,Jaclyn Chen,NULL,11/10/2013
22845,NULL,5388,Jake Chen,NULL,28/05/2014
11641,NULL,6387,James Chen,NULL,18/01/2014
28868,NULL,5414,Jason Chen,NULL,26/05/2014
16827,NULL,18036,Jeffery Chen,NULL,24/03/2014
27966,NULL,11433,Jenny Chen,NULL,24/08/2013
24069,NULL,5507,Jessie Chen,NULL,25/12/2013
26920,NULL,13526,Jon Chen,NULL,20/05/2014
13096,NULL,6431,Jonathan Chen,NULL,10/06/2014
25854,NULL,5170,Jordan Chen,NULL,02/11/2013
20442,NULL,18285,Jorge Chen,NULL,15/10/2013
26871,NULL,6636,Justin Chen,NULL,28/01/2014
19325,NULL,12049,Kelli Chen,NULL,16/04/2014
23341,NULL,16168,Kelvin Chen,NULL,10/03/2014
22249,NULL,5823,Kevin Chen,NULL,27/11/2013
22002,NULL,2499,Kristen Chen,NULL,29/01/2014
13530,NULL,17352,Krystal Chen,NULL,14/02/2014
13166,NULL,5773,Kyle Chen,NULL,22/08/2013
12800,NULL,12358,Lacey Chen,NULL,20/01/2014
29449,NULL,2387,Laura Chen,NULL,13/10/2011
16577,NULL,17440,Leah Chen,NULL,02/01/2014
28514,NULL,2415,Lisa Chen,NULL,27/09/2013
17059,NULL,14146,Louis Chen,NULL,10/05/2014
21252,NULL,5470,Luis Chen,NULL,18/07/2013
18876,NULL,5123,Luke Chen,NULL,17/05/2014
15663,NULL,5729,Mandy Chen,NULL,27/04/2014
27941,NULL,17697,Margaret Chen,NULL,24/11/2013
19037,NULL,10788,Marshall Chen,NULL,06/03/2014
16087,NULL,6551,Micah Chen,NULL,16/03/2014
25175,NULL,5976,Nathan Chen,NULL,14/10/2013
26290,NULL,6124,Noah Chen,NULL,16/05/2014
11734,NULL,12677,Omar Chen,NULL,07/12/2013
22023,NULL,12785,Rafael Chen,NULL,20/08/2013
25543,NULL,6392,Ramon Chen,NULL,26/04/2014
13004,NULL,18139,Randy Chen,NULL,06/02/2014
18073,NULL,6178,Robert Chen,NULL,22/06/2014
21120,NULL,13225,Roger Chen,NULL,05/07/2013
23435,NULL,4947,Rosa Chen,NULL,28/12/2013
20646,NULL,6580,Ryan Chen,NULL,24/01/2014
22024,NULL,6024,Samuel Chen,NULL,03/10/2013
13811,NULL,17641,Sandra Chen,NULL,28/11/2013
18479,NULL,17587,Stacey Chen,NULL,20/05/2014
18902,NULL,6505,Steve Chen,NULL,25/06/2013
23294,NULL,5000,Suzanne Chen,NULL,01/11/2013
12382,NULL,13012,Tamara Chen,NULL,06/11/2013
12456,NULL,5726,Thomas Chen,NULL,18/06/2014
23348,NULL,2655,Tiffany Chen,NULL,29/11/2013
21083,NULL,5956,Trisha Chen,NULL,23/06/2014
19911,NULL,17485,Valerie Chen,NULL,09/04/2014
29427,NULL,18086,Wesley Chen,NULL,17/10/2013
28322,NULL,13339,Willie Chen,NULL,04/09/2013
13247,NULL,7045,Zachary Chen,NULL,19/04/2014
12699,NULL,20700,Amy Chow,NULL,22/03/2014
19232,NULL,17791,Candice Chow,NULL,02/04/2014
12681,NULL,11329,Christy Chow,NULL,18/02/2014
26015,NULL,5873,Gabriel Chow,NULL,31/03/2014
27815,NULL,2440,Jamie Chow,NULL,18/07/2013
11536,NULL,6482,Logan Chow,NULL,21/08/2013
28644,NULL,4889,Martha Chow,NULL,12/10/2011
18444,NULL,2523,Shannon Chow,NULL,31/05/2014
21849,NULL,18191,Todd Chow,NULL,22/08/2013
24305,NULL,11819,Warren Chow,NULL,04/03/2014
12772,NULL,12066,Abigail Clark,NULL,20/01/2014
23271,NULL,10733,Alexandra Clark,NULL,08/01/2014
25039,NULL,12020,Alexis Clark,NULL,21/04/2014
18347,NULL,11555,Alyssa Clark,NULL,18/12/2013
26777,NULL,18896,Andrew Clark,NULL,25/11/2013
16871,NULL,11608,Anna Clark,NULL,09/03/2014
27071,NULL,18385,Anthony Clark,NULL,07/08/2012
12398,NULL,12444,Ashley Clark,NULL,17/02/2014
24319,NULL,18201,Benjamin Clark,NULL,14/04/2014
21269,NULL,4175,Blake Clark,NULL,08/03/2014
21485,NULL,18453,Brandon Clark,NULL,22/03/2014
19212,NULL,11735,Brianna Clark,NULL,14/06/2013
15421,NULL,17543,Cameron Clark,NULL,30/03/2014
18656,NULL,4870,Charles Clark,NULL,04/02/2014
24340,NULL,11017,Chloe Clark,NULL,27/07/2013
13695,NULL,18049,Christian Clark,NULL,18/11/2013
27808,NULL,18255,Christopher Clark,NULL,15/04/2014
11294,NULL,4480,Dalton Clark,NULL,05/06/2014
15016,NULL,18581,Daniel Clark,NULL,11/03/2014
24820,NULL,18141,David Clark,NULL,07/07/2013
28600,NULL,11510,Destiny Clark,NULL,30/08/2013
25512,NULL,4944,Devin Clark,NULL,15/08/2013
23135,NULL,18538,Dylan Clark,NULL,27/01/2014
28240,NULL,5032,Eduardo Clark,NULL,24/05/2014
23888,NULL,4258,Edward Clark,NULL,06/08/2013
26005,NULL,11931,Elizabeth Clark,NULL,30/04/2014
12086,NULL,12255,Emily Clark,NULL,14/10/2013
13070,NULL,11884,Emma Clark,NULL,18/08/2013
26731,NULL,17861,Ethan Clark,NULL,30/12/2012
14872,NULL,3867,Fernando Clark,NULL,27/10/2013
12098,NULL,11326,Grace Clark,NULL,13/05/2014
22055,NULL,12301,Hannah Clark,NULL,13/07/2013
11936,NULL,17220,Hunter Clark,NULL,05/09/2013
18545,NULL,4723,Ian Clark,NULL,07/03/2014
21330,NULL,11241,Isabella Clark,NULL,19/03/2014
27264,NULL,18706,Jacob Clark,NULL,18/04/2013
13014,NULL,17639,James Clark,NULL,12/06/2014
25403,NULL,11417,Jasmine Clark,NULL,02/11/2013
25881,NULL,11105,Jennifer Clark,NULL,06/06/2014
18323,NULL,4009,Jeremy Clark,NULL,19/12/2013
28650,NULL,12112,Jessica Clark,NULL,08/10/2011
23721,NULL,18312,John Clark,NULL,19/03/2014
13870,NULL,17713,Jonathan Clark,NULL,23/07/2013
26727,NULL,17408,Jose Clark,NULL,30/01/2014
15395,NULL,18959,Joseph Clark,NULL,15/04/2014
26137,NULL,18801,Joshua Clark,NULL,06/02/2014
27087,NULL,18093,Justin Clark,NULL,29/01/2013
16863,NULL,11149,Kaitlyn Clark,NULL,05/08/2013
17171,NULL,10838,Katherine Clark,NULL,05/04/2014
17034,NULL,11657,Lauren Clark,NULL,28/12/2013
18039,NULL,17799,Logan Clark,NULL,04/03/2014
16782,NULL,4803,Lucas Clark,NULL,10/03/2014
14062,NULL,12346,Madison Clark,NULL,16/01/2014
27958,NULL,4634,Marcus Clark,NULL,18/05/2014
13394,NULL,18852,Matthew Clark,NULL,12/10/2013
20093,NULL,11699,Megan Clark,NULL,04/10/2013
21154,NULL,18751,Michael Clark,NULL,07/05/2014
16987,NULL,4097,Miguel Clark,NULL,13/01/2014
21502,NULL,11196,Morgan Clark,NULL,16/03/2014
20125,NULL,11283,Natalie Clark,NULL,29/10/2013
12432,NULL,17685,Nathan Clark,NULL,28/03/2014
13339,NULL,11466,Nicole Clark,NULL,12/07/2013
18223,NULL,17326,Noah Clark,NULL,28/07/2013
22081,NULL,11782,Olivia Clark,NULL,05/09/2013
22161,NULL,11373,Rachel Clark,NULL,22/05/2014
18777,NULL,4551,Richard Clark,NULL,14/08/2013
28255,NULL,17267,Robert Clark,NULL,16/05/2014
17164,NULL,18014,Ryan Clark,NULL,17/04/2014
26573,NULL,12397,Samantha Clark,NULL,07/07/2013
23146,NULL,12489,Sarah Clark,NULL,23/02/2014
22034,NULL,4327,Seth Clark,NULL,31/08/2013
16610,NULL,10784,Sydney Clark,NULL,06/09/2013
21439,NULL,17316,Thomas Clark,NULL,08/06/2013
12908,NULL,18632,Tyler Clark,NULL,06/08/2013
24815,NULL,11833,Victoria Clark,NULL,09/09/2013
29021,NULL,18363,William Clark,NULL,02/01/2014
25077,NULL,3781,Wyatt Clark,NULL,16/05/2014
18967,NULL,4402,Xavier Clark,NULL,12/07/2013
23893,NULL,18586,Zachary Clark,NULL,17/11/2013
16749,NULL,5488,Aaron Coleman,NULL,07/05/2014
23868,NULL,12798,Abigail Coleman,NULL,25/03/2014
21484,NULL,3961,Abigail Coleman,NULL,11/03/2014
20077,NULL,12906,Aidan Coleman,NULL,03/04/2014
19820,NULL,2805,Alexandra Coleman,NULL,19/09/2013
13289,NULL,7608,Alexandria Coleman,NULL,17/06/2014
13478,NULL,7102,Alexia Coleman,NULL,04/11/2013
11244,NULL,12751,Alexis Coleman,NULL,19/12/2013
15366,NULL,20189,Alyssa Coleman,NULL,25/07/2013
24363,NULL,3034,Amanda Coleman,NULL,24/06/2014
21335,NULL,7438,Ana Coleman,NULL,04/01/2014
18439,NULL,7654,Angela Coleman,NULL,04/03/2014
25186,NULL,7138,Angelica Coleman,NULL,15/10/2013
26338,NULL,3662,Anna Coleman,NULL,28/01/2014
27461,NULL,7698,Arianna Coleman,NULL,10/12/2013
27297,NULL,12572,Ashley Coleman,NULL,23/02/2013
14865,NULL,6242,Austin Coleman,NULL,26/08/2013
23486,NULL,6699,Benjamin Coleman,NULL,09/11/2013
26526,NULL,13593,Blake Coleman,NULL,26/03/2014
29131,NULL,6898,Brandon Coleman,NULL,12/05/2014
15579,NULL,7180,Brittany Coleman,NULL,10/08/2013
28605,NULL,5538,Caleb Coleman,NULL,22/01/2014
28796,NULL,6293,Cameron Coleman,NULL,02/09/2013
16568,NULL,6779,Caroline Coleman,NULL,14/07/2013
21493,NULL,13240,Carson Coleman,NULL,15/05/2014
28166,NULL,6817,Cassidy Coleman,NULL,20/08/2011
24743,NULL,20293,Chloe Coleman,NULL,15/01/2014
25798,NULL,6753,Christian Coleman,NULL,14/03/2014
19687,NULL,5591,Connor Coleman,NULL,30/10/2013
23412,NULL,13455,Dalton Coleman,NULL,22/07/2013
22871,NULL,6653,David Coleman,NULL,24/12/2013
12122,NULL,20071,Destiny Coleman,NULL,11/11/2013
11797,NULL,13697,Devin Coleman,NULL,29/11/2013
27403,NULL,6951,Dylan Coleman,NULL,18/04/2014
26818,NULL,13733,Eduardo Coleman,NULL,09/03/2014
20472,NULL,13636,Edward Coleman,NULL,27/11/2013
23695,NULL,5889,Elijah Coleman,NULL,09/07/2013
11932,NULL,12664,Elizabeth Coleman,NULL,25/12/2013
18576,NULL,12991,Emily Coleman,NULL,18/04/2014
27684,NULL,19547,Emma Coleman,NULL,03/02/2014
19138,NULL,5277,Eric Coleman,NULL,02/05/2014
16693,NULL,6491,Ethan Coleman,NULL,05/06/2013
25700,NULL,7813,Faith Coleman,NULL,16/05/2014
21250,NULL,13103,Fernando Coleman,NULL,24/09/2013
17706,NULL,5838,Gabriel Coleman,NULL,01/06/2014
28164,NULL,3337,Gabrielle Coleman,NULL,14/08/2011
24527,NULL,13286,Gavin Coleman,NULL,30/07/2013
28032,NULL,19644,Grace Coleman,NULL,24/07/2013
18536,NULL,3188,Hailey Coleman,NULL,10/04/2014
21320,NULL,13029,Hannah Coleman,NULL,16/02/2014
25976,NULL,6036,Hunter Coleman,NULL,24/12/2013
21276,NULL,13872,Ian Coleman,NULL,14/03/2014
12530,NULL,7475,Isabel Coleman,NULL,10/05/2014
27136,NULL,2535,Isabella Coleman,NULL,25/02/2014
18835,NULL,7508,Isabelle Coleman,NULL,01/07/2013
25416,NULL,5185,Jack Coleman,NULL,19/12/2013
27467,NULL,5328,Jackson Coleman,NULL,22/05/2013
17212,NULL,7738,Jacqueline Coleman,NULL,29/04/2014
21351,NULL,6345,James Coleman,NULL,29/03/2014
11145,NULL,19848,Jasmine Coleman,NULL,27/06/2013
13739,NULL,5383,Jason Coleman,NULL,24/01/2014
27298,NULL,20508,Jennifer Coleman,NULL,22/02/2013
13553,NULL,3511,Jessica Coleman,NULL,20/04/2014
22087,NULL,3418,Joan Coleman,NULL,10/12/2013
26699,NULL,19246,Joan Coleman,NULL,30/09/2013
20606,NULL,7227,Jocelyn Coleman,NULL,19/12/2013
14486,NULL,6402,Jonathan Coleman,NULL,30/11/2013
11858,NULL,5140,Jordan Coleman,NULL,12/12/2013
13353,NULL,6861,Jordyn Coleman,NULL,02/04/2014
25349,NULL,6196,Jose Coleman,NULL,28/12/2013
11303,NULL,20393,Julia Coleman,NULL,26/07/2013
24760,NULL,13326,Julian Coleman,NULL,12/01/2014
20323,NULL,6604,Justin Coleman,NULL,21/08/2013
19117,NULL,20615,Kaitlyn Coleman,NULL,20/05/2014
23825,NULL,2959,Katherine Coleman,NULL,19/03/2014
12048,NULL,12710,Kayla Coleman,NULL,28/04/2014
15769,NULL,7545,Kelly Coleman,NULL,06/02/2014
12302,NULL,5794,Kevin Coleman,NULL,28/05/2014
13419,NULL,19040,Lauren Coleman,NULL,04/10/2013
18686,NULL,6448,Logan Coleman,NULL,04/01/2014
27060,NULL,13916,Lucas Coleman,NULL,25/08/2012
14230,NULL,5431,Luis Coleman,NULL,26/02/2014
11723,NULL,5637,Luke Coleman,NULL,05/06/2014
23586,NULL,13078,Madison Coleman,NULL,11/04/2014
28663,NULL,13823,Marcus Coleman,NULL,04/06/2012
17827,NULL,3269,Maria Coleman,NULL,25/12/2013
24523,NULL,8083,Mariah Coleman,NULL,10/07/2013
25896,NULL,7061,Marissa Coleman,NULL,25/11/2013
24452,NULL,19141,Megan Coleman,NULL,06/08/2013
15639,NULL,8122,Melanie Coleman,NULL,13/10/2013
23698,NULL,7856,Melissa Coleman,NULL,28/05/2014
27400,NULL,13548,Miguel Coleman,NULL,06/07/2013
17620,NULL,7272,Miranda Coleman,NULL,03/01/2014
23956,NULL,20714,Morgan Coleman,NULL,11/12/2013
27418,NULL,7306,Mya Coleman,NULL,14/03/2014
20124,NULL,2728,Natalie Coleman,NULL,08/11/2013
21558,NULL,19959,Nicole Coleman,NULL,06/02/2014
11297,NULL,6090,Noah Coleman,NULL,23/07/2013
14337,NULL,19348,Olivia Coleman,NULL,13/10/2013
18358,NULL,13373,Oscar Coleman,NULL,10/09/2013
15263,NULL,7777,Paige Coleman,NULL,28/06/2014
16648,NULL,19753,Rachel Coleman,NULL,12/05/2014
13233,NULL,13774,Richard Coleman,NULL,05/04/2014
29139,NULL,7365,Riley Coleman,NULL,06/11/2011
25333,NULL,6141,Robert Coleman,NULL,12/02/2014
25153,NULL,6546,Ryan Coleman,NULL,04/03/2014
13930,NULL,12524,Samantha Coleman,NULL,30/03/2014
17450,NULL,5992,Samuel Coleman,NULL,21/06/2014
26111,NULL,12620,Sarah Coleman,NULL,22/01/2014
15993,NULL,13145,Spencer Coleman,NULL,23/10/2013
22264,NULL,3110,Stephanie Coleman,NULL,10/11/2013
23480,NULL,2878,Sydney Coleman,NULL,22/04/2014
18104,NULL,3585,Taylor Coleman,NULL,02/09/2013
17672,NULL,5688,Thomas Coleman,NULL,13/11/2013
25313,NULL,12823,Trevor Coleman,NULL,25/12/2013
15883,NULL,12867,Tristan Coleman,NULL,04/09/2013
21589,NULL,7400,Vanessa Coleman,NULL,19/10/2013
23708,NULL,19440,Victoria Coleman,NULL,15/04/2014
23284,NULL,13674,Wyatt Coleman,NULL,23/12/2013
27630,NULL,13403,Xavier Coleman,NULL,19/10/2013
16962,NULL,7012,Zachary Coleman,NULL,21/06/2014
27663,NULL,15761,Aaron Collins,NULL,18/04/2014
14250,NULL,15777,Adam Collins,NULL,30/01/2014
28781,NULL,15787,Alex Collins,NULL,05/01/2014
12548,NULL,9389,Alexandra Collins,NULL,29/01/2014
28581,NULL,9433,Allison Collins,NULL,04/05/2014
20783,NULL,9397,Amanda Collins,NULL,25/04/2014
18963,NULL,9411,Amber Collins,NULL,22/07/2013
12250,NULL,9434,Andrea Collins,NULL,10/12/2013
11970,NULL,9418,Bailey Collins,NULL,21/02/2014
11610,NULL,4217,Blake Collins,NULL,03/04/2014
22360,NULL,15764,Caleb Collins,NULL,27/12/2013
16223,NULL,15783,Carlos Collins,NULL,17/07/2013
29041,NULL,4909,Charles Collins,NULL,27/05/2014
25853,NULL,9379,Chloe Collins,NULL,27/05/2014
27270,NULL,15765,Connor Collins,NULL,20/02/2013
14357,NULL,4528,Dalton Collins,NULL,11/11/2013
19415,NULL,4995,Devin Collins,NULL,26/05/2014
13987,NULL,5075,Eduardo Collins,NULL,26/05/2014
28627,NULL,3750,Edward Collins,NULL,04/10/2011
18824,NULL,15757,Elijah Collins,NULL,01/05/2014
15275,NULL,15779,Eric Collins,NULL,30/07/2013
15255,NULL,15790,Evan Collins,NULL,08/04/2014
25461,NULL,3909,Fernando Collins,NULL,23/03/2014
16983,NULL,15754,Gabriel Collins,NULL,25/04/2014
13592,NULL,9423,Gabriella Collins,NULL,11/01/2014
15975,NULL,9403,Gabrielle Collins,NULL,18/02/2014
11709,NULL,9400,Hailey Collins,NULL,16/03/2014
18534,NULL,15743,Hunter Collins,NULL,03/08/2013
25904,NULL,4769,Ian Collins,NULL,04/05/2014
26077,NULL,15795,Isaac Collins,NULL,26/04/2014
16814,NULL,9385,Isabella Collins,NULL,06/07/2013
12065,NULL,15786,Isaiah Collins,NULL,01/09/2013
25887,NULL,15776,Jack Collins,NULL,20/01/2014
29200,NULL,15781,Jackson Collins,NULL,24/12/2013
11668,NULL,9426,Jada Collins,NULL,06/06/2014
26742,NULL,15734,James Collins,NULL,04/03/2014
17458,NULL,15759,Jason Collins,NULL,11/04/2014
19858,NULL,9412,Jenna Collins,NULL,05/05/2014
11364,NULL,9381,Jennifer Collins,NULL,28/05/2014
13087,NULL,4059,Jeremy Collins,NULL,24/03/2014
17012,NULL,9405,Joan Collins,NULL,25/10/2013
16849,NULL,15736,Jonathan Collins,NULL,07/06/2014
20398,NULL,9414,Jordan Collins,NULL,09/11/2013
26489,NULL,15772,Jordan Collins,NULL,05/07/2013
24748,NULL,15748,Jose Collins,NULL,26/07/2013
13390,NULL,9380,Julia Collins,NULL,01/06/2014
26263,NULL,9383,Kaitlyn Collins,NULL,16/08/2013
15782,NULL,9428,Katelyn Collins,NULL,17/05/2014
16973,NULL,9395,Katherine Collins,NULL,16/09/2013
13657,NULL,9431,Kaylee Collins,NULL,06/11/2013
26650,NULL,15751,Kevin Collins,NULL,22/02/2014
14654,NULL,15750,Kyle Collins,NULL,01/09/2013
13983,NULL,15738,Logan Collins,NULL,26/12/2013
21921,NULL,4289,Lucas Collins,NULL,16/05/2014
22765,NULL,15760,Luis Collins,NULL,10/02/2014
20633,NULL,15770,Luke Collins,NULL,06/03/2014
23340,NULL,9421,Mackenzie Collins,NULL,03/03/2014
12057,NULL,9407,Madeline Collins,NULL,07/12/2013
22262,NULL,4682,Marcus Collins,NULL,24/06/2013
17497,NULL,9401,Maria Collins,NULL,28/12/2013
28591,NULL,9410,Mary Collins,NULL,27/12/2013
21368,NULL,15793,Mason Collins,NULL,29/11/2013
17362,NULL,4139,Miguel Collins,NULL,26/04/2014
18936,NULL,9384,Morgan Collins,NULL,03/11/2013
17963,NULL,9386,Natalie Collins,NULL,13/03/2014
19704,NULL,15741,Nathan Collins,NULL,26/12/2013
21298,NULL,15745,Noah Collins,NULL,26/08/2013
26153,NULL,9406,Rebecca Collins,NULL,01/02/2014
16256,NULL,4597,Richard Collins,NULL,04/02/2014
11280,NULL,15746,Robert Collins,NULL,08/01/2014
11634,NULL,15742,Samuel Collins,NULL,26/09/2013
26478,NULL,9425,Sara Collins,NULL,17/12/2013
15164,NULL,9430,Savannah Collins,NULL,18/12/2013
15938,NULL,15796,Sean Collins,NULL,27/03/2014
23927,NULL,4374,Seth Collins,NULL,17/01/2014
18549,NULL,9415,Sierra Collins,NULL,23/07/2013
11261,NULL,9398,Stephanie Collins,NULL,25/05/2014
13733,NULL,9394,Sydney Collins,NULL,07/05/2014
20638,NULL,15749,Thomas Collins,NULL,12/01/2014
24990,NULL,15797,Timothy Collins,NULL,25/09/2013
28295,NULL,3827,Wyatt Collins,NULL,26/09/2011
16646,NULL,4450,Xavier Collins,NULL,25/05/2014
23874,NULL,3919,Abigail Cook,NULL,01/04/2014
27396,NULL,15527,Adrian Cook,NULL,15/01/2014
18519,NULL,15476,Alex Cook,NULL,09/05/2014
12046,NULL,9183,Alexa Cook,NULL,18/09/2013
17397,NULL,2764,Alexandra Cook,NULL,27/10/2013
18820,NULL,9211,Alexandria Cook,NULL,08/12/2013
18609,NULL,20120,Alyssa Cook,NULL,17/04/2014
11279,NULL,2996,Amanda Cook,NULL,22/11/2013
26486,NULL,9178,Andrea Cook,NULL,17/09/2013
21799,NULL,15474,Angel Cook,NULL,30/12/2013
20899,NULL,9213,Angela Cook,NULL,21/06/2014
17527,NULL,3622,Anna Cook,NULL,31/03/2014
11525,NULL,9187,Ariana Cook,NULL,25/07/2013
21634,NULL,9214,Arianna Cook,NULL,19/02/2014
24354,NULL,9166,Bailey Cook,NULL,30/09/2013
27278,NULL,15500,Brian Cook,NULL,14/04/2014
29132,NULL,19194,Brianna Cook,NULL,23/11/2011
21804,NULL,9194,Brooke Cook,NULL,24/12/2013
28640,NULL,15501,Bryce Cook,NULL,23/12/2013
26955,NULL,15473,Carlos Cook,NULL,01/01/2014
11219,NULL,15531,Charles Cook,NULL,26/06/2014
25336,NULL,15507,Chase Cook,NULL,26/09/2013
26790,NULL,20243,Chloe Cook,NULL,23/03/2014
25517,NULL,9184,Christina Cook,NULL,12/03/2014
12450,NULL,15528,Cody Cook,NULL,18/01/2014
23197,NULL,15513,Cole Cook,NULL,30/12/2013
18851,NULL,14926,Dalton Cook,NULL,14/05/2014
13385,NULL,9180,Danielle Cook,NULL,15/04/2014
14252,NULL,20006,Destiny Cook,NULL,22/05/2014
21924,NULL,15534,Eduardo Cook,NULL,28/05/2014
14117,NULL,19492,Emma Cook,NULL,13/11/2013
29280,NULL,9204,Erin Cook,NULL,22/01/2012
18991,NULL,15483,Evan Cook,NULL,03/05/2014
27871,NULL,9218,Faith Cook,NULL,25/05/2014
26460,NULL,9169,Gabriella Cook,NULL,18/06/2014
27637,NULL,3301,Gabrielle Cook,NULL,04/12/2013
16885,NULL,15517,Garrett Cook,NULL,16/08/2013
25445,NULL,19591,Grace Cook,NULL,01/12/2013
20199,NULL,3153,Hailey Cook,NULL,23/07/2013
27535,NULL,14918,Ian Cook,NULL,07/05/2013
13994,NULL,15488,Isaac Cook,NULL,10/02/2014
13172,NULL,20760,Isabella Cook,NULL,10/06/2014
19223,NULL,9215,Jacqueline Cook,NULL,02/06/2014
13360,NULL,9174,Jada Cook,NULL,07/07/2013
25687,NULL,9205,Jade Cook,NULL,08/05/2014
12464,NULL,15514,Jared Cook,NULL,13/02/2014
14408,NULL,19797,Jasmine Cook,NULL,08/05/2014
23550,NULL,20446,Jennifer Cook,NULL,01/04/2014
24672,NULL,14927,Jeremy Cook,NULL,29/06/2014
22239,NULL,15489,Jesse Cook,NULL,01/12/2013
22131,NULL,3468,Jessica Cook,NULL,19/10/2013
23554,NULL,3377,Joan Cook,NULL,04/12/2013
17146,NULL,15510,Juan Cook,NULL,07/04/2014
25341,NULL,20555,Kaitlyn Cook,NULL,26/11/2013
12787,NULL,9175,Katelyn Cook,NULL,25/02/2014
26479,NULL,2922,Katherine Cook,NULL,09/03/2014
11904,NULL,9177,Kaylee Cook,NULL,01/12/2013
28190,NULL,9195,Kimberly Cook,NULL,06/05/2014
28836,NULL,3695,Lauren Cook,NULL,17/07/2012
23955,NULL,14922,Lucas Cook,NULL,20/05/2014
14589,NULL,9168,Mackenzie Cook,NULL,15/12/2013
28243,NULL,14917,Marcus Cook,NULL,24/05/2014
19011,NULL,3226,Maria Cook,NULL,13/12/2013
17614,NULL,15484,Mason Cook,NULL,09/01/2014
20299,NULL,19081,Megan Cook,NULL,13/09/2013
25508,NULL,9219,Melissa Cook,NULL,05/04/2014
17594,NULL,9193,Michelle Cook,NULL,29/04/2014
19403,NULL,20658,Morgan Cook,NULL,02/07/2013
11707,NULL,2688,Natalie Cook,NULL,24/10/2013
17567,NULL,15505,Nathaniel Cook,NULL,03/12/2013
15979,NULL,19894,Nicole Cook,NULL,26/11/2013
23180,NULL,19299,Olivia Cook,NULL,29/11/2013
24822,NULL,9216,Paige Cook,NULL,07/01/2014
27577,NULL,15498,Patrick Cook,NULL,08/06/2011
23614,NULL,19698,Rachel Cook,NULL,18/10/2013
19136,NULL,14915,Richard Cook,NULL,03/10/2013
16373,NULL,9172,Sara Cook,NULL,16/09/2013
21442,NULL,9176,Savannah Cook,NULL,14/07/2013
12087,NULL,15495,Sean Cook,NULL,17/06/2014
18321,NULL,15511,Sebastian Cook,NULL,27/08/2013
23010,NULL,14923,Seth Cook,NULL,01/04/2014
23194,NULL,9199,Shelby Cook,NULL,07/04/2014
17583,NULL,3070,Stephanie Cook,NULL,17/07/2013
27053,NULL,15522,Steven Cook,NULL,15/08/2012
13118,NULL,2838,Sydney Cook,NULL,25/05/2014
16794,NULL,3545,Taylor Cook,NULL,17/06/2013
25837,NULL,15496,Timothy Cook,NULL,07/11/2013
14732,NULL,9201,Trinity Cook,NULL,06/05/2014
20620,NULL,19388,Victoria Cook,NULL,24/01/2014
24633,NULL,14925,Xavier Cook,NULL,04/11/2013
24616,NULL,9181,Zoe Cook,NULL,08/01/2014
24329,NULL,3930,Abigail Cooper,NULL,22/05/2014
15005,NULL,14667,Adrian Cooper,NULL,14/03/2014
27362,NULL,14635,Alex Cooper,NULL,04/11/2013
14381,NULL,8966,Alexa Cooper,NULL,17/11/2013
19541,NULL,2775,Alexandra Cooper,NULL,13/04/2014
29294,NULL,8953,Allison Cooper,NULL,30/03/2014
12171,NULL,20132,Alyssa Cooper,NULL,07/08/2013
14606,NULL,3004,Amanda Cooper,NULL,18/03/2014
29323,NULL,8955,Andrea Cooper,NULL,13/01/2014
14997,NULL,14633,Angel Cooper,NULL,30/12/2013
19526,NULL,8426,Angela Cooper,NULL,03/11/2013
14515,NULL,3632,Anna Cooper,NULL,17/03/2014
17348,NULL,8968,Ariana Cooper,NULL,06/02/2014
18340,NULL,8427,Arianna Cooper,NULL,10/04/2014
17863,NULL,8941,Bailey Cooper,NULL,01/02/2014
13760,NULL,14649,Brian Cooper,NULL,05/06/2014
25925,NULL,19205,Brianna Cooper,NULL,29/09/2013
19536,NULL,8972,Brooke Cooper,NULL,18/11/2013
28973,NULL,14662,Bryan Cooper,NULL,30/03/2014
22096,NULL,14652,Bryce Cooper,NULL,03/10/2013
20735,NULL,8969,Caitlin Cooper,NULL,15/01/2014
17608,NULL,14630,Carlos Cooper,NULL,06/01/2014
12605,NULL,20253,Carol Cooper,NULL,12/10/2013
12953,NULL,8957,Catherine Cooper,NULL,18/09/2013
21640,NULL,14670,Charles Cooper,NULL,20/12/2013
27194,NULL,14656,Chase Cooper,NULL,02/10/2013
26512,NULL,8967,Christina Cooper,NULL,06/11/2012
16028,NULL,14669,Cody Cooper,NULL,17/05/2014
19707,NULL,14659,Cole Cooper,NULL,02/11/2013
27240,NULL,14685,Dalton Cooper,NULL,10/03/2013
25849,NULL,8959,Danielle Cooper,NULL,09/07/2013
19206,NULL,20021,Destiny Cooper,NULL,11/03/2014
19711,NULL,14675,Devin Cooper,NULL,11/06/2014
15409,NULL,14676,Eduardo Cooper,NULL,22/04/2014
14741,NULL,19504,Emma Cooper,NULL,19/02/2014
26844,NULL,8419,Erin Cooper,NULL,18/06/2014
15952,NULL,14637,Evan Cooper,NULL,09/02/2014
18596,NULL,8943,Gabriella Cooper,NULL,19/04/2014
14120,NULL,3307,Gabrielle Cooper,NULL,27/11/2013
25861,NULL,14663,Garrett Cooper,NULL,08/06/2011
16012,NULL,19604,Grace Cooper,NULL,22/11/2013
23478,NULL,3160,Hailey Cooper,NULL,09/03/2014
15897,NULL,3388,Haley Cooper,NULL,02/02/2014
19151,NULL,14680,Ian Cooper,NULL,28/02/2014
28809,NULL,14639,Isaac Cooper,NULL,05/09/2013
27634,NULL,8430,Jacqueline Cooper,NULL,17/04/2014
21304,NULL,8948,Jada Cooper,NULL,22/10/2013
24966,NULL,8420,Jade Cooper,NULL,20/09/2013
11187,NULL,20457,Jennifer Cooper,NULL,06/01/2014
26556,NULL,14687,Jeremy Cooper,NULL,18/10/2013
16015,NULL,3477,Jessica Cooper,NULL,23/06/2013
28794,NULL,14657,Juan Cooper,NULL,04/10/2011
28622,NULL,20352,Julia Cooper,NULL,15/01/2014
27801,NULL,20572,Kaitlyn Cooper,NULL,31/07/2013
25159,NULL,8949,Katelyn Cooper,NULL,24/02/2014
14314,NULL,2931,Katherine Cooper,NULL,09/01/2014
21801,NULL,8952,Kaylee Cooper,NULL,05/01/2014
22457,NULL,8412,Kimberly Cooper,NULL,23/09/2013
22684,NULL,3706,Lauren Cooper,NULL,29/04/2014
23706,NULL,8942,Mackenzie Cooper,NULL,02/04/2014
26470,NULL,14679,Marcus Cooper,NULL,15/08/2013
25384,NULL,3235,Maria Cooper,NULL,30/08/2013
27901,NULL,8421,Mariah Cooper,NULL,19/09/2013
23034,NULL,8424,Melanie Cooper,NULL,21/01/2014
20073,NULL,8432,Melissa Cooper,NULL,08/10/2013
17822,NULL,8970,Michelle Cooper,NULL,02/02/2014
23510,NULL,20678,Morgan Cooper,NULL,01/02/2014
29033,NULL,2699,Natalie Cooper,NULL,14/11/2013
12079,NULL,14653,Nathaniel Cooper,NULL,02/12/2013
18836,NULL,19908,Nicole Cooper,NULL,27/08/2013
16210,NULL,19312,Olivia Cooper,NULL,18/05/2014
14119,NULL,8431,Paige Cooper,NULL,30/03/2014
16833,NULL,14678,Richard Cooper,NULL,30/03/2014
23913,NULL,8434,Riley Cooper,NULL,01/06/2014
18050,NULL,8944,Sara Cooper,NULL,09/02/2014
21651,NULL,14645,Sean Cooper,NULL,10/08/2013
17599,NULL,14658,Sebastian Cooper,NULL,05/01/2014
24740,NULL,8414,Shelby Cooper,NULL,03/10/2013
24976,NULL,3081,Stephanie Cooper,NULL,03/06/2012
16435,NULL,14665,Steven Cooper,NULL,19/05/2014
28594,NULL,2850,Sydney Cooper,NULL,13/01/2014
22105,NULL,3554,Taylor Cooper,NULL,03/06/2014
20651,NULL,14647,Timothy Cooper,NULL,08/04/2014
17367,NULL,8418,Trinity Cooper,NULL,08/09/2013
13637,NULL,19396,Victoria Cooper,NULL,24/05/2014
20185,NULL,14682,Xavier Cooper,NULL,16/02/2014
27751,NULL,8964,Zoe Cooper,NULL,29/10/2013
21275,NULL,3935,Abigail Cox,NULL,18/03/2014
20443,NULL,14803,Adrian Cox,NULL,06/03/2014
15915,NULL,14768,Alex Cox,NULL,28/02/2014
20505,NULL,8514,Alexa Cox,NULL,04/09/2013
24830,NULL,2779,Alexandra Cox,NULL,13/09/2013
16918,NULL,8538,Alexandria Cox,NULL,18/06/2014
14335,NULL,8504,Allison Cox,NULL,29/10/2013
11083,NULL,20135,Alyssa Cox,NULL,10/04/2014
27556,NULL,3008,Amanda Cox,NULL,28/05/2013
13830,NULL,8506,Andrea Cox,NULL,11/06/2014
18793,NULL,14764,Angel Cox,NULL,26/04/2014
28989,NULL,8540,Angela Cox,NULL,21/11/2011
18969,NULL,3636,Anna Cox,NULL,15/06/2014
15270,NULL,8517,Ariana Cox,NULL,06/01/2014
18927,NULL,8542,Arianna Cox,NULL,17/01/2014
17444,NULL,8494,Bailey Cox,NULL,13/11/2013
14439,NULL,14785,Brian Cox,NULL,19/12/2013
15329,NULL,19209,Brianna Cox,NULL,14/01/2014
27449,NULL,14798,Bryan Cox,NULL,07/03/2014
20205,NULL,14786,Bryce Cox,NULL,12/11/2013
20510,NULL,8519,Caitlin Cox,NULL,13/06/2014
20480,NULL,14762,Carlos Cox,NULL,17/12/2013
28054,NULL,8546,Carol Cox,NULL,30/08/2013
13122,NULL,8510,Catherine Cox,NULL,29/04/2014
19982,NULL,14806,Charles Cox,NULL,13/04/2014
11162,NULL,14792,Chase Cox,NULL,21/07/2013
29126,NULL,20256,Chloe Cox,NULL,01/11/2011
20660,NULL,8516,Christina Cox,NULL,31/12/2013
12426,NULL,14804,Cody Cox,NULL,07/04/2014
25315,NULL,14795,Cole Cox,NULL,08/05/2014
16819,NULL,14822,Dalton Cox,NULL,15/03/2014
11207,NULL,8512,Danielle Cox,NULL,20/03/2014
13447,NULL,20030,Destiny Cox,NULL,17/11/2013
13418,NULL,14807,Devin Cox,NULL,14/01/2014
22102,NULL,14808,Eduardo Cox,NULL,08/03/2014
27249,NULL,19507,Emma Cox,NULL,26/07/2013
26815,NULL,8529,Erin Cox,NULL,01/01/2013
25369,NULL,14771,Evan Cox,NULL,06/02/2014
19691,NULL,8496,Gabriella Cox,NULL,01/11/2013
12019,NULL,3309,Gabrielle Cox,NULL,25/02/2014
17590,NULL,14799,Garrett Cox,NULL,03/08/2013
14649,NULL,19612,Grace Cox,NULL,02/01/2014
12448,NULL,3163,Hailey Cox,NULL,31/12/2013
23890,NULL,3393,Haley Cox,NULL,25/01/2014
13417,NULL,14818,Ian Cox,NULL,02/10/2013
15797,NULL,14773,Isaac Cox,NULL,05/04/2014
27730,NULL,2397,Isabella Cox,NULL,06/10/2013
13584,NULL,14767,Isaiah Cox,NULL,26/12/2013
22246,NULL,8544,Jacqueline Cox,NULL,04/05/2014
26781,NULL,8532,Jan Cox,NULL,16/06/2014
26209,NULL,8498,Jan Cox,NULL,09/02/2014
28114,NULL,14797,Jared Cox,NULL,28/07/2013
25086,NULL,19811,Jasmine Cox,NULL,01/06/2013
21934,NULL,20463,Jennifer Cox,NULL,19/01/2014
20331,NULL,14823,Jeremy Cox,NULL,29/10/2013
24285,NULL,14777,Jesse Cox,NULL,05/12/2013
28816,NULL,3482,Jessica Cox,NULL,21/01/2014
28281,NULL,14793,Juan Cox,NULL,27/09/2013
20670,NULL,20357,Julia Cox,NULL,18/05/2014
13306,NULL,20575,Kaitlyn Cox,NULL,18/05/2014
21742,NULL,8499,Katelyn Cox,NULL,29/09/2013
28984,NULL,2933,Katherine Cox,NULL,23/12/2013
23800,NULL,8503,Kaylee Cox,NULL,08/03/2014
11636,NULL,8524,Kimberly Cox,NULL,20/06/2014
13337,NULL,3709,Lauren Cox,NULL,06/11/2013
25393,NULL,14819,Lucas Cox,NULL,26/07/2012
16757,NULL,8495,Mackenzie Cox,NULL,02/06/2014
24231,NULL,8525,Makayla Cox,NULL,27/05/2014
18945,NULL,14814,Marcus Cox,NULL,30/05/2014
28807,NULL,3238,Maria Cox,NULL,10/11/2011
13351,NULL,8535,Mariah Cox,NULL,08/10/2013
11657,NULL,19100,Megan Cox,NULL,30/06/2014
12496,NULL,8536,Melanie Cox,NULL,20/01/2014
23402,NULL,8548,Melissa Cox,NULL,28/07/2013
17328,NULL,8522,Michelle Cox,NULL,08/05/2014
23742,NULL,20681,Morgan Cox,NULL,09/03/2014
24352,NULL,2702,Natalie Cox,NULL,19/10/2013
19661,NULL,14788,Nathaniel Cox,NULL,13/04/2014
22950,NULL,19912,Nicole Cox,NULL,05/07/2013
13499,NULL,19314,Olivia Cox,NULL,16/07/2013
24673,NULL,8545,Paige Cox,NULL,27/08/2013
21497,NULL,14783,Patrick Cox,NULL,10/05/2014
29340,NULL,19715,Rachel Cox,NULL,26/01/2012
17440,NULL,14811,Richard Cox,NULL,09/01/2014
24345,NULL,8550,Riley Cox,NULL,14/08/2013
27758,NULL,8497,Sara Cox,NULL,25/08/2013
15819,NULL,8501,Savannah Cox,NULL,10/02/2014
26086,NULL,14778,Sean Cox,NULL,23/03/2014
26454,NULL,14794,Sebastian Cox,NULL,27/12/2013
28293,NULL,8526,Shelby Cox,NULL,26/09/2011
12366,NULL,3083,Stephanie Cox,NULL,29/04/2014
15964,NULL,14801,Steven Cox,NULL,21/02/2014
11436,NULL,3558,Taylor Cox,NULL,19/11/2013
28196,NULL,14780,Timothy Cox,NULL,20/05/2014
22043,NULL,8528,Trinity Cox,NULL,06/09/2013
24297,NULL,19400,Victoria Cox,NULL,19/07/2013
27388,NULL,14821,Xavier Cox,NULL,12/09/2013
17755,NULL,8513,Zoe Cox,NULL,13/10/2013
16747,NULL,18189,Alexander Davis,NULL,30/11/2013
12047,NULL,10707,Alexandra Davis,NULL,19/03/2014
13243,NULL,11526,Alyssa Davis,NULL,27/10/2013
18794,NULL,18872,Andrew Davis,NULL,04/04/2014
23720,NULL,12178,Anna Davis,NULL,24/04/2014
13188,NULL,18602,Anthony Davis,NULL,14/03/2014
26407,NULL,12414,Ashley Davis,NULL,02/08/2013
13366,NULL,18216,Austin Davis,NULL,03/12/2013
13672,NULL,17933,Benjamin Davis,NULL,27/11/2013
17485,NULL,4148,Blake Davis,NULL,20/08/2013
24398,NULL,18438,Brandon Davis,NULL,18/09/2013
19774,NULL,11713,Brianna Davis,NULL,03/08/2013
17609,NULL,4845,Charles Davis,NULL,01/01/2014
24142,NULL,18027,Christian Davis,NULL,19/03/2014
22022,NULL,18070,Christopher Davis,NULL,14/04/2014
11711,NULL,18668,Daniel Davis,NULL,28/06/2014
22159,NULL,18132,David Davis,NULL,13/05/2014
11747,NULL,11484,Destiny Davis,NULL,15/03/2014
15556,NULL,18259,Dylan Davis,NULL,03/08/2013
22283,NULL,5009,Eduardo Davis,NULL,20/01/2014
28896,NULL,4231,Edward Davis,NULL,19/08/2013
11959,NULL,11909,Elizabeth Davis,NULL,12/04/2014
27267,NULL,12229,Emily Davis,NULL,14/01/2013
23024,NULL,11855,Emma Davis,NULL,13/10/2013
13660,NULL,17863,Ethan Davis,NULL,14/01/2014
16954,NULL,3840,Fernando Davis,NULL,14/06/2014
12127,NULL,11303,Grace Davis,NULL,12/04/2014
24738,NULL,12274,Hannah Davis,NULL,05/01/2014
11088,NULL,17897,Hunter Davis,NULL,14/04/2014
20754,NULL,4695,Ian Davis,NULL,30/01/2014
22929,NULL,11216,Isabella Davis,NULL,05/05/2014
20489,NULL,18683,Jacob Davis,NULL,23/09/2013
11922,NULL,17604,James Davis,NULL,25/03/2014
26529,NULL,11389,Jasmine Davis,NULL,10/01/2014
16382,NULL,11087,Jennifer Davis,NULL,07/09/2013
25834,NULL,4536,Jeremy Davis,NULL,22/02/2014
28223,NULL,12086,Jessica Davis,NULL,16/09/2011
20682,NULL,18324,John Davis,NULL,11/12/2013
29259,NULL,17580,Jonathan Davis,NULL,07/03/2014
24981,NULL,17266,Jose Davis,NULL,13/02/2014
13352,NULL,18915,Joseph Davis,NULL,21/11/2013
18410,NULL,18766,Joshua Davis,NULL,02/03/2014
20294,NULL,11039,Julia Davis,NULL,13/02/2014
28074,NULL,18044,Justin Davis,NULL,19/03/2014
16381,NULL,11951,Kayla Davis,NULL,31/07/2013
11138,NULL,11623,Lauren Davis,NULL,02/06/2014
13445,NULL,17683,Logan Davis,NULL,16/04/2014
19378,NULL,4780,Lucas Davis,NULL,25/05/2014
14759,NULL,12320,Madison Davis,NULL,13/06/2014
17337,NULL,4609,Marcus Davis,NULL,02/04/2014
17557,NULL,18822,Matthew Davis,NULL,24/11/2013
23183,NULL,11674,Megan Davis,NULL,04/12/2013
19671,NULL,18721,Michael Davis,NULL,26/08/2013
28853,NULL,4072,Miguel Davis,NULL,02/11/2011
27359,NULL,11175,Morgan Davis,NULL,29/11/2013
27070,NULL,17795,Nathan Davis,NULL,22/05/2014
13201,NULL,18985,Nicholas Davis,NULL,08/05/2014
22957,NULL,11437,Nicole Davis,NULL,11/01/2014
28617,NULL,17300,Noah Davis,NULL,19/05/2014
14404,NULL,11343,Rachel Davis,NULL,25/07/2013
15549,NULL,5084,Richard Davis,NULL,13/06/2013
14755,NULL,17148,Robert Davis,NULL,28/02/2014
27870,NULL,17982,Ryan Davis,NULL,14/04/2014
28244,NULL,12370,Samantha Davis,NULL,15/05/2014
23823,NULL,17773,Samuel Davis,NULL,18/10/2013
22351,NULL,12462,Sarah Davis,NULL,19/11/2013
16339,NULL,4304,Seth Davis,NULL,09/06/2013
17791,NULL,10755,Sydney Davis,NULL,12/11/2013
28193,NULL,12135,Taylor Davis,NULL,23/05/2014
16764,NULL,17380,Thomas Davis,NULL,21/10/2013
16883,NULL,18540,Tyler Davis,NULL,07/06/2014
13704,NULL,11799,Victoria Davis,NULL,07/11/2013
14415,NULL,18398,William Davis,NULL,27/11/2013
24732,NULL,3757,Wyatt Davis,NULL,05/01/2014
22621,NULL,4383,Xavier Davis,NULL,21/09/2013
16579,NULL,18335,Zachary Davis,NULL,06/04/2014
24513,NULL,12521,Alejandro Deng,NULL,11/09/2013
28564,NULL,11989,Alisha Deng,NULL,30/04/2014
24567,NULL,16633,Alison Deng,NULL,20/08/2013
27143,NULL,4833,Alvin Deng,NULL,16/08/2013
13667,NULL,5051,Andres Deng,NULL,19/07/2013
11117,NULL,20526,April Deng,NULL,25/11/2013
28102,NULL,10247,Arturo Deng,NULL,29/05/2014
14791,NULL,8930,Ashlee Deng,NULL,22/11/2013
20445,NULL,11585,Barbara Deng,NULL,23/12/2013
19320,NULL,17260,Bethany Deng,NULL,07/06/2013
24060,NULL,3669,Bonnie Deng,NULL,18/02/2014
20042,NULL,9374,Brad Deng,NULL,03/08/2013
25726,NULL,9317,Brendan Deng,NULL,05/08/2013
14509,NULL,8554,Bridget Deng,NULL,01/03/2014
12254,NULL,9152,Calvin Deng,NULL,29/12/2013
18284,NULL,16935,Carl Deng,NULL,29/07/2013
22452,NULL,4477,Carly Deng,NULL,29/01/2014
19674,NULL,16278,Casey Deng,NULL,03/03/2014
28385,NULL,8876,Cassie Deng,NULL,22/05/2014
22611,NULL,20320,Chad Deng,NULL,26/04/2014
28276,NULL,11382,Christy Deng,NULL,12/02/2014
21084,NULL,7014,Clarence Deng,NULL,16/09/2013
17285,NULL,12626,Clayton Deng,NULL,11/11/2013
18299,NULL,13480,Colin Deng,NULL,01/01/2014
27728,NULL,12302,Colleen Deng,NULL,25/04/2014
28921,NULL,20444,Corey Deng,NULL,22/08/2013
14972,NULL,8716,Cristina Deng,NULL,13/05/2014
28399,NULL,5300,Dale Deng,NULL,31/03/2014
16873,NULL,10947,Damien Deng,NULL,23/12/2013
25450,NULL,9547,Darrell Deng,NULL,17/04/2014
16439,NULL,12203,Dawn Deng,NULL,29/01/2014
23324,NULL,8822,Deborah Deng,NULL,07/12/2013
19967,NULL,4299,Devon Deng,NULL,25/11/2013
15926,NULL,4632,Donna Deng,NULL,09/12/2013
17882,NULL,9200,Drew Deng,NULL,02/07/2013
11422,NULL,2552,Dustin Deng,NULL,05/04/2014
17085,NULL,13175,Edwin Deng,NULL,15/11/2013
15765,NULL,9170,Gilbert Deng,NULL,16/04/2014
16625,NULL,9258,Grant Deng,NULL,03/12/2013
21968,NULL,9432,Jaime Deng,NULL,24/04/2014
22813,NULL,16882,Jerry Deng,NULL,29/03/2014
16161,NULL,4685,Jodi Deng,NULL,26/12/2013
21409,NULL,17036,Johnny Deng,NULL,24/09/2013
25631,NULL,19938,Julie Deng,NULL,08/02/2014
21550,NULL,16540,Kara Deng,NULL,09/01/2014
17210,NULL,5117,Karl Deng,NULL,14/06/2014
29382,NULL,3478,Karla Deng,NULL,30/10/2013
15723,NULL,4579,Kate Deng,NULL,28/04/2014
15521,NULL,19902,Kathryn Deng,NULL,10/02/2014
16194,NULL,20599,Katie Deng,NULL,24/08/2013
28277,NULL,16326,Katrina Deng,NULL,23/06/2014
13059,NULL,20488,Keith Deng,NULL,01/06/2013
22794,NULL,12094,Kelli Deng,NULL,04/08/2013
23949,NULL,20450,Kelvin Deng,NULL,23/09/2013
20235,NULL,2608,Kenneth Deng,NULL,15/05/2014
13859,NULL,20567,Kristin Deng,NULL,26/05/2014
13635,NULL,4127,Kurt Deng,NULL,28/05/2014
15341,NULL,12407,Lacey Deng,NULL,29/04/2014
21969,NULL,16368,Latoya Deng,NULL,29/04/2014
27821,NULL,5179,Leonard Deng,NULL,15/07/2013
29447,NULL,19813,Lindsay Deng,NULL,28/05/2014
12754,NULL,20646,Lindsey Deng,NULL,05/03/2014
22369,NULL,13072,Louis Deng,NULL,11/11/2013
15954,NULL,11280,Marshall Deng,NULL,14/02/2014
23453,NULL,9045,Maurice Deng,NULL,11/03/2014
27797,NULL,4353,Melvin Deng,NULL,30/10/2013
21946,NULL,8374,Michele Deng,NULL,18/04/2014
17707,NULL,4533,Mindy Deng,NULL,23/12/2013
14861,NULL,16444,Misty Deng,NULL,04/04/2014
18150,NULL,17121,Mitchell Deng,NULL,24/07/2013
19933,NULL,16582,Nichole Deng,NULL,24/08/2013
17738,NULL,5241,Nicolas Deng,NULL,24/07/2013
13790,NULL,4417,Nina Deng,NULL,06/07/2013
24158,NULL,12725,Omar Deng,NULL,16/10/2013
24006,NULL,20406,Peter Deng,NULL,21/01/2014
25127,NULL,8766,Priscilla Deng,NULL,01/12/2013
27181,NULL,12839,Rafael Deng,NULL,27/11/2013
16272,NULL,9490,Raul Deng,NULL,14/01/2014
21111,NULL,16986,Ricardo Deng,NULL,11/07/2013
28873,NULL,13279,Roger Deng,NULL,23/06/2014
20314,NULL,16839,Russell Deng,NULL,24/04/2014
26893,NULL,8500,Sharon Deng,NULL,24/12/2013
13572,NULL,17079,Shaun Deng,NULL,11/05/2014
16590,NULL,20365,Shawn Deng,NULL,17/01/2014
27791,NULL,3548,Shawna Deng,NULL,02/08/2013
19099,NULL,8656,Sheena Deng,NULL,18/09/2013
25515,NULL,19976,Tara Deng,NULL,11/04/2014
11459,NULL,8607,Tasha Deng,NULL,18/11/2013
22663,NULL,4238,Terrence Deng,NULL,24/02/2014
17635,NULL,17215,Terry Deng,NULL,18/08/2013
27309,NULL,17164,Tony Deng,NULL,01/08/2013
17936,NULL,8442,Tonya Deng,NULL,18/09/2013
21978,NULL,16411,Tracy Deng,NULL,22/09/2013
21453,NULL,9095,Wayne Deng,NULL,08/08/2013
27876,NULL,13376,Willie Deng,NULL,27/11/2013
28427,NULL,3612,Yolanda Deng,NULL,13/04/2014
18695,NULL,5514,Aaron Diaz,NULL,25/08/2013
22641,NULL,12213,Abigail Diaz,NULL,18/02/2014
18376,NULL,3459,Abigail Diaz,NULL,18/05/2014
23982,NULL,5256,Adam Diaz,NULL,06/01/2014
23846,NULL,12934,Aidan Diaz,NULL,27/02/2014
12436,NULL,14892,Albert Diaz,NULL,16/11/2013
14174,NULL,6603,Alberto Diaz,NULL,25/07/2013
21731,NULL,2828,Alexandra Diaz,NULL,22/05/2014
19926,NULL,7640,Alexandria Diaz,NULL,06/09/2013
22281,NULL,7124,Alexia Diaz,NULL,18/07/2013
11877,NULL,12783,Alexis Diaz,NULL,30/05/2014
17988,NULL,2783,Alfredo Diaz,NULL,25/03/2014
13908,NULL,20222,Alyssa Diaz,NULL,17/01/2014
16966,NULL,3063,Amanda Diaz,NULL,19/05/2014
27216,NULL,7464,Ana Diaz,NULL,25/06/2014
20829,NULL,2726,Andy Diaz,NULL,12/11/2013
27259,NULL,7683,Angela Diaz,NULL,18/11/2012
19208,NULL,7168,Angelica Diaz,NULL,09/12/2013
24803,NULL,3687,Anna Diaz,NULL,25/10/2013
13094,NULL,13229,Antonio Diaz,NULL,11/06/2014
14902,NULL,7723,Arianna Diaz,NULL,03/03/2014
17978,NULL,6937,Armando Diaz,NULL,11/05/2014
19460,NULL,10945,Arthur Diaz,NULL,08/08/2013
27113,NULL,12604,Ashley Diaz,NULL,10/02/2014
28509,NULL,5999,Audrey Diaz,NULL,14/01/2014
12550,NULL,6270,Austin Diaz,NULL,11/05/2014
19706,NULL,6732,Benjamin Diaz,NULL,26/11/2013
21313,NULL,6064,Beth Diaz,NULL,20/10/2013
21839,NULL,15731,Billy Diaz,NULL,27/01/2014
18135,NULL,13625,Blake Diaz,NULL,19/04/2014
16424,NULL,18470,Brandi Diaz,NULL,07/03/2014
23676,NULL,6923,Brandon Diaz,NULL,28/07/2013
13131,NULL,13406,Briana Diaz,NULL,25/04/2014
26320,NULL,19282,Brianna Diaz,NULL,27/01/2014
20019,NULL,7214,Brittany Diaz,NULL,04/02/2014
19907,NULL,10847,Bruce Diaz,NULL,06/03/2014
21140,NULL,19553,Byron Diaz,NULL,22/10/2013
16371,NULL,5568,Caleb Diaz,NULL,15/11/2013
14494,NULL,6320,Cameron Diaz,NULL,09/11/2013
20572,NULL,6806,Caroline Diaz,NULL,19/01/2014
24360,NULL,9984,Carolyn Diaz,NULL,07/10/2013
27654,NULL,17852,Carrie Diaz,NULL,28/08/2013
16813,NULL,13272,Carson Diaz,NULL,26/04/2014
29356,NULL,19142,Casey Diaz,NULL,06/06/2013
11847,NULL,6847,Cassidy Diaz,NULL,17/04/2014
11092,NULL,6174,Cheryl Diaz,NULL,21/11/2013
24667,NULL,20333,Chloe Diaz,NULL,10/06/2014
21623,NULL,5614,Connor Diaz,NULL,19/05/2014
26939,NULL,19057,Craig Diaz,NULL,26/10/2013
15967,NULL,12978,Dakota Diaz,NULL,15/10/2013
11514,NULL,13483,Dalton Diaz,NULL,24/11/2013
12361,NULL,18829,Dana Diaz,NULL,20/04/2014
18190,NULL,14746,Danny Diaz,NULL,20/02/2014
16327,NULL,10206,Darren Diaz,NULL,28/06/2013
11267,NULL,6679,David Diaz,NULL,09/06/2013
17720,NULL,9780,Deanna Diaz,NULL,16/09/2013
14853,NULL,19097,Derrick Diaz,NULL,04/05/2014
28262,NULL,20102,Destiny Diaz,NULL,23/06/2014
15829,NULL,13723,Devin Diaz,NULL,11/11/2013
25855,NULL,6982,Dylan Diaz,NULL,28/07/2013
17845,NULL,9671,Ebony Diaz,NULL,05/08/2013
12498,NULL,13763,Eduardo Diaz,NULL,29/11/2013
19702,NULL,13663,Edward Diaz,NULL,21/10/2013
20000,NULL,5914,Elijah Diaz,NULL,21/01/2014
27189,NULL,12695,Elizabeth Diaz,NULL,10/02/2014
23802,NULL,13016,Emily Diaz,NULL,05/05/2014
18711,NULL,19582,Emma Diaz,NULL,12/06/2014
18655,NULL,5308,Eric Diaz,NULL,30/04/2014
11565,NULL,19267,Erik Diaz,NULL,08/02/2014
11590,NULL,18690,Erika Diaz,NULL,23/10/2013
21398,NULL,6518,Ethan Diaz,NULL,27/04/2014
22363,NULL,7844,Faith Diaz,NULL,26/11/2013
15026,NULL,14262,Felicia Diaz,NULL,11/01/2014
23711,NULL,13133,Fernando Diaz,NULL,24/07/2013
29086,NULL,19311,Frank Diaz,NULL,10/12/2013
28586,NULL,5868,Gabriel Diaz,NULL,18/09/2011
14893,NULL,3368,Gabrielle Diaz,NULL,06/03/2014
27482,NULL,19016,Gary Diaz,NULL,06/08/2013
11773,NULL,13313,Gavin Diaz,NULL,30/09/2013
25118,NULL,10761,Gerald Diaz,NULL,20/01/2014
20482,NULL,15043,Gina Diaz,NULL,25/11/2013
25270,NULL,16321,Gloria Diaz,NULL,19/01/2014
21735,NULL,19679,Grace Diaz,NULL,29/05/2014
11693,NULL,3220,Hailey Diaz,NULL,30/06/2013
22738,NULL,3449,Haley Diaz,NULL,18/03/2014
22088,NULL,13064,Hannah Diaz,NULL,14/09/2013
26836,NULL,14702,Hector Diaz,NULL,14/06/2014
27242,NULL,6068,Hunter Diaz,NULL,24/11/2012
11689,NULL,13902,Ian Diaz,NULL,02/02/2014
28236,NULL,7496,Isabel Diaz,NULL,26/12/2013
20559,NULL,2673,Isabella Diaz,NULL,15/08/2013
23820,NULL,7532,Isabelle Diaz,NULL,17/05/2014
23372,NULL,5209,Jack Diaz,NULL,31/01/2014
24831,NULL,5357,Jackson Diaz,NULL,14/04/2014
17024,NULL,7765,Jacqueline Diaz,NULL,09/10/2013
18747,NULL,6344,Jacquelyn Diaz,NULL,17/08/2013
17795,NULL,7042,Jaime Diaz,NULL,24/11/2013
21790,NULL,6380,James Diaz,NULL,09/11/2013
25626,NULL,6225,Janet Diaz,NULL,10/07/2013
16098,NULL,19879,Jasmine Diaz,NULL,16/01/2014
17374,NULL,5410,Jason Diaz,NULL,11/12/2013
16692,NULL,10313,Jay Diaz,NULL,16/01/2014
16115,NULL,20543,Jennifer Diaz,NULL,28/08/2013
26283,NULL,13534,Jeremiah Diaz,NULL,19/05/2014
13449,NULL,7692,Jerome Diaz,NULL,13/11/2013
18084,NULL,3534,Jessica Diaz,NULL,19/02/2014
26985,NULL,18372,Jésus Diaz,NULL,15/07/2013
22936,NULL,15081,Jill Diaz,NULL,15/05/2014
25474,NULL,15629,Jimmy Diaz,NULL,25/12/2013
26695,NULL,7258,Jocelyn Diaz,NULL,20/02/2014
27180,NULL,11038,Joe Diaz,NULL,01/05/2014
13190,NULL,6425,Jonathan Diaz,NULL,29/09/2013
24408,NULL,5166,Jordan Diaz,NULL,29/04/2014
16865,NULL,6891,Jordyn Diaz,NULL,24/03/2014
21481,NULL,5665,Jose Diaz,NULL,07/02/2014
15207,NULL,2845,Josue Diaz,NULL,29/03/2014
24728,NULL,20436,Julia Diaz,NULL,24/01/2014
15813,NULL,13354,Julian Diaz,NULL,12/02/2014
24094,NULL,6991,Julio Diaz,NULL,01/07/2013
18427,NULL,6631,Justin Diaz,NULL,13/05/2014
29230,NULL,20645,Kaitlyn Diaz,NULL,30/07/2013
11526,NULL,2988,Katherine Diaz,NULL,06/07/2013
28375,NULL,18551,Kathleen Diaz,NULL,05/04/2014
24988,NULL,12739,Kayla Diaz,NULL,04/09/2013
18330,NULL,15884,Kellie Diaz,NULL,07/06/2014
23678,NULL,7575,Kelly Diaz,NULL,31/08/2013
13021,NULL,15133,Kendra Diaz,NULL,08/05/2014
22477,NULL,5819,Kevin Diaz,NULL,04/08/2013
28913,NULL,14205,Krista Diaz,NULL,24/03/2014
22413,NULL,10734,Kristi Diaz,NULL,25/05/2014
25719,NULL,6288,Kristine Diaz,NULL,16/07/2013
16105,NULL,14316,Kristy Diaz,NULL,01/03/2014
14580,NULL,5765,Kyle Diaz,NULL,01/12/2013
25323,NULL,14844,Lance Diaz,NULL,21/11/2013
13664,NULL,18415,Larry Diaz,NULL,28/03/2014
24538,NULL,6126,Latasha Diaz,NULL,28/04/2014
13331,NULL,19072,Lauren Diaz,NULL,12/12/2013
27932,NULL,18510,Leslie Diaz,NULL,09/01/2014
12025,NULL,6475,Logan Diaz,NULL,13/11/2013
27187,NULL,13940,Lucas Diaz,NULL,18/05/2014
11203,NULL,5463,Luis Diaz,NULL,13/05/2014
12054,NULL,5118,Luke Diaz,NULL,19/05/2014
17289,NULL,7145,Mallory Diaz,NULL,04/04/2014
11058,NULL,15681,Marc Diaz,NULL,04/11/2013
26330,NULL,13856,Marcus Diaz,NULL,07/08/2013
15771,NULL,3292,Maria Diaz,NULL,25/02/2014
25465,NULL,8108,Mariah Diaz,NULL,17/04/2014
15333,NULL,10095,Marie Diaz,NULL,02/04/2014
29265,NULL,7090,Marissa Diaz,NULL,11/03/2014
27942,NULL,6886,Marvin Diaz,NULL,02/07/2013
24303,NULL,19180,Megan Diaz,NULL,05/03/2014
14714,NULL,18781,Meghan Diaz,NULL,29/05/2014
27618,NULL,7595,Melanie Diaz,NULL,03/01/2014
22762,NULL,7356,Melissa Diaz,NULL,28/02/2014
11599,NULL,16764,Melody Diaz,NULL,12/11/2013
18652,NULL,10627,Meredith Diaz,NULL,29/11/2013
21149,NULL,13579,Miguel Diaz,NULL,13/02/2014
18227,NULL,7297,Miranda Diaz,NULL,01/03/2014
20296,NULL,20748,Morgan Diaz,NULL,30/10/2013
21355,NULL,6767,Mya Diaz,NULL,03/03/2014
14472,NULL,2758,Natalie Diaz,NULL,27/12/2013
16421,NULL,18738,Natasha Diaz,NULL,01/04/2014
14495,NULL,5968,Nathan Diaz,NULL,23/11/2013
18181,NULL,6839,Neil Diaz,NULL,06/11/2013
21387,NULL,19124,Nelson Diaz,NULL,28/10/2013
28264,NULL,19995,Nicole Diaz,NULL,13/05/2014
17860,NULL,6118,Noah Diaz,NULL,06/02/2014
22665,NULL,18679,Orlando Diaz,NULL,16/10/2013
23568,NULL,7803,Paige Diaz,NULL,27/03/2014
23594,NULL,14909,Paula Diaz,NULL,27/11/2013
12954,NULL,11687,Pedro Diaz,NULL,15/11/2013
12855,NULL,19181,Philip Diaz,NULL,11/11/2013
24316,NULL,19790,Rachel Diaz,NULL,03/04/2014
29345,NULL,14945,Randall Diaz,NULL,29/05/2014
21378,NULL,9886,Rebekah Diaz,NULL,17/12/2013
24581,NULL,7743,Reginald Diaz,NULL,30/03/2014
26682,NULL,13808,Richard Diaz,NULL,16/01/2014
18335,NULL,15577,Ricky Diaz,NULL,22/04/2014
26639,NULL,7389,Riley Diaz,NULL,04/01/2014
15902,NULL,6169,Robert Diaz,NULL,05/11/2013
22202,NULL,14789,Roberto Diaz,NULL,30/05/2014
20903,NULL,12883,Robyn Diaz,NULL,27/10/2013
16274,NULL,11798,Ross Diaz,NULL,04/06/2014
25136,NULL,11249,Ruben Diaz,NULL,05/09/2013
16910,NULL,6575,Ryan Diaz,NULL,13/12/2013
24208,NULL,14159,Sabrina Diaz,NULL,28/01/2014
16875,NULL,12551,Samantha Diaz,NULL,24/11/2013
14065,NULL,6020,Samuel Diaz,NULL,10/01/2014
17597,NULL,12650,Sarah Diaz,NULL,20/01/2014
23055,NULL,13992,Seth Diaz,NULL,20/01/2014
27349,NULL,14415,Sheila Diaz,NULL,12/06/2014
13892,NULL,13177,Spencer Diaz,NULL,03/08/2013
12340,NULL,18601,Stacy Diaz,NULL,23/02/2014
15694,NULL,3144,Stephanie Diaz,NULL,23/06/2014
29022,NULL,2909,Sydney Diaz,NULL,02/03/2014
19034,NULL,10418,Tabitha Diaz,NULL,21/02/2014
20661,NULL,3609,Taylor Diaz,NULL,14/01/2014
16946,NULL,15187,Teresa Diaz,NULL,26/05/2014
11785,NULL,6721,Theodore Diaz,NULL,31/01/2014
16020,NULL,5720,Thomas Diaz,NULL,06/10/2013
20519,NULL,12852,Trevor Diaz,NULL,01/05/2014
18517,NULL,12891,Tristan Diaz,NULL,16/02/2014
13116,NULL,6782,Tyrone Diaz,NULL,21/04/2014
29100,NULL,7427,Vanessa Diaz,NULL,01/05/2014
12481,NULL,19228,Victor Diaz,NULL,08/08/2013
29326,NULL,19477,Victoria Diaz,NULL,10/01/2012
21643,NULL,13092,Wyatt Diaz,NULL,27/04/2014
26813,NULL,13438,Xavier Diaz,NULL,06/04/2014
25425,NULL,7040,Zachary Diaz,NULL,09/11/2013
23392,NULL,7118,Adrienne Dominguez,NULL,29/01/2014
27125,NULL,14916,Albert Dominguez,NULL,17/01/2014
26078,NULL,6634,Alberto Dominguez,NULL,27/07/2013
28443,NULL,2812,Alfredo Dominguez,NULL,03/01/2012
14126,NULL,2745,Andy Dominguez,NULL,30/04/2014
13258,NULL,14374,Anne Dominguez,NULL,16/05/2014
19432,NULL,6960,Armando Dominguez,NULL,18/07/2013
16537,NULL,10968,Arthur Dominguez,NULL,26/10/2013
14615,NULL,6029,Audrey Dominguez,NULL,01/04/2014
15459,NULL,6094,Beth Dominguez,NULL,29/11/2013
24103,NULL,15756,Billy Dominguez,NULL,20/07/2013
27000,NULL,18486,Brandi Dominguez,NULL,03/08/2013
11561,NULL,13630,Briana Dominguez,NULL,11/08/2013
28741,NULL,10872,Bruce Dominguez,NULL,17/05/2014
22653,NULL,10013,Carolyn Dominguez,NULL,14/07/2013
18810,NULL,19160,Casey Dominguez,NULL,11/04/2014
16916,NULL,6197,Cheryl Dominguez,NULL,15/04/2014
15933,NULL,14628,Clinton Dominguez,NULL,10/02/2014
15117,NULL,17825,Dana Dominguez,NULL,29/12/2013
13966,NULL,10235,Darren Dominguez,NULL,28/05/2014
23779,NULL,9808,Deanna Dominguez,NULL,27/10/2013
13588,NULL,6088,Deb Dominguez,NULL,18/04/2014
22679,NULL,19116,Derrick Dominguez,NULL,31/01/2014
11427,NULL,13861,Desiree Dominguez,NULL,22/03/2014
29292,NULL,18664,Diana Dominguez,NULL,07/09/2013
19241,NULL,15604,Diane Dominguez,NULL,18/07/2013
25806,NULL,20545,Dwayne Dominguez,NULL,31/01/2014
17350,NULL,9695,Ebony Dominguez,NULL,06/03/2014
17184,NULL,6691,Eddie Dominguez,NULL,17/01/2014
26037,NULL,19286,Erik Dominguez,NULL,24/07/2013
21251,NULL,18707,Erika Dominguez,NULL,01/01/2014
14196,NULL,14286,Felicia Dominguez,NULL,10/06/2014
13684,NULL,2505,Francis Dominguez,NULL,01/05/2014
15049,NULL,18346,Frank Dominguez,NULL,28/04/2014
17633,NULL,19032,Gary Dominguez,NULL,05/09/2013
20631,NULL,10775,Gerald Dominguez,NULL,29/11/2013
20213,NULL,15060,Gina Dominguez,NULL,05/11/2013
16322,NULL,16507,Gloria Dominguez,NULL,16/01/2014
12518,NULL,6361,Jacquelyn Dominguez,NULL,01/01/2014
19521,NULL,7069,Jaime Dominguez,NULL,17/07/2013
19318,NULL,14664,Jamie Dominguez,NULL,14/05/2014
11665,NULL,6256,Janet Dominguez,NULL,17/07/2013
12536,NULL,13641,Javier Dominguez,NULL,23/04/2014
21857,NULL,10338,Jay Dominguez,NULL,26/06/2013
22987,NULL,7708,Jerome Dominguez,NULL,07/05/2014
25628,NULL,5605,Jessie Dominguez,NULL,03/09/2013
17087,NULL,18389,Jésus Dominguez,NULL,27/12/2013
26927,NULL,15100,Jill Dominguez,NULL,22/09/2013
21959,NULL,15652,Jimmy Dominguez,NULL,11/04/2014
17003,NULL,13986,Joanna Dominguez,NULL,31/03/2014
28461,NULL,11062,Joe Dominguez,NULL,20/04/2014
15600,NULL,12577,Josue Dominguez,NULL,27/03/2014
22175,NULL,14148,Joy Dominguez,NULL,02/10/2013
17094,NULL,7010,Julio Dominguez,NULL,23/11/2013
17789,NULL,10555,Kari Dominguez,NULL,22/11/2013
17244,NULL,16062,Kellie Dominguez,NULL,27/11/2013
27963,NULL,15156,Kendra Dominguez,NULL,14/05/2014
13644,NULL,9594,Kristi Dominguez,NULL,25/05/2014
14020,NULL,6313,Kristine Dominguez,NULL,12/05/2014
19182,NULL,14860,Lance Dominguez,NULL,21/08/2013
22197,NULL,18440,Larry Dominguez,NULL,06/05/2014
15086,NULL,6145,Latasha Dominguez,NULL,23/01/2014
17225,NULL,14454,Lawrence Dominguez,NULL,02/04/2014
24597,NULL,14413,Lee Dominguez,NULL,13/05/2014
27346,NULL,18528,Leslie Dominguez,NULL,04/10/2013
20051,NULL,13821,Linda Dominguez,NULL,30/05/2014
12648,NULL,14117,Lori Dominguez,NULL,01/10/2013
25549,NULL,7171,Mallory Dominguez,NULL,07/12/2013
12539,NULL,15706,Marc Dominguez,NULL,02/05/2014
22431,NULL,10117,Marie Dominguez,NULL,06/08/2013
25449,NULL,6912,Marvin Dominguez,NULL,31/03/2014
16433,NULL,14532,Mathew Dominguez,NULL,02/11/2013
14370,NULL,18804,Meghan Dominguez,NULL,25/12/2013
18581,NULL,14072,Melinda Dominguez,NULL,14/05/2014
18315,NULL,16990,Melody Dominguez,NULL,27/11/2013
12521,NULL,10651,Meredith Dominguez,NULL,24/02/2014
26142,NULL,14585,Micheal Dominguez,NULL,12/02/2014
26794,NULL,9021,Michele Dominguez,NULL,14/12/2013
22778,NULL,13776,Monique Dominguez,NULL,24/09/2013
14720,NULL,17449,Naomi Dominguez,NULL,27/03/2014
23769,NULL,18756,Natasha Dominguez,NULL,14/08/2013
23663,NULL,6859,Neil Dominguez,NULL,08/03/2014
23952,NULL,19307,Nelson Dominguez,NULL,31/01/2014
16468,NULL,18880,Orlando Dominguez,NULL,08/02/2014
19338,NULL,15111,Paula Dominguez,NULL,16/01/2014
29134,NULL,11712,Pedro Dominguez,NULL,08/03/2014
15730,NULL,19204,Philip Dominguez,NULL,30/03/2014
12131,NULL,14974,Randall Dominguez,NULL,12/03/2014
27470,NULL,6538,Raquel Dominguez,NULL,17/05/2014
27877,NULL,9908,Rebekah Dominguez,NULL,11/12/2013
11545,NULL,7767,Reginald Dominguez,NULL,13/12/2013
19340,NULL,15017,Renee Dominguez,NULL,10/05/2014
25658,NULL,15600,Ricky Dominguez,NULL,29/01/2014
26917,NULL,14816,Roberto Dominguez,NULL,24/05/2014
16685,NULL,13738,Robin Dominguez,NULL,12/05/2014
23305,NULL,13122,Robyn Dominguez,NULL,04/10/2013
14899,NULL,13691,Rodney Dominguez,NULL,13/11/2013
29189,NULL,11168,Roy Dominguez,NULL,17/01/2014
16573,NULL,11271,Ruben Dominguez,NULL,19/05/2014
28116,NULL,14182,Sabrina Dominguez,NULL,23/09/2013
28395,NULL,20140,Shannon Dominguez,NULL,10/02/2014
19105,NULL,18617,Stacy Dominguez,NULL,26/09/2013
21925,NULL,10444,Tabitha Dominguez,NULL,03/06/2014
13601,NULL,14033,Tanya Dominguez,NULL,05/06/2014
20963,NULL,15213,Teresa Dominguez,NULL,06/08/2013
21987,NULL,6743,Theodore Dominguez,NULL,10/04/2014
18769,NULL,13905,Theresa Dominguez,NULL,02/09/2013
28250,NULL,6805,Tyrone Dominguez,NULL,05/05/2014
14784,NULL,19243,Victor Dominguez,NULL,07/05/2014
12576,NULL,13599,Walter Dominguez,NULL,19/02/2014
11035,NULL,13948,Wendy Dominguez,NULL,17/04/2014
19692,NULL,15693,Aaron Edwards,NULL,02/11/2013
24414,NULL,15702,Adam Edwards,NULL,22/06/2013
14505,NULL,15717,Alex Edwards,NULL,17/07/2013
13358,NULL,9329,Alexandra Edwards,NULL,20/02/2014
19501,NULL,9375,Allison Edwards,NULL,26/08/2013
16127,NULL,9334,Amanda Edwards,NULL,16/03/2014
20517,NULL,9349,Amber Edwards,NULL,20/11/2013
28004,NULL,9377,Andrea Edwards,NULL,15/09/2013
29124,NULL,15709,Angel Edwards,NULL,14/10/2013
20090,NULL,4215,Blake Edwards,NULL,30/04/2014
21610,NULL,15694,Caleb Edwards,NULL,30/07/2013
16680,NULL,15707,Carlos Edwards,NULL,19/03/2014
26577,NULL,9321,Cindy Edwards,NULL,01/11/2013
16950,NULL,15695,Connor Edwards,NULL,23/12/2013
27606,NULL,9351,Courtney Edwards,NULL,21/04/2014
12173,NULL,4527,Dalton Edwards,NULL,05/08/2013
14700,NULL,3749,Edward Edwards,NULL,17/03/2014
28157,NULL,15687,Elijah Edwards,NULL,10/02/2014
24627,NULL,15704,Eric Edwards,NULL,14/12/2013
21888,NULL,15718,Evan Edwards,NULL,05/03/2014
23185,NULL,3906,Fernando Edwards,NULL,24/02/2014
28803,NULL,9364,Gabriella Edwards,NULL,27/09/2013
28297,NULL,9341,Gabrielle Edwards,NULL,08/05/2014
24258,NULL,9337,Hailey Edwards,NULL,29/04/2014
18015,NULL,9342,Haley Edwards,NULL,16/04/2014
24220,NULL,15674,Hunter Edwards,NULL,23/02/2014
29158,NULL,4768,Ian Edwards,NULL,10/12/2011
13372,NULL,15726,Isaac Edwards,NULL,07/07/2013
12881,NULL,9327,Isabella Edwards,NULL,08/02/2014
29354,NULL,15714,Isaiah Edwards,NULL,23/01/2012
27611,NULL,15701,Jack Edwards,NULL,28/06/2011
25785,NULL,15705,Jackson Edwards,NULL,14/06/2014
27508,NULL,15662,James Edwards,NULL,16/05/2013
11127,NULL,9367,Jan Edwards,NULL,03/03/2014
21082,NULL,15690,Jason Edwards,NULL,22/12/2013
20515,NULL,9355,Jenna Edwards,NULL,20/11/2013
12962,NULL,9323,Jennifer Edwards,NULL,16/04/2014
20288,NULL,4056,Jeremiah Edwards,NULL,11/04/2014
20304,NULL,15729,Jesse Edwards,NULL,19/11/2013
29347,NULL,15663,Jonathan Edwards,NULL,29/07/2013
20481,NULL,15700,Jordan Edwards,NULL,27/12/2013
16107,NULL,9357,Jordan Edwards,NULL,14/10/2013
12078,NULL,15677,Jose Edwards,NULL,04/12/2013
16200,NULL,9322,Julia Edwards,NULL,24/09/2013
20372,NULL,9325,Kaitlyn Edwards,NULL,12/11/2013
14898,NULL,9370,Katelyn Edwards,NULL,04/05/2014
13696,NULL,9332,Katherine Edwards,NULL,24/07/2013
22851,NULL,9372,Kaylee Edwards,NULL,04/05/2014
14734,NULL,15683,Kevin Edwards,NULL,31/07/2013
26060,NULL,15682,Kyle Edwards,NULL,11/12/2013
25002,NULL,15665,Logan Edwards,NULL,02/12/2013
17572,NULL,4288,Lucas Edwards,NULL,13/01/2014
26193,NULL,15691,Luis Edwards,NULL,04/06/2014
11686,NULL,15699,Luke Edwards,NULL,24/09/2013
23458,NULL,9361,Mackenzie Edwards,NULL,10/01/2014
20771,NULL,9345,Madeline Edwards,NULL,10/04/2014
18099,NULL,4681,Marcus Edwards,NULL,10/11/2013
28298,NULL,9338,Maria Edwards,NULL,08/06/2013
14481,NULL,9347,Mary Edwards,NULL,28/12/2013
17550,NULL,15722,Mason Edwards,NULL,21/05/2014
25979,NULL,4138,Miguel Edwards,NULL,12/12/2013
25888,NULL,9326,Morgan Edwards,NULL,31/12/2013
13340,NULL,9328,Natalie Edwards,NULL,20/10/2013
19876,NULL,15667,Nathan Edwards,NULL,01/12/2013
21814,NULL,15675,Noah Edwards,NULL,10/12/2013
17135,NULL,4594,Richard Edwards,NULL,22/04/2014
12024,NULL,15668,Samuel Edwards,NULL,17/01/2014
21262,NULL,9366,Sara Edwards,NULL,08/05/2014
13367,NULL,9371,Savannah Edwards,NULL,03/10/2013
28339,NULL,15730,Sean Edwards,NULL,12/09/2011
11023,NULL,4373,Seth Edwards,NULL,16/06/2014
14397,NULL,9359,Sierra Edwards,NULL,27/06/2014
18232,NULL,9346,Sophia Edwards,NULL,10/04/2014
26713,NULL,9335,Stephanie Edwards,NULL,05/11/2013
26724,NULL,9331,Sydney Edwards,NULL,19/12/2012
15517,NULL,15679,Thomas Edwards,NULL,26/01/2014
26104,NULL,15733,Timothy Edwards,NULL,21/01/2014
19728,NULL,3825,Wyatt Edwards,NULL,31/07/2013
16393,NULL,4449,Xavier Edwards,NULL,17/03/2014
25415,NULL,15626,Aaron Evans,NULL,11/11/2013
25820,NULL,15634,Adam Evans,NULL,14/07/2013
12365,NULL,15649,Alex Evans,NULL,06/11/2013
24322,NULL,9273,Alexandra Evans,NULL,02/02/2014
11209,NULL,9318,Allison Evans,NULL,24/06/2014
12558,NULL,9278,Amanda Evans,NULL,02/02/2014
27933,NULL,9294,Amber Evans,NULL,22/04/2014
26465,NULL,9319,Andrea Evans,NULL,14/08/2013
21362,NULL,15647,Angel Evans,NULL,21/06/2014
16939,NULL,9301,Bailey Evans,NULL,22/01/2014
15781,NULL,4214,Blake Evans,NULL,09/02/2014
16072,NULL,15627,Caleb Evans,NULL,14/03/2014
23538,NULL,15643,Carlos Evans,NULL,17/12/2013
12770,NULL,4907,Charles Evans,NULL,17/01/2014
20348,NULL,9264,Chloe Evans,NULL,08/09/2013
15402,NULL,15628,Connor Evans,NULL,03/03/2014
13906,NULL,9296,Courtney Evans,NULL,23/08/2013
12710,NULL,4525,Dalton Evans,NULL,26/12/2013
22136,NULL,4994,Devin Evans,NULL,06/10/2013
23288,NULL,5071,Eduardo Evans,NULL,02/01/2014
25884,NULL,15619,Elijah Evans,NULL,10/11/2013
14648,NULL,15636,Eric Evans,NULL,02/12/2013
23181,NULL,15650,Evan Evans,NULL,19/12/2013
18497,NULL,3904,Fernando Evans,NULL,12/05/2014
23487,NULL,15618,Gabriel Evans,NULL,13/04/2014
21356,NULL,9307,Gabriella Evans,NULL,26/03/2014
26642,NULL,9285,Gabrielle Evans,NULL,29/01/2014
12422,NULL,9281,Hailey Evans,NULL,15/03/2014
18584,NULL,9286,Haley Evans,NULL,08/08/2013
25493,NULL,15607,Hunter Evans,NULL,14/05/2014
17186,NULL,15655,Isaac Evans,NULL,04/12/2013
26236,NULL,9271,Isabella Evans,NULL,18/06/2014
28050,NULL,15648,Isaiah Evans,NULL,12/03/2014
17489,NULL,15633,Jack Evans,NULL,29/10/2013
14321,NULL,15641,Jackson Evans,NULL,27/06/2014
20665,NULL,15597,James Evans,NULL,14/05/2014
20029,NULL,9312,Jan Evans,NULL,04/10/2013
23584,NULL,15621,Jason Evans,NULL,07/04/2014
17683,NULL,9297,Jenna Evans,NULL,08/08/2013
15519,NULL,9267,Jennifer Evans,NULL,27/09/2013
28085,NULL,4055,Jeremiah Evans,NULL,02/11/2013
21916,NULL,15656,Jesse Evans,NULL,14/01/2014
15185,NULL,15598,Jonathan Evans,NULL,16/03/2014
29209,NULL,15632,Jordan Evans,NULL,29/07/2013
24937,NULL,9298,Jordan Evans,NULL,05/05/2014
15982,NULL,15610,Jose Evans,NULL,03/03/2014
27292,NULL,9265,Julia Evans,NULL,02/04/2013
13452,NULL,9269,Kaitlyn Evans,NULL,31/10/2013
26240,NULL,9314,Katelyn Evans,NULL,27/09/2013
16152,NULL,9277,Katherine Evans,NULL,22/03/2014
19642,NULL,9316,Kaylee Evans,NULL,27/04/2014
13193,NULL,15617,Kevin Evans,NULL,06/12/2013
27890,NULL,15615,Kyle Evans,NULL,12/02/2014
11556,NULL,4286,Lucas Evans,NULL,23/05/2014
29176,NULL,15630,Luke Evans,NULL,18/09/2013
18592,NULL,9303,Mackenzie Evans,NULL,01/05/2014
21445,NULL,9289,Madeline Evans,NULL,31/07/2013
27290,NULL,4680,Marcus Evans,NULL,26/12/2013
22544,NULL,9284,Maria Evans,NULL,07/07/2013
17356,NULL,9292,Mary Evans,NULL,13/06/2014
15439,NULL,15653,Mason Evans,NULL,18/03/2014
27568,NULL,4135,Miguel Evans,NULL,08/04/2014
26829,NULL,9270,Morgan Evans,NULL,26/05/2014
22724,NULL,15609,Noah Evans,NULL,28/12/2013
16892,NULL,9288,Rebecca Evans,NULL,27/03/2014
19641,NULL,4593,Richard Evans,NULL,13/09/2013
20709,NULL,15602,Samuel Evans,NULL,05/01/2014
16143,NULL,9310,Sara Evans,NULL,15/09/2013
28112,NULL,9315,Savannah Evans,NULL,07/08/2011
11305,NULL,15658,Sean Evans,NULL,04/01/2014
29108,NULL,4370,Seth Evans,NULL,11/11/2011
20198,NULL,9299,Sierra Evans,NULL,13/11/2013
29241,NULL,9290,Sophia Evans,NULL,28/08/2013
20039,NULL,9280,Stephanie Evans,NULL,20/06/2013
19204,NULL,9276,Sydney Evans,NULL,17/03/2014
20537,NULL,15613,Thomas Evans,NULL,01/07/2013
23291,NULL,15660,Timothy Evans,NULL,24/06/2014
18530,NULL,3823,Wyatt Evans,NULL,21/07/2013
19098,NULL,4447,Xavier Evans,NULL,14/05/2014
11205,NULL,18028,Abby Fernandez,NULL,10/03/2014
19596,NULL,15867,Allen Fernandez,NULL,25/09/2013
12931,NULL,7264,Ann Fernandez,NULL,19/12/2013
22399,NULL,10925,Arthur Fernandez,NULL,04/10/2013
20271,NULL,3779,Barry Fernandez,NULL,17/12/2013
13326,NULL,16023,Bob Fernandez,NULL,20/10/2013
22958,NULL,18864,Brandy Fernandez,NULL,24/05/2014
16493,NULL,15377,Brenda Fernandez,NULL,22/05/2014
16214,NULL,19521,Brett Fernandez,NULL,31/08/2013
26888,NULL,10826,Bruce Fernandez,NULL,17/05/2014
14656,NULL,3936,Bryant Fernandez,NULL,13/12/2013
11105,NULL,15430,Candace Fernandez,NULL,05/11/2013
26855,NULL,7562,Carla Fernandez,NULL,04/04/2014
29302,NULL,9961,Carolyn Fernandez,NULL,06/10/2013
14134,NULL,19637,Cassandra Fernandez,NULL,03/10/2013
20035,NULL,3835,Cesar Fernandez,NULL,12/04/2014
19905,NULL,18953,Chelsea Fernandez,NULL,03/04/2014
21026,NULL,4100,Clifford Fernandez,NULL,04/10/2013
13409,NULL,19347,Cory Fernandez,NULL,24/03/2014
26352,NULL,19749,Cynthia Fernandez,NULL,03/03/2014
28992,NULL,10188,Darren Fernandez,NULL,19/12/2013
24554,NULL,9758,Deanna Fernandez,NULL,12/01/2014
18724,NULL,16258,Denise Fernandez,NULL,05/08/2013
23630,NULL,8251,Dominic Fernandez,NULL,17/07/2013
12839,NULL,7500,Dominique Fernandez,NULL,09/11/2013
24462,NULL,20052,Donald Fernandez,NULL,01/11/2013
17196,NULL,19438,Douglas Fernandez,NULL,18/01/2014
24663,NULL,9652,Ebony Fernandez,NULL,07/06/2014
28955,NULL,7987,Emmanuel Fernandez,NULL,30/05/2014
15668,NULL,2993,Erick Fernandez,NULL,24/05/2014
24427,NULL,3120,Evelyn Fernandez,NULL,20/06/2013
24097,NULL,16712,Francisco Fernandez,NULL,02/06/2014
19963,NULL,8303,Geoffrey Fernandez,NULL,13/11/2013
19974,NULL,20213,George Fernandez,NULL,19/11/2013
29359,NULL,2887,Harold Fernandez,NULL,15/04/2014
22798,NULL,15275,Heidi Fernandez,NULL,07/10/2013
14779,NULL,15980,Henry Fernandez,NULL,18/03/2014
12675,NULL,19595,Holly Fernandez,NULL,14/02/2014
22032,NULL,8196,Ivan Fernandez,NULL,03/04/2014
12866,NULL,18502,Janelle Fernandez,NULL,16/05/2014
20137,NULL,2935,Jarrod Fernandez,NULL,08/05/2014
20155,NULL,10288,Jay Fernandez,NULL,29/11/2013
25277,NULL,8032,Jermaine Fernandez,NULL,17/03/2014
12599,NULL,15328,Jillian Fernandez,NULL,10/01/2014
17099,NULL,20093,Joel Fernandez,NULL,13/08/2013
25144,NULL,15902,Johnathan Fernandez,NULL,17/02/2014
13788,NULL,10509,Kari Fernandez,NULL,20/03/2014
19585,NULL,10708,Kristi Fernandez,NULL,30/06/2014
12581,NULL,19710,Kristina Fernandez,NULL,19/03/2014
19271,NULL,16116,Kristopher Fernandez,NULL,22/06/2013
15654,NULL,7935,Levi Fernandez,NULL,10/11/2013
14523,NULL,3453,Lydia Fernandez,NULL,03/11/2013
16514,NULL,15940,Manuel Fernandez,NULL,13/07/2013
24701,NULL,3882,Marco Fernandez,NULL,19/01/2014
28929,NULL,10067,Marie Fernandez,NULL,13/03/2014
28645,NULL,16756,Martin Fernandez,NULL,05/10/2011
19448,NULL,7221,Meagan Fernandez,NULL,18/07/2013
25606,NULL,10609,Meredith Fernandez,NULL,09/01/2014
24884,NULL,8977,Michele Fernandez,NULL,02/03/2014
28513,NULL,16160,Molly Fernandez,NULL,28/01/2014
14854,NULL,15478,Nancy Fernandez,NULL,23/01/2014
17703,NULL,15562,Pamela Fernandez,NULL,31/10/2013
14932,NULL,11667,Pedro Fernandez,NULL,12/01/2014
26365,NULL,20174,Phillip Fernandez,NULL,31/07/2013
23993,NULL,15516,Rachael Fernandez,NULL,06/01/2014
23004,NULL,19476,Raymond Fernandez,NULL,01/04/2014
23970,NULL,9865,Rebekah Fernandez,NULL,30/03/2014
26881,NULL,7671,Regina Fernandez,NULL,20/12/2013
28939,NULL,20141,Ronald Fernandez,NULL,03/08/2013
11763,NULL,11773,Ross Fernandez,NULL,14/04/2014
15444,NULL,11126,Roy Fernandez,NULL,02/06/2014
19927,NULL,11221,Ruben Fernandez,NULL,29/12/2013
20546,NULL,3294,Ruth Fernandez,NULL,16/04/2014
25544,NULL,7837,Sergio Fernandez,NULL,16/06/2014
13127,NULL,19390,Shane Fernandez,NULL,03/03/2014
24064,NULL,4051,Stanley Fernandez,NULL,21/07/2013
25762,NULL,7384,Stefanie Fernandez,NULL,04/02/2014
25724,NULL,10395,Tabitha Fernandez,NULL,07/09/2013
25825,NULL,7445,Tammy Fernandez,NULL,27/12/2013
29438,NULL,8088,Terrance Fernandez,NULL,11/10/2013
22722,NULL,16211,Tina Fernandez,NULL,20/12/2013
12553,NULL,3359,Toni Fernandez,NULL,11/10/2013
14653,NULL,15818,Troy Fernandez,NULL,05/01/2014
24560,NULL,18993,Veronica Fernandez,NULL,22/05/2014
29355,NULL,7619,Virginia Fernandez,NULL,02/06/2013
15757,NULL,13221,Edwin Ferrier,NULL,30/04/2014
16762,NULL,8597,Franklin Ferrier,NULL,22/02/2014
19825,NULL,9681,Gilbert Ferrier,NULL,16/11/2013
20898,NULL,9311,Grant Ferrier,NULL,22/03/2014
18822,NULL,2606,Gregory Ferrier,NULL,10/01/2014
17299,NULL,13002,Jaclyn Ferrier,NULL,16/04/2014
23528,NULL,9485,Jaime Ferrier,NULL,16/02/2014
21955,NULL,11531,Jenny Ferrier,NULL,24/04/2014
14730,NULL,16930,Jerry Ferrier,NULL,29/05/2014
28535,NULL,18522,Leslie Ferrier,NULL,08/07/2013
13149,NULL,13811,Linda Ferrier,NULL,30/04/2014
12509,NULL,15696,Marc Ferrier,NULL,01/02/2014
14383,NULL,6900,Marvin Ferrier,NULL,11/01/2014
23426,NULL,14521,Mathew Ferrier,NULL,15/03/2014
14774,NULL,2687,Max Ferrier,NULL,09/05/2014
14617,NULL,5496,Aaron Flores,NULL,13/12/2013
23672,NULL,3970,Abigail Flores,NULL,08/11/2013
11044,NULL,5244,Adam Flores,NULL,10/04/2014
16886,NULL,12916,Aidan Flores,NULL,07/07/2013
26165,NULL,2814,Alexandra Flores,NULL,02/04/2014
17032,NULL,7624,Alexandria Flores,NULL,15/03/2014
14896,NULL,7113,Alexia Flores,NULL,20/03/2014
23193,NULL,12764,Alexis Flores,NULL,25/11/2013
18612,NULL,20202,Alyssa Flores,NULL,20/01/2014
22981,NULL,3045,Amanda Flores,NULL,14/05/2014
20095,NULL,7450,Ana Flores,NULL,06/02/2014
20028,NULL,7666,Angela Flores,NULL,28/10/2013
20141,NULL,7153,Angelica Flores,NULL,10/04/2014
18346,NULL,3672,Anna Flores,NULL,23/07/2013
14259,NULL,13208,Antonio Flores,NULL,14/02/2014
21727,NULL,7709,Arianna Flores,NULL,28/04/2014
18869,NULL,12585,Ashley Flores,NULL,02/05/2014
16956,NULL,6251,Austin Flores,NULL,11/09/2013
18025,NULL,6712,Benjamin Flores,NULL,20/01/2014
11206,NULL,13604,Blake Flores,NULL,30/10/2013
25621,NULL,6908,Brandon Flores,NULL,01/03/2014
27706,NULL,19261,Brianna Flores,NULL,08/02/2014
16906,NULL,7198,Brittany Flores,NULL,10/01/2014
12165,NULL,5553,Caleb Flores,NULL,05/12/2013
22062,NULL,6301,Cameron Flores,NULL,22/05/2014
19155,NULL,6790,Caroline Flores,NULL,05/10/2013
25375,NULL,13255,Carson Flores,NULL,24/06/2014
23368,NULL,6828,Cassidy Flores,NULL,02/12/2013
23278,NULL,20310,Chloe Flores,NULL,14/11/2013
27258,NULL,6763,Christian Flores,NULL,04/04/2013
15755,NULL,5600,Connor Flores,NULL,10/04/2014
23390,NULL,12958,Dakota Flores,NULL,05/02/2014
28238,NULL,13466,Dalton Flores,NULL,31/05/2014
22083,NULL,6668,David Flores,NULL,27/01/2014
25835,NULL,20090,Destiny Flores,NULL,19/07/2013
15559,NULL,13709,Devin Flores,NULL,25/10/2013
24797,NULL,6966,Dylan Flores,NULL,10/03/2014
28969,NULL,13744,Eduardo Flores,NULL,12/10/2013
25176,NULL,13647,Edward Flores,NULL,24/02/2014
22547,NULL,5900,Elijah Flores,NULL,07/10/2013
13206,NULL,13003,Emily Flores,NULL,02/02/2014
15543,NULL,19557,Emma Flores,NULL,05/03/2014
13437,NULL,6501,Ethan Flores,NULL,02/08/2013
18849,NULL,7823,Faith Flores,NULL,05/05/2014
11834,NULL,13117,Fernando Flores,NULL,16/07/2013
27111,NULL,5848,Gabriel Flores,NULL,08/11/2013
17265,NULL,19658,Grace Flores,NULL,02/02/2014
22119,NULL,3201,Hailey Flores,NULL,28/10/2013
21482,NULL,3430,Haley Flores,NULL,01/03/2014
19525,NULL,13046,Hannah Flores,NULL,05/06/2014
27210,NULL,6051,Hunter Flores,NULL,14/09/2013
28904,NULL,13882,Ian Flores,NULL,17/08/2013
23715,NULL,7482,Isabel Flores,NULL,19/04/2014
25161,NULL,2588,Isabella Flores,NULL,25/10/2013
15526,NULL,7520,Isabelle Flores,NULL,05/04/2014
19020,NULL,5194,Jack Flores,NULL,28/01/2014
23560,NULL,7748,Jacqueline Flores,NULL,24/03/2014
13260,NULL,6367,James Flores,NULL,13/01/2014
20540,NULL,19861,Jasmine Flores,NULL,09/05/2014
18663,NULL,5396,Jason Flores,NULL,24/12/2013
21155,NULL,13519,Jeremiah Flores,NULL,09/02/2014
27251,NULL,3522,Jessica Flores,NULL,04/03/2013
27198,NULL,7243,Jocelyn Flores,NULL,17/12/2013
28615,NULL,6410,Jonathan Flores,NULL,03/10/2013
17035,NULL,5151,Jordan Flores,NULL,18/07/2013
25288,NULL,6873,Jordyn Flores,NULL,18/10/2013
11177,NULL,5651,Jose Flores,NULL,16/03/2014
17263,NULL,20410,Julia Flores,NULL,17/01/2014
15846,NULL,13340,Julian Flores,NULL,17/05/2014
18774,NULL,6615,Justin Flores,NULL,28/06/2014
27532,NULL,20628,Kaitlyn Flores,NULL,31/05/2014
21180,NULL,2972,Katherine Flores,NULL,05/01/2014
28574,NULL,12723,Kayla Flores,NULL,26/01/2012
16414,NULL,7555,Kelly Flores,NULL,28/10/2013
15878,NULL,5806,Kevin Flores,NULL,18/04/2014
18650,NULL,5750,Kyle Flores,NULL,25/01/2014
14631,NULL,6459,Logan Flores,NULL,16/12/2013
12026,NULL,13926,Lucas Flores,NULL,01/11/2013
16949,NULL,5444,Luis Flores,NULL,20/09/2013
24733,NULL,5103,Luke Flores,NULL,06/05/2014
14416,NULL,13089,Madison Flores,NULL,20/10/2013
16913,NULL,13836,Marcus Flores,NULL,23/01/2014
17359,NULL,3278,María Flores,NULL,05/08/2013
17406,NULL,8094,Mariah Flores,NULL,06/03/2014
15998,NULL,7073,Marissa Flores,NULL,08/02/2014
23074,NULL,19154,Megan Flores,NULL,08/05/2014
23175,NULL,8132,Melanie Flores,NULL,05/02/2014
23687,NULL,7341,Melissa Flores,NULL,04/12/2013
19750,NULL,13563,Miguel Flores,NULL,18/03/2014
17243,NULL,7283,Miranda Flores,NULL,06/11/2013
19817,NULL,20731,Morgan Flores,NULL,17/03/2014
11314,NULL,7316,Mya Flores,NULL,05/05/2014
16732,NULL,2739,Natalie Flores,NULL,19/12/2013
24637,NULL,5953,Nathan Flores,NULL,11/04/2014
26038,NULL,19974,Nicole Flores,NULL,29/01/2014
17256,NULL,6102,Noah Flores,NULL,23/02/2014
26638,NULL,19357,Olivia Flores,NULL,02/02/2014
29415,NULL,13383,Oscar Flores,NULL,02/01/2013
25395,NULL,7787,Paige Flores,NULL,03/11/2013
22527,NULL,19770,Rachel Flores,NULL,20/08/2013
26718,NULL,13788,Richard Flores,NULL,09/02/2014
25411,NULL,7376,Riley Flores,NULL,09/11/2013
26097,NULL,6154,Robert Flores,NULL,22/01/2014
19357,NULL,6558,Ryan Flores,NULL,09/05/2014
14499,NULL,6004,Samuel Flores,NULL,01/04/2014
23162,NULL,12634,Sarah Flores,NULL,13/02/2014
17142,NULL,13971,Seth Flores,NULL,26/10/2013
27095,NULL,13156,Spencer Flores,NULL,14/02/2013
25992,NULL,3123,Stephanie Flores,NULL,12/11/2013
29276,NULL,2889,Sydney Flores,NULL,23/03/2014
27063,NULL,3596,Taylor Flores,NULL,14/01/2013
24680,NULL,5700,Thomas Flores,NULL,21/08/2013
27676,NULL,12836,Trevor Flores,NULL,15/06/2014
18370,NULL,12875,Tristan Flores,NULL,16/03/2014
23365,NULL,7409,Vanessa Flores,NULL,06/02/2014
28266,NULL,13685,Wyatt Flores,NULL,02/09/2013
23866,NULL,13419,Xavier Flores,NULL,12/03/2014
23376,NULL,7027,Zachary Flores,NULL,03/09/2013
15566,NULL,5502,Aaron Foster,NULL,09/05/2014
19823,NULL,3975,Abigail Foster,NULL,05/05/2014
12105,NULL,12199,Abigail Foster,NULL,04/08/2013
26445,NULL,12923,Aidan Foster,NULL,27/04/2014
11982,NULL,2817,Alexandra Foster,NULL,04/03/2014
18114,NULL,7630,Alexandria Foster,NULL,16/06/2014
11568,NULL,7117,Alexia Foster,NULL,20/02/2014
19417,NULL,12772,Alexis Foster,NULL,06/06/2013
14875,NULL,20207,Alyssa Foster,NULL,17/02/2014
11201,NULL,3054,Amanda Foster,NULL,09/02/2014
18834,NULL,7456,Ana Foster,NULL,30/05/2014
23814,NULL,7675,Angela Foster,NULL,10/02/2014
12791,NULL,7158,Angelica Foster,NULL,25/07/2013
11646,NULL,3680,Anna Foster,NULL,25/12/2013
12795,NULL,13215,Antonio Foster,NULL,04/06/2014
18313,NULL,7715,Arianna Foster,NULL,02/05/2014
20969,NULL,12593,Ashley Foster,NULL,14/10/2013
14753,NULL,6258,Austin Foster,NULL,23/02/2014
27680,NULL,6718,Benjamin Foster,NULL,07/09/2013
13240,NULL,13610,Blake Foster,NULL,31/01/2014
26605,NULL,6913,Brandon Foster,NULL,27/06/2014
28769,NULL,19271,Brianna Foster,NULL,15/07/2013
12893,NULL,7206,Brittany Foster,NULL,16/05/2014
27112,NULL,5557,Caleb Foster,NULL,26/11/2013
19804,NULL,6308,Cameron Foster,NULL,01/01/2014
14240,NULL,6796,Caroline Foster,NULL,27/11/2013
16959,NULL,13262,Carson Foster,NULL,22/01/2014
20488,NULL,6838,Cassidy Foster,NULL,24/04/2014
13492,NULL,6211,Christian Foster,NULL,26/11/2013
28282,NULL,20318,Cindy Foster,NULL,10/12/2013
18378,NULL,13473,Dalton Foster,NULL,03/05/2014
21294,NULL,6672,David Foster,NULL,12/09/2013
21501,NULL,12966,Deb Foster,NULL,11/06/2013
12194,NULL,20095,Destiny Foster,NULL,09/10/2013
13459,NULL,13716,Devin Foster,NULL,13/04/2014
15156,NULL,6970,Dylan Foster,NULL,26/08/2013
11926,NULL,13751,Eduardo Foster,NULL,18/11/2013
18355,NULL,13655,Edward Foster,NULL,23/05/2014
19779,NULL,13008,Emily Foster,NULL,30/11/2013
15468,NULL,19571,Emma Foster,NULL,12/03/2014
22976,NULL,5296,Eric Foster,NULL,27/04/2014
26055,NULL,6507,Ethan Foster,NULL,08/12/2013
19872,NULL,7831,Faith Foster,NULL,19/06/2014
27521,NULL,5853,Gabriel Foster,NULL,08/03/2014
27741,NULL,3355,Gabrielle Foster,NULL,23/06/2014
28237,NULL,3208,Hailey Foster,NULL,01/07/2013
14258,NULL,3438,Haley Foster,NULL,26/06/2014
28647,NULL,13054,Hannah Foster,NULL,20/01/2012
20269,NULL,6059,Hunter Foster,NULL,30/03/2014
16485,NULL,13889,Ian Foster,NULL,14/03/2014
21745,NULL,7487,Isabel Foster,NULL,10/01/2014
27892,NULL,2633,Isabella Foster,NULL,04/03/2014
26377,NULL,7525,Isabelle Foster,NULL,03/05/2014
20008,NULL,5200,Jack Foster,NULL,19/03/2014
13922,NULL,5347,Jackson Foster,NULL,16/04/2014
20020,NULL,7758,Jacqueline Foster,NULL,06/03/2014
27914,NULL,19869,Jasmine Foster,NULL,12/09/2013
12934,NULL,5402,Jason Foster,NULL,10/09/2013
13029,NULL,20533,Jennifer Foster,NULL,13/12/2013
26069,NULL,3526,Jessica Foster,NULL,05/08/2013
20741,NULL,7246,Jocelyn Foster,NULL,24/09/2013
22186,NULL,6417,Jonathan Foster,NULL,25/05/2014
20807,NULL,5157,Jordan Foster,NULL,30/05/2014
28785,NULL,5658,Jose Foster,NULL,21/11/2013
26238,NULL,20420,Julia Foster,NULL,10/04/2014
21575,NULL,6620,Justin Foster,NULL,01/06/2013
28083,NULL,20636,Kaitlyn Foster,NULL,27/05/2014
16970,NULL,2979,Katherine Foster,NULL,12/09/2013
19693,NULL,12729,Kayla Foster,NULL,20/10/2013
21427,NULL,7565,Kelly Foster,NULL,30/04/2014
11274,NULL,5755,Kyle Foster,NULL,27/07/2013
19755,NULL,19061,Lauren Foster,NULL,28/03/2014
21302,NULL,6465,Logan Foster,NULL,22/10/2013
13519,NULL,13932,Lucas Foster,NULL,01/06/2013
26009,NULL,5450,Luis Foster,NULL,30/05/2014
15137,NULL,5108,Luke Foster,NULL,03/10/2013
14038,NULL,12502,Madison Foster,NULL,19/05/2014
25357,NULL,13846,Marcus Foster,NULL,10/03/2014
28715,NULL,3284,Maria Foster,NULL,18/12/2013
13865,NULL,8100,Mariah Foster,NULL,08/11/2013
17486,NULL,7079,Marissa Foster,NULL,29/09/2013
24112,NULL,19165,Mary Foster,NULL,14/03/2014
14572,NULL,7587,Melanie Foster,NULL,22/12/2013
20352,NULL,7346,Melissa Foster,NULL,16/09/2013
27652,NULL,13570,Miguel Foster,NULL,05/01/2014
27567,NULL,7288,Miranda Foster,NULL,12/04/2014
12109,NULL,20738,Morgan Foster,NULL,13/12/2013
23230,NULL,7321,Mya Foster,NULL,27/08/2013
15966,NULL,2749,Natalie Foster,NULL,30/01/2014
20954,NULL,5961,Nathan Foster,NULL,15/02/2014
23494,NULL,19986,Nicole Foster,NULL,19/05/2014
21479,NULL,6109,Noah Foster,NULL,24/03/2014
23806,NULL,19366,Olivia Foster,NULL,28/03/2012
13901,NULL,12802,Oscar Foster,NULL,11/11/2013
27428,NULL,7793,Paige Foster,NULL,29/11/2013
28018,NULL,19776,Rachel Foster,NULL,02/07/2011
14379,NULL,13795,Richard Foster,NULL,31/10/2013
22754,NULL,6161,Robert Foster,NULL,12/02/2014
11269,NULL,6565,Ryan Foster,NULL,10/02/2014
16355,NULL,12543,Sam Foster,NULL,20/08/2013
18523,NULL,6008,Samuel Foster,NULL,04/01/2014
25791,NULL,13980,Seth Foster,NULL,29/04/2014
21612,NULL,13163,Spencer Foster,NULL,15/12/2013
21586,NULL,3133,Stephanie Foster,NULL,25/03/2014
18860,NULL,2896,Sydney Foster,NULL,08/05/2014
18611,NULL,3600,Taylor Foster,NULL,07/05/2014
17516,NULL,5708,Thomas Foster,NULL,27/05/2014
28964,NULL,12843,Trevor Foster,NULL,24/09/2013
25426,NULL,12882,Tristan Foster,NULL,10/11/2013
16372,NULL,7417,Vanessa Foster,NULL,04/09/2013
20908,NULL,13689,Wyatt Foster,NULL,02/11/2013
18509,NULL,13427,Xavier Foster,NULL,21/10/2013
17378,NULL,7033,Zachary Foster,NULL,19/06/2014
22601,NULL,5814,Aimee Gao,NULL,22/01/2014
25653,NULL,17323,Alan Gao,NULL,14/10/2013
15065,NULL,12501,Alejandro Gao,NULL,02/08/2013
23218,NULL,11967,Alisha Gao,NULL,17/05/2014
21996,NULL,20720,Amy Gao,NULL,22/04/2014
28714,NULL,10041,Arturo Gao,NULL,28/07/2013
24085,NULL,5936,Autumn Gao,NULL,09/08/2013
24018,NULL,11568,Barbara Gao,NULL,13/02/2014
13112,NULL,4798,Bianca Gao,NULL,14/05/2014
26266,NULL,18013,Brent Gao,NULL,23/10/2013
17493,NULL,17816,Candice Gao,NULL,14/05/2014
15642,NULL,4856,Cara Gao,NULL,23/03/2014
12053,NULL,3480,Cedric Gao,NULL,02/07/2013
26204,NULL,11359,Christy Gao,NULL,21/04/2014
12631,NULL,6810,Clarence Gao,NULL,07/11/2013
13690,NULL,5879,Claudia Gao,NULL,08/04/2014
22827,NULL,12607,Clayton Gao,NULL,07/11/2013
18108,NULL,13456,Colin Gao,NULL,01/02/2014
15108,NULL,12281,Colleen Gao,NULL,08/03/2014
14795,NULL,20770,Crystal Gao,NULL,15/03/2014
20429,NULL,18264,Curtis Gao,NULL,28/01/2014
22693,NULL,5644,Darryl Gao,NULL,05/07/2013
16443,NULL,12182,Dawn Gao,NULL,25/06/2014
18187,NULL,17914,Dennis Gao,NULL,03/11/2013
25716,NULL,13161,Edwin Gao,NULL,19/04/2014
19087,NULL,2488,Erica Gao,NULL,09/07/2013
27828,NULL,6479,Ernest Gao,NULL,23/08/2013
29464,NULL,5478,Eugene Gao,NULL,17/03/2014
13797,NULL,7885,Franklin Gao,NULL,01/06/2014
24165,NULL,8961,Gilbert Gao,NULL,13/01/2014
20108,NULL,5704,Glenn Gao,NULL,03/10/2013
19061,NULL,2643,Heather Gao,NULL,09/01/2014
25667,NULL,12937,Jaclyn Gao,NULL,28/09/2013
19955,NULL,5420,Jake Gao,NULL,25/01/2014
26022,NULL,2456,Jamie Gao,NULL,04/03/2014
20564,NULL,5532,Jessie Gao,NULL,07/05/2014
27823,NULL,17562,Joan Gao,NULL,05/12/2013
11456,NULL,13559,Jon Gao,NULL,31/10/2013
23573,NULL,18315,Jorge Gao,NULL,27/10/2013
18153,NULL,17415,Karen Gao,NULL,04/06/2014
20172,NULL,12077,Kelli Gao,NULL,27/04/2014
21797,NULL,18772,Kelvin Gao,NULL,05/04/2014
12774,NULL,2512,Kristen Gao,NULL,26/01/2014
25821,NULL,17375,Krystal Gao,NULL,24/01/2014
16531,NULL,12386,Lacey Gao,NULL,12/05/2014
22029,NULL,2401,Laura Gao,NULL,15/05/2014
19753,NULL,2430,Lisa Gao,NULL,12/03/2014
14666,NULL,13048,Louis Gao,NULL,12/03/2014
12560,NULL,5766,Mandy Gao,NULL,17/01/2014
16401,NULL,17725,Margaret Gao,NULL,10/04/2014
25782,NULL,11064,Marshall Gao,NULL,28/10/2013
13582,NULL,4922,Martha Gao,NULL,28/01/2014
25106,NULL,5360,Micah Gao,NULL,14/11/2013
25083,NULL,12706,Omar Gao,NULL,10/04/2014
18733,NULL,12819,Rafael Gao,NULL,12/09/2013
17823,NULL,6429,Ramon Gao,NULL,02/01/2014
25113,NULL,18170,Randy Gao,NULL,19/01/2014
16788,NULL,5587,Ronnie Gao,NULL,15/09/2013
26034,NULL,4975,Rosa Gao,NULL,28/01/2014
12594,NULL,17669,Sandra Gao,NULL,18/05/2014
27571,NULL,2541,Shannon Gao,NULL,21/04/2014
16662,NULL,17616,Stacey Gao,NULL,19/06/2013
14797,NULL,6529,Steve Gao,NULL,27/03/2014
27471,NULL,17771,Susan Gao,NULL,28/05/2014
21486,NULL,5030,Suzanne Gao,NULL,01/03/2014
22709,NULL,11867,Tamara Gao,NULL,13/02/2014
16352,NULL,2674,Tiffany Gao,NULL,03/05/2014
11061,NULL,18220,Todd Gao,NULL,14/11/2013
28953,NULL,4749,Trisha Gao,NULL,23/08/2013
23157,NULL,17514,Valerie Gao,NULL,15/01/2014
17719,NULL,17962,Vincent Gao,NULL,21/06/2014
14608,NULL,12097,Warren Gao,NULL,21/09/2013
12346,NULL,18112,Wesley Gao,NULL,18/02/2014
14154,NULL,13358,Willie Gao,NULL,24/01/2014
26948,NULL,18007,Abby Garcia,NULL,09/11/2013
14531,NULL,12061,Abigail Garcia,NULL,28/08/2013
23500,NULL,3181,Adriana Garcia,NULL,03/11/2013
23247,NULL,18306,Alexander Garcia,NULL,13/04/2014
14107,NULL,10730,Alexandra Garcia,NULL,19/08/2013
13259,NULL,15864,Allen Garcia,NULL,20/04/2014
27666,NULL,11549,Alyssa Garcia,NULL,08/06/2011
12705,NULL,16074,Andre Garcia,NULL,20/03/2014
23242,NULL,18891,Andrew Garcia,NULL,19/12/2013
15572,NULL,11604,Anna Garcia,NULL,16/03/2014
25394,NULL,18322,Anthony Garcia,NULL,31/10/2013
29413,NULL,10924,Arthur Garcia,NULL,16/05/2014
21293,NULL,12440,Ashley Garcia,NULL,19/05/2014
28876,NULL,17434,Austin Garcia,NULL,12/11/2013
27433,NULL,3776,Barry Garcia,NULL,28/12/2013
17595,NULL,18193,Benjamin Garcia,NULL,17/04/2014
11859,NULL,4171,Blake Garcia,NULL,03/05/2014
19186,NULL,16020,Bob Garcia,NULL,30/03/2014
24418,NULL,18430,Brandon Garcia,NULL,27/09/2013
26028,NULL,18860,Brandy Garcia,NULL,25/03/2014
13574,NULL,15376,Brenda Garcia,NULL,02/07/2013
14162,NULL,19518,Brett Garcia,NULL,21/05/2014
21626,NULL,11730,Brianna Garcia,NULL,11/02/2014
18037,NULL,10822,Bruce Garcia,NULL,09/02/2014
11431,NULL,3933,Bryant Garcia,NULL,02/03/2014
18641,NULL,17516,Cameron Garcia,NULL,06/09/2013
14172,NULL,7560,Carla Garcia,NULL,18/02/2014
24781,NULL,7173,Carmen Garcia,NULL,05/06/2012
20999,NULL,9960,Carolyn Garcia,NULL,15/09/2013
26371,NULL,19635,Cassandra Garcia,NULL,26/06/2014
19194,NULL,3833,Cesar Garcia,NULL,14/11/2013
20250,NULL,4865,Charles Garcia,NULL,18/09/2013
21961,NULL,18952,Chelsea Garcia,NULL,02/08/2013
11037,NULL,11014,Chloe Garcia,NULL,22/06/2013
16491,NULL,18211,Christian Garcia,NULL,16/01/2014
15973,NULL,18244,Christopher Garcia,NULL,05/05/2014
22807,NULL,7328,Cindy Garcia,NULL,14/06/2014
12267,NULL,4098,Clifford Garcia,NULL,16/01/2014
21546,NULL,19344,Cory Garcia,NULL,02/03/2014
18601,NULL,19747,Cynthia Garcia,NULL,18/08/2013
18768,NULL,4476,Dalton Garcia,NULL,28/09/2013
11818,NULL,18580,Daniel Garcia,NULL,02/07/2013
28716,NULL,10186,Darren Garcia,NULL,20/01/2014
22683,NULL,18135,David Garcia,NULL,18/10/2013
16297,NULL,9757,Deanna Garcia,NULL,26/03/2014
11975,NULL,11505,Destiny Garcia,NULL,16/03/2014
14246,NULL,4938,Devin Garcia,NULL,02/08/2013
19504,NULL,8249,Dominic Garcia,NULL,25/09/2013
16528,NULL,7498,Dominique Garcia,NULL,21/11/2013
18929,NULL,20048,Donald Garcia,NULL,15/09/2013
24860,NULL,19436,Douglas Garcia,NULL,16/11/2013
14646,NULL,18517,Dylan Garcia,NULL,02/01/2014
14163,NULL,9651,Ebony Garcia,NULL,06/05/2014
17729,NULL,8154,Edgar Garcia,NULL,02/09/2013
24291,NULL,5025,Eduardo Garcia,NULL,11/05/2014
24972,NULL,4254,Edward Garcia,NULL,05/04/2014
14757,NULL,11926,Elizabeth Garcia,NULL,08/02/2014
23192,NULL,12251,Emily Garcia,NULL,05/02/2014
23019,NULL,11877,Emma Garcia,NULL,15/10/2013
12263,NULL,7983,Emmanuel Garcia,NULL,29/05/2014
25317,NULL,2991,Erick Garcia,NULL,19/12/2013
14738,NULL,17965,Ethan Garcia,NULL,31/01/2014
25701,NULL,16707,Francisco Garcia,NULL,14/07/2013
16489,NULL,7884,Frederick Garcia,NULL,09/10/2013
27183,NULL,8299,Geoffrey Garcia,NULL,03/11/2013
20160,NULL,20212,George Garcia,NULL,25/07/2013
21734,NULL,11321,Grace Garcia,NULL,08/06/2014
28105,NULL,12296,Hannah Garcia,NULL,10/02/2014
14087,NULL,2885,Harold Garcia,NULL,08/12/2013
15682,NULL,15271,Heidi Garcia,NULL,13/06/2014
11287,NULL,15978,Henry Garcia,NULL,30/06/2014
26558,NULL,19592,Holly Garcia,NULL,09/12/2013
21305,NULL,17198,Hunter Garcia,NULL,21/05/2014
18382,NULL,11237,Isabella Garcia,NULL,27/02/2014
17354,NULL,8192,Ivan Garcia,NULL,14/12/2013
27386,NULL,17634,James Garcia,NULL,01/01/2014
27089,NULL,18482,Janelle Garcia,NULL,27/02/2013
22297,NULL,11410,Jasmine Garcia,NULL,16/11/2013
12488,NULL,10287,Jay Garcia,NULL,20/02/2014
15307,NULL,11102,Jennifer Garcia,NULL,30/08/2013
26798,NULL,4002,Jeremiah Garcia,NULL,05/01/2014
21566,NULL,8030,Jermaine Garcia,NULL,27/07/2013
27031,NULL,12109,Jessica Garcia,NULL,09/04/2014
11870,NULL,15325,Jillian Garcia,NULL,19/06/2014
11544,NULL,20089,Joel Garcia,NULL,28/01/2014
16432,NULL,18205,John Garcia,NULL,18/11/2013
18883,NULL,17706,Jonathan Garcia,NULL,01/04/2014
13425,NULL,17392,Jose Garcia,NULL,25/10/2013
11954,NULL,18955,Joseph Garcia,NULL,18/11/2013
23768,NULL,18794,Joshua Garcia,NULL,03/06/2014
11304,NULL,11060,Julia Garcia,NULL,22/09/2013
16360,NULL,18076,Justin Garcia,NULL,01/08/2013
26310,NULL,11145,Kaitlyn Garcia,NULL,31/03/2013
14805,NULL,10507,Kari Garcia,NULL,22/11/2013
22113,NULL,10833,Katherine Garcia,NULL,17/10/2013
21308,NULL,11977,Kayla Garcia,NULL,11/05/2014
18594,NULL,10706,Kristi Garcia,NULL,18/05/2014
25446,NULL,19709,Kristina Garcia,NULL,25/04/2014
19070,NULL,16115,Kristopher Garcia,NULL,18/04/2014
23407,NULL,11650,Lauren Garcia,NULL,21/03/2014
21232,NULL,7933,Levi Garcia,NULL,21/05/2014
17095,NULL,17784,Logan Garcia,NULL,15/08/2013
27545,NULL,4797,Lucas Garcia,NULL,27/04/2013
28194,NULL,3452,Lydia Garcia,NULL,22/05/2014
24507,NULL,12342,Madison Garcia,NULL,14/02/2014
13779,NULL,15938,Manuel Garcia,NULL,18/09/2013
15336,NULL,3881,Marco Garcia,NULL,22/06/2014
16095,NULL,4630,Marcus Garcia,NULL,09/03/2014
27953,NULL,10066,Marie Garcia,NULL,15/07/2013
23332,NULL,16755,Martin Garcia,NULL,21/11/2013
23872,NULL,18846,Matthew Garcia,NULL,21/05/2014
17837,NULL,3410,Mayra Garcia,NULL,26/12/2013
16242,NULL,11694,Megan Garcia,NULL,23/11/2013
17110,NULL,10606,Meredith Garcia,NULL,01/03/2014
26554,NULL,18744,Michael Garcia,NULL,03/04/2014
14980,NULL,8976,Michele Garcia,NULL,04/06/2014
27032,NULL,4093,Miguel Garcia,NULL,20/06/2014
20267,NULL,19560,Monica Garcia,NULL,05/01/2014
26252,NULL,11193,Morgan Garcia,NULL,22/04/2014
19515,NULL,15477,Nancy Garcia,NULL,28/08/2013
23041,NULL,11279,Natalie Garcia,NULL,11/01/2014
14085,NULL,17843,Nathan Garcia,NULL,24/09/2013
17414,NULL,19007,Nicholas Garcia,NULL,11/04/2014
13067,NULL,11776,Olivia Garcia,NULL,29/09/2013
11424,NULL,15561,Pamela Garcia,NULL,21/09/2013
11651,NULL,19675,Patricia Garcia,NULL,20/03/2014
19945,NULL,20173,Phillip Garcia,NULL,22/04/2014
24602,NULL,3995,Preston Garcia,NULL,21/05/2014
12986,NULL,11365,Rachel Garcia,NULL,02/12/2013
14007,NULL,9862,Rebekah Garcia,NULL,10/06/2013
16795,NULL,7668,Regina Garcia,NULL,26/04/2014
25994,NULL,4540,Richard Garcia,NULL,08/03/2014
26039,NULL,17226,Robert Garcia,NULL,07/04/2014
25720,NULL,20139,Ronald Garcia,NULL,01/09/2013
15585,NULL,11124,Roy Garcia,NULL,16/03/2014
19613,NULL,11220,Ruben Garcia,NULL,14/10/2013
20623,NULL,3289,Ruth Garcia,NULL,24/01/2014
15692,NULL,18003,Ryan Garcia,NULL,31/12/2013
20772,NULL,12390,Samantha Garcia,NULL,19/06/2014
26528,NULL,17708,Samuel Garcia,NULL,31/05/2014
11907,NULL,12483,Sarah Garcia,NULL,20/12/2013
23980,NULL,7836,Sergio Garcia,NULL,24/02/2014
27465,NULL,4323,Seth Garcia,NULL,09/11/2013
19294,NULL,4048,Stanley Garcia,NULL,11/05/2014
27743,NULL,7379,Stefanie Garcia,NULL,11/05/2014
28700,NULL,3050,Summer Garcia,NULL,31/03/2014
11322,NULL,10780,Sydney Garcia,NULL,21/10/2013
27778,NULL,10394,Tabitha Garcia,NULL,01/01/2014
12293,NULL,7442,Tammy Garcia,NULL,13/03/2014
11830,NULL,12155,Taylor Garcia,NULL,02/07/2013
17764,NULL,8085,Terrance Garcia,NULL,14/10/2013
21090,NULL,17437,Thomas Garcia,NULL,30/08/2013
17231,NULL,16210,Tina Garcia,NULL,01/02/2014
22193,NULL,3356,Toni Garcia,NULL,02/04/2014
29290,NULL,15817,Troy Garcia,NULL,15/07/2013
22777,NULL,18558,Tyler Garcia,NULL,05/11/2013
16943,NULL,18991,Veronica Garcia,NULL,02/12/2013
24501,NULL,11824,Victoria Garcia,NULL,28/05/2012
24599,NULL,7615,Virginia Garcia,NULL,13/01/2014
24944,NULL,18910,Whitney Garcia,NULL,30/08/2013
24941,NULL,3777,Wyatt Garcia,NULL,22/08/2013
20300,NULL,4398,Xavier Garcia,NULL,25/02/2014
22125,NULL,18571,Zachary Garcia,NULL,11/08/2013
14953,NULL,7122,Adrienne Gill,NULL,22/08/2013
17733,NULL,6635,Alberto Gill,NULL,20/12/2013
23629,NULL,2815,Alfredo Gill,NULL,10/07/2013
22673,NULL,2747,Andy Gill,NULL,14/02/2014
27469,NULL,14376,Anne Gill,NULL,26/05/2014
24196,NULL,6961,Armando Gill,NULL,18/12/2013
26689,NULL,10970,Arthur Gill,NULL,05/01/2014
13717,NULL,6031,Audrey Gill,NULL,17/10/2013
19997,NULL,6095,Beth Gill,NULL,01/04/2014
16700,NULL,15758,Billy Gill,NULL,25/11/2013
12124,NULL,18487,Brandi Gill,NULL,09/03/2014
12654,NULL,13653,Briana Gill,NULL,26/11/2013
18483,NULL,19731,Byron Gill,NULL,16/07/2013
23094,NULL,10014,Carolyn Gill,NULL,27/09/2013
28065,NULL,17870,Carrie Gill,NULL,17/04/2014
16040,NULL,19161,Casey Gill,NULL,03/08/2013
28410,NULL,6199,Cheryl Gill,NULL,23/07/2013
26210,NULL,14631,Clinton Gill,NULL,02/09/2013
29379,NULL,19073,Craig Gill,NULL,25/09/2013
26395,NULL,6110,Daisy Gill,NULL,14/07/2013
25780,NULL,17827,Dana Gill,NULL,24/06/2013
22320,NULL,14766,Danny Gill,NULL,06/01/2014
11408,NULL,10237,Darren Gill,NULL,05/08/2013
13336,NULL,9810,Deanna Gill,NULL,08/09/2013
19353,NULL,13866,Desiree Gill,NULL,16/05/2014
25710,NULL,18665,Diana Gill,NULL,30/04/2014
15578,NULL,15624,Diane Gill,NULL,27/03/2014
19675,NULL,20562,Dwayne Gill,NULL,10/02/2014
11533,NULL,9698,Ebony Gill,NULL,12/06/2014
12715,NULL,6692,Eddie Gill,NULL,03/01/2014
29424,NULL,19287,Erik Gill,NULL,24/11/2013
18202,NULL,18710,Erika Gill,NULL,18/04/2014
28701,NULL,14288,Felicia Gill,NULL,01/04/2014
19495,NULL,2514,Francis Gill,NULL,22/11/2013
14197,NULL,18347,Frank Gill,NULL,10/03/2014
25108,NULL,19033,Gary Gill,NULL,06/01/2014
28487,NULL,10778,Gerald Gill,NULL,27/11/2013
24177,NULL,15062,Gina Gill,NULL,30/01/2014
19644,NULL,16524,Gloria Gill,NULL,11/02/2014
26187,NULL,14725,Hector Gill,NULL,20/02/2014
21860,NULL,6362,Jacquelyn Gill,NULL,03/01/2014
26152,NULL,7071,Jaime Gill,NULL,09/04/2014
25192,NULL,6257,Janet Gill,NULL,12/10/2013
28449,NULL,12601,Jarred Gill,NULL,05/01/2012
15645,NULL,13642,Javier Gill,NULL,03/04/2014
27975,NULL,10341,Jay Gill,NULL,11/02/2014
22386,NULL,7710,Jerome Gill,NULL,20/02/2014
21673,NULL,18390,Jésus Gill,NULL,28/09/2013
26870,NULL,15102,Jill Gill,NULL,05/11/2013
29098,NULL,15654,Jimmy Gill,NULL,02/01/2014
26186,NULL,13988,Joanna Gill,NULL,22/04/2014
13766,NULL,11065,Joe Gill,NULL,01/08/2013
22487,NULL,14493,Jonathon Gill,NULL,01/01/2014
26993,NULL,7011,Julio Gill,NULL,07/05/2014
22324,NULL,10558,Kari Gill,NULL,28/08/2013
20713,NULL,18578,Kathleen Gill,NULL,28/04/2014
17292,NULL,16083,Kellie Gill,NULL,20/05/2014
12236,NULL,15160,Kendra Gill,NULL,13/12/2013
12664,NULL,14232,Krista Gill,NULL,11/03/2014
27171,NULL,9596,Kristi Gill,NULL,11/01/2014
19977,NULL,6314,Kristine Gill,NULL,30/10/2013
13669,NULL,14337,Kristy Gill,NULL,20/06/2014
12614,NULL,14862,Lance Gill,NULL,23/03/2014
11602,NULL,18443,Larry Gill,NULL,10/12/2013
25713,NULL,6148,Latasha Gill,NULL,10/04/2014
20224,NULL,14457,Lawrence Gill,NULL,07/03/2014
27694,NULL,14414,Lee Gill,NULL,20/05/2014
14670,NULL,18529,Leslie Gill,NULL,04/12/2013
17758,NULL,13822,Linda Gill,NULL,26/12/2013
22510,NULL,14120,Lori Gill,NULL,04/03/2014
16698,NULL,5969,Mallory Gill,NULL,12/06/2014
12974,NULL,15708,Marc Gill,NULL,17/06/2014
11383,NULL,10118,Marie Gill,NULL,03/06/2014
17821,NULL,6915,Marvin Gill,NULL,18/09/2013
27486,NULL,14535,Mathew Gill,NULL,09/05/2014
13819,NULL,2697,Max Gill,NULL,22/11/2013
19231,NULL,18806,Meghan Gill,NULL,28/11/2013
11151,NULL,14076,Melinda Gill,NULL,22/03/2014
13532,NULL,17009,Melody Gill,NULL,25/02/2014
24268,NULL,10652,Meredith Gill,NULL,27/10/2013
25593,NULL,14586,Micheal Gill,NULL,19/12/2013
17834,NULL,9023,Michele Gill,NULL,11/05/2014
17727,NULL,13778,Monique Gill,NULL,05/09/2013
25590,NULL,17465,Naomi Gill,NULL,14/05/2014
20388,NULL,18758,Natasha Gill,NULL,04/02/2014
17934,NULL,19327,Nelson Gill,NULL,19/01/2014
21360,NULL,18899,Orlando Gill,NULL,09/02/2014
28524,NULL,15136,Paula Gill,NULL,21/11/2013
21832,NULL,11715,Pedro Gill,NULL,17/06/2014
22599,NULL,19206,Philip Gill,NULL,13/04/2014
18165,NULL,14976,Randall Gill,NULL,06/03/2014
17217,NULL,6555,Raquel Gill,NULL,27/09/2013
27161,NULL,7769,Reginald Gill,NULL,30/04/2014
23246,NULL,15019,Renee Gill,NULL,16/01/2014
15607,NULL,15601,Ricky Gill,NULL,10/06/2014
14362,NULL,14817,Roberto Gill,NULL,13/10/2013
12477,NULL,13739,Robin Gill,NULL,11/05/2014
12765,NULL,13150,Robyn Gill,NULL,18/08/2013
14996,NULL,11817,Ross Gill,NULL,30/11/2013
29465,NULL,11169,Roy Gill,NULL,22/03/2014
17938,NULL,11275,Ruben Gill,NULL,06/06/2014
24117,NULL,20153,Shannon Gill,NULL,21/02/2014
17375,NULL,14655,Sheila Gill,NULL,05/06/2014
12679,NULL,18618,Stacy Gill,NULL,30/04/2014
14254,NULL,10447,Tabitha Gill,NULL,02/12/2013
11731,NULL,14035,Tanya Gill,NULL,04/01/2014
21991,NULL,15214,Teresa Gill,NULL,24/06/2014
11149,NULL,6747,Theodore Gill,NULL,01/05/2014
28573,NULL,6808,Tyrone Gill,NULL,21/09/2011
19639,NULL,19245,Victor Gill,NULL,17/07/2013
28975,NULL,13603,Walter Gill,NULL,08/04/2014
17518,NULL,13949,Wendy Gill,NULL,25/11/2013
13077,NULL,12564,Alejandro Goel,NULL,12/04/2014
20423,NULL,19806,Alicia Goel,NULL,21/08/2013
26767,NULL,12033,Alisha Goel,NULL,25/08/2013
15452,NULL,16670,Alison Goel,NULL,20/08/2013
17102,NULL,5100,Andres Goel,NULL,12/08/2013
16166,NULL,20559,April Goel,NULL,15/03/2014
14549,NULL,10670,Arturo Goel,NULL,16/01/2014
27326,NULL,7784,Ashlee Goel,NULL,17/12/2013
12988,NULL,11626,Barbara Goel,NULL,23/03/2014
27511,NULL,16271,Bethany Goel,NULL,25/12/2013
11405,NULL,3725,Bonnie Goel,NULL,31/08/2013
29085,NULL,9420,Brad Goel,NULL,17/12/2013
15803,NULL,20311,Bradley Goel,NULL,21/04/2014
26134,NULL,8601,Bridget Goel,NULL,18/03/2014
17213,NULL,9191,Calvin Goel,NULL,13/12/2013
17249,NULL,16976,Carl Goel,NULL,26/02/2014
12989,NULL,4520,Carly Goel,NULL,08/03/2014
23754,NULL,8918,Cassie Goel,NULL,23/03/2014
28219,NULL,20355,Chad Goel,NULL,26/04/2014
21231,NULL,19895,Christine Goel,NULL,22/03/2014
26409,NULL,11422,Christy Goel,NULL,14/08/2013
17189,NULL,7444,Clarence Goel,NULL,09/08/2013
21591,NULL,12666,Clayton Goel,NULL,24/05/2014
26616,NULL,13508,Colin Goel,NULL,14/12/2013
14200,NULL,12345,Colleen Goel,NULL,28/02/2014
11594,NULL,20477,Corey Goel,NULL,17/01/2014
22805,NULL,8754,Cristina Goel,NULL,08/05/2014
20416,NULL,5349,Dale Goel,NULL,30/07/2013
27772,NULL,8364,Darrell Goel,NULL,07/08/2013
23535,NULL,12238,Dawn Goel,NULL,13/01/2014
11489,NULL,8865,Deborah Goel,NULL,28/02/2014
17045,NULL,20269,Derek Goel,NULL,20/09/2013
14121,NULL,4344,Devon Goel,NULL,08/11/2013
29430,NULL,4674,Donna Goel,NULL,24/01/2014
17352,NULL,9245,Drew Goel,NULL,23/12/2013
23260,NULL,13213,Edwin Goel,NULL,25/03/2014
26410,NULL,8530,Franklin Goel,NULL,11/12/2013
15596,NULL,9622,Gilbert Goel,NULL,26/03/2014
27460,NULL,9306,Grant Goel,NULL,27/03/2014
28712,NULL,2602,Gregory Goel,NULL,12/09/2013
22053,NULL,9478,Jaime Goel,NULL,08/03/2014
22061,NULL,11522,Jenny Goel,NULL,28/05/2014
20447,NULL,4719,Jodi Goel,NULL,26/12/2013
22569,NULL,17074,Johnny Goel,NULL,19/08/2013
15673,NULL,12456,Jon Goel,NULL,10/09/2013
16265,NULL,19968,Julie Goel,NULL,04/03/2014
16465,NULL,16573,Kara Goel,NULL,03/04/2014
18705,NULL,5168,Karl Goel,NULL,25/12/2013
11146,NULL,3532,Karla Goel,NULL,15/02/2014
21783,NULL,4620,Kate Goel,NULL,28/07/2013
12740,NULL,19927,Kathryn Goel,NULL,02/06/2014
27708,NULL,20638,Katie Goel,NULL,31/01/2014
21682,NULL,16360,Katrina Goel,NULL,07/03/2014
15496,NULL,12138,Kelli Goel,NULL,05/08/2013
18552,NULL,16531,Kelsey Goel,NULL,17/08/2013
24286,NULL,3030,Kelvin Goel,NULL,20/05/2014
21663,NULL,2624,Kenneth Goel,NULL,19/01/2014
25473,NULL,20591,Kristin Goel,NULL,26/10/2013
12726,NULL,4174,Kurt Goel,NULL,03/01/2014
18704,NULL,11316,Lacey Goel,NULL,27/01/2014
11239,NULL,16405,Latoya Goel,NULL,28/10/2013
16644,NULL,5232,Leonard Goel,NULL,27/12/2013
28380,NULL,19850,Lindsay Goel,NULL,03/04/2014
26894,NULL,20676,Lindsey Goel,NULL,30/08/2013
24055,NULL,13111,Louis Goel,NULL,21/12/2013
12360,NULL,16829,Mario Goel,NULL,24/02/2014
27691,NULL,11690,Marshall Goel,NULL,05/02/2014
11410,NULL,9086,Maurice Goel,NULL,07/07/2013
25442,NULL,4405,Melvin Goel,NULL,03/03/2014
15041,NULL,8429,Michele Goel,NULL,06/01/2014
18245,NULL,16484,Misty Goel,NULL,23/01/2014
17277,NULL,16624,Nichole Goel,NULL,12/03/2014
15166,NULL,4464,Nina Goel,NULL,18/12/2013
12649,NULL,12773,Omar Goel,NULL,01/03/2014
15264,NULL,20434,Peter Goel,NULL,03/02/2014
24052,NULL,8809,Priscilla Goel,NULL,14/02/2014
23942,NULL,12890,Rafael Goel,NULL,11/11/2013
15539,NULL,9538,Raul Goel,NULL,15/03/2014
25961,NULL,17025,Ricardo Goel,NULL,10/02/2014
23652,NULL,13325,Roger Goel,NULL,08/01/2014
18341,NULL,16877,Russell Goel,NULL,14/06/2014
19430,NULL,8543,Sharon Goel,NULL,24/04/2014
22417,NULL,17112,Shaun Goel,NULL,16/02/2014
19058,NULL,20398,Shawn Goel,NULL,20/04/2014
29332,NULL,3599,Shawna Goel,NULL,16/08/2013
12833,NULL,8705,Sheena Goel,NULL,04/04/2014
14347,NULL,20016,Tara Goel,NULL,16/12/2013
19478,NULL,8646,Tasha Goel,NULL,03/03/2014
19389,NULL,4290,Terrence Goel,NULL,21/10/2013
22909,NULL,4230,Tommy Goel,NULL,07/04/2014
29123,NULL,8487,Tonya Goel,NULL,28/03/2014
18178,NULL,16438,Tracy Goel,NULL,30/06/2014
13678,NULL,4461,Warren Goel,NULL,22/01/2014
22656,NULL,13414,Willie Goel,NULL,22/08/2013
26435,NULL,3654,Yolanda Goel,NULL,26/04/2014
20961,NULL,20518,Keith Goldberg,NULL,25/05/2014
16159,NULL,4571,Mindy Goldberg,NULL,25/05/2014
27789,NULL,5289,Nicolas Goldberg,NULL,30/01/2014
24839,NULL,11925,Tamara Goldberg,NULL,01/07/2013
21454,NULL,5297,Alvin Goldstein,NULL,31/03/2014
13518,NULL,9362,Brendan Goldstein,NULL,15/05/2014
12337,NULL,2574,Dustin Goldstein,NULL,08/01/2014
22786,NULL,13692,Wyatt Goldstein,NULL,04/04/2014
11920,NULL,7095,Adrienne Gomez,NULL,13/05/2014
12383,NULL,14891,Albert Gomez,NULL,08/01/2014
25177,NULL,6600,Alberto Gomez,NULL,27/06/2014
18200,NULL,2778,Alfredo Gomez,NULL,01/03/2014
18721,NULL,2722,Andy Gomez,NULL,28/08/2013
13045,NULL,14355,Anne Gomez,NULL,17/12/2013
21175,NULL,6935,Armando Gomez,NULL,21/12/2013
24917,NULL,10937,Arthur Gomez,NULL,13/10/2013
27776,NULL,5993,Audrey Gomez,NULL,15/04/2014
13254,NULL,6058,Beth Gomez,NULL,16/10/2013
13596,NULL,15725,Billy Gomez,NULL,13/07/2013
14675,NULL,18468,Brandi Gomez,NULL,07/06/2014
28784,NULL,13368,Briana Gomez,NULL,23/05/2014
15695,NULL,10842,Bruce Gomez,NULL,25/01/2014
24049,NULL,19520,Byron Gomez,NULL,03/02/2014
12512,NULL,9982,Carolyn Gomez,NULL,23/08/2013
22965,NULL,17848,Carrie Gomez,NULL,21/02/2014
22497,NULL,19137,Casey Gomez,NULL,01/11/2013
21672,NULL,19054,Craig Gomez,NULL,28/05/2014
24547,NULL,18826,Dana Gomez,NULL,24/11/2013
16636,NULL,14743,Danny Gomez,NULL,12/05/2014
15655,NULL,9774,Deanna Gomez,NULL,22/03/2014
18694,NULL,19095,Derrick Gomez,NULL,03/08/2013
12295,NULL,20331,Dwayne Gomez,NULL,26/02/2014
20904,NULL,9668,Ebony Gomez,NULL,02/06/2014
23354,NULL,6657,Eddie Gomez,NULL,31/07/2013
29180,NULL,19264,Erik Gomez,NULL,28/09/2013
11441,NULL,18688,Erika Gomez,NULL,10/06/2014
18219,NULL,14259,Felicia Gomez,NULL,21/06/2013
22084,NULL,20746,Francis Gomez,NULL,10/03/2014
18011,NULL,19305,Frank Gomez,NULL,19/03/2014
15640,NULL,19011,Gary Gomez,NULL,01/10/2013
17743,NULL,10754,Gerald Gomez,NULL,31/08/2013
29337,NULL,15775,Hector Gomez,NULL,15/10/2013
16592,NULL,6341,Jacquelyn Gomez,NULL,14/08/2013
17956,NULL,2840,Jaime Gomez,NULL,06/02/2014
29399,NULL,6222,Janet Gomez,NULL,10/08/2013
26232,NULL,10308,Jay Gomez,NULL,23/09/2013
25057,NULL,7689,Jerome Gomez,NULL,31/10/2013
29401,NULL,18367,Jésus Gomez,NULL,24/06/2013
29315,NULL,15077,Jill Gomez,NULL,10/10/2013
19937,NULL,15622,Jimmy Gomez,NULL,06/06/2014
16574,NULL,11037,Joe Gomez,NULL,28/04/2014
12658,NULL,13885,Joy Gomez,NULL,13/10/2013
23771,NULL,6989,Julio Gomez,NULL,13/10/2013
12229,NULL,10526,Kari Gomez,NULL,23/10/2013
16158,NULL,18547,Kathleen Gomez,NULL,07/04/2014
25432,NULL,15847,Kellie Gomez,NULL,16/12/2013
23320,NULL,15124,Kendra Gomez,NULL,10/12/2013
12760,NULL,14200,Krista Gomez,NULL,10/11/2013
26911,NULL,10727,Kristi Gomez,NULL,25/07/2013
18627,NULL,6281,Kristine Gomez,NULL,28/11/2013
19237,NULL,14309,Kristy Gomez,NULL,03/05/2014
19339,NULL,14839,Lance Gomez,NULL,16/04/2014
25778,NULL,18411,Larry Gomez,NULL,30/03/2014
12722,NULL,6122,Latasha Gomez,NULL,06/09/2013
17684,NULL,18507,Leslie Gomez,NULL,19/04/2014
24898,NULL,7144,Mallory Gomez,NULL,24/09/2013
21880,NULL,15678,Marc Gomez,NULL,31/01/2014
25795,NULL,10091,Marie Gomez,NULL,10/06/2013
28479,NULL,6883,Marvin Gomez,NULL,21/09/2013
19517,NULL,2630,Max Gomez,NULL,13/11/2013
25805,NULL,16728,Melody Gomez,NULL,27/04/2014
27965,NULL,10625,Meredith Gomez,NULL,09/08/2013
16057,NULL,8997,Michele Gomez,NULL,15/07/2013
24300,NULL,17208,Naomi Gomez,NULL,27/03/2014
23733,NULL,18733,Natasha Gomez,NULL,10/03/2014
29426,NULL,6835,Neil Gomez,NULL,14/03/2014
29053,NULL,19087,Nelson Gomez,NULL,15/10/2013
29353,NULL,18639,Orlando Gomez,NULL,01/02/2014
24288,NULL,11682,Pedro Gomez,NULL,08/03/2014
28038,NULL,19176,Philip Gomez,NULL,23/04/2014
11762,NULL,14940,Randall Gomez,NULL,06/12/2013
13486,NULL,9880,Rebekah Gomez,NULL,02/02/2014
28504,NULL,7737,Reginald Gomez,NULL,18/05/2012
25371,NULL,14994,Renee Gomez,NULL,16/07/2012
18737,NULL,15573,Ricky Gomez,NULL,17/08/2013
16046,NULL,12833,Robyn Gomez,NULL,02/05/2014
24348,NULL,11242,Ruben Gomez,NULL,14/09/2013
17854,NULL,19919,Shannon Gomez,NULL,05/05/2014
21165,NULL,14379,Sheila Gomez,NULL,08/01/2014
22292,NULL,18597,Stacy Gomez,NULL,26/11/2013
16688,NULL,10415,Tabitha Gomez,NULL,31/05/2013
24164,NULL,15183,Teresa Gomez,NULL,14/01/2014
13503,NULL,6715,Theodore Gomez,NULL,22/10/2013
23297,NULL,6777,Tyrone Gomez,NULL,03/02/2014
28203,NULL,19222,Victor Gomez,NULL,07/06/2013
18804,NULL,5503,Aaron Gonzales,NULL,18/05/2014
20333,NULL,12202,Abigail Gonzales,NULL,17/04/2014
28765,NULL,3978,Abigail Gonzales,NULL,11/10/2011
20335,NULL,5250,Adam Gonzales,NULL,23/02/2014
14109,NULL,12924,Aidan Gonzales,NULL,15/01/2014
23844,NULL,2821,Alexandra Gonzales,NULL,26/04/2014
15312,NULL,7631,Alexandria Gonzales,NULL,02/04/2014
23521,NULL,12774,Alexis Gonzales,NULL,16/01/2014
25792,NULL,20209,Alyssa Gonzales,NULL,11/05/2014
16217,NULL,3055,Amanda Gonzales,NULL,29/01/2014
22037,NULL,7676,Angela Gonzales,NULL,14/02/2014
27192,NULL,7159,Angelica Gonzales,NULL,16/07/2013
16477,NULL,3681,Anna Gonzales,NULL,18/07/2013
22270,NULL,13216,Antonio Gonzales,NULL,07/11/2013
19710,NULL,7716,Arianna Gonzales,NULL,21/04/2014
18600,NULL,12594,Ashley Gonzales,NULL,14/12/2013
25191,NULL,6260,Austin Gonzales,NULL,20/10/2013
21576,NULL,6720,Benjamin Gonzales,NULL,27/06/2013
13357,NULL,13611,Blake Gonzales,NULL,25/04/2014
28824,NULL,6914,Brandon Gonzales,NULL,22/11/2011
21148,NULL,19273,Brianna Gonzales,NULL,09/05/2014
21710,NULL,7208,Brittany Gonzales,NULL,11/04/2014
11692,NULL,5560,Caleb Gonzales,NULL,20/06/2014
29005,NULL,6309,Cameron Gonzales,NULL,05/08/2013
27576,NULL,6797,Caroline Gonzales,NULL,13/05/2013
25146,NULL,13263,Carson Gonzales,NULL,03/07/2013
23818,NULL,6840,Cassidy Gonzales,NULL,08/03/2014
16895,NULL,20319,Chloe Gonzales,NULL,19/08/2013
28601,NULL,6212,Christian Gonzales,NULL,03/09/2013
16923,NULL,5608,Connor Gonzales,NULL,08/05/2014
24086,NULL,12968,Dakota Gonzales,NULL,25/02/2014
21456,NULL,13475,Dalton Gonzales,NULL,07/10/2013
22047,NULL,6673,David Gonzales,NULL,20/02/2014
19398,NULL,6972,Dylan Gonzales,NULL,11/04/2014
19665,NULL,13752,Eduardo Gonzales,NULL,10/04/2014
25870,NULL,13656,Edward Gonzales,NULL,04/11/2013
13999,NULL,5908,Elijah Gonzales,NULL,22/11/2013
19689,NULL,12687,Elizabeth Gonzales,NULL,15/11/2013
21777,NULL,13009,Emily Gonzales,NULL,26/04/2014
15681,NULL,19573,Emma Gonzales,NULL,23/11/2013
25293,NULL,5299,Eric Gonzales,NULL,27/02/2014
20696,NULL,6508,Ethan Gonzales,NULL,07/07/2013
18429,NULL,7833,Faith Gonzales,NULL,11/05/2014
25097,NULL,13125,Fernando Gonzales,NULL,16/07/2013
13927,NULL,5856,Gabriel Gonzales,NULL,20/08/2013
14438,NULL,3357,Gabrielle Gonzales,NULL,26/12/2013
24488,NULL,13304,Gavin Gonzales,NULL,24/05/2014
23174,NULL,19669,Gloria Gonzales,NULL,03/02/2014
17156,NULL,3209,Hailey Gonzales,NULL,08/04/2014
23071,NULL,3440,Haley Gonzales,NULL,08/11/2013
21299,NULL,13055,Hannah Gonzales,NULL,03/08/2013
26570,NULL,6060,Hunter Gonzales,NULL,15/05/2014
11308,NULL,13892,Ian Gonzales,NULL,17/06/2014
28556,NULL,7488,Isabel Gonzales,NULL,26/03/2014
14815,NULL,2649,Isabella Gonzales,NULL,16/04/2014
28289,NULL,5201,Jack Gonzales,NULL,18/05/2014
19019,NULL,5348,Jackson Gonzales,NULL,19/09/2013
12111,NULL,7760,Jacqueline Gonzales,NULL,23/02/2014
12413,NULL,6373,James Gonzales,NULL,13/01/2014
18392,NULL,19871,Jasmine Gonzales,NULL,21/03/2014
13793,NULL,5403,Jason Gonzales,NULL,02/09/2013
26008,NULL,20535,Jennifer Gonzales,NULL,22/06/2014
28037,NULL,13524,Jeremiah Gonzales,NULL,16/05/2014
15610,NULL,3528,Jessica Gonzales,NULL,30/03/2014
29212,NULL,7248,Jocelyn Gonzales,NULL,13/03/2014
28036,NULL,6418,Jonathan Gonzales,NULL,03/01/2012
23681,NULL,5158,Jordan Gonzales,NULL,01/05/2014
19995,NULL,6882,Jordyn Gonzales,NULL,23/04/2014
22014,NULL,5659,Jose Gonzales,NULL,10/06/2014
28670,NULL,20421,Julia Gonzales,NULL,21/10/2011
12190,NULL,6621,Justin Gonzales,NULL,04/08/2013
27097,NULL,20637,Kaitlyn Gonzales,NULL,02/02/2014
13408,NULL,2981,Katherine Gonzales,NULL,27/10/2013
21494,NULL,12731,Kayla Gonzales,NULL,11/01/2014
23833,NULL,5812,Kevin Gonzales,NULL,29/04/2014
15272,NULL,5757,Kyle Gonzales,NULL,26/04/2014
26122,NULL,19063,Lauren Gonzales,NULL,21/05/2014
16607,NULL,6467,Logan Gonzales,NULL,09/05/2014
29463,NULL,13933,Lucas Gonzales,NULL,11/03/2014
15856,NULL,5452,Luis Gonzales,NULL,09/06/2014
18426,NULL,5109,Luke Gonzales,NULL,27/05/2014
25330,NULL,12503,Madison Gonzales,NULL,31/05/2014
25334,NULL,13849,Marcus Gonzales,NULL,04/11/2013
25858,NULL,8101,Mariah Gonzales,NULL,29/06/2014
16462,NULL,7080,Marissa Gonzales,NULL,12/06/2014
21828,NULL,19172,Megan Gonzales,NULL,13/05/2014
18089,NULL,7589,Melanie Gonzales,NULL,01/05/2014
20470,NULL,7348,Melissa Gonzales,NULL,14/04/2014
17335,NULL,13572,Miguel Gonzales,NULL,23/09/2013
11660,NULL,7290,Miranda Gonzales,NULL,16/01/2014
26105,NULL,20740,Morgan Gonzales,NULL,12/11/2013
11516,NULL,7322,Mya Gonzales,NULL,16/11/2013
16891,NULL,2751,Natalie Gonzales,NULL,29/04/2014
12107,NULL,5963,Nathan Gonzales,NULL,29/12/2013
17737,NULL,19988,Nicole Gonzales,NULL,02/11/2013
20200,NULL,6112,Noah Gonzales,NULL,30/06/2013
24201,NULL,19368,Olivia Gonzales,NULL,12/12/2013
27481,NULL,12804,Oscar Gonzales,NULL,08/01/2014
21702,NULL,7795,Paige Gonzales,NULL,03/03/2014
15337,NULL,19777,Rachel Gonzales,NULL,26/04/2014
22725,NULL,13798,Richard Gonzales,NULL,03/01/2014
27266,NULL,7382,Riley Gonzales,NULL,04/04/2013
17373,NULL,6567,Ryan Gonzales,NULL,18/02/2014
14115,NULL,12544,Samantha Gonzales,NULL,09/11/2013
28841,NULL,6012,Samuel Gonzales,NULL,17/08/2013
13871,NULL,12640,Sarah Gonzales,NULL,26/07/2013
25380,NULL,13983,Seth Gonzales,NULL,17/09/2013
17206,NULL,13165,Spencer Gonzales,NULL,09/01/2014
16799,NULL,3134,Stephanie Gonzales,NULL,25/06/2013
13371,NULL,2897,Sydney Gonzales,NULL,06/01/2014
21590,NULL,3602,Taylor Gonzales,NULL,12/04/2014
15361,NULL,5709,Thomas Gonzales,NULL,26/06/2014
16085,NULL,12844,Trevor Gonzales,NULL,02/12/2013
17526,NULL,12885,Tristan Gonzales,NULL,02/09/2013
24969,NULL,7418,Vanessa Gonzales,NULL,27/07/2013
11751,NULL,19466,Victoria Gonzales,NULL,17/12/2013
24774,NULL,13428,Xavier Gonzales,NULL,10/12/2013
20123,NULL,16272,Aaron Gonzalez,NULL,12/03/2014
22480,NULL,18085,Abby Gonzalez,NULL,05/12/2013
14852,NULL,16288,Adam Gonzalez,NULL,12/02/2014
12300,NULL,3189,Adriana Gonzalez,NULL,19/03/2014
14452,NULL,16301,Alex Gonzalez,NULL,08/12/2013
25572,NULL,15872,Allen Gonzalez,NULL,27/04/2014
11745,NULL,9861,Allison Gonzalez,NULL,04/10/2013
24296,NULL,10392,Amanda Gonzalez,NULL,03/05/2014
23879,NULL,9839,Amber Gonzalez,NULL,29/08/2013
25440,NULL,16082,Andre Gonzalez,NULL,29/05/2014
22891,NULL,9863,Andrea Gonzalez,NULL,12/10/2013
19695,NULL,16296,Angel Gonzalez,NULL,10/07/2013
11894,NULL,7273,Ann Gonzalez,NULL,06/12/2013
28747,NULL,10929,Arthur Gonzalez,NULL,24/10/2013
18059,NULL,9849,Bailey Gonzalez,NULL,07/02/2014
28356,NULL,4196,Blake Gonzalez,NULL,17/02/2014
24569,NULL,16028,Bob Gonzalez,NULL,28/10/2013
27368,NULL,18871,Brandy Gonzalez,NULL,06/08/2013
25028,NULL,15386,Brenda Gonzalez,NULL,08/06/2014
24618,NULL,19526,Brett Gonzalez,NULL,13/11/2013
28457,NULL,10831,Bruce Gonzalez,NULL,02/06/2014
12826,NULL,16275,Caleb Gonzalez,NULL,18/04/2014
19327,NULL,15433,Candace Gonzalez,NULL,12/07/2013
18336,NULL,7566,Carla Gonzalez,NULL,21/05/2014
20471,NULL,16295,Carlos Gonzalez,NULL,04/05/2014
22407,NULL,9969,Carolyn Gonzalez,NULL,07/11/2013
17967,NULL,19645,Cassandra Gonzalez,NULL,30/05/2014
17716,NULL,3841,Cesar Gonzalez,NULL,16/10/2013
14739,NULL,4894,Charles Gonzalez,NULL,16/02/2014
18103,NULL,18960,Chelsea Gonzalez,NULL,12/05/2014
14461,NULL,10377,Chloe Gonzalez,NULL,13/12/2013
26822,NULL,7336,Cindy Gonzalez,NULL,26/04/2014
24505,NULL,4107,Clifford Gonzalez,NULL,12/12/2013
27376,NULL,9842,Courtney Gonzalez,NULL,15/04/2014
15787,NULL,19754,Cynthia Gonzalez,NULL,14/05/2014
20003,NULL,4506,Dalton Gonzalez,NULL,17/05/2014
24204,NULL,10192,Darren Gonzalez,NULL,25/03/2014
15204,NULL,9764,Deanna Gonzalez,NULL,17/03/2014
27886,NULL,16263,Denise Gonzalez,NULL,08/04/2014
18485,NULL,4973,Devin Gonzalez,NULL,29/07/2013
13693,NULL,8254,Dominic Gonzalez,NULL,07/05/2014
27976,NULL,7509,Dominique Gonzalez,NULL,16/02/2014
11079,NULL,20058,Donald Gonzalez,NULL,03/06/2014
20174,NULL,19441,Douglas Gonzalez,NULL,18/03/2014
11034,NULL,9657,Ebony Gonzalez,NULL,12/04/2014
15648,NULL,8162,Edgar Gonzalez,NULL,25/04/2014
27132,NULL,5057,Eduardo Gonzalez,NULL,24/01/2014
15968,NULL,3734,Edward Gonzalez,NULL,24/02/2014
19092,NULL,16292,Eric Gonzalez,NULL,18/04/2014
26399,NULL,3002,Erick Gonzalez,NULL,30/07/2013
27422,NULL,16302,Evan Gonzalez,NULL,07/03/2014
12859,NULL,3126,Evelyn Gonzalez,NULL,18/03/2014
26243,NULL,3892,Fernando Gonzalez,NULL,09/05/2014
12245,NULL,16717,Francisco Gonzalez,NULL,13/11/2013
17607,NULL,7891,Frederick Gonzalez,NULL,30/01/2014
14471,NULL,16264,Gabriel Gonzalez,NULL,11/12/2013
15872,NULL,9853,Gabriella Gonzalez,NULL,17/05/2014
17122,NULL,9825,Gabrielle Gonzalez,NULL,05/09/2013
11603,NULL,8306,Geoffrey Gonzalez,NULL,10/03/2014
11942,NULL,20219,George Gonzalez,NULL,21/05/2014
12844,NULL,10746,Gerald Gonzalez,NULL,25/08/2013
23587,NULL,10398,Hailey Gonzalez,NULL,29/04/2014
20706,NULL,9828,Haley Gonzalez,NULL,28/01/2014
13157,NULL,15281,Heidi Gonzalez,NULL,08/06/2014
26224,NULL,15986,Henry Gonzalez,NULL,04/08/2013
25201,NULL,16253,Hunter Gonzalez,NULL,23/03/2014
25346,NULL,4751,Ian Gonzalez,NULL,13/06/2014
17165,NULL,16307,Isaac Gonzalez,NULL,16/07/2013
26475,NULL,10384,Isabella Gonzalez,NULL,17/11/2013
15898,NULL,16298,Isaiah Gonzalez,NULL,07/04/2014
19625,NULL,8204,Ivan Gonzalez,NULL,09/09/2013
23254,NULL,16286,Jack Gonzalez,NULL,26/07/2013
14480,NULL,16293,Jackson Gonzalez,NULL,03/04/2014
18842,NULL,16247,James Gonzalez,NULL,10/10/2013
15262,NULL,9856,Jan Gonzalez,NULL,13/02/2014
16007,NULL,18548,Janelle Gonzalez,NULL,29/01/2014
11562,NULL,2943,Jarrod Gonzalez,NULL,26/11/2013
28030,NULL,16267,Jason Gonzalez,NULL,22/04/2014
14238,NULL,10294,Jay Gonzalez,NULL,22/03/2014
17690,NULL,9843,Jenna Gonzalez,NULL,02/02/2014
26337,NULL,10380,Jennifer Gonzalez,NULL,25/09/2013
17468,NULL,4037,Jeremiah Gonzalez,NULL,12/04/2014
28500,NULL,8036,Jermaine Gonzalez,NULL,13/12/2013
22750,NULL,16308,Jesse Gonzalez,NULL,20/03/2014
24092,NULL,15340,Jillian Gonzalez,NULL,03/04/2014
27007,NULL,11029,Joe Gonzalez,NULL,18/12/2013
15043,NULL,20098,Joel Gonzalez,NULL,03/02/2014
19367,NULL,15905,Johnathan Gonzalez,NULL,24/05/2014
13272,NULL,9844,Jordan Gonzalez,NULL,31/03/2014
15157,NULL,16285,Jordan Gonzalez,NULL,30/04/2014
22236,NULL,16256,Jose Gonzalez,NULL,29/05/2014
16413,NULL,10378,Julia Gonzalez,NULL,05/08/2013
21126,NULL,3246,Kaitlin Gonzalez,NULL,22/09/2013
13349,NULL,10381,Kaitlyn Gonzalez,NULL,16/07/2013
22228,NULL,9858,Katelyn Gonzalez,NULL,02/04/2014
22234,NULL,10389,Katherine Gonzalez,NULL,12/12/2013
21895,NULL,9860,Kaylee Gonzalez,NULL,27/03/2014
27668,NULL,16262,Kevin Gonzalez,NULL,13/04/2014
13734,NULL,10717,Kristi Gonzalez,NULL,06/05/2014
19264,NULL,16120,Kristopher Gonzalez,NULL,28/06/2013
26601,NULL,16261,Kyle Gonzalez,NULL,01/11/2013
28635,NULL,7941,Levi Gonzalez,NULL,17/10/2011
17483,NULL,16249,Logan Gonzalez,NULL,22/11/2013
17480,NULL,4269,Lucas Gonzalez,NULL,17/11/2013
20384,NULL,16268,Luis Gonzalez,NULL,25/10/2013
16442,NULL,16283,Luke Gonzalez,NULL,26/12/2013
29352,NULL,3457,Lydia Gonzalez,NULL,08/01/2012
23110,NULL,9850,Mackenzie Gonzalez,NULL,26/10/2013
18922,NULL,9832,Madeline Gonzalez,NULL,30/04/2014
27598,NULL,3894,Marco Gonzalez,NULL,01/02/2014
27754,NULL,4662,Marcus Gonzalez,NULL,22/01/2014
20351,NULL,9824,Maria Gonzalez,NULL,20/02/2014
15525,NULL,10075,Marie Gonzalez,NULL,11/05/2014
22832,NULL,16761,Martin Gonzalez,NULL,13/08/2013
14043,NULL,9838,Mary Gonzalez,NULL,05/08/2013
26358,NULL,16303,Mason Gonzalez,NULL,15/10/2013
27119,NULL,3415,Mayra Gonzalez,NULL,05/02/2014
22171,NULL,10617,Meredith Gonzalez,NULL,15/10/2013
18491,NULL,8984,Michele Gonzalez,NULL,29/08/2013
18385,NULL,4121,Miguel Gonzalez,NULL,16/06/2014
16370,NULL,16164,Molly Gonzalez,NULL,29/06/2014
28421,NULL,19564,Monica Gonzalez,NULL,12/11/2013
13065,NULL,10382,Morgan Gonzalez,NULL,07/11/2013
19922,NULL,15481,Nancy Gonzalez,NULL,06/04/2014
25215,NULL,10385,Natalie Gonzalez,NULL,05/12/2013
26843,NULL,16254,Noah Gonzalez,NULL,16/03/2014
22702,NULL,19682,Patricia Gonzalez,NULL,15/04/2014
21780,NULL,11672,Pedro Gonzalez,NULL,06/09/2013
18207,NULL,20178,Phillip Gonzalez,NULL,24/06/2013
14156,NULL,4001,Preston Gonzalez,NULL,16/04/2014
23636,NULL,15520,Rachael Gonzalez,NULL,25/07/2013
28755,NULL,19483,Raymond Gonzalez,NULL,11/11/2013
22763,NULL,9830,Rebecca Gonzalez,NULL,11/03/2014
16927,NULL,9872,Rebekah Gonzalez,NULL,30/06/2014
27116,NULL,7677,Regina Gonzalez,NULL,27/03/2014
19159,NULL,4580,Richard Gonzalez,NULL,15/06/2013
24289,NULL,16255,Robert Gonzalez,NULL,04/09/2013
21505,NULL,20144,Ronald Gonzalez,NULL,02/05/2014
13040,NULL,11135,Roy Gonzalez,NULL,19/06/2014
22468,NULL,11226,Ruben Gonzalez,NULL,18/04/2014
12693,NULL,3297,Ruth Gonzalez,NULL,25/03/2014
28143,NULL,16250,Samuel Gonzalez,NULL,18/08/2013
20788,NULL,9855,Sara Gonzalez,NULL,15/06/2014
15644,NULL,9859,Savannah Gonzalez,NULL,06/04/2014
28271,NULL,16311,Sean Gonzalez,NULL,07/09/2011
26357,NULL,7843,Sergio Gonzalez,NULL,28/09/2013
20362,NULL,4354,Seth Gonzalez,NULL,13/04/2014
14125,NULL,19398,Shane Gonzalez,NULL,16/07/2013
21301,NULL,9848,Sierra Gonzalez,NULL,21/06/2014
18112,NULL,9833,Sophia Gonzalez,NULL,10/11/2013
16305,NULL,4058,Stanley Gonzalez,NULL,16/05/2014
28709,NULL,7390,Stefanie Gonzalez,NULL,03/08/2013
15349,NULL,10396,Stephanie Gonzalez,NULL,04/01/2014
20266,NULL,3060,Summer Gonzalez,NULL,20/09/2013
18915,NULL,10387,Sydney Gonzalez,NULL,02/01/2014
26136,NULL,10401,Tabitha Gonzalez,NULL,10/01/2014
25657,NULL,7449,Tammy Gonzalez,NULL,21/09/2013
21833,NULL,8096,Terrance Gonzalez,NULL,11/05/2014
18964,NULL,16257,Thomas Gonzalez,NULL,20/09/2013
11790,NULL,16313,Timothy Gonzalez,NULL,22/10/2013
19653,NULL,16220,Tina Gonzalez,NULL,05/11/2013
26575,NULL,3366,Toni Gonzalez,NULL,16/11/2013
28517,NULL,15825,Troy Gonzalez,NULL,30/05/2014
23311,NULL,19000,Veronica Gonzalez,NULL,04/07/2013
11929,NULL,7623,Virginia Gonzalez,NULL,19/05/2014
22607,NULL,18919,Whitney Gonzalez,NULL,13/11/2013
17859,NULL,3809,Wyatt Gonzalez,NULL,14/02/2014
13033,NULL,4432,Xavier Gonzalez,NULL,19/06/2014
16478,NULL,14506,Adrian Gray,NULL,14/03/2014
28056,NULL,14469,Alex Gray,NULL,29/04/2014
28246,NULL,8246,Alexa Gray,NULL,25/05/2014
25929,NULL,2786,Alexandra Gray,NULL,10/09/2013
25363,NULL,8271,Alexandria Gray,NULL,10/07/2012
20571,NULL,8236,Allison Gray,NULL,08/03/2014
20193,NULL,20147,Alyssa Gray,NULL,10/11/2013
12116,NULL,3014,Amanda Gray,NULL,22/08/2013
24299,NULL,8238,Andrea Gray,NULL,14/08/2013
25462,NULL,14465,Angel Gray,NULL,09/12/2013
15744,NULL,8274,Angela Gray,NULL,16/01/2014
23069,NULL,3642,Anna Gray,NULL,17/07/2013
11425,NULL,8250,Ariana Gray,NULL,23/05/2014
14914,NULL,8275,Arianna Gray,NULL,26/03/2014
22392,NULL,8226,Bailey Gray,NULL,05/11/2013
26729,NULL,14488,Brian Gray,NULL,22/02/2014
24960,NULL,19220,Brianna Gray,NULL,20/08/2013
26756,NULL,8259,Brooke Gray,NULL,22/02/2014
20650,NULL,14501,Bryan Gray,NULL,05/01/2014
11781,NULL,14463,Carlos Gray,NULL,11/05/2014
21364,NULL,14508,Charles Gray,NULL,28/06/2014
15688,NULL,14491,Chase Gray,NULL,20/11/2013
23469,NULL,8248,Christina Gray,NULL,17/09/2013
13198,NULL,20263,Cindy Gray,NULL,28/02/2014
14459,NULL,14507,Cody Gray,NULL,14/02/2014
27658,NULL,14497,Cole Gray,NULL,03/09/2013
11627,NULL,14524,Dalton Gray,NULL,11/04/2014
26119,NULL,8239,Danielle Gray,NULL,17/05/2014
19633,NULL,20041,Destiny Gray,NULL,15/11/2013
16584,NULL,14511,Devin Gray,NULL,13/12/2013
18364,NULL,14512,Eduardo Gray,NULL,10/08/2013
23374,NULL,19517,Emma Gray,NULL,14/03/2014
16505,NULL,8266,Erin Gray,NULL,13/05/2014
25172,NULL,14471,Evan Gray,NULL,19/11/2013
22914,NULL,8279,Faith Gray,NULL,04/09/2013
22276,NULL,8229,Gabriella Gray,NULL,05/07/2013
15560,NULL,3318,Gabrielle Gray,NULL,11/10/2013
20169,NULL,14503,Garrett Gray,NULL,27/06/2014
21078,NULL,19620,Grace Gray,NULL,29/03/2014
21711,NULL,3169,Hailey Gray,NULL,07/04/2014
15842,NULL,3399,Haley Gray,NULL,14/02/2014
11193,NULL,14519,Ian Gray,NULL,18/01/2014
12373,NULL,14474,Isaac Gray,NULL,17/01/2014
16820,NULL,2414,Isabella Gray,NULL,11/05/2014
20397,NULL,14468,Isaiah Gray,NULL,18/03/2014
18853,NULL,8276,Jacqueline Gray,NULL,26/09/2013
27030,NULL,8231,Jan Gray,NULL,23/11/2013
26449,NULL,14498,Jared Gray,NULL,27/08/2013
19904,NULL,19823,Jasmine Gray,NULL,11/03/2014
23331,NULL,14526,Jeremiah Gray,NULL,30/10/2013
14626,NULL,14478,Jesse Gray,NULL,25/05/2014
19479,NULL,3492,Jessica Gray,NULL,02/08/2013
11809,NULL,14495,Juan Gray,NULL,10/11/2013
14089,NULL,20588,Kaitlyn Gray,NULL,17/09/2013
15289,NULL,8232,Katelyn Gray,NULL,01/04/2014
22166,NULL,2938,Katherine Gray,NULL,12/11/2013
15551,NULL,8235,Kaylee Gray,NULL,03/06/2013
28100,NULL,8261,Kimberly Gray,NULL,12/01/2014
20018,NULL,3716,Lauren Gray,NULL,15/11/2013
21474,NULL,14520,Lucas Gray,NULL,27/07/2013
17680,NULL,8228,Mackenzie Gray,NULL,17/06/2014
17127,NULL,8262,Makayla Gray,NULL,22/10/2013
18389,NULL,14516,Marcus Gray,NULL,12/03/2014
22278,NULL,8268,Mariah Gray,NULL,16/08/2013
22089,NULL,14472,Mason Gray,NULL,08/09/2013
13178,NULL,19110,Megan Gray,NULL,16/09/2013
20355,NULL,8270,Melanie Gray,NULL,04/03/2014
18995,NULL,8280,Melissa Gray,NULL,26/03/2014
26600,NULL,8255,Michelle Gray,NULL,23/11/2013
28307,NULL,20694,Morgan Gray,NULL,05/10/2013
14165,NULL,2710,Natalie Gray,NULL,10/03/2014
17697,NULL,14489,Nathaniel Gray,NULL,25/06/2014
19018,NULL,19928,Nicole Gray,NULL,04/12/2013
28439,NULL,19325,Olivia Gray,NULL,18/06/2014
16960,NULL,8278,Paige Gray,NULL,03/03/2014
13055,NULL,14485,Patrick Gray,NULL,06/02/2014
15415,NULL,19721,Rachel Gray,NULL,26/01/2014
22211,NULL,14514,Richard Gray,NULL,15/10/2013
14351,NULL,8281,Riley Gray,NULL,20/08/2013
29247,NULL,8230,Sara Gray,NULL,18/07/2013
13694,NULL,8233,Savannah Gray,NULL,02/03/2014
16722,NULL,14479,Sean Gray,NULL,30/04/2014
13878,NULL,14496,Sebastian Gray,NULL,17/05/2014
20087,NULL,14522,Seth Gray,NULL,06/06/2014
29145,NULL,8263,Shelby Gray,NULL,19/12/2011
17064,NULL,3090,Stephanie Gray,NULL,11/10/2013
14294,NULL,14505,Steven Gray,NULL,25/09/2013
11735,NULL,2858,Sydney Gray,NULL,24/05/2014
20536,NULL,3567,Taylor Gray,NULL,22/03/2014
23210,NULL,14484,Timothy Gray,NULL,24/03/2014
21585,NULL,8264,Trinity Gray,NULL,28/03/2014
15365,NULL,19412,Victoria Gray,NULL,15/01/2014
28643,NULL,14523,Xavier Gray,NULL,19/10/2011
23482,NULL,8244,Zoe Gray,NULL,28/04/2014
24953,NULL,16746,Aaron Green,NULL,13/11/2013
13069,NULL,16774,Adam Green,NULL,06/09/2013
20317,NULL,16805,Alex Green,NULL,28/08/2013
28269,NULL,10205,Alexandra Green,NULL,10/08/2013
16111,NULL,10246,Allison Green,NULL,07/03/2014
21808,NULL,10209,Amanda Green,NULL,03/04/2014
14651,NULL,10223,Amber Green,NULL,14/01/2014
21326,NULL,10249,Andrea Green,NULL,17/11/2013
21685,NULL,10230,Bailey Green,NULL,28/04/2014
11719,NULL,4193,Blake Green,NULL,20/02/2014
23036,NULL,16751,Caleb Green,NULL,16/01/2014
18387,NULL,16789,Carlos Green,NULL,03/09/2013
19831,NULL,4890,Charles Green,NULL,11/02/2014
14658,NULL,10194,Chloe Green,NULL,07/04/2014
20689,NULL,16569,Connor Green,NULL,01/11/2013
14367,NULL,10224,Courtney Green,NULL,09/11/2013
18343,NULL,4501,Dalton Green,NULL,16/01/2014
26440,NULL,4969,Devin Green,NULL,22/04/2014
26081,NULL,3729,Edward Green,NULL,12/08/2013
27380,NULL,16778,Eric Green,NULL,25/10/2013
15322,NULL,16809,Evan Green,NULL,19/01/2014
17258,NULL,3888,Fernando Green,NULL,03/03/2014
11955,NULL,16735,Gabriel Green,NULL,28/11/2013
28035,NULL,10234,Gabriella Green,NULL,29/09/2013
21815,NULL,10214,Gabrielle Green,NULL,05/09/2013
20542,NULL,10212,Hailey Green,NULL,15/01/2014
19879,NULL,4746,Ian Green,NULL,04/08/2013
22783,NULL,16812,Isaac Green,NULL,09/02/2014
26620,NULL,10202,Isabella Green,NULL,29/06/2011
23337,NULL,16799,Isaiah Green,NULL,28/02/2014
12137,NULL,16771,Jack Green,NULL,11/10/2013
17475,NULL,16782,Jackson Green,NULL,25/04/2014
18673,NULL,16567,James Green,NULL,10/12/2013
26710,NULL,10238,Jan Green,NULL,16/12/2012
27850,NULL,16739,Jason Green,NULL,27/08/2013
11527,NULL,10226,Jenna Green,NULL,03/04/2014
12571,NULL,10197,Jennifer Green,NULL,04/01/2014
28253,NULL,4033,Jeremiah Green,NULL,02/12/2013
23051,NULL,16817,Jesse Green,NULL,18/08/2013
17332,NULL,16575,Jonathan Green,NULL,14/05/2014
27915,NULL,10227,Jordan Green,NULL,17/03/2014
21578,NULL,16727,Jordan Green,NULL,26/01/2014
27320,NULL,16688,Jose Green,NULL,19/04/2014
18874,NULL,10195,Julia Green,NULL,03/01/2014
16650,NULL,10198,Kaitlyn Green,NULL,08/04/2014
19295,NULL,10241,Katelyn Green,NULL,09/05/2014
15949,NULL,10208,Katherine Green,NULL,29/01/2014
26185,NULL,10245,Kaylee Green,NULL,02/11/2013
24358,NULL,16716,Kevin Green,NULL,24/10/2013
28328,NULL,16713,Kyle Green,NULL,04/05/2014
23319,NULL,16744,Luis Green,NULL,14/03/2014
28392,NULL,16671,Luke Green,NULL,07/07/2013
28073,NULL,10233,Mackenzie Green,NULL,24/10/2013
16240,NULL,10217,Madeline Green,NULL,04/06/2014
15974,NULL,4656,Marcus Green,NULL,22/04/2014
14750,NULL,10220,Mary Green,NULL,22/02/2014
27548,NULL,16810,Mason Green,NULL,25/05/2014
29274,NULL,4117,Miguel Green,NULL,05/03/2014
28469,NULL,10199,Morgan Green,NULL,28/03/2014
20435,NULL,10203,Natalie Green,NULL,16/12/2013
17487,NULL,16593,Nathan Green,NULL,24/01/2014
23213,NULL,16659,Noah Green,NULL,24/03/2014
15834,NULL,10216,Rebecca Green,NULL,08/08/2013
11805,NULL,4575,Richard Green,NULL,07/04/2014
18771,NULL,16685,Robert Green,NULL,24/03/2014
14096,NULL,16644,Samuel Green,NULL,22/06/2014
21657,NULL,10236,Sara Green,NULL,22/09/2013
29253,NULL,10244,Savannah Green,NULL,16/11/2013
23875,NULL,16821,Sean Green,NULL,26/04/2014
14354,NULL,4349,Seth Green,NULL,01/04/2014
24222,NULL,10228,Sierra Green,NULL,05/03/2014
24977,NULL,10218,Sophia Green,NULL,12/06/2012
24113,NULL,10211,Stephanie Green,NULL,15/08/2013
23522,NULL,10207,Sydney Green,NULL,11/09/2013
18856,NULL,16698,Thomas Green,NULL,25/05/2014
21523,NULL,16827,Timothy Green,NULL,30/06/2014
18606,NULL,3804,Wyatt Green,NULL,13/04/2014
23567,NULL,4427,Xavier Green,NULL,13/11/2013
23791,NULL,5512,Aaron Griffin,NULL,30/11/2013
19256,NULL,3986,Abigail Griffin,NULL,18/04/2014
18669,NULL,5255,Adam Griffin,NULL,08/01/2014
23717,NULL,12933,Aidan Griffin,NULL,26/10/2013
16245,NULL,2827,Alexandra Griffin,NULL,25/06/2014
26464,NULL,7639,Alexandria Griffin,NULL,30/03/2014
18027,NULL,7123,Alexia Griffin,NULL,07/03/2014
25376,NULL,12782,Alexis Griffin,NULL,09/05/2014
15379,NULL,3061,Amanda Griffin,NULL,13/01/2014
11960,NULL,7462,Ana Griffin,NULL,28/12/2013
11133,NULL,7681,Angela Griffin,NULL,01/06/2014
29056,NULL,7166,Angelica Griffin,NULL,10/11/2011
11234,NULL,3686,Anna Griffin,NULL,19/02/2014
16060,NULL,13227,Antonio Griffin,NULL,25/06/2014
24865,NULL,12603,Ashley Griffin,NULL,25/12/2013
12095,NULL,6269,Austin Griffin,NULL,03/01/2014
13454,NULL,6730,Benjamin Griffin,NULL,14/11/2013
18699,NULL,13621,Blake Griffin,NULL,03/07/2013
16487,NULL,19280,Brianna Griffin,NULL,17/12/2013
20097,NULL,7213,Brittany Griffin,NULL,03/10/2013
13169,NULL,5565,Caleb Griffin,NULL,17/03/2014
12075,NULL,6318,Cameron Griffin,NULL,25/12/2013
17726,NULL,6803,Caroline Griffin,NULL,03/11/2013
21241,NULL,13271,Carson Griffin,NULL,10/10/2013
26496,NULL,6846,Cassidy Griffin,NULL,26/10/2012
13438,NULL,20328,Chloe Griffin,NULL,11/11/2013
23073,NULL,6218,Christian Griffin,NULL,16/01/2014
12775,NULL,5613,Connor Griffin,NULL,08/11/2013
13283,NULL,12976,Dakota Griffin,NULL,16/10/2013
21608,NULL,6678,David Griffin,NULL,25/07/2013
19158,NULL,20101,Destiny Griffin,NULL,14/05/2014
26042,NULL,13721,Devin Griffin,NULL,29/12/2013
19153,NULL,6981,Dylan Griffin,NULL,02/11/2013
26342,NULL,13762,Eduardo Griffin,NULL,04/01/2014
13430,NULL,13661,Edward Griffin,NULL,22/08/2013
24444,NULL,5913,Elijah Griffin,NULL,06/11/2013
22137,NULL,12694,Elizabeth Griffin,NULL,07/05/2014
19657,NULL,13015,Emily Griffin,NULL,22/11/2013
28588,NULL,19580,Emma Griffin,NULL,13/09/2011
14881,NULL,5307,Eric Griffin,NULL,25/03/2014
23171,NULL,6516,Ethan Griffin,NULL,07/10/2013
27407,NULL,7842,Faith Griffin,NULL,21/03/2014
23027,NULL,13132,Fernando Griffin,NULL,10/01/2014
25744,NULL,5867,Gabriel Griffin,NULL,27/12/2013
18414,NULL,3364,Gabrielle Griffin,NULL,09/03/2014
13436,NULL,12212,Gail Griffin,NULL,04/11/2013
26196,NULL,13311,Gavin Griffin,NULL,22/01/2014
11443,NULL,19677,Grace Griffin,NULL,03/03/2014
15277,NULL,3214,Hailey Griffin,NULL,22/11/2013
18925,NULL,3447,Haley Griffin,NULL,20/02/2014
20514,NULL,13063,Hannah Griffin,NULL,25/02/2014
11286,NULL,6067,Hunter Griffin,NULL,22/06/2013
16968,NULL,13901,Ian Griffin,NULL,20/04/2014
16064,NULL,2667,Isabella Griffin,NULL,28/01/2014
24986,NULL,7531,Isabelle Griffin,NULL,04/04/2014
17686,NULL,5208,Jack Griffin,NULL,27/06/2014
18681,NULL,7764,Jacqueline Griffin,NULL,24/08/2013
28189,NULL,6379,James Griffin,NULL,23/05/2014
22367,NULL,19876,Jasmine Griffin,NULL,26/09/2013
11200,NULL,5409,Jason Griffin,NULL,22/06/2014
14244,NULL,20541,Jennifer Griffin,NULL,22/05/2014
18158,NULL,13533,Jeremiah Griffin,NULL,05/05/2014
27224,NULL,3533,Jessica Griffin,NULL,02/09/2013
23623,NULL,7257,Jocelyn Griffin,NULL,25/07/2013
16838,NULL,6424,Jonathan Griffin,NULL,02/03/2014
13095,NULL,5165,Jordan Griffin,NULL,24/05/2014
13757,NULL,6890,Jordyn Griffin,NULL,06/01/2014
11685,NULL,5663,Jose Griffin,NULL,15/05/2014
18550,NULL,20432,Julia Griffin,NULL,08/05/2014
11328,NULL,13353,Julian Griffin,NULL,07/09/2013
28129,NULL,6630,Justin Griffin,NULL,13/01/2012
19516,NULL,20644,Kaitlyn Griffin,NULL,24/08/2013
27543,NULL,2986,Katherine Griffin,NULL,15/04/2014
22091,NULL,12737,Kayla Griffin,NULL,25/09/2013
15422,NULL,7572,Kelly Griffin,NULL,09/05/2014
15486,NULL,5817,Kevin Griffin,NULL,21/11/2013
25199,NULL,5764,Kyle Griffin,NULL,13/08/2013
21789,NULL,19071,Lauren Griffin,NULL,07/10/2013
28625,NULL,6474,Logan Griffin,NULL,27/10/2011
28020,NULL,13939,Lucas Griffin,NULL,08/10/2013
17144,NULL,5461,Luis Griffin,NULL,27/10/2013
13867,NULL,5116,Luke Griffin,NULL,01/11/2013
25093,NULL,12510,Madison Griffin,NULL,15/06/2012
20756,NULL,13853,Marcus Griffin,NULL,25/04/2014
18407,NULL,3291,Maria Griffin,NULL,17/03/2014
25973,NULL,8106,Mariah Griffin,NULL,09/12/2013
25291,NULL,7087,Marissa Griffin,NULL,22/05/2014
22287,NULL,19179,Megan Griffin,NULL,21/07/2013
26517,NULL,7594,Melanie Griffin,NULL,21/08/2013
28780,NULL,7354,Melissa Griffin,NULL,13/11/2013
21464,NULL,13577,Miguel Griffin,NULL,23/04/2014
17477,NULL,7296,Miranda Griffin,NULL,15/11/2013
24983,NULL,20745,Morgan Griffin,NULL,01/04/2014
15280,NULL,7330,Mya Griffin,NULL,19/01/2014
25163,NULL,2757,Natalie Griffin,NULL,17/10/2013
16147,NULL,5967,Nathan Griffin,NULL,28/03/2014
14349,NULL,19993,Nicole Griffin,NULL,11/02/2014
29118,NULL,6116,Noah Griffin,NULL,05/01/2014
21208,NULL,19373,Olivia Griffin,NULL,28/09/2013
22556,NULL,12809,Oscar Griffin,NULL,13/12/2013
14095,NULL,7801,Paige Griffin,NULL,11/09/2013
18255,NULL,19788,Rachel Griffin,NULL,31/12/2013
27650,NULL,13805,Richard Griffin,NULL,21/02/2014
17534,NULL,6168,Robert Griffin,NULL,07/02/2014
15412,NULL,6574,Ryan Griffin,NULL,10/05/2014
25149,NULL,12550,Samantha Griffin,NULL,02/05/2014
12454,NULL,6018,Samuel Griffin,NULL,08/09/2013
17271,NULL,12649,Sarah Griffin,NULL,10/11/2013
17585,NULL,13990,Seth Griffin,NULL,06/05/2014
13784,NULL,13176,Spencer Griffin,NULL,25/05/2014
28261,NULL,3142,Stephanie Griffin,NULL,30/03/2014
23269,NULL,3608,Taylor Griffin,NULL,27/12/2013
19015,NULL,5717,Thomas Griffin,NULL,10/10/2013
29269,NULL,7426,Vanessa Griffin,NULL,07/03/2014
20737,NULL,19475,Victoria Griffin,NULL,23/06/2014
29150,NULL,13090,Wyatt Griffin,NULL,31/12/2011
22877,NULL,13437,Xavier Griffin,NULL,12/03/2014
16990,NULL,7039,Zachary Griffin,NULL,27/11/2013
17075,NULL,5825,Aimee Guo,NULL,22/01/2014
12265,NULL,17331,Alan Guo,NULL,06/01/2014
17799,NULL,12507,Alejandro Guo,NULL,31/10/2013
23571,NULL,11975,Alisha Guo,NULL,30/08/2013
28878,NULL,4692,Alvin Guo,NULL,23/03/2014
15301,NULL,20724,Amy Guo,NULL,24/07/2013
20941,NULL,10110,Arturo Guo,NULL,24/07/2013
14213,NULL,5943,Autumn Guo,NULL,13/04/2014
12110,NULL,4805,Bianca Guo,NULL,27/12/2013
25945,NULL,18020,Brent Guo,NULL,04/04/2014
22456,NULL,17568,Brittney Guo,NULL,19/03/2014
23228,NULL,16765,Candice Guo,NULL,31/08/2013
15721,NULL,4862,Cara Guo,NULL,08/03/2014
27487,NULL,3562,Cedric Guo,NULL,17/05/2014
23639,NULL,11368,Christy Guo,NULL,29/07/2013
20265,NULL,6874,Clarence Guo,NULL,13/08/2013
20796,NULL,5885,Claudia Guo,NULL,14/11/2013
22302,NULL,12611,Clayton Guo,NULL,10/12/2013
17535,NULL,12285,Colleen Guo,NULL,08/04/2014
19379,NULL,20773,Crystal Guo,NULL,19/03/2014
16673,NULL,18269,Curtis Guo,NULL,29/11/2013
19319,NULL,5649,Darryl Guo,NULL,24/05/2014
25603,NULL,12189,Dawn Guo,NULL,19/05/2014
13735,NULL,17919,Dennis Guo,NULL,30/05/2014
18742,NULL,9488,Don Guo,NULL,13/06/2014
14168,NULL,13166,Edwin Guo,NULL,27/06/2014
25717,NULL,6485,Ernest Guo,NULL,04/04/2014
15700,NULL,5485,Eugene Guo,NULL,03/12/2013
17191,NULL,9022,Gilbert Guo,NULL,13/01/2014
18712,NULL,5713,Glenn Guo,NULL,28/01/2014
13119,NULL,12945,Jaclyn Guo,NULL,26/04/2014
19969,NULL,5425,Jake Guo,NULL,06/11/2013
20151,NULL,2462,Jamie Guo,NULL,28/07/2013
20926,NULL,18065,Jeffery Guo,NULL,19/05/2014
26776,NULL,11464,Jenny Guo,NULL,22/10/2013
12793,NULL,5539,Jessie Guo,NULL,22/07/2013
22927,NULL,13562,Jon Guo,NULL,20/05/2014
26590,NULL,18320,Jorge Guo,NULL,19/03/2014
24570,NULL,17420,Karen Guo,NULL,26/04/2014
17705,NULL,19289,Kelvin Guo,NULL,28/03/2014
12033,NULL,2515,Kristen Guo,NULL,13/12/2013
17381,NULL,17381,Krystal Guo,NULL,22/06/2014
16744,NULL,12392,Lacey Guo,NULL,08/08/2013
13488,NULL,2406,Laura Guo,NULL,12/11/2013
19562,NULL,17472,Leah Guo,NULL,18/10/2013
17314,NULL,2433,Lisa Guo,NULL,15/05/2014
15764,NULL,13053,Louis Guo,NULL,11/04/2014
17018,NULL,5775,Mandy Guo,NULL,09/10/2013
23431,NULL,17729,Margaret Guo,NULL,30/11/2013
24749,NULL,11134,Marshall Guo,NULL,24/02/2014
28536,NULL,4928,Martha Guo,NULL,26/07/2013
24163,NULL,5368,Micah Guo,NULL,07/01/2014
24037,NULL,6432,Ramon Guo,NULL,29/05/2014
22956,NULL,18176,Randy Guo,NULL,22/03/2014
13539,NULL,13260,Roger Guo,NULL,31/03/2014
24474,NULL,4979,Rosa Guo,NULL,02/05/2014
23664,NULL,17675,Sandra Guo,NULL,26/03/2014
27552,NULL,2543,Shannon Guo,NULL,09/05/2013
24207,NULL,17623,Stacey Guo,NULL,17/05/2014
13774,NULL,6534,Steve Guo,NULL,07/06/2013
26543,NULL,17776,Susan Guo,NULL,18/07/2013
25507,NULL,5038,Suzanne Guo,NULL,05/09/2013
26821,NULL,11873,Tamara Guo,NULL,05/11/2013
25927,NULL,2678,Tiffany Guo,NULL,17/04/2014
12732,NULL,18226,Todd Guo,NULL,22/01/2014
18253,NULL,4754,Trisha Guo,NULL,14/01/2014
21676,NULL,17518,Valerie Guo,NULL,30/05/2014
18235,NULL,17970,Vincent Guo,NULL,31/01/2014
16470,NULL,18117,Wesley Guo,NULL,11/10/2013
13506,NULL,13364,Willie Guo,NULL,05/03/2014
18906,NULL,7112,Adrienne Gutierrez,NULL,31/05/2013
15461,NULL,6628,Alberto Gutierrez,NULL,24/02/2014
24724,NULL,2807,Alfredo Gutierrez,NULL,01/03/2014
12798,NULL,2742,Andy Gutierrez,NULL,08/08/2013
23642,NULL,14372,Anne Gutierrez,NULL,20/06/2014
29310,NULL,6956,Armando Gutierrez,NULL,17/10/2013
12504,NULL,10965,Arthur Gutierrez,NULL,25/09/2013
17829,NULL,6025,Audrey Gutierrez,NULL,20/02/2014
11395,NULL,6089,Beth Gutierrez,NULL,23/07/2013
28559,NULL,15753,Billy Gutierrez,NULL,10/08/2012
17774,NULL,18483,Brandi Gutierrez,NULL,18/06/2014
24442,NULL,13590,Briana Gutierrez,NULL,25/01/2014
26861,NULL,10868,Bruce Gutierrez,NULL,07/07/2013
13494,NULL,19689,Byron Gutierrez,NULL,18/10/2013
20131,NULL,10010,Carolyn Gutierrez,NULL,28/05/2014
28139,NULL,17868,Carrie Gutierrez,NULL,01/02/2014
12519,NULL,19158,Casey Gutierrez,NULL,14/06/2014
25213,NULL,6190,Cheryl Gutierrez,NULL,04/12/2013
21001,NULL,14625,Clinton Gutierrez,NULL,30/09/2013
19049,NULL,19068,Craig Gutierrez,NULL,03/04/2014
21541,NULL,6040,Daisy Gutierrez,NULL,06/02/2014
20254,NULL,17821,Dana Gutierrez,NULL,16/02/2014
16052,NULL,14761,Danny Gutierrez,NULL,27/05/2014
25714,NULL,10231,Darren Gutierrez,NULL,29/04/2014
11346,NULL,9801,Deanna Gutierrez,NULL,14/07/2013
15216,NULL,13855,Desiree Gutierrez,NULL,07/09/2013
19676,NULL,18658,Diana Gutierrez,NULL,20/10/2013
19487,NULL,20513,Dwayne Gutierrez,NULL,04/02/2014
25975,NULL,9692,Ebony Gutierrez,NULL,16/12/2013
28370,NULL,6689,Eddie Gutierrez,NULL,09/03/2014
19670,NULL,19284,Erik Gutierrez,NULL,13/08/2013
17227,NULL,18702,Erika Gutierrez,NULL,09/11/2013
17817,NULL,14282,Felicia Gutierrez,NULL,23/04/2014
25245,NULL,2484,Francis Gutierrez,NULL,15/01/2014
22846,NULL,18342,Frank Gutierrez,NULL,02/07/2013
12701,NULL,19031,Gary Gutierrez,NULL,02/03/2014
25542,NULL,10773,Gerald Gutierrez,NULL,24/04/2014
21092,NULL,15057,Gina Gutierrez,NULL,16/07/2013
17540,NULL,16470,Gloria Gutierrez,NULL,09/07/2013
26423,NULL,14720,Hector Gutierrez,NULL,11/04/2014
12384,NULL,6359,Jacquelyn Gutierrez,NULL,10/09/2013
25227,NULL,12538,Jaime Gutierrez,NULL,10/03/2014
11457,NULL,7065,Jaime Gutierrez,NULL,01/11/2013
24129,NULL,14660,Jamie Gutierrez,NULL,29/12/2013
18231,NULL,6248,Janet Gutierrez,NULL,29/04/2014
28687,NULL,13635,Javier Gutierrez,NULL,09/12/2013
13155,NULL,10335,Jay Gutierrez,NULL,28/05/2014
12783,NULL,7704,Jerome Gutierrez,NULL,29/12/2013
28893,NULL,5566,Jessie Gutierrez,NULL,05/10/2013
16437,NULL,18386,Jésus Gutierrez,NULL,12/11/2013
26024,NULL,15096,Jill Gutierrez,NULL,08/03/2014
11494,NULL,15646,Jimmy Gutierrez,NULL,02/03/2014
15894,NULL,13982,Joanna Gutierrez,NULL,05/09/2013
26227,NULL,11058,Joe Gutierrez,NULL,30/03/2014
16529,NULL,14487,Jonathon Gutierrez,NULL,18/11/2013
18466,NULL,14102,Joy Gutierrez,NULL,11/06/2014
22525,NULL,7006,Julio Gutierrez,NULL,19/09/2013
15756,NULL,10547,Kari Gutierrez,NULL,08/04/2014
17786,NULL,18573,Kathleen Gutierrez,NULL,14/10/2013
17966,NULL,16019,Kellie Gutierrez,NULL,28/04/2014
12565,NULL,15154,Kendra Gutierrez,NULL,07/03/2014
15071,NULL,14226,Krista Gutierrez,NULL,19/02/2014
22638,NULL,9592,Kristi Gutierrez,NULL,12/11/2013
25133,NULL,6311,Kristine Gutierrez,NULL,30/12/2013
24138,NULL,14331,Kristy Gutierrez,NULL,24/03/2014
13597,NULL,14859,Lance Gutierrez,NULL,19/01/2014
25926,NULL,18435,Larry Gutierrez,NULL,19/04/2014
15022,NULL,6142,Latasha Gutierrez,NULL,06/02/2014
19564,NULL,14451,Lawrence Gutierrez,NULL,26/10/2013
14144,NULL,14411,Lee Gutierrez,NULL,27/03/2014
25758,NULL,18527,Leslie Gutierrez,NULL,11/12/2013
28575,NULL,13816,Linda Gutierrez,NULL,08/02/2014
24065,NULL,14116,Lori Gutierrez,NULL,21/01/2014
21827,NULL,7167,Mallory Gutierrez,NULL,21/05/2014
29431,NULL,10112,Marie Gutierrez,NULL,07/08/2013
25938,NULL,6905,Marvin Gutierrez,NULL,04/04/2014
23901,NULL,2693,Max Gutierrez,NULL,03/03/2014
26021,NULL,18799,Meghan Gutierrez,NULL,22/03/2014
29412,NULL,14068,Melinda Gutierrez,NULL,22/08/2013
11111,NULL,10647,Meredith Gutierrez,NULL,22/01/2014
27299,NULL,14580,Micheal Gutierrez,NULL,29/09/2013
16271,NULL,9017,Michele Gutierrez,NULL,17/05/2014
20166,NULL,13773,Monique Gutierrez,NULL,05/09/2013
27280,NULL,17406,Naomi Gutierrez,NULL,02/03/2014
17048,NULL,18753,Natasha Gutierrez,NULL,20/10/2013
21489,NULL,6856,Neil Gutierrez,NULL,08/02/2014
25920,NULL,18844,Orlando Gutierrez,NULL,02/01/2014
19422,NULL,15076,Paula Gutierrez,NULL,26/06/2013
15224,NULL,11706,Pedro Gutierrez,NULL,27/04/2014
21979,NULL,19199,Philip Gutierrez,NULL,08/03/2014
21506,NULL,14971,Randall Gutierrez,NULL,20/05/2014
28697,NULL,6500,Raquel Gutierrez,NULL,28/01/2014
16450,NULL,9904,Rebekah Gutierrez,NULL,14/03/2014
17896,NULL,15012,Renee Gutierrez,NULL,03/12/2013
19773,NULL,15594,Ricky Gutierrez,NULL,20/10/2013
11355,NULL,14813,Roberto Gutierrez,NULL,26/02/2014
21104,NULL,13730,Robin Gutierrez,NULL,17/10/2013
20628,NULL,13684,Rodney Gutierrez,NULL,05/01/2014
12406,NULL,11812,Ross Gutierrez,NULL,18/05/2014
20835,NULL,11267,Ruben Gutierrez,NULL,18/01/2014
17101,NULL,20103,Shannon Gutierrez,NULL,04/03/2014
18405,NULL,14601,Sheila Gutierrez,NULL,22/12/2013
21853,NULL,18615,Stacy Gutierrez,NULL,31/01/2014
21884,NULL,10442,Tabitha Gutierrez,NULL,08/03/2014
17714,NULL,14029,Tanya Gutierrez,NULL,05/10/2013
15083,NULL,15206,Teresa Gutierrez,NULL,01/05/2014
25409,NULL,6738,Theodore Gutierrez,NULL,18/11/2013
13531,NULL,6804,Tyrone Gutierrez,NULL,05/02/2014
27357,NULL,19241,Victor Gutierrez,NULL,16/02/2014
25141,NULL,13595,Walter Gutierrez,NULL,10/10/2013
12610,NULL,13945,Wendy Gutierrez,NULL,16/02/2014
27246,NULL,17423,Aaron Hall,NULL,14/10/2013
13681,NULL,17504,Adam Hall,NULL,03/03/2014
15869,NULL,10741,Alexandra Hall,NULL,05/08/2013
16830,NULL,10858,Alexandra Hall,NULL,23/01/2014
22890,NULL,12030,Alexis Hall,NULL,11/04/2014
25430,NULL,11563,Alyssa Hall,NULL,28/11/2013
26656,NULL,10862,Amanda Hall,NULL,23/06/2013
20106,NULL,10877,Amber Hall,NULL,09/11/2013
17019,NULL,10901,Andrea Hall,NULL,02/05/2014
26807,NULL,17513,Angel Hall,NULL,08/07/2013
23850,NULL,11616,Anna Hall,NULL,14/04/2014
26047,NULL,12454,Ashley Hall,NULL,20/10/2013
19528,NULL,10884,Bailey Hall,NULL,09/01/2014
24622,NULL,4182,Blake Hall,NULL,23/10/2013
16069,NULL,11744,Brianna Hall,NULL,12/02/2014
27830,NULL,17439,Caleb Hall,NULL,10/04/2014
21425,NULL,17512,Carlos Hall,NULL,07/12/2013
23476,NULL,4880,Charles Hall,NULL,29/12/2013
18551,NULL,10850,Chloe Hall,NULL,01/03/2014
22129,NULL,11027,Chloe Hall,NULL,13/10/2013
19538,NULL,17442,Connor Hall,NULL,08/08/2013
24780,NULL,10878,Courtney Hall,NULL,07/08/2013
20544,NULL,4488,Dalton Hall,NULL,06/12/2013
25615,NULL,11520,Destiny Hall,NULL,19/07/2013
27204,NULL,4954,Devin Hall,NULL,27/12/2013
16847,NULL,5041,Eduardo Hall,NULL,24/04/2014
19215,NULL,4265,Edward Hall,NULL,28/03/2014
17266,NULL,17493,Elijah Hall,NULL,18/02/2014
13474,NULL,11939,Elizabeth Hall,NULL,23/03/2014
14526,NULL,12263,Emily Hall,NULL,15/11/2013
29013,NULL,11895,Emma Hall,NULL,23/07/2012
27155,NULL,17506,Eric Hall,NULL,15/08/2013
18877,NULL,17523,Evan Hall,NULL,08/10/2013
22100,NULL,3875,Fernando Hall,NULL,08/01/2014
19700,NULL,17492,Gabriel Hall,NULL,30/01/2014
22036,NULL,10886,Gabriella Hall,NULL,18/05/2014
28156,NULL,10865,Gabrielle Hall,NULL,09/05/2014
20189,NULL,11333,Grace Hall,NULL,15/02/2014
27489,NULL,10866,Haley Hall,NULL,26/05/2014
13924,NULL,12311,Hannah Hall,NULL,28/11/2013
21288,NULL,17466,Hunter Hall,NULL,27/09/2013
16042,NULL,4732,Ian Hall,NULL,29/11/2013
18157,NULL,11248,Isabella Hall,NULL,11/02/2014
25038,NULL,10857,Isabella Hall,NULL,29/05/2014
26301,NULL,17521,Isaiah Hall,NULL,14/01/2014
23050,NULL,17503,Jack Hall,NULL,07/07/2013
18949,NULL,17508,Jackson Hall,NULL,19/01/2014
27202,NULL,17456,James Hall,NULL,09/08/2013
11740,NULL,10889,Jan Hall,NULL,20/06/2014
12446,NULL,11427,Jasmine Hall,NULL,25/01/2014
29351,NULL,17495,Jason Hall,NULL,13/03/2014
24015,NULL,10879,Jenna Hall,NULL,13/11/2013
21625,NULL,11114,Jennifer Hall,NULL,11/01/2014
18250,NULL,4016,Jeremiah Hall,NULL,02/07/2013
26133,NULL,17536,Jesse Hall,NULL,22/03/2014
25874,NULL,12121,Jessica Hall,NULL,07/04/2014
12933,NULL,17457,Jonathan Hall,NULL,29/11/2013
21907,NULL,10880,Jordan Hall,NULL,12/02/2014
19222,NULL,17502,Jordan Hall,NULL,14/05/2014
17601,NULL,17482,Jose Hall,NULL,25/11/2013
18074,NULL,11076,Julia Hall,NULL,19/12/2013
27337,NULL,10851,Julia Hall,NULL,28/01/2014
11682,NULL,11162,Kaitlyn Hall,NULL,11/05/2014
18943,NULL,10853,Kaitlyn Hall,NULL,27/01/2014
28801,NULL,10890,Katelyn Hall,NULL,25/11/2013
25959,NULL,10861,Katherine Hall,NULL,08/09/2013
19854,NULL,10849,Katherine Hall,NULL,03/03/2014
23689,NULL,11988,Kayla Hall,NULL,04/12/2013
19751,NULL,10898,Kaylee Hall,NULL,27/01/2014
23216,NULL,17490,Kevin Hall,NULL,28/12/2013
17491,NULL,17486,Kyle Hall,NULL,03/06/2014
19648,NULL,11664,Lauren Hall,NULL,21/01/2014
24511,NULL,17458,Logan Hall,NULL,28/01/2014
28760,NULL,4811,Lucas Hall,NULL,09/05/2014
21296,NULL,17371,Luis Hall,NULL,18/06/2014
14745,NULL,17498,Luke Hall,NULL,28/12/2013
20146,NULL,10885,Mackenzie Hall,NULL,18/07/2013
13221,NULL,10871,Madeline Hall,NULL,24/09/2013
14508,NULL,12356,Madison Hall,NULL,28/10/2013
13569,NULL,4641,Marcus Hall,NULL,31/10/2013
14385,NULL,10864,Maria Hall,NULL,21/11/2013
20277,NULL,10876,Mary Hall,NULL,03/10/2013
22864,NULL,17527,Mason Hall,NULL,23/12/2013
15276,NULL,11705,Megan Hall,NULL,22/06/2013
28092,NULL,10854,Morgan Hall,NULL,11/01/2012
21726,NULL,11205,Morgan Hall,NULL,14/12/2013
23070,NULL,11292,Natalie Hall,NULL,06/07/2013
26203,NULL,11475,Nicole Hall,NULL,23/03/2014
15251,NULL,17467,Noah Hall,NULL,30/06/2014
28582,NULL,11790,Olivia Hall,NULL,28/02/2014
13347,NULL,11381,Rachel Hall,NULL,05/11/2013
20893,NULL,17478,Robert Hall,NULL,14/05/2014
14484,NULL,12405,Samantha Hall,NULL,02/12/2013
16907,NULL,11899,Sarah Hall,NULL,27/03/2014
21938,NULL,10891,Savannah Hall,NULL,13/01/2014
14487,NULL,4334,Seth Hall,NULL,09/11/2013
27726,NULL,10874,Sophia Hall,NULL,07/07/2011
22865,NULL,10863,Stephanie Hall,NULL,04/03/2014
12099,NULL,10796,Sydney Hall,NULL,07/04/2014
17880,NULL,10859,Sydney Hall,NULL,27/05/2014
16995,NULL,12170,Taylor Hall,NULL,11/11/2013
19069,NULL,17484,Thomas Hall,NULL,16/03/2014
13476,NULL,17548,Timothy Hall,NULL,17/11/2013
23155,NULL,11845,Victoria Hall,NULL,10/11/2013
23827,NULL,3787,Wyatt Hall,NULL,06/05/2014
20337,NULL,4412,Xavier Hall,NULL,04/08/2013
28833,NULL,12054,Abigail Harris,NULL,10/11/2011
20030,NULL,18302,Alexander Harris,NULL,14/10/2013
12764,NULL,10725,Alexandra Harris,NULL,04/09/2013
15316,NULL,12012,Alexis Harris,NULL,01/04/2014
24423,NULL,11542,Alyssa Harris,NULL,28/08/2013
13298,NULL,11599,Anna Harris,NULL,18/10/2013
21447,NULL,18627,Anthony Harris,NULL,10/12/2013
22880,NULL,12431,Ashley Harris,NULL,27/09/2013
28577,NULL,18240,Austin Harris,NULL,23/12/2013
17363,NULL,18174,Benjamin Harris,NULL,17/04/2014
17361,NULL,4165,Blake Harris,NULL,06/11/2013
24517,NULL,18321,Brandon Harris,NULL,31/05/2014
28597,NULL,11725,Brianna Harris,NULL,18/09/2013
17598,NULL,17471,Cameron Harris,NULL,05/01/2014
14591,NULL,4859,Charles Harris,NULL,09/12/2013
20201,NULL,11004,Chloe Harris,NULL,30/06/2014
18848,NULL,18166,Christian Harris,NULL,15/05/2014
24417,NULL,18168,Christopher Harris,NULL,10/06/2013
13085,NULL,18596,Daniel Harris,NULL,09/11/2013
21467,NULL,18041,David Harris,NULL,18/02/2014
13710,NULL,11500,Destiny Harris,NULL,01/04/2014
17366,NULL,4934,Devin Harris,NULL,15/08/2013
28648,NULL,18508,Dylan Harris,NULL,01/01/2012
18238,NULL,5020,Eduardo Harris,NULL,27/06/2013
27062,NULL,4250,Edward Harris,NULL,27/08/2012
28831,NULL,11922,Elizabeth Harris,NULL,20/11/2011
19862,NULL,12246,Emily Harris,NULL,17/12/2013
17554,NULL,11872,Emma Harris,NULL,18/07/2013
25930,NULL,17945,Ethan Harris,NULL,05/11/2013
17876,NULL,3857,Fernando Harris,NULL,15/10/2013
12930,NULL,11315,Grace Harris,NULL,22/09/2013
26606,NULL,12292,Hannah Harris,NULL,26/11/2013
14128,NULL,4712,Ian Harris,NULL,05/08/2013
17119,NULL,11233,Isabella Harris,NULL,29/09/2013
23679,NULL,18697,Jacob Harris,NULL,09/07/2013
25064,NULL,17624,James Harris,NULL,03/10/2013
26635,NULL,11406,Jasmine Harris,NULL,03/04/2014
16789,NULL,11099,Jennifer Harris,NULL,21/05/2014
17023,NULL,3998,Jeremiah Harris,NULL,12/11/2013
28987,NULL,12103,Jessica Harris,NULL,23/06/2014
20502,NULL,18357,John Harris,NULL,20/09/2013
26220,NULL,17695,Jonathan Harris,NULL,21/10/2013
28609,NULL,17368,Jose Harris,NULL,18/03/2014
11442,NULL,18944,Joseph Harris,NULL,01/03/2014
20280,NULL,18788,Joshua Harris,NULL,14/02/2014
15977,NULL,11056,Julia Harris,NULL,30/03/2014
25985,NULL,18066,Justin Harris,NULL,26/03/2014
24927,NULL,11139,Kaitlyn Harris,NULL,04/09/2013
15410,NULL,10824,Katherine Harris,NULL,29/04/2014
15243,NULL,11645,Lauren Harris,NULL,30/03/2014
24945,NULL,17766,Logan Harris,NULL,12/10/2013
25901,NULL,4793,Lucas Harris,NULL,05/11/2013
21728,NULL,12336,Madison Harris,NULL,02/04/2014
11135,NULL,4624,Marcus Harris,NULL,18/09/2013
14330,NULL,18841,Matthew Harris,NULL,14/10/2013
23281,NULL,11686,Megan Harris,NULL,23/08/2013
17014,NULL,18739,Michael Harris,NULL,14/07/2013
25697,NULL,4089,Miguel Harris,NULL,07/07/2013
12942,NULL,11187,Morgan Harris,NULL,13/09/2013
23682,NULL,11274,Natalie Harris,NULL,13/07/2013
13827,NULL,17838,Nathan Harris,NULL,17/12/2013
23496,NULL,19003,Nicholas Harris,NULL,10/09/2013
20349,NULL,11454,Nicole Harris,NULL,04/12/2013
29256,NULL,17276,Noah Harris,NULL,19/08/2013
21638,NULL,11771,Olivia Harris,NULL,09/04/2014
16753,NULL,11360,Rachel Harris,NULL,21/03/2014
15248,NULL,5101,Richard Harris,NULL,11/04/2014
14075,NULL,17214,Robert Harris,NULL,23/09/2013
14389,NULL,17853,Ryan Harris,NULL,01/04/2014
24487,NULL,12383,Samantha Harris,NULL,23/01/2014
24771,NULL,17856,Samuel Harris,NULL,02/08/2013
28616,NULL,12480,Sarah Harris,NULL,05/05/2014
16140,NULL,4318,Seth Harris,NULL,25/08/2013
20527,NULL,10776,Sydney Harris,NULL,22/12/2013
23785,NULL,12151,Taylor Harris,NULL,06/07/2013
24002,NULL,17428,Thomas Harris,NULL,14/01/2014
24343,NULL,18456,Tyler Harris,NULL,08/08/2013
29048,NULL,18241,William Harris,NULL,21/11/2013
21748,NULL,3773,Wyatt Harris,NULL,04/08/2013
28587,NULL,4394,Xavier Harris,NULL,11/09/2011
14659,NULL,18563,Zachary Harris,NULL,27/10/2013
17886,NULL,4810,Bianca Harrison,NULL,27/09/2013
20219,NULL,12290,Colleen Harrison,NULL,31/10/2013
27033,NULL,6487,Ernest Harrison,NULL,27/10/2013
15155,NULL,2463,Jamie Harrison,NULL,02/12/2013
20790,NULL,11971,Kayla Harrison,NULL,20/12/2013
28468,NULL,16949,Melody Harrison,NULL,12/10/2013
14823,NULL,19274,Nelson Harrison,NULL,29/04/2014
23774,NULL,7763,Reginald Harrison,NULL,05/09/2013
12362,NULL,5721,Thomas Harrison,NULL,21/09/2013
18055,NULL,12853,Trevor Harrison,NULL,09/01/2014
28840,NULL,17520,Valerie Harrison,NULL,02/08/2013
11509,NULL,12214,Roger Harui,NULL,29/12/2013
15568,NULL,5515,Aaron Hayes,NULL,28/02/2014
24028,NULL,5257,Adam Hayes,NULL,25/05/2014
25189,NULL,12936,Aidan Hayes,NULL,03/06/2014
27474,NULL,7641,Alexandria Hayes,NULL,15/12/2013
25418,NULL,7125,Alexia Hayes,NULL,31/10/2013
13048,NULL,12786,Alexis Hayes,NULL,08/04/2014
17044,NULL,7465,Ana Hayes,NULL,14/02/2014
21325,NULL,7684,Angela Hayes,NULL,24/09/2013
26459,NULL,7169,Angelica Hayes,NULL,26/01/2014
26596,NULL,13230,Antonio Hayes,NULL,09/11/2013
25991,NULL,7725,Arianna Hayes,NULL,07/11/2013
18865,NULL,12606,Ashley Hayes,NULL,14/05/2014
20208,NULL,6271,Austin Hayes,NULL,02/03/2014
22522,NULL,6733,Benjamin Hayes,NULL,10/09/2013
16778,NULL,13626,Blake Hayes,NULL,29/03/2014
23199,NULL,6924,Brandon Hayes,NULL,16/12/2013
13941,NULL,7215,Brittany Hayes,NULL,21/05/2014
11650,NULL,5569,Caleb Hayes,NULL,19/05/2014
18431,NULL,6321,Cameron Hayes,NULL,22/03/2014
12447,NULL,13273,Carson Hayes,NULL,03/10/2013
22766,NULL,6848,Cassidy Hayes,NULL,20/10/2013
28537,NULL,6220,Christian Hayes,NULL,11/11/2013
27626,NULL,5615,Connor Hayes,NULL,24/04/2014
18882,NULL,13485,Dalton Hayes,NULL,28/04/2014
11701,NULL,6680,David Hayes,NULL,04/10/2013
20101,NULL,13724,Devin Hayes,NULL,15/04/2014
17455,NULL,6983,Dylan Hayes,NULL,02/10/2013
15796,NULL,13665,Edward Hayes,NULL,05/06/2014
15325,NULL,5915,Elijah Hayes,NULL,15/04/2014
17663,NULL,12697,Elizabeth Hayes,NULL,23/08/2013
19184,NULL,13017,Emily Hayes,NULL,08/09/2013
22964,NULL,5309,Eric Hayes,NULL,27/10/2013
26498,NULL,6521,Ethan Hayes,NULL,18/11/2013
26539,NULL,7845,Faith Hayes,NULL,11/02/2014
22379,NULL,13134,Fernando Hayes,NULL,01/04/2014
19400,NULL,13316,Gavin Hayes,NULL,16/11/2013
21656,NULL,13066,Hannah Hayes,NULL,16/01/2014
26579,NULL,6070,Hunter Hayes,NULL,01/11/2013
17339,NULL,13906,Ian Hayes,NULL,10/09/2013
21908,NULL,7497,Isabel Hayes,NULL,12/01/2014
13991,NULL,5210,Jack Hayes,NULL,04/04/2014
15779,NULL,5359,Jackson Hayes,NULL,21/10/2013
11409,NULL,7768,Jacqueline Hayes,NULL,30/06/2013
24935,NULL,6383,James Hayes,NULL,06/02/2014
26176,NULL,5411,Jason Hayes,NULL,04/03/2014
20086,NULL,13536,Jeremiah Hayes,NULL,22/10/2013
12192,NULL,7261,Jocelyn Hayes,NULL,24/05/2014
26854,NULL,6426,Jonathan Hayes,NULL,06/04/2014
15512,NULL,5668,Jose Hayes,NULL,25/03/2014
15745,NULL,13359,Julian Hayes,NULL,30/01/2014
24965,NULL,6632,Justin Hayes,NULL,22/11/2013
26285,NULL,12740,Kayla Hayes,NULL,10/05/2014
28974,NULL,7577,Kelly Hayes,NULL,07/03/2014
16851,NULL,5820,Kevin Hayes,NULL,25/03/2014
14891,NULL,5767,Kyle Hayes,NULL,16/03/2014
19026,NULL,6477,Logan Hayes,NULL,22/04/2014
25509,NULL,13941,Lucas Hayes,NULL,30/03/2014
12880,NULL,5464,Luis Hayes,NULL,20/03/2014
23805,NULL,5120,Luke Hayes,NULL,25/02/2014
14813,NULL,12512,Madison Hayes,NULL,16/05/2014
15657,NULL,13857,Marcus Hayes,NULL,29/04/2014
21310,NULL,8110,Mariah Hayes,NULL,02/08/2013
27544,NULL,7091,Marissa Hayes,NULL,21/05/2013
25099,NULL,7597,Melanie Hayes,NULL,26/07/2013
16735,NULL,7357,Melissa Hayes,NULL,21/01/2014
29025,NULL,13580,Miguel Hayes,NULL,26/07/2013
27447,NULL,7299,Miranda Hayes,NULL,10/03/2014
23168,NULL,6769,Mya Hayes,NULL,02/02/2014
25905,NULL,5970,Nathan Hayes,NULL,05/02/2014
28994,NULL,6120,Noah Hayes,NULL,27/12/2013
26527,NULL,12813,Oscar Hayes,NULL,28/12/2013
16002,NULL,7804,Paige Hayes,NULL,03/08/2013
17177,NULL,13809,Richard Hayes,NULL,24/11/2013
14833,NULL,7391,Riley Hayes,NULL,10/04/2014
13929,NULL,6170,Robert Hayes,NULL,29/06/2014
28657,NULL,6576,Ryan Hayes,NULL,26/10/2011
23377,NULL,12555,Samantha Hayes,NULL,23/03/2014
17007,NULL,6021,Samuel Hayes,NULL,13/04/2014
17757,NULL,13995,Seth Hayes,NULL,22/04/2014
12420,NULL,13179,Spencer Hayes,NULL,15/08/2013
23272,NULL,12893,Tristan Hayes,NULL,22/08/2013
16471,NULL,7428,Vanessa Hayes,NULL,05/05/2014
17467,NULL,13093,Wyatt Hayes,NULL,04/11/2013
29039,NULL,13439,Xavier Hayes,NULL,31/03/2014
17448,NULL,7041,Zachary Hayes,NULL,25/02/2014
11093,NULL,5827,Aimee He,NULL,08/11/2013
12210,NULL,17334,Alan He,NULL,13/04/2014
18026,NULL,11976,Alisha He,NULL,04/05/2014
25490,NULL,4710,Alvin He,NULL,22/12/2013
22411,NULL,20725,Amy He,NULL,23/11/2013
29369,NULL,10126,Arturo He,NULL,15/05/2014
22603,NULL,5944,Autumn He,NULL,27/01/2014
12470,NULL,11575,Barbara He,NULL,25/04/2014
25712,NULL,18023,Brent He,NULL,30/04/2014
20810,NULL,17571,Brittney He,NULL,30/01/2014
13826,NULL,16766,Candice He,NULL,08/04/2014
17631,NULL,4864,Cara He,NULL,18/08/2013
25298,NULL,3591,Cedric He,NULL,05/02/2014
16591,NULL,6892,Clarence He,NULL,07/04/2014
24093,NULL,5890,Claudia He,NULL,05/07/2013
25802,NULL,12613,Clayton He,NULL,28/06/2014
14300,NULL,13464,Colin He,NULL,28/02/2014
24634,NULL,20775,Crystal He,NULL,12/03/2014
24921,NULL,18271,Curtis He,NULL,12/10/2013
24088,NULL,9704,Damien He,NULL,14/10/2013
22741,NULL,5653,Darryl He,NULL,24/08/2013
15647,NULL,12192,Dawn He,NULL,31/03/2014
27878,NULL,17920,Dennis He,NULL,03/01/2014
19144,NULL,13167,Edwin He,NULL,21/10/2013
21843,NULL,2490,Erica He,NULL,06/09/2013
13645,NULL,5486,Eugene He,NULL,18/05/2014
18127,NULL,7964,Franklin He,NULL,21/04/2014
15589,NULL,9044,Gilbert He,NULL,04/03/2014
22449,NULL,2646,Heather He,NULL,27/07/2013
26936,NULL,12947,Jaclyn He,NULL,23/10/2013
24472,NULL,5426,Jake He,NULL,18/05/2014
27924,NULL,18068,Jeffery He,NULL,29/08/2013
24100,NULL,11468,Jenny He,NULL,04/12/2013
29094,NULL,5542,Jessie He,NULL,11/01/2014
14262,NULL,13564,Jon He,NULL,09/05/2014
20268,NULL,18323,Jorge He,NULL,25/03/2014
27861,NULL,17421,Karen He,NULL,22/05/2014
28872,NULL,12084,Kelli He,NULL,11/08/2013
22585,NULL,19467,Kelvin He,NULL,28/10/2013
14429,NULL,12394,Lacey He,NULL,16/01/2014
24692,NULL,2407,Laura He,NULL,22/05/2014
21211,NULL,13056,Louis He,NULL,16/01/2014
18369,NULL,5776,Mandy He,NULL,14/03/2014
12308,NULL,17731,Margaret He,NULL,21/04/2014
24191,NULL,11153,Marshall He,NULL,12/03/2014
27401,NULL,5370,Micah He,NULL,30/09/2013
15831,NULL,12714,Omar He,NULL,05/08/2013
14556,NULL,12827,Rafael He,NULL,26/02/2014
26919,NULL,6433,Ramon He,NULL,15/05/2014
24072,NULL,18177,Randy He,NULL,30/10/2013
14719,NULL,5596,Ronnie He,NULL,25/05/2014
15638,NULL,4982,Rosa He,NULL,13/03/2014
13673,NULL,17678,Sandra He,NULL,19/04/2014
17801,NULL,2544,Shannon He,NULL,25/04/2014
18066,NULL,6539,Steve He,NULL,14/04/2014
24467,NULL,17778,Susan He,NULL,02/11/2013
16593,NULL,5040,Suzanne He,NULL,19/10/2013
25742,NULL,11875,Tamara He,NULL,29/12/2013
15930,NULL,20683,Tiffany He,NULL,06/02/2014
12490,NULL,4755,Trisha He,NULL,03/02/2014
14138,NULL,17973,Vincent He,NULL,03/11/2013
17192,NULL,12185,Warren He,NULL,24/03/2014
17849,NULL,18119,Wesley He,NULL,01/02/2014
12466,NULL,13365,Willie He,NULL,19/08/2013
28901,NULL,4930,Martha Hee,NULL,21/12/2013
28756,NULL,17625,Stacey Hee,NULL,05/05/2014
28762,NULL,5487,Aaron Henderson,NULL,04/06/2014
20441,NULL,3958,Abigail Henderson,NULL,25/01/2014
13513,NULL,12797,Abigail Henderson,NULL,06/05/2014
17040,NULL,5234,Adam Henderson,NULL,26/10/2013
28171,NULL,12905,Aidan Henderson,NULL,27/08/2011
26779,NULL,2803,Alexandra Henderson,NULL,26/01/2014
11555,NULL,7606,Alexandria Henderson,NULL,08/10/2013
15717,NULL,7100,Alexia Henderson,NULL,10/04/2014
18428,NULL,12749,Alexis Henderson,NULL,10/05/2014
13872,NULL,20187,Alyssa Henderson,NULL,04/07/2013
18990,NULL,3032,Amanda Henderson,NULL,16/07/2013
23388,NULL,7436,Ana Henderson,NULL,08/05/2014
11898,NULL,7653,Angela Henderson,NULL,23/12/2013
16006,NULL,7135,Angelica Henderson,NULL,27/10/2013
24857,NULL,3661,Anna Henderson,NULL,29/11/2013
29271,NULL,13195,Antonio Henderson,NULL,11/10/2013
12112,NULL,7697,Arianna Henderson,NULL,18/08/2013
11185,NULL,12569,Ashley Henderson,NULL,28/06/2014
27643,NULL,6240,Austin Henderson,NULL,14/03/2014
14445,NULL,6698,Benjamin Henderson,NULL,06/09/2013
29077,NULL,13589,Blake Henderson,NULL,09/04/2014
22731,NULL,6895,Brandon Henderson,NULL,09/12/2013
16991,NULL,19244,Brianna Henderson,NULL,21/08/2013
26071,NULL,7179,Brittany Henderson,NULL,22/09/2013
22885,NULL,5536,Caleb Henderson,NULL,30/08/2013
28177,NULL,6291,Cameron Henderson,NULL,22/01/2012
20082,NULL,6778,Caroline Henderson,NULL,10/06/2014
27453,NULL,13239,Carson Henderson,NULL,03/03/2014
21228,NULL,6816,Cassidy Henderson,NULL,29/01/2014
24237,NULL,20291,Chloe Henderson,NULL,17/05/2014
13905,NULL,6751,Christian Henderson,NULL,29/11/2013
22185,NULL,5590,Connor Henderson,NULL,26/08/2013
16406,NULL,12946,Dakota Henderson,NULL,03/07/2013
24895,NULL,13453,Dalton Henderson,NULL,03/08/2013
23876,NULL,6652,David Henderson,NULL,05/03/2014
25143,NULL,20069,Destiny Henderson,NULL,07/05/2014
12018,NULL,13696,Devin Henderson,NULL,24/02/2014
14359,NULL,13732,Eduardo Henderson,NULL,16/04/2014
27747,NULL,13633,Edward Henderson,NULL,03/05/2014
23870,NULL,5888,Elijah Henderson,NULL,23/05/2014
14728,NULL,12660,Elizabeth Henderson,NULL,23/01/2014
16018,NULL,19542,Emma Henderson,NULL,07/07/2013
13457,NULL,5276,Eric Henderson,NULL,05/01/2014
16436,NULL,6489,Ethan Henderson,NULL,02/12/2013
14545,NULL,7812,Faith Henderson,NULL,16/06/2014
18603,NULL,3336,Gabrielle Henderson,NULL,04/09/2013
28245,NULL,13283,Gavin Henderson,NULL,04/06/2014
11473,NULL,19642,Grace Henderson,NULL,02/11/2013
17148,NULL,3186,Hailey Henderson,NULL,26/01/2014
11778,NULL,3416,Haley Henderson,NULL,29/11/2013
14570,NULL,13028,Hannah Henderson,NULL,05/10/2013
14812,NULL,6035,Hunter Henderson,NULL,29/10/2013
29146,NULL,13869,Ian Henderson,NULL,08/12/2011
20465,NULL,7474,Isabel Henderson,NULL,05/11/2013
21981,NULL,2533,Isabella Henderson,NULL,12/04/2014
16366,NULL,7507,Isabelle Henderson,NULL,13/04/2014
17581,NULL,5184,Jack Henderson,NULL,06/04/2014
22121,NULL,5326,Jackson Henderson,NULL,28/10/2013
20118,NULL,7736,Jacqueline Henderson,NULL,21/11/2013
17179,NULL,6342,James Henderson,NULL,16/12/2013
16801,NULL,19846,Jasmine Henderson,NULL,10/02/2014
18961,NULL,13500,Jeremiah Henderson,NULL,18/04/2014
11065,NULL,3510,Jessica Henderson,NULL,12/06/2014
25972,NULL,7226,Jocelyn Henderson,NULL,21/12/2013
11143,NULL,6401,Jonathan Henderson,NULL,21/05/2014
22996,NULL,5139,Jordan Henderson,NULL,24/11/2013
18666,NULL,6860,Jordyn Henderson,NULL,27/11/2013
16716,NULL,6195,Jose Henderson,NULL,08/09/2013
23300,NULL,20392,Julia Henderson,NULL,18/09/2013
15691,NULL,13324,Julian Henderson,NULL,02/01/2014
23591,NULL,6601,Justin Henderson,NULL,29/08/2013
12132,NULL,20610,Kaitlyn Henderson,NULL,19/03/2014
17421,NULL,2958,Katherine Henderson,NULL,24/04/2014
26611,NULL,12709,Kayla Henderson,NULL,15/02/2014
12920,NULL,7543,Kelly Henderson,NULL,10/02/2014
13368,NULL,5739,Kyle Henderson,NULL,28/03/2014
17131,NULL,19039,Lauren Henderson,NULL,12/05/2014
22366,NULL,6446,Logan Henderson,NULL,06/01/2014
27389,NULL,13915,Lucas Henderson,NULL,06/08/2013
14579,NULL,5428,Luis Henderson,NULL,03/08/2013
19200,NULL,5636,Luke Henderson,NULL,31/05/2014
21488,NULL,13075,Madison Henderson,NULL,14/06/2013
15212,NULL,13820,Marcus Henderson,NULL,23/05/2014
27615,NULL,3264,Maria Henderson,NULL,10/04/2014
13369,NULL,8081,Mariah Henderson,NULL,27/10/2013
13816,NULL,7059,Marissa Henderson,NULL,30/01/2014
11195,NULL,19140,Megan Henderson,NULL,24/03/2014
21926,NULL,8120,Melanie Henderson,NULL,10/05/2014
15173,NULL,13546,Miguel Henderson,NULL,21/09/2013
17000,NULL,7271,Miranda Henderson,NULL,14/04/2014
28200,NULL,20713,Morgan Henderson,NULL,06/09/2011
23670,NULL,7305,Mya Henderson,NULL,01/07/2013
19273,NULL,2725,Natalie Henderson,NULL,29/12/2013
13725,NULL,5937,Nathan Henderson,NULL,22/05/2014
14483,NULL,19958,Nicole Henderson,NULL,16/10/2013
29089,NULL,6087,Noah Henderson,NULL,07/09/2013
18859,NULL,19345,Olivia Henderson,NULL,18/11/2013
15852,NULL,13371,Oscar Henderson,NULL,10/02/2014
17325,NULL,7776,Paige Henderson,NULL,28/03/2014
23507,NULL,19751,Rachel Henderson,NULL,02/04/2014
27077,NULL,6140,Robert Henderson,NULL,11/01/2013
25931,NULL,6545,Ryan Henderson,NULL,24/12/2013
25274,NULL,12523,Samantha Henderson,NULL,04/03/2014
15484,NULL,5991,Samuel Henderson,NULL,26/01/2014
23867,NULL,12618,Sarah Henderson,NULL,30/03/2014
26254,NULL,13956,Seth Henderson,NULL,14/12/2013
28224,NULL,13143,Spencer Henderson,NULL,16/05/2014
19224,NULL,3109,Stephanie Henderson,NULL,03/04/2014
20400,NULL,2875,Sydney Henderson,NULL,06/12/2013
19051,NULL,3584,Taylor Henderson,NULL,23/03/2014
25065,NULL,5685,Thomas Henderson,NULL,30/08/2013
20279,NULL,12822,Trevor Henderson,NULL,16/08/2013
12224,NULL,12865,Tristan Henderson,NULL,17/04/2014
13538,NULL,7399,Vanessa Henderson,NULL,06/05/2014
23000,NULL,19435,Victoria Henderson,NULL,15/06/2014
16697,NULL,13673,Wyatt Henderson,NULL,07/03/2014
12993,NULL,13397,Xavier Henderson,NULL,28/10/2013
23512,NULL,7008,Zachary Henderson,NULL,02/10/2013
18770,NULL,17060,Aaron Hernandez,NULL,22/01/2014
12197,NULL,16947,Adam Hernandez,NULL,07/10/2013
22668,NULL,7101,Adrienne Hernandez,NULL,18/06/2013
25618,NULL,14895,Albert Hernandez,NULL,03/06/2013
25029,NULL,6607,Alberto Hernandez,NULL,30/12/2013
26814,NULL,17040,Alex Hernandez,NULL,13/12/2012
22103,NULL,10431,Alexandra Hernandez,NULL,23/10/2013
22606,NULL,2785,Alfredo Hernandez,NULL,06/10/2013
20541,NULL,10477,Allison Hernandez,NULL,07/12/2013
18837,NULL,10435,Amanda Hernandez,NULL,05/11/2013
16019,NULL,10456,Amber Hernandez,NULL,10/01/2014
21762,NULL,10478,Andrea Hernandez,NULL,03/07/2013
18831,NULL,2727,Andy Hernandez,NULL,28/05/2014
11240,NULL,14359,Anne Hernandez,NULL,13/10/2013
21950,NULL,6941,Armando Hernandez,NULL,28/04/2014
23002,NULL,10949,Arthur Hernandez,NULL,12/09/2013
18290,NULL,6001,Audrey Hernandez,NULL,28/03/2014
28626,NULL,10466,Bailey Hernandez,NULL,26/01/2012
29084,NULL,6066,Beth Hernandez,NULL,01/12/2013
11478,NULL,15732,Billy Hernandez,NULL,19/09/2013
14629,NULL,4185,Blake Hernandez,NULL,07/08/2013
21893,NULL,18471,Brandi Hernandez,NULL,29/03/2014
17919,NULL,10848,Bruce Hernandez,NULL,13/02/2014
22423,NULL,19566,Byron Hernandez,NULL,12/11/2013
28825,NULL,16913,Caleb Hernandez,NULL,05/11/2011
20119,NULL,16989,Carlos Hernandez,NULL,06/03/2014
18175,NULL,17854,Carrie Hernandez,NULL,25/02/2014
24076,NULL,19143,Casey Hernandez,NULL,10/03/2014
19686,NULL,4884,Charles Hernandez,NULL,13/01/2014
25516,NULL,6175,Cheryl Hernandez,NULL,29/08/2013
18952,NULL,10420,Chloe Hernandez,NULL,15/06/2014
29462,NULL,14609,Clinton Hernandez,NULL,02/03/2014
14895,NULL,16914,Connor Hernandez,NULL,11/03/2014
11957,NULL,10458,Courtney Hernandez,NULL,10/06/2014
25307,NULL,5858,Daisy Hernandez,NULL,24/11/2013
18844,NULL,4492,Dalton Hernandez,NULL,21/11/2013
27146,NULL,14747,Danny Hernandez,NULL,05/11/2013
18709,NULL,10210,Darren Hernandez,NULL,24/08/2013
17752,NULL,9781,Deanna Hernandez,NULL,28/11/2013
13879,NULL,19098,Derrick Hernandez,NULL,08/02/2014
16022,NULL,4959,Devin Hernandez,NULL,06/01/2014
11038,NULL,18643,Diana Hernandez,NULL,14/04/2014
21015,NULL,15429,Diane Hernandez,NULL,13/04/2014
28818,NULL,20384,Dwayne Hernandez,NULL,14/07/2012
23574,NULL,9675,Ebony Hernandez,NULL,07/10/2013
28464,NULL,6660,Eddie Hernandez,NULL,15/05/2014
18919,NULL,5046,Eduardo Hernandez,NULL,18/08/2013
11144,NULL,4268,Edward Hernandez,NULL,27/06/2013
13903,NULL,17044,Elijah Hernandez,NULL,01/11/2013
21998,NULL,19268,Erik Hernandez,NULL,14/12/2013
16160,NULL,18692,Erika Hernandez,NULL,18/11/2013
11704,NULL,17046,Evan Hernandez,NULL,17/12/2013
19845,NULL,3879,Fernando Hernandez,NULL,13/03/2014
21103,NULL,2392,Francis Hernandez,NULL,18/08/2013
22198,NULL,19315,Frank Hernandez,NULL,02/05/2014
13805,NULL,17039,Gabriel Hernandez,NULL,29/10/2013
16375,NULL,10468,Gabriella Hernandez,NULL,15/10/2013
15848,NULL,10446,Gabrielle Hernandez,NULL,29/05/2014
25541,NULL,19018,Gary Hernandez,NULL,04/12/2013
24054,NULL,10762,Gerald Hernandez,NULL,23/12/2013
14049,NULL,15044,Gina Hernandez,NULL,22/05/2014
18727,NULL,10440,Hailey Hernandez,NULL,24/05/2014
11769,NULL,10448,Haley Hernandez,NULL,18/02/2014
27608,NULL,14703,Hector Hernandez,NULL,06/04/2014
13481,NULL,17000,Hunter Hernandez,NULL,12/06/2014
25813,NULL,17052,Isaac Hernandez,NULL,25/08/2013
13220,NULL,10427,Isabella Hernandez,NULL,01/09/2013
22711,NULL,17026,Isaiah Hernandez,NULL,17/12/2013
20382,NULL,16941,Jack Hernandez,NULL,30/09/2013
24409,NULL,16977,Jackson Hernandez,NULL,23/05/2014
21568,NULL,6347,Jacquelyn Hernandez,NULL,30/03/2014
24170,NULL,7046,Jaime Hernandez,NULL,10/02/2014
29166,NULL,12365,Jaime Hernandez,NULL,01/11/2013
26812,NULL,16987,James Hernandez,NULL,07/12/2013
27283,NULL,14643,Jamie Hernandez,NULL,12/07/2013
11803,NULL,10470,Jan Hernandez,NULL,25/04/2014
16156,NULL,13622,Javier Hernandez,NULL,16/04/2014
27383,NULL,10315,Jay Hernandez,NULL,25/06/2014
26644,NULL,10459,Jenna Hernandez,NULL,19/05/2014
24436,NULL,10423,Jennifer Hernandez,NULL,28/07/2013
25303,NULL,4020,Jeremiah Hernandez,NULL,22/04/2014
16270,NULL,7695,Jerome Hernandez,NULL,04/05/2014
27238,NULL,17053,Jesse Hernandez,NULL,16/04/2014
24172,NULL,5390,Jessie Hernandez,NULL,04/02/2014
24267,NULL,18374,Jésus Hernandez,NULL,24/11/2013
13003,NULL,15082,Jill Hernandez,NULL,14/12/2013
21003,NULL,15631,Jimmy Hernandez,NULL,13/07/2013
21892,NULL,13421,Joan Hernandez,NULL,30/03/2014
19360,NULL,13967,Joanna Hernandez,NULL,03/06/2013
15154,NULL,11040,Joe Hernandez,NULL,03/06/2014
19014,NULL,16993,Jonathan Hernandez,NULL,18/12/2013
15699,NULL,14475,Jonathon Hernandez,NULL,11/01/2014
16104,NULL,10462,Jordan Hernandez,NULL,30/03/2014
13314,NULL,16940,Jordan Hernandez,NULL,17/10/2013
11253,NULL,17012,José Hernandez,NULL,05/05/2014
17340,NULL,13944,Joy Hernandez,NULL,12/04/2014
22135,NULL,10422,Julia Hernandez,NULL,06/10/2013
23078,NULL,6992,Julio Hernandez,NULL,07/12/2013
25647,NULL,10424,Kaitlyn Hernandez,NULL,24/08/2013
18887,NULL,10534,Kari Hernandez,NULL,29/05/2014
11256,NULL,10472,Katelyn Hernandez,NULL,18/03/2014
24528,NULL,10434,Katherine Hernandez,NULL,07/07/2013
24147,NULL,18555,Kathleen Hernandez,NULL,21/05/2014
22007,NULL,10476,Kaylee Hernandez,NULL,12/05/2014
12586,NULL,15896,Kellie Hernandez,NULL,25/04/2014
18526,NULL,17034,Kevin Hernandez,NULL,26/05/2014
26918,NULL,14209,Krista Hernandez,NULL,11/05/2014
22635,NULL,9577,Kristi Hernandez,NULL,12/05/2014
14286,NULL,6290,Kristine Hernandez,NULL,03/02/2014
18813,NULL,14319,Kristy Hernandez,NULL,22/06/2014
19401,NULL,17030,Kyle Hernandez,NULL,25/07/2013
17840,NULL,18417,Larry Hernandez,NULL,22/02/2014
17677,NULL,14432,Lawrence Hernandez,NULL,31/12/2013
12990,NULL,18513,Leslie Hernandez,NULL,03/03/2014
22189,NULL,13797,Linda Hernandez,NULL,20/11/2013
12350,NULL,16994,Logan Hernandez,NULL,25/02/2014
18186,NULL,14095,Lori Hernandez,NULL,06/01/2014
16972,NULL,4814,Lucas Hernandez,NULL,12/09/2013
22767,NULL,17057,Luis Hernandez,NULL,25/08/2013
13931,NULL,16929,Luke Hernandez,NULL,29/12/2013
21784,NULL,10467,Mackenzie Hernandez,NULL,14/10/2013
26172,NULL,10452,Madeline Hernandez,NULL,26/06/2014
29091,NULL,7146,Mallory Hernandez,NULL,04/01/2014
27883,NULL,15684,Marc Hernandez,NULL,22/09/2013
18595,NULL,4645,Marcus Hernandez,NULL,28/03/2014
14950,NULL,10445,Maria Hernandez,NULL,19/05/2014
23077,NULL,6887,Marvin Hernandez,NULL,23/08/2013
17272,NULL,10454,Mary Hernandez,NULL,16/11/2013
27782,NULL,17051,Mason Hernandez,NULL,28/07/2013
15184,NULL,14513,Mathew Hernandez,NULL,03/03/2014
18192,NULL,2665,Max Hernandez,NULL,14/01/2014
11184,NULL,18783,Meghan Hernandez,NULL,11/03/2014
16174,NULL,14051,Melinda Hernandez,NULL,18/11/2013
28212,NULL,16786,Melody Hernandez,NULL,19/09/2013
13950,NULL,10629,Meredith Hernandez,NULL,27/02/2014
25168,NULL,14556,Micheal Hernandez,NULL,23/01/2014
22524,NULL,9001,Michele Hernandez,NULL,04/11/2013
24239,NULL,4109,Miguel Hernandez,NULL,04/05/2014
15138,NULL,13756,Monique Hernandez,NULL,28/03/2014
11637,NULL,10425,Morgan Hernandez,NULL,18/07/2013
25686,NULL,17263,Naomi Hernandez,NULL,20/08/2013
14565,NULL,10429,Natalie Hernandez,NULL,23/11/2013
17445,NULL,18741,Natasha Hernandez,NULL,08/11/2013
15420,NULL,16996,Nathan Hernandez,NULL,02/08/2013
28850,NULL,19138,Nelson Hernandez,NULL,05/07/2012
16967,NULL,17002,Noah Hernandez,NULL,12/04/2014
21951,NULL,18698,Orlando Hernandez,NULL,16/04/2014
15327,NULL,14928,Paula Hernandez,NULL,27/04/2014
21905,NULL,11689,Pedro Hernandez,NULL,18/12/2013
21193,NULL,19184,Philip Hernandez,NULL,01/02/2014
28806,NULL,14947,Randall Hernandez,NULL,21/08/2013
13997,NULL,6329,Raquel Hernandez,NULL,27/05/2014
20944,NULL,10450,Rebecca Hernandez,NULL,09/07/2013
24711,NULL,9889,Rebekah Hernandez,NULL,13/08/2013
17803,NULL,14999,Renee Hernandez,NULL,01/11/2013
20383,NULL,4563,Richard Hernandez,NULL,28/03/2014
12418,NULL,17003,Robert Hernandez,NULL,08/04/2014
28923,NULL,14790,Roberto Hernandez,NULL,15/08/2013
22619,NULL,13711,Robin Hernandez,NULL,14/05/2014
14677,NULL,11801,Ross Hernandez,NULL,28/05/2014
16134,NULL,11147,Roy Hernandez,NULL,26/09/2013
21036,NULL,11251,Ruben Hernandez,NULL,31/10/2013
25833,NULL,14160,Sabrina Hernandez,NULL,26/02/2014
14510,NULL,16998,Samuel Hernandez,NULL,23/12/2013
15167,NULL,10469,Sara Hernandez,NULL,14/01/2014
16793,NULL,10474,Savannah Hernandez,NULL,09/06/2013
12232,NULL,17062,Sean Hernandez,NULL,10/11/2013
11856,NULL,4339,Seth Hernandez,NULL,02/06/2014
25320,NULL,19966,Shannon Hernandez,NULL,23/04/2014
19832,NULL,14434,Sheila Hernandez,NULL,19/05/2014
27393,NULL,10463,Sierra Hernandez,NULL,12/08/2013
18980,NULL,10453,Sophia Hernandez,NULL,08/05/2014
17811,NULL,18603,Stacy Hernandez,NULL,05/05/2014
21235,NULL,10437,Stephanie Hernandez,NULL,17/02/2014
13456,NULL,10433,Sydney Hernandez,NULL,30/10/2013
19603,NULL,10421,Tabitha Hernandez,NULL,10/06/2014
22979,NULL,6723,Theodore Hernandez,NULL,08/04/2014
12955,NULL,13887,Theresa Hernandez,NULL,15/06/2014
13377,NULL,17022,Thomas Hernandez,NULL,01/10/2013
13300,NULL,17072,Timothy Hernandez,NULL,30/01/2014
12271,NULL,6783,Tyrone Hernandez,NULL,18/10/2013
23537,NULL,19229,Victor Hernandez,NULL,14/04/2014
13141,NULL,14686,Walter Hernandez,NULL,27/04/2014
15124,NULL,13927,Wendy Hernandez,NULL,23/10/2013
24679,NULL,3794,Wyatt Hernandez,NULL,19/04/2014
21746,NULL,4418,Xavier Hernandez,NULL,23/04/2014
25818,NULL,16664,Aaron Hill,NULL,23/09/2013
18740,NULL,16681,Adam Hill,NULL,11/08/2013
19787,NULL,16627,Alex Hill,NULL,30/09/2013
15172,NULL,10679,Alexandra Hill,NULL,15/04/2014
21152,NULL,10685,Amanda Hill,NULL,01/02/2014
14596,NULL,10096,Amber Hill,NULL,22/12/2013
21281,NULL,10128,Andrea Hill,NULL,30/03/2014
22222,NULL,16597,Angel Hill,NULL,21/05/2014
25767,NULL,10105,Bailey Hill,NULL,18/11/2013
11748,NULL,4189,Blake Hill,NULL,03/04/2014
16333,NULL,16665,Caleb Hill,NULL,04/11/2013
12919,NULL,16521,Carlos Hill,NULL,09/04/2014
27727,NULL,10669,Chloe Hill,NULL,22/08/2013
19442,NULL,16667,Connor Hill,NULL,28/04/2014
27262,NULL,10098,Courtney Hill,NULL,24/04/2013
13926,NULL,4498,Dalton Hill,NULL,05/10/2013
19660,NULL,4968,Devin Hill,NULL,29/10/2013
19717,NULL,3726,Edward Hill,NULL,15/08/2013
18069,NULL,16646,Elijah Hill,NULL,01/01/2014
25256,NULL,16682,Eric Hill,NULL,30/07/2013
22060,NULL,16641,Evan Hill,NULL,07/08/2013
24763,NULL,3886,Fernando Hill,NULL,13/09/2013
25434,NULL,16637,Gabriel Hill,NULL,16/09/2013
26364,NULL,10108,Gabriella Hill,NULL,09/01/2014
19669,NULL,10688,Hailey Hill,NULL,24/11/2013
16103,NULL,10693,Haley Hill,NULL,05/01/2014
14001,NULL,16530,Hunter Hill,NULL,08/01/2014
16024,NULL,16689,Isaac Hill,NULL,11/06/2014
27310,NULL,10677,Isabella Hill,NULL,20/03/2014
14627,NULL,16601,Isaiah Hill,NULL,29/11/2013
13153,NULL,16677,Jack Hill,NULL,15/07/2013
22999,NULL,16683,Jackson Hill,NULL,01/01/2014
29317,NULL,16622,James Hill,NULL,25/10/2013
23581,NULL,10113,Jan Hill,NULL,17/01/2014
14920,NULL,16647,Jason Hill,NULL,19/09/2013
23153,NULL,10100,Jenna Hill,NULL,21/08/2013
18291,NULL,10672,Jennifer Hill,NULL,15/03/2014
19850,NULL,4026,Jeremiah Hill,NULL,25/05/2014
11171,NULL,16623,Jonathan Hill,NULL,09/04/2014
20001,NULL,10103,Jordan Hill,NULL,24/09/2013
16005,NULL,16676,Jordan Hill,NULL,04/01/2014
18779,NULL,16621,Jose Hill,NULL,05/04/2014
18772,NULL,10671,Julia Hill,NULL,21/11/2013
24659,NULL,10674,Kaitlyn Hill,NULL,27/02/2014
26945,NULL,10114,Katelyn Hill,NULL,30/10/2013
26701,NULL,10682,Katherine Hill,NULL,02/09/2013
11918,NULL,10119,Kaylee Hill,NULL,27/04/2014
27547,NULL,16635,Kevin Hill,NULL,05/05/2013
19732,NULL,16634,Kyle Hill,NULL,02/10/2013
13473,NULL,16629,Logan Hill,NULL,09/11/2013
27612,NULL,4819,Lucas Hill,NULL,05/06/2011
27500,NULL,16658,Luis Hill,NULL,02/12/2013
19576,NULL,10107,Mackenzie Hill,NULL,15/09/2013
27574,NULL,10696,Madeline Hill,NULL,09/04/2014
15999,NULL,10690,Maria Hill,NULL,06/02/2014
25622,NULL,10094,Mary Hill,NULL,15/11/2013
18442,NULL,16679,Mason Hill,NULL,17/05/2014
22433,NULL,4114,Miguel Hill,NULL,30/01/2014
11320,NULL,10675,Morgan Hill,NULL,19/01/2014
28834,NULL,10678,Natalie Hill,NULL,19/07/2012
12615,NULL,16632,Nathan Hill,NULL,22/03/2014
26192,NULL,16576,Noah Hill,NULL,24/03/2014
15424,NULL,10694,Rebecca Hill,NULL,21/05/2014
25503,NULL,4573,Richard Hill,NULL,07/12/2013
12935,NULL,16590,Robert Hill,NULL,21/09/2013
12207,NULL,16514,Samuel Hill,NULL,11/09/2013
17011,NULL,10109,Sara Hill,NULL,08/10/2013
12409,NULL,10115,Savannah Hill,NULL,09/04/2014
23463,NULL,16692,Sean Hill,NULL,07/03/2014
25342,NULL,4346,Seth Hill,NULL,04/10/2013
20343,NULL,10104,Sierra Hill,NULL,09/07/2013
14434,NULL,10092,Sophia Hill,NULL,05/12/2013
19992,NULL,10687,Stephanie Hill,NULL,24/04/2014
26482,NULL,10681,Sydney Hill,NULL,20/10/2012
26619,NULL,16630,Thomas Hill,NULL,17/01/2014
14871,NULL,16693,Timothy Hill,NULL,24/01/2014
11016,NULL,3800,Wyatt Hill,NULL,12/07/2013
11258,NULL,4422,Xavier Hill,NULL,15/12/2013
28350,NULL,12014,Alisha Holt,NULL,18/01/2014
19523,NULL,17538,Brittney Holt,NULL,17/10/2013
16534,NULL,5895,Claudia Holt,NULL,24/03/2014
23618,NULL,5323,Dale Holt,NULL,11/07/2013
27946,NULL,20617,Katie Holt,NULL,21/04/2014
16518,NULL,17360,Krystal Holt,NULL,26/08/2013
26306,NULL,5749,Kyle Holt,NULL,28/06/2013
27140,NULL,13267,Roger Holt,NULL,17/01/2014
12169,NULL,3937,Abigail Howard,NULL,18/08/2013
12973,NULL,14868,Adrian Howard,NULL,26/05/2014
22056,NULL,14830,Alex Howard,NULL,07/02/2014
15381,NULL,8569,Alexa Howard,NULL,10/06/2014
20736,NULL,2780,Alexandra Howard,NULL,23/05/2014
11981,NULL,8596,Alexandria Howard,NULL,30/06/2014
27046,NULL,8560,Allison Howard,NULL,16/09/2013
11513,NULL,20136,Alyssa Howard,NULL,08/11/2013
13453,NULL,3009,Amanda Howard,NULL,17/11/2013
14742,NULL,8562,Andrea Howard,NULL,17/01/2014
23223,NULL,14827,Angel Howard,NULL,18/07/2013
24751,NULL,8599,Angela Howard,NULL,28/11/2013
24957,NULL,3638,Anna Howard,NULL,04/12/2013
21260,NULL,8571,Ariana Howard,NULL,27/02/2014
20743,NULL,8600,Arianna Howard,NULL,01/04/2014
13885,NULL,14845,Brian Howard,NULL,02/11/2013
24630,NULL,19211,Brianna Howard,NULL,29/10/2013
26461,NULL,8577,Brooke Howard,NULL,02/06/2014
24314,NULL,14863,Bryan Howard,NULL,17/08/2013
16108,NULL,14848,Bryce Howard,NULL,21/03/2014
25283,NULL,8573,Caitlin Howard,NULL,22/12/2013
27891,NULL,14826,Carlos Howard,NULL,13/02/2014
11170,NULL,3164,Carol Howard,NULL,31/05/2014
22346,NULL,8564,Catherine Howard,NULL,01/08/2013
13319,NULL,14873,Charles Howard,NULL,21/10/2013
18892,NULL,14853,Chase Howard,NULL,17/04/2014
21819,NULL,20258,Chloe Howard,NULL,09/08/2013
28633,NULL,8570,Christina Howard,NULL,27/09/2013
28782,NULL,14869,Cody Howard,NULL,24/06/2014
25260,NULL,14887,Dalton Howard,NULL,31/01/2014
28357,NULL,8566,Danielle Howard,NULL,20/05/2014
26788,NULL,20031,Destiny Howard,NULL,07/07/2013
24949,NULL,14875,Devin Howard,NULL,31/03/2014
20523,NULL,19509,Emma Howard,NULL,29/04/2014
18362,NULL,8589,Erin Howard,NULL,02/05/2014
13700,NULL,14831,Evan Howard,NULL,28/05/2014
13656,NULL,8605,Faith Howard,NULL,14/12/2013
20437,NULL,8553,Gabriella Howard,NULL,12/12/2013
14660,NULL,3310,Gabrielle Howard,NULL,10/01/2014
18976,NULL,14865,Garrett Howard,NULL,02/05/2014
20864,NULL,19614,Grace Howard,NULL,14/02/2014
24029,NULL,3394,Haley Howard,NULL,03/05/2014
28275,NULL,14879,Ian Howard,NULL,17/05/2014
16893,NULL,14835,Isaac Howard,NULL,19/03/2014
28869,NULL,2399,Isabella Howard,NULL,04/10/2013
25981,NULL,14829,Isaiah Howard,NULL,14/11/2013
19285,NULL,8602,Jacqueline Howard,NULL,19/04/2014
17658,NULL,8591,Jade Howard,NULL,26/01/2014
26622,NULL,8557,Jan Howard,NULL,02/01/2014
28053,NULL,14861,Jared Howard,NULL,15/09/2013
16264,NULL,20467,Jennifer Howard,NULL,26/04/2014
14639,NULL,14888,Jeremiah Howard,NULL,15/12/2013
24249,NULL,14836,Jesse Howard,NULL,25/02/2014
23564,NULL,3484,Jessica Howard,NULL,15/02/2014
18180,NULL,14855,Juan Howard,NULL,10/10/2013
17552,NULL,20359,Julia Howard,NULL,16/04/2014
19548,NULL,20579,Kaitlyn Howard,NULL,12/08/2013
19174,NULL,8558,Katelyn Howard,NULL,23/04/2014
14915,NULL,2934,Katherine Howard,NULL,30/03/2014
26808,NULL,8580,Kimberly Howard,NULL,06/05/2014
27086,NULL,3712,Lauren Howard,NULL,16/02/2013
13721,NULL,14881,Lucas Howard,NULL,02/03/2014
16251,NULL,8582,Makayla Howard,NULL,20/05/2014
22216,NULL,14878,Marcus Howard,NULL,11/11/2013
23035,NULL,3239,Maria Howard,NULL,14/01/2014
14918,NULL,8592,Mariah Howard,NULL,04/01/2014
27920,NULL,19104,Mary Howard,NULL,09/04/2014
21397,NULL,14833,Mason Howard,NULL,17/12/2013
21604,NULL,8593,Melanie Howard,NULL,16/04/2014
21919,NULL,8609,Melissa Howard,NULL,26/04/2014
23152,NULL,8574,Michelle Howard,NULL,08/04/2014
22971,NULL,20684,Morgan Howard,NULL,09/12/2011
13491,NULL,2703,Natalie Howard,NULL,15/06/2014
15502,NULL,14851,Nathaniel Howard,NULL,29/05/2014
28183,NULL,19914,Nicole Howard,NULL,07/08/2011
24098,NULL,19316,Olivia Howard,NULL,16/03/2014
29334,NULL,8603,Paige Howard,NULL,14/01/2012
12797,NULL,14843,Patrick Howard,NULL,23/11/2013
13279,NULL,19716,Rachel Howard,NULL,23/10/2013
15428,NULL,14877,Richard Howard,NULL,11/05/2014
22326,NULL,8610,Riley Howard,NULL,08/04/2014
18956,NULL,8555,Sara Howard,NULL,23/05/2014
23839,NULL,8559,Savannah Howard,NULL,15/09/2013
14647,NULL,14840,Sean Howard,NULL,23/01/2014
11595,NULL,14858,Sebastian Howard,NULL,01/06/2014
28790,NULL,14882,Seth Howard,NULL,04/10/2011
22244,NULL,8586,Shelby Howard,NULL,05/09/2013
25193,NULL,3084,Stephanie Howard,NULL,03/11/2013
13923,NULL,14867,Steven Howard,NULL,10/09/2013
21644,NULL,2852,Sydney Howard,NULL,24/04/2014
11266,NULL,3560,Taylor Howard,NULL,22/06/2013
26356,NULL,14841,Timothy Howard,NULL,23/10/2013
27440,NULL,8587,Trinity Howard,NULL,17/03/2014
21525,NULL,19402,Victoria Howard,NULL,19/07/2013
18395,NULL,14884,Xavier Howard,NULL,08/05/2014
15870,NULL,8567,Zoe Howard,NULL,18/10/2013
27981,NULL,5835,Aimee Hu,NULL,03/07/2013
11676,NULL,17338,Alan Hu,NULL,11/05/2014
13125,NULL,12513,Alejandro Hu,NULL,22/05/2014
24136,NULL,11981,Alisha Hu,NULL,02/09/2013
11449,NULL,4748,Alvin Hu,NULL,24/11/2013
14320,NULL,20732,Amy Hu,NULL,18/02/2014
14663,NULL,10169,Arturo Hu,NULL,18/04/2014
19567,NULL,11579,Barbara Hu,NULL,23/10/2013
23381,NULL,4820,Bianca Hu,NULL,30/06/2014
14160,NULL,17577,Brittney Hu,NULL,11/03/2014
27818,NULL,16772,Candice Hu,NULL,29/05/2014
20608,NULL,4868,Cara Hu,NULL,27/12/2013
26969,NULL,3633,Cedric Hu,NULL,18/12/2013
20912,NULL,11374,Christy Hu,NULL,10/03/2014
19300,NULL,6934,Clarence Hu,NULL,10/02/2014
12747,NULL,12293,Colleen Hu,NULL,12/03/2014
27980,NULL,20777,Crystal Hu,NULL,16/10/2013
27880,NULL,18273,Curtis Hu,NULL,11/09/2013
12029,NULL,10125,Damien Hu,NULL,02/01/2014
24868,NULL,5657,Darryl Hu,NULL,17/12/2013
20797,NULL,12197,Dawn Hu,NULL,09/11/2013
20600,NULL,17925,Dennis Hu,NULL,18/12/2013
24240,NULL,13172,Edwin Hu,NULL,21/05/2014
11481,NULL,2492,Erica Hu,NULL,21/09/2013
25388,NULL,6490,Ernest Hu,NULL,22/10/2013
27882,NULL,8004,Franklin Hu,NULL,12/09/2013
28767,NULL,9085,Gilbert Hu,NULL,26/10/2013
24897,NULL,5716,Glenn Hu,NULL,15/12/2013
24123,NULL,2648,Heather Hu,NULL,07/12/2013
24576,NULL,5430,Jake Hu,NULL,11/12/2013
26772,NULL,2467,Jamie Hu,NULL,03/06/2014
21132,NULL,18073,Jeffery Hu,NULL,05/11/2013
16634,NULL,11472,Jenny Hu,NULL,24/03/2014
19331,NULL,5545,Jessie Hu,NULL,30/05/2014
25664,NULL,13568,Jon Hu,NULL,21/03/2014
13278,NULL,18326,Jorge Hu,NULL,05/10/2013
23691,NULL,17426,Karen Hu,NULL,12/11/2013
16316,NULL,12087,Kelli Hu,NULL,18/06/2013
12825,NULL,19783,Kelvin Hu,NULL,23/04/2014
19788,NULL,2517,Kristen Hu,NULL,12/10/2013
13012,NULL,17384,Krystal Hu,NULL,20/03/2014
19948,NULL,12396,Lacey Hu,NULL,07/10/2013
29203,NULL,2410,Laura Hu,NULL,05/12/2013
11994,NULL,17475,Leah Hu,NULL,23/01/2014
21118,NULL,2435,Lisa Hu,NULL,16/12/2013
16187,NULL,13060,Louis Hu,NULL,25/04/2014
26797,NULL,11188,Marshall Hu,NULL,12/04/2014
13464,NULL,4932,Martha Hu,NULL,16/11/2013
16541,NULL,5372,Micah Hu,NULL,12/05/2014
28954,NULL,12718,Omar Hu,NULL,19/09/2013
11418,NULL,12831,Rafael Hu,NULL,19/05/2014
23439,NULL,6439,Ramon Hu,NULL,15/08/2013
14976,NULL,18179,Randy Hu,NULL,09/11/2013
26383,NULL,5597,Ronnie Hu,NULL,04/01/2014
12321,NULL,4987,Rosa Hu,NULL,23/04/2014
27817,NULL,17682,Sandra Hu,NULL,19/05/2014
19438,NULL,2546,Shannon Hu,NULL,04/05/2014
12696,NULL,17627,Stacey Hu,NULL,18/06/2014
16294,NULL,6541,Steve Hu,NULL,05/12/2013
25242,NULL,17780,Susan Hu,NULL,07/01/2014
15004,NULL,5044,Suzanne Hu,NULL,04/01/2014
24789,NULL,11876,Tamara Hu,NULL,27/02/2014
20856,NULL,20687,Tiffany Hu,NULL,17/09/2013
26951,NULL,4760,Trisha Hu,NULL,05/06/2014
15044,NULL,17524,Valerie Hu,NULL,29/01/2014
28372,NULL,17975,Vincent Hu,NULL,29/03/2014
23264,NULL,12223,Warren Hu,NULL,21/12/2013
23088,NULL,18124,Wesley Hu,NULL,11/07/2013
23160,NULL,5797,Aimee Huang,NULL,17/02/2014
12671,NULL,17306,Alan Huang,NULL,29/01/2014
11464,NULL,12478,Alejandro Huang,NULL,01/12/2013
17780,NULL,11948,Alisha Huang,NULL,11/05/2014
12491,NULL,4414,Alvin Huang,NULL,02/01/2014
12244,NULL,20707,Amy Huang,NULL,17/10/2013
28952,NULL,9835,Arturo Huang,NULL,26/08/2013
23489,NULL,5917,Autumn Huang,NULL,27/05/2014
26442,NULL,11546,Barbara Huang,NULL,02/04/2014
21022,NULL,4777,Bianca Huang,NULL,22/07/2013
18220,NULL,17997,Brent Huang,NULL,09/06/2013
24856,NULL,17798,Candice Huang,NULL,11/03/2014
26251,NULL,3265,Cedric Huang,NULL,14/05/2014
18647,NULL,11340,Christy Huang,NULL,06/12/2013
19341,NULL,6583,Clarence Huang,NULL,05/06/2013
23990,NULL,5860,Claudia Huang,NULL,10/04/2014
20712,NULL,13431,Colin Huang,NULL,09/11/2013
21379,NULL,12260,Colleen Huang,NULL,21/10/2013
26023,NULL,20754,Crystal Huang,NULL,26/02/2014
16524,NULL,6665,Damien Huang,NULL,28/09/2013
11943,NULL,12160,Dawn Huang,NULL,15/05/2014
11945,NULL,17894,Dennis Huang,NULL,28/02/2014
15195,NULL,13131,Edwin Huang,NULL,25/01/2014
11220,NULL,2477,Erica Huang,NULL,15/05/2014
20580,NULL,6462,Ernest Huang,NULL,13/08/2013
11001,NULL,5454,Eugene Huang,NULL,12/05/2014
22612,NULL,7670,Franklin Huang,NULL,07/01/2014
15927,NULL,8741,Gilbert Huang,NULL,02/12/2013
14613,NULL,5678,Glenn Huang,NULL,07/12/2013
26276,NULL,2632,Heather Huang,NULL,20/04/2014
18148,NULL,12911,Jaclyn Huang,NULL,09/10/2013
19589,NULL,5395,Jake Huang,NULL,06/02/2014
19986,NULL,2444,Jamie Huang,NULL,02/09/2013
25755,NULL,18045,Jeffery Huang,NULL,29/01/2014
13817,NULL,11444,Jenny Huang,NULL,13/11/2013
12662,NULL,5513,Jessie Huang,NULL,14/05/2014
22508,NULL,13535,Jon Huang,NULL,14/04/2014
17291,NULL,18293,Jorge Huang,NULL,19/09/2013
23961,NULL,17398,Karen Huang,NULL,27/01/2014
18933,NULL,12058,Kelli Huang,NULL,09/01/2014
14560,NULL,16903,Kelvin Huang,NULL,01/11/2013
25100,NULL,2503,Kristen Huang,NULL,05/07/2012
11951,NULL,12363,Lacey Huang,NULL,14/04/2014
18185,NULL,2390,Laura Huang,NULL,11/02/2014
15111,NULL,17450,Leah Huang,NULL,18/06/2014
14102,NULL,2420,Lisa Huang,NULL,01/01/2014
23778,NULL,14155,Louis Huang,NULL,25/03/2014
18266,NULL,5740,Mandy Huang,NULL,19/01/2014
17070,NULL,17703,Margaret Huang,NULL,23/07/2013
13611,NULL,10869,Marshall Huang,NULL,07/06/2014
26408,NULL,4898,Martha Huang,NULL,28/01/2014
25130,NULL,6560,Micah Huang,NULL,09/10/2013
14232,NULL,12685,Omar Huang,NULL,12/10/2013
18520,NULL,12793,Rafael Huang,NULL,16/09/2013
13058,NULL,6403,Ramon Huang,NULL,22/06/2013
24007,NULL,18150,Randy Huang,NULL,20/01/2014
13778,NULL,13232,Roger Huang,NULL,27/06/2013
20047,NULL,5570,Ronnie Huang,NULL,29/10/2013
15181,NULL,4953,Rosa Huang,NULL,08/03/2014
16523,NULL,17649,Sandra Huang,NULL,06/09/2013
11515,NULL,2528,Shannon Huang,NULL,20/09/2013
25443,NULL,17593,Stacey Huang,NULL,20/11/2013
23974,NULL,17748,Susan Huang,NULL,24/05/2014
25533,NULL,5006,Suzanne Huang,NULL,29/12/2013
14053,NULL,13023,Tamara Huang,NULL,11/07/2013
21723,NULL,2660,Tiffany Huang,NULL,24/04/2014
12463,NULL,18199,Todd Huang,NULL,06/11/2013
11578,NULL,4728,Trisha Huang,NULL,12/08/2013
26745,NULL,17491,Valerie Huang,NULL,06/03/2014
18703,NULL,17946,Vincent Huang,NULL,29/08/2013
29320,NULL,18094,Wesley Huang,NULL,29/01/2014
28133,NULL,13345,Willie Huang,NULL,02/05/2014
26694,NULL,5495,Aaron Hughes,NULL,01/02/2014
24764,NULL,3968,Abigail Hughes,NULL,14/01/2014
19122,NULL,12193,Abigail Hughes,NULL,03/09/2013
24546,NULL,5243,Adam Hughes,NULL,15/09/2013
28858,NULL,12914,Aidan Hughes,NULL,07/11/2013
20440,NULL,2813,Alexandra Hughes,NULL,26/10/2013
27625,NULL,7620,Alexandria Hughes,NULL,11/04/2014
21395,NULL,7111,Alexia Hughes,NULL,07/06/2014
24081,NULL,12763,Alexis Hughes,NULL,07/02/2014
17268,NULL,20201,Alyssa Hughes,NULL,20/04/2014
16189,NULL,3042,Amanda Hughes,NULL,10/05/2014
15948,NULL,7663,Angela Hughes,NULL,12/02/2014
18477,NULL,7151,Angelica Hughes,NULL,26/07/2013
19705,NULL,3671,Anna Hughes,NULL,07/04/2014
15913,NULL,13207,Antonio Hughes,NULL,27/08/2013
16888,NULL,7707,Arianna Hughes,NULL,11/07/2013
14925,NULL,12584,Ashley Hughes,NULL,29/08/2013
18368,NULL,6250,Austin Hughes,NULL,21/05/2014
18318,NULL,6711,Benjamin Hughes,NULL,03/03/2014
27247,NULL,13602,Blake Hughes,NULL,18/10/2013
11159,NULL,19259,Brianna Hughes,NULL,09/04/2014
14387,NULL,7195,Brittany Hughes,NULL,02/10/2013
15910,NULL,5550,Caleb Hughes,NULL,22/08/2013
12421,NULL,6298,Cameron Hughes,NULL,12/08/2013
28302,NULL,6787,Caroline Hughes,NULL,06/08/2013
23807,NULL,13253,Carson Hughes,NULL,28/03/2014
13294,NULL,6827,Cassidy Hughes,NULL,08/03/2014
12755,NULL,20308,Chloe Hughes,NULL,03/01/2014
11522,NULL,6762,Christian Hughes,NULL,04/07/2013
14488,NULL,5598,Connor Hughes,NULL,11/03/2014
13097,NULL,13465,Dalton Hughes,NULL,08/09/2013
26472,NULL,6664,David Hughes,NULL,20/08/2013
18846,NULL,12957,Deb Hughes,NULL,05/06/2014
28027,NULL,20087,Destiny Hughes,NULL,09/04/2014
22861,NULL,13706,Devin Hughes,NULL,24/12/2013
13951,NULL,6964,Dylan Hughes,NULL,26/02/2014
15564,NULL,13743,Eduardo Hughes,NULL,06/02/2014
20023,NULL,13646,Edward Hughes,NULL,06/02/2014
25167,NULL,5899,Elijah Hughes,NULL,22/04/2014
27029,NULL,12676,Elizabeth Hughes,NULL,14/06/2014
18123,NULL,13001,Emily Hughes,NULL,03/08/2013
15012,NULL,19555,Emma Hughes,NULL,22/05/2014
28772,NULL,5291,Eric Hughes,NULL,07/10/2011
18850,NULL,6499,Ethan Hughes,NULL,07/05/2014
16963,NULL,7822,Faith Hughes,NULL,02/09/2013
20120,NULL,13115,Fernando Hughes,NULL,09/09/2013
22286,NULL,5846,Gabriel Hughes,NULL,12/10/2013
23724,NULL,3347,Gabrielle Hughes,NULL,19/04/2014
26044,NULL,13298,Gavin Hughes,NULL,20/09/2013
13074,NULL,19656,Grace Hughes,NULL,02/10/2013
17016,NULL,3200,Hailey Hughes,NULL,19/07/2013
23127,NULL,3429,Haley Hughes,NULL,11/10/2013
14035,NULL,6049,Hunter Hughes,NULL,27/12/2013
21399,NULL,13880,Ian Hughes,NULL,31/03/2014
23048,NULL,2577,Isabella Hughes,NULL,01/10/2013
24429,NULL,7517,Isabelle Hughes,NULL,20/07/2013
16677,NULL,5193,Jack Hughes,NULL,31/12/2013
27456,NULL,5338,Jackson Hughes,NULL,17/03/2014
26277,NULL,7747,Jacqueline Hughes,NULL,02/05/2014
21495,NULL,6365,James Hughes,NULL,30/05/2014
27628,NULL,19859,Jasmine Hughes,NULL,05/01/2014
12952,NULL,20521,Jennifer Hughes,NULL,13/01/2014
19161,NULL,13518,Jeremiah Hughes,NULL,01/10/2013
23668,NULL,3521,Jessica Hughes,NULL,16/03/2014
20013,NULL,7242,Jocelyn Hughes,NULL,25/05/2014
22282,NULL,6409,Jonathan Hughes,NULL,02/07/2013
26244,NULL,5150,Jordan Hughes,NULL,29/01/2014
24440,NULL,6872,Jordyn Hughes,NULL,24/09/2013
26175,NULL,6207,Jose Hughes,NULL,17/08/2013
25061,NULL,20409,Julia Hughes,NULL,23/06/2012
11722,NULL,13337,Julian Hughes,NULL,11/04/2014
18122,NULL,6613,Justin Hughes,NULL,27/03/2014
20339,NULL,20625,Kaitlyn Hughes,NULL,27/08/2013
18845,NULL,2971,Katherine Hughes,NULL,22/09/2013
14982,NULL,12720,Kayla Hughes,NULL,03/09/2013
26272,NULL,7553,Kelly Hughes,NULL,09/07/2013
25354,NULL,5805,Kevin Hughes,NULL,30/04/2014
23109,NULL,19049,Lauren Hughes,NULL,20/07/2013
22519,NULL,6458,Logan Hughes,NULL,02/04/2014
26657,NULL,13925,Lucas Hughes,NULL,17/06/2013
13084,NULL,5442,Luis Hughes,NULL,09/11/2013
27014,NULL,5650,Luke Hughes,NULL,10/03/2014
14426,NULL,13087,Madison Hughes,NULL,16/11/2013
17438,NULL,13834,Marcus Hughes,NULL,28/02/2014
25402,NULL,3276,Maria Hughes,NULL,14/11/2013
24435,NULL,8092,Mariah Hughes,NULL,18/09/2013
24726,NULL,7072,Marissa Hughes,NULL,02/02/2014
13947,NULL,19152,Megan Hughes,NULL,26/11/2013
11985,NULL,8130,Melanie Hughes,NULL,07/06/2014
14106,NULL,7338,Melissa Hughes,NULL,28/09/2013
26678,NULL,7282,Miranda Hughes,NULL,02/01/2014
11642,NULL,20730,Morgan Hughes,NULL,26/06/2014
26344,NULL,2737,Natalie Hughes,NULL,14/09/2013
12113,NULL,5951,Nathan Hughes,NULL,01/11/2013
27620,NULL,19972,Nicole Hughes,NULL,22/02/2014
14005,NULL,6101,Noah Hughes,NULL,01/11/2013
12872,NULL,19355,Olivia Hughes,NULL,30/04/2014
22590,NULL,13381,Oscar Hughes,NULL,13/10/2013
17980,NULL,7786,Paige Hughes,NULL,20/03/2014
15401,NULL,19768,Rachel Hughes,NULL,21/03/2014
25382,NULL,13786,Richard Hughes,NULL,30/08/2013
29284,NULL,7375,Riley Hughes,NULL,13/05/2014
23588,NULL,6557,Ryan Hughes,NULL,01/10/2013
27215,NULL,12536,Samantha Hughes,NULL,23/03/2014
28167,NULL,6002,Samuel Hughes,NULL,25/08/2011
24946,NULL,12631,Sarah Hughes,NULL,21/09/2013
25914,NULL,13969,Seth Hughes,NULL,27/01/2014
17591,NULL,13155,Spencer Hughes,NULL,29/04/2014
26316,NULL,3121,Stephanie Hughes,NULL,18/07/2012
14285,NULL,3595,Taylor Hughes,NULL,07/10/2013
17420,NULL,5699,Thomas Hughes,NULL,24/04/2014
13552,NULL,12835,Trevor Hughes,NULL,18/05/2014
11477,NULL,12874,Tristan Hughes,NULL,25/02/2014
29038,NULL,7408,Vanessa Hughes,NULL,21/05/2014
19112,NULL,19454,Victoria Hughes,NULL,29/05/2014
26872,NULL,13683,Wyatt Hughes,NULL,17/01/2014
12203,NULL,7024,Zachary Hughes,NULL,07/06/2014
16116,NULL,13415,Begoña Hurtado,NULL,27/03/2014
13732,NULL,12051,Julian Isla,NULL,25/01/2014
28793,NULL,18298,Alexander Jackson,NULL,24/07/2013
24184,NULL,10719,Alexandra Jackson,NULL,08/01/2014
11524,NULL,11540,Alyssa Jackson,NULL,19/03/2014
20479,NULL,18887,Andrew Jackson,NULL,14/03/2014
20364,NULL,11596,Anna Jackson,NULL,23/05/2014
26674,NULL,12427,Ashley Jackson,NULL,18/12/2013
13570,NULL,18161,Benjamin Jackson,NULL,30/05/2014
28821,NULL,4160,Blake Jackson,NULL,11/11/2011
13342,NULL,18288,Brandon Jackson,NULL,09/04/2014
15377,NULL,11723,Brianna Jackson,NULL,23/06/2014
24752,NULL,17463,Cameron Jackson,NULL,22/10/2013
11277,NULL,4855,Charles Jackson,NULL,18/06/2014
23864,NULL,11588,Chloe Jackson,NULL,29/12/2013
27623,NULL,18154,Christian Jackson,NULL,08/04/2014
19768,NULL,18142,Christopher Jackson,NULL,21/09/2013
28125,NULL,4469,Dalton Jackson,NULL,15/05/2014
21270,NULL,18648,Daniel Jackson,NULL,06/12/2013
20412,NULL,18009,David Jackson,NULL,05/10/2013
20529,NULL,11496,Destiny Jackson,NULL,06/12/2013
15836,NULL,4929,Devin Jackson,NULL,16/03/2014
18832,NULL,18501,Dylan Jackson,NULL,14/05/2014
11749,NULL,5018,Eduardo Jackson,NULL,02/06/2014
29042,NULL,4245,Edward Jackson,NULL,13/06/2013
16837,NULL,11919,Elizabeth Jackson,NULL,19/05/2014
25092,NULL,12243,Emily Jackson,NULL,09/06/2013
16922,NULL,11865,Emma Jackson,NULL,24/06/2014
23274,NULL,17940,Ethan Jackson,NULL,30/07/2013
15328,NULL,3855,Fernando Jackson,NULL,19/01/2014
15006,NULL,11312,Grace Jackson,NULL,07/12/2013
13143,NULL,12288,Hannah Jackson,NULL,02/01/2014
12168,NULL,17067,Hunter Jackson,NULL,23/01/2014
22038,NULL,11230,Isabella Jackson,NULL,07/07/2013
26302,NULL,17615,James Jackson,NULL,17/05/2014
13295,NULL,11401,Jasmine Jackson,NULL,25/06/2014
13403,NULL,11096,Jennifer Jackson,NULL,14/10/2013
18400,NULL,3996,Jeremiah Jackson,NULL,30/05/2014
27443,NULL,12100,Jessica Jackson,NULL,27/09/2013
15431,NULL,18345,John Jackson,NULL,26/09/2013
14255,NULL,17691,Jonathan Jackson,NULL,11/11/2013
27538,NULL,17359,José Jackson,NULL,22/06/2014
23592,NULL,18934,Joseph Jackson,NULL,11/03/2014
17235,NULL,18785,Joshua Jackson,NULL,19/12/2013
22067,NULL,11054,Julia Jackson,NULL,26/09/2013
14392,NULL,17927,Justin Jackson,NULL,29/12/2013
27293,NULL,11137,Kaitlyn Jackson,NULL,22/07/2013
22758,NULL,10821,Katherine Jackson,NULL,04/09/2013
20060,NULL,11965,Kayla Jackson,NULL,07/01/2014
24767,NULL,11639,Lauren Jackson,NULL,31/01/2014
21751,NULL,17762,Logan Jackson,NULL,23/01/2014
25481,NULL,4790,Lucas Jackson,NULL,08/12/2013
19128,NULL,12331,Madison Jackson,NULL,13/09/2013
23835,NULL,4621,Marcus Jackson,NULL,08/04/2014
20493,NULL,18839,Matthew Jackson,NULL,16/04/2014
12794,NULL,11684,Megan Jackson,NULL,26/01/2014
23275,NULL,4085,Miguel Jackson,NULL,08/04/2014
19878,NULL,11185,Morgan Jackson,NULL,10/05/2014
19749,NULL,11272,Natalie Jackson,NULL,17/01/2014
22784,NULL,18998,Nicholas Jackson,NULL,08/12/2013
16787,NULL,11452,Nicole Jackson,NULL,27/04/2014
23740,NULL,17197,Noah Jackson,NULL,03/01/2014
27681,NULL,11766,Olivia Jackson,NULL,18/07/2011
20293,NULL,11352,Rachel Jackson,NULL,15/02/2014
20410,NULL,5095,Richard Jackson,NULL,10/09/2013
21323,NULL,17204,Robert Jackson,NULL,19/11/2013
26260,NULL,18000,Ryan Jackson,NULL,20/10/2013
25074,NULL,12379,Samantha Jackson,NULL,23/10/2013
18413,NULL,17845,Samuel Jackson,NULL,26/05/2014
11779,NULL,12475,Sarah Jackson,NULL,23/11/2013
12520,NULL,4313,Seth Jackson,NULL,14/03/2014
29282,NULL,12148,Taylor Jackson,NULL,01/06/2014
20368,NULL,17424,Thomas Jackson,NULL,06/10/2013
17042,NULL,18373,Tyler Jackson,NULL,27/10/2013
27019,NULL,11813,Victoria Jackson,NULL,13/02/2014
21579,NULL,3771,Wyatt Jackson,NULL,03/11/2013
16868,NULL,4391,Xavier Jackson,NULL,18/03/2014
26681,NULL,18560,Zachary Jackson,NULL,08/05/2014
23170,NULL,5533,Aaron Jai,NULL,03/02/2014
25095,NULL,5273,Adam Jai,NULL,03/07/2012
14973,NULL,19792,Alicia Jai,NULL,25/07/2013
23657,NULL,16653,Alison Jai,NULL,17/03/2014
19599,NULL,5072,Alvin Jai,NULL,19/11/2013
24841,NULL,5077,Andres Jai,NULL,19/05/2014
15660,NULL,20544,April Jai,NULL,27/05/2014
24180,NULL,10486,Arturo Jai,NULL,17/02/2014
11925,NULL,8958,Ashlee Jai,NULL,19/11/2013
23188,NULL,6289,Austin Jai,NULL,29/07/2013
11782,NULL,11607,Barbara Jai,NULL,16/02/2014
20466,NULL,6748,Benjamin Jai,NULL,22/06/2014
24834,NULL,17280,Bethany Jai,NULL,27/09/2013
11977,NULL,3698,Bonnie Jai,NULL,15/01/2014
18267,NULL,9396,Brad Jai,NULL,04/05/2014
12204,NULL,20296,Bradley Jai,NULL,22/11/2013
13716,NULL,6945,Brandon Jai,NULL,18/02/2014
26755,NULL,9344,Brendan Jai,NULL,16/05/2014
13548,NULL,8583,Bridget Jai,NULL,29/05/2014
22918,NULL,9173,Calvin Jai,NULL,08/03/2014
13361,NULL,6339,Cameron Jai,NULL,10/04/2014
27597,NULL,16960,Carl Jai,NULL,28/02/2014
22986,NULL,4505,Carly Jai,NULL,16/12/2013
22560,NULL,16297,Casey Jai,NULL,23/09/2013
28491,NULL,8896,Cassie Jai,NULL,20/04/2012
11672,NULL,20340,Chad Jai,NULL,18/02/2014
14814,NULL,19878,Christine Jai,NULL,08/08/2013
26979,NULL,11404,Christy Jai,NULL,03/02/2014
18010,NULL,7236,Clarence Jai,NULL,25/03/2014
12339,NULL,12646,Clayton Jai,NULL,03/01/2014
12138,NULL,13496,Colin Jai,NULL,31/01/2014
23831,NULL,12329,Colleen Jai,NULL,04/07/2013
27253,NULL,5630,Connor Jai,NULL,27/11/2012
29363,NULL,8737,Cristina Jai,NULL,06/04/2014
14806,NULL,13246,Damien Jai,NULL,13/11/2013
20951,NULL,9571,Darrell Jai,NULL,11/01/2014
23483,NULL,6694,David Jai,NULL,23/11/2013
15356,NULL,12224,Dawn Jai,NULL,07/08/2013
13613,NULL,20249,Derek Jai,NULL,02/12/2013
22978,NULL,4322,Devon Jai,NULL,02/06/2014
21562,NULL,9222,Drew Jai,NULL,16/03/2014
28569,NULL,2564,Dustin Jai,NULL,14/04/2014
23128,NULL,7005,Dylan Jai,NULL,27/11/2013
16921,NULL,13196,Edwin Jai,NULL,13/10/2013
23443,NULL,5380,Elijah Jai,NULL,20/03/2014
16153,NULL,5324,Eric Jai,NULL,12/01/2014
15217,NULL,6537,Ethan Jai,NULL,28/04/2014
28886,NULL,8320,Franklin Jai,NULL,05/05/2014
28590,NULL,5886,Gabriel Jai,NULL,19/08/2013
21185,NULL,9419,Gilbert Jai,NULL,02/06/2014
24200,NULL,9287,Grant Jai,NULL,30/03/2014
16342,NULL,2589,Gregory Jai,NULL,01/06/2014
28272,NULL,6084,Hunter Jai,NULL,14/04/2014
26327,NULL,5228,Jack Jai,NULL,14/01/2014
13355,NULL,4834,Jackson Jai,NULL,28/10/2013
13470,NULL,12981,Jaclyn Jai,NULL,22/05/2014
24894,NULL,9455,Jaime Jai,NULL,20/07/2013
13211,NULL,6398,James Jai,NULL,21/06/2014
27971,NULL,4706,Jodi Jai,NULL,01/04/2014
14082,NULL,17058,Johnny Jai,NULL,16/05/2014
21321,NULL,12435,Jon Jai,NULL,15/08/2013
24962,NULL,6442,Jonathan Jai,NULL,22/12/2013
26476,NULL,5181,Jordan Jai,NULL,07/01/2014
12944,NULL,5683,Jose Jai,NULL,04/02/2014
20808,NULL,19957,Julie Jai,NULL,26/11/2013
14962,NULL,6649,Justin Jai,NULL,25/06/2014
29201,NULL,16559,Kara Jai,NULL,01/12/2013
21665,NULL,5145,Karl Jai,NULL,21/09/2013
18263,NULL,3505,Karla Jai,NULL,06/05/2014
14706,NULL,4601,Kate Jai,NULL,06/02/2014
23546,NULL,19918,Kathryn Jai,NULL,23/09/2013
13044,NULL,16341,Katrina Jai,NULL,16/04/2014
21054,NULL,20503,Keith Jai,NULL,15/05/2014
22530,NULL,12123,Kelli Jai,NULL,24/02/2014
27837,NULL,16515,Kelsey Jai,NULL,18/07/2013
25796,NULL,2819,Kelvin Jai,NULL,08/03/2014
16202,NULL,2616,Kenneth Jai,NULL,11/03/2014
19836,NULL,5834,Kevin Jai,NULL,29/03/2014
15085,NULL,20582,Kristin Jai,NULL,13/12/2013
12723,NULL,4153,Kurt Jai,NULL,30/07/2013
25400,NULL,5786,Kyle Jai,NULL,17/11/2013
11371,NULL,11293,Lacey Jai,NULL,30/05/2014
21229,NULL,16388,Latoya Jai,NULL,20/02/2014
26282,NULL,5211,Leonard Jai,NULL,21/05/2014
17718,NULL,19831,Lindsay Jai,NULL,19/12/2013
23971,NULL,20664,Lindsey Jai,NULL,09/05/2014
12031,NULL,5932,Logan Jai,NULL,08/04/2014
18320,NULL,5480,Luis Jai,NULL,01/06/2014
28981,NULL,5136,Luke Jai,NULL,18/08/2013
15532,NULL,11507,Marshall Jai,NULL,19/05/2014
22932,NULL,9068,Maurice Jai,NULL,16/06/2013
27722,NULL,4377,Melvin Jai,NULL,10/03/2014
21225,NULL,8405,Michele Jai,NULL,18/02/2014
12209,NULL,4552,Mindy Jai,NULL,21/09/2013
17935,NULL,16469,Misty Jai,NULL,22/11/2013
13546,NULL,17140,Mitchell Jai,NULL,14/05/2014
20378,NULL,5988,Nathan Jai,NULL,18/07/2013
28348,NULL,16607,Nichole Jai,NULL,22/02/2014
21671,NULL,5269,Nicolas Jai,NULL,20/09/2013
15708,NULL,4444,Nina Jai,NULL,26/07/2013
25974,NULL,6137,Noah Jai,NULL,20/12/2013
23756,NULL,12752,Omar Jai,NULL,01/09/2013
13686,NULL,20422,Peter Jai,NULL,06/02/2014
17323,NULL,12866,Rafael Jai,NULL,17/05/2014
21720,NULL,9517,Raul Jai,NULL,23/07/2013
14373,NULL,17008,Ricardo Jai,NULL,21/11/2013
21492,NULL,6192,Robert Jai,NULL,31/10/2013
27003,NULL,13302,Roger Jai,NULL,03/02/2014
13873,NULL,16860,Russell Jai,NULL,13/11/2013
15871,NULL,6594,Ryan Jai,NULL,29/08/2013
16358,NULL,6033,Samuel Jai,NULL,25/02/2014
24999,NULL,17095,Shaun Jai,NULL,18/02/2014
25501,NULL,20382,Shawn Jai,NULL,14/05/2014
17750,NULL,3577,Shawna Jai,NULL,19/09/2013
28686,NULL,8682,Sheena Jai,NULL,18/02/2014
27363,NULL,19998,Tara Jai,NULL,09/12/2013
19771,NULL,8629,Tasha Jai,NULL,09/07/2013
27956,NULL,4262,Terrence Jai,NULL,24/07/2013
18046,NULL,17236,Terry Jai,NULL,09/03/2014
12904,NULL,5736,Thomas Jai,NULL,01/02/2014
15027,NULL,4207,Tommy Jai,NULL,14/02/2014
20503,NULL,17185,Tony Jai,NULL,17/09/2013
17783,NULL,16425,Tracy Jai,NULL,21/08/2013
16483,NULL,19122,Warren Jai,NULL,23/04/2014
26388,NULL,9121,Wayne Jai,NULL,10/05/2014
23637,NULL,3634,Yolanda Jai,NULL,10/02/2014
18732,NULL,6486,Zachary Jai,NULL,29/06/2014
24497,NULL,3944,Abigail James,NULL,07/07/2013
25340,NULL,14020,Adrian James,NULL,20/04/2014
27397,NULL,14593,Alex James,NULL,25/04/2014
24334,NULL,8366,Alexa James,NULL,14/05/2014
12822,NULL,2788,Alexandra James,NULL,28/04/2014
28604,NULL,8356,Allison James,NULL,08/07/2013
21794,NULL,20154,Alyssa James,NULL,03/04/2014
22345,NULL,3016,Amanda James,NULL,20/07/2013
28023,NULL,8358,Andrea James,NULL,05/06/2014
23690,NULL,14589,Angel James,NULL,04/07/2013
11153,NULL,8391,Angela James,NULL,29/08/2013
20338,NULL,3646,Anna James,NULL,23/03/2014
23282,NULL,8369,Ariana James,NULL,01/10/2013
25799,NULL,8392,Arianna James,NULL,02/07/2013
22972,NULL,8343,Bailey James,NULL,28/10/2013
21774,NULL,14004,Brian James,NULL,14/05/2014
17010,NULL,19223,Brianna James,NULL,17/04/2014
18745,NULL,8375,Brooke James,NULL,11/05/2014
13431,NULL,14015,Bryan James,NULL,13/11/2013
13466,NULL,14005,Bryce James,NULL,18/05/2014
15503,NULL,8370,Caitlin James,NULL,10/05/2014
28355,NULL,14588,Carlos James,NULL,17/09/2011
24632,NULL,8360,Catherine James,NULL,28/11/2013
28523,NULL,14025,Charles James,NULL,16/11/2013
25909,NULL,14008,Chase James,NULL,09/02/2014
17409,NULL,8367,Christina James,NULL,01/03/2014
26339,NULL,20268,Cindy James,NULL,03/01/2014
12176,NULL,14022,Cody James,NULL,16/06/2014
20411,NULL,14013,Cole James,NULL,14/10/2013
25084,NULL,14042,Dalton James,NULL,14/05/2014
12978,NULL,8361,Danielle James,NULL,05/12/2013
11788,NULL,20045,Destiny James,NULL,20/01/2014
20031,NULL,14026,Devin James,NULL,11/10/2013
23702,NULL,14027,Eduardo James,NULL,24/06/2014
12781,NULL,19522,Emma James,NULL,18/11/2013
16237,NULL,8383,Erin James,NULL,02/08/2013
11119,NULL,14595,Evan James,NULL,25/04/2014
15608,NULL,8397,Faith James,NULL,28/01/2014
22594,NULL,8347,Gabriella James,NULL,06/04/2014
12725,NULL,3321,Gabrielle James,NULL,18/01/2014
12443,NULL,14016,Garrett James,NULL,20/06/2014
17471,NULL,19623,Grace James,NULL,04/01/2014
25970,NULL,3171,Hailey James,NULL,26/03/2014
15899,NULL,14034,Ian James,NULL,29/01/2014
18640,NULL,14598,Isaac James,NULL,08/08/2013
17132,NULL,2452,Isabella James,NULL,07/05/2014
14630,NULL,14590,Isaiah James,NULL,04/04/2014
17209,NULL,8394,Jacqueline James,NULL,06/01/2014
26400,NULL,8384,Jade James,NULL,07/08/2013
13731,NULL,8350,Jan James,NULL,25/06/2014
15504,NULL,14014,Jared James,NULL,19/10/2013
17170,NULL,19826,Jasmine James,NULL,14/09/2013
29164,NULL,20476,Jennifer James,NULL,09/11/2013
11661,NULL,14047,Jeremiah James,NULL,16/05/2014
23473,NULL,14604,Jesse James,NULL,31/07/2013
19840,NULL,3494,Jessica James,NULL,30/05/2014
13458,NULL,3402,Joan James,NULL,10/07/2013
23267,NULL,14009,Juan James,NULL,19/08/2013
24975,NULL,20370,Julia James,NULL,20/03/2014
15562,NULL,20590,Kaitlyn James,NULL,02/07/2013
29207,NULL,8352,Katelyn James,NULL,24/12/2011
28178,NULL,2940,Katherine James,NULL,06/01/2012
23214,NULL,8355,Kaylee James,NULL,21/03/2014
18881,NULL,8377,Kimberly James,NULL,25/05/2014
28815,NULL,3718,Lauren James,NULL,20/04/2014
27056,NULL,8345,Mackenzie James,NULL,08/01/2013
29258,NULL,8378,Makayla James,NULL,27/02/2014
23719,NULL,14031,Marcus James,NULL,15/06/2014
16243,NULL,3248,Maria James,NULL,26/01/2014
19104,NULL,8388,Mariah James,NULL,22/06/2014
25360,NULL,14596,Mason James,NULL,15/03/2014
18891,NULL,19114,Megan James,NULL,02/06/2014
17546,NULL,8389,Melanie James,NULL,04/04/2014
13093,NULL,8371,Michelle James,NULL,23/09/2013
23245,NULL,20696,Morgan James,NULL,22/11/2013
21902,NULL,2712,Natalie James,NULL,04/04/2014
11867,NULL,14007,Nathaniel James,NULL,25/03/2014
16078,NULL,19933,Nicole James,NULL,11/02/2014
16755,NULL,19331,Olivia James,NULL,21/03/2014
26884,NULL,8395,Paige James,NULL,28/07/2013
19875,NULL,14003,Patrick James,NULL,24/09/2013
21077,NULL,19728,Rachel James,NULL,04/12/2013
15760,NULL,14030,Richard James,NULL,20/06/2014
26124,NULL,8398,Riley James,NULL,11/11/2013
19802,NULL,8348,Sara James,NULL,29/06/2011
23265,NULL,8354,Savannah James,NULL,04/12/2013
22068,NULL,14605,Sean James,NULL,12/09/2013
28770,NULL,14010,Sebastian James,NULL,21/07/2013
20272,NULL,14038,Seth James,NULL,24/02/2014
20112,NULL,8380,Shelby James,NULL,22/03/2014
19699,NULL,3094,Stephanie James,NULL,15/03/2014
24942,NULL,14018,Steven James,NULL,31/03/2014
14104,NULL,2860,Sydney James,NULL,01/09/2013
23451,NULL,3570,Taylor James,NULL,24/09/2013
21331,NULL,14606,Timothy James,NULL,13/06/2013
15161,NULL,8381,Trinity James,NULL,26/07/2013
18342,NULL,19415,Victoria James,NULL,26/10/2013
28595,NULL,14039,Xavier James,NULL,09/09/2013
14611,NULL,8363,Zoe James,NULL,15/03/2014
20497,NULL,12799,Francisco Javier Castrejón,NULL,31/07/2013
21240,NULL,5489,Aaron Jenkins,NULL,20/08/2013
15473,NULL,3962,Abigail Jenkins,NULL,02/05/2014
18633,NULL,5236,Adam Jenkins,NULL,17/03/2014
23030,NULL,12907,Aidan Jenkins,NULL,30/01/2014
11632,NULL,2806,Alexandra Jenkins,NULL,05/06/2014
19841,NULL,7613,Alexandria Jenkins,NULL,20/02/2014
28294,NULL,12754,Alexis Jenkins,NULL,26/09/2011
27755,NULL,20190,Alyssa Jenkins,NULL,06/10/2013
15214,NULL,3035,Amanda Jenkins,NULL,06/03/2014
15722,NULL,7655,Angela Jenkins,NULL,07/04/2014
20524,NULL,7139,Angelica Jenkins,NULL,28/10/2013
17234,NULL,3664,Anna Jenkins,NULL,09/05/2014
22793,NULL,13198,Antonio Jenkins,NULL,24/02/2014
20102,NULL,7699,Arianna Jenkins,NULL,14/02/2014
21091,NULL,12573,Ashley Jenkins,NULL,20/12/2013
15748,NULL,6243,Austin Jenkins,NULL,27/04/2014
28907,NULL,13594,Blake Jenkins,NULL,22/02/2014
20117,NULL,6899,Brandon Jenkins,NULL,26/08/2013
27455,NULL,19248,Brianna Jenkins,NULL,27/03/2014
14184,NULL,5540,Caleb Jenkins,NULL,29/12/2013
28624,NULL,13242,Carson Jenkins,NULL,17/01/2012
22482,NULL,6818,Cassidy Jenkins,NULL,10/06/2014
13979,NULL,20294,Chloe Jenkins,NULL,28/08/2013
13183,NULL,6754,Christian Jenkins,NULL,28/08/2013
20800,NULL,5592,Connor Jenkins,NULL,16/04/2014
20679,NULL,12948,Dakota Jenkins,NULL,25/08/2013
23203,NULL,13458,Dalton Jenkins,NULL,26/03/2014
17941,NULL,6655,David Jenkins,NULL,15/02/2014
17521,NULL,20072,Destiny Jenkins,NULL,04/12/2013
22383,NULL,13699,Devin Jenkins,NULL,01/01/2014
15773,NULL,6954,Dylan Jenkins,NULL,27/12/2013
24753,NULL,13734,Eduardo Jenkins,NULL,06/11/2013
28725,NULL,13637,Edward Jenkins,NULL,26/09/2013
17276,NULL,5891,Elijah Jenkins,NULL,03/07/2013
14166,NULL,12665,Elizabeth Jenkins,NULL,17/07/2013
26676,NULL,12994,Emily Jenkins,NULL,29/05/2014
24854,NULL,19548,Emma Jenkins,NULL,06/12/2013
26705,NULL,5281,Eric Jenkins,NULL,28/02/2014
27431,NULL,6492,Ethan Jenkins,NULL,27/04/2013
21630,NULL,7814,Faith Jenkins,NULL,16/07/2013
21903,NULL,13107,Fernando Jenkins,NULL,17/08/2013
27234,NULL,5840,Gabriel Jenkins,NULL,13/03/2013
21659,NULL,3338,Gabrielle Jenkins,NULL,06/04/2014
28033,NULL,13287,Gavin Jenkins,NULL,01/04/2014
29143,NULL,19646,Grace Jenkins,NULL,02/12/2011
23167,NULL,3190,Hailey Jenkins,NULL,22/02/2014
22337,NULL,3420,Haley Jenkins,NULL,16/03/2014
20401,NULL,13034,Hannah Jenkins,NULL,23/12/2013
21476,NULL,6037,Hunter Jenkins,NULL,25/03/2014
11013,NULL,13873,Ian Jenkins,NULL,23/06/2014
11796,NULL,7476,Isabel Jenkins,NULL,30/10/2013
23891,NULL,5187,Jack Jenkins,NULL,06/11/2013
26280,NULL,5330,Jackson Jenkins,NULL,21/05/2014
23693,NULL,7739,Jacqueline Jenkins,NULL,13/12/2013
25078,NULL,6346,James Jenkins,NULL,05/05/2014
18935,NULL,19849,Jasmine Jenkins,NULL,04/07/2013
12059,NULL,5384,Jason Jenkins,NULL,25/07/2013
29237,NULL,20509,Jennifer Jenkins,NULL,12/01/2014
26170,NULL,13509,Jeremiah Jenkins,NULL,07/06/2014
16850,NULL,3513,Jessica Jenkins,NULL,06/03/2014
16155,NULL,7181,Joan Jenkins,NULL,20/04/2014
22290,NULL,7233,Jocelyn Jenkins,NULL,05/11/2013
24107,NULL,6404,Jonathan Jenkins,NULL,04/04/2014
22788,NULL,5142,Jordan Jenkins,NULL,13/12/2013
25962,NULL,6863,Jordyn Jenkins,NULL,07/12/2013
14749,NULL,6198,Jose Jenkins,NULL,16/08/2013
19156,NULL,20397,Julia Jenkins,NULL,10/05/2014
16099,NULL,13328,Julian Jenkins,NULL,01/05/2014
17693,NULL,6605,Justin Jenkins,NULL,30/08/2013
14298,NULL,20618,Kaitlyn Jenkins,NULL,21/11/2013
22364,NULL,2961,Katherine Jenkins,NULL,18/12/2013
14777,NULL,12712,Kayla Jenkins,NULL,25/03/2014
12144,NULL,7546,Kelly Jenkins,NULL,07/04/2014
19868,NULL,5741,Kyle Jenkins,NULL,29/03/2014
14610,NULL,19041,Lauren Jenkins,NULL,26/12/2013
14449,NULL,6450,Logan Jenkins,NULL,02/12/2013
23338,NULL,13918,Lucas Jenkins,NULL,17/01/2014
28614,NULL,5434,Luis Jenkins,NULL,15/10/2013
26084,NULL,5640,Luke Jenkins,NULL,14/01/2014
19925,NULL,13079,Madison Jenkins,NULL,08/12/2013
22013,NULL,13825,Marcus Jenkins,NULL,16/05/2014
12068,NULL,3271,Maria Jenkins,NULL,28/04/2014
20530,NULL,8084,Mariah Jenkins,NULL,30/09/2013
12074,NULL,19144,Megan Jenkins,NULL,28/03/2014
17138,NULL,8123,Melanie Jenkins,NULL,23/08/2013
15997,NULL,7331,Melissa Jenkins,NULL,21/05/2014
25166,NULL,13551,Miguel Jenkins,NULL,25/02/2014
13387,NULL,7274,Miranda Jenkins,NULL,04/04/2014
22991,NULL,20717,Morgan Jenkins,NULL,03/11/2013
18511,NULL,7308,Mya Jenkins,NULL,17/05/2014
13312,NULL,2729,Natalie Jenkins,NULL,22/12/2013
12286,NULL,5940,Nathan Jenkins,NULL,18/09/2013
25076,NULL,19963,Nicole Jenkins,NULL,21/05/2014
24379,NULL,6091,Noah Jenkins,NULL,24/09/2013
19166,NULL,19350,Olivia Jenkins,NULL,13/02/2014
24416,NULL,13374,Oscar Jenkins,NULL,29/01/2014
18225,NULL,7778,Paige Jenkins,NULL,07/04/2014
15317,NULL,19758,Rachel Jenkins,NULL,09/10/2013
15546,NULL,6143,Robert Jenkins,NULL,20/05/2014
15971,NULL,6547,Ryan Jenkins,NULL,19/11/2013
11331,NULL,12526,Samantha Jenkins,NULL,26/06/2014
26045,NULL,5994,Samuel Jenkins,NULL,01/03/2014
24153,NULL,13958,Seth Jenkins,NULL,14/09/2013
14862,NULL,13147,Spencer Jenkins,NULL,27/01/2014
21470,NULL,3112,Stephanie Jenkins,NULL,20/06/2013
21303,NULL,2879,Sydney Jenkins,NULL,28/12/2013
22791,NULL,3587,Taylor Jenkins,NULL,23/09/2013
17167,NULL,5689,Thomas Jenkins,NULL,16/11/2013
11313,NULL,12824,Trevor Jenkins,NULL,28/04/2014
14786,NULL,12868,Tristan Jenkins,NULL,11/01/2014
13381,NULL,7401,Vanessa Jenkins,NULL,24/12/2013
25428,NULL,19442,Victoria Jenkins,NULL,07/11/2013
27987,NULL,13675,Wyatt Jenkins,NULL,06/05/2014
22537,NULL,13404,Xavier Jenkins,NULL,16/05/2014
17665,NULL,7013,Zachary Jenkins,NULL,05/04/2014
20935,NULL,13844,Desiree Jimenez,NULL,13/04/2014
17776,NULL,18647,Diana Jimenez,NULL,27/11/2013
20979,NULL,15466,Diane Jimenez,NULL,06/04/2014
14834,NULL,9680,Ebony Jimenez,NULL,11/05/2014
21989,NULL,19272,Erik Jimenez,NULL,26/08/2013
11075,NULL,14267,Felicia Jimenez,NULL,24/11/2013
11495,NULL,2416,Francis Jimenez,NULL,28/03/2014
21067,NULL,19318,Frank Jimenez,NULL,14/12/2013
16609,NULL,19022,Gary Jimenez,NULL,03/09/2013
23963,NULL,10763,Gerald Jimenez,NULL,20/01/2014
26257,NULL,14707,Hector Jimenez,NULL,03/02/2014
14304,NULL,6348,Jacquelyn Jimenez,NULL,23/03/2014
29095,NULL,12410,Jaime Jimenez,NULL,08/01/2014
28333,NULL,7049,Jaime Jimenez,NULL,09/07/2013
26825,NULL,14646,Jamie Jimenez,NULL,29/06/2013
17112,NULL,6230,Janet Jimenez,NULL,18/12/2013
11344,NULL,5432,Jessie Jimenez,NULL,23/12/2013
11028,NULL,15088,Jill Jimenez,NULL,09/03/2014
27365,NULL,15637,Jimmy Jimenez,NULL,19/11/2013
19071,NULL,11043,Joe Jimenez,NULL,03/10/2013
24084,NULL,14477,Jonathon Jimenez,NULL,08/08/2013
28312,NULL,13981,Joy Jimenez,NULL,13/10/2013
24005,NULL,6996,Julio Jimenez,NULL,11/01/2014
26654,NULL,18559,Kathleen Jimenez,NULL,17/06/2013
21287,NULL,15138,Kendra Jimenez,NULL,15/01/2014
18257,NULL,14216,Krista Jimenez,NULL,18/01/2014
23299,NULL,14322,Kristy Jimenez,NULL,29/07/2013
29466,NULL,14849,Lance Jimenez,NULL,15/11/2011
26363,NULL,18422,Larry Jimenez,NULL,20/04/2014
13121,NULL,6130,Latasha Jimenez,NULL,06/02/2014
21068,NULL,14437,Lawrence Jimenez,NULL,05/09/2013
25494,NULL,14398,Lee Jimenez,NULL,16/12/2013
21666,NULL,18516,Leslie Jimenez,NULL,24/02/2014
13767,NULL,13803,Linda Jimenez,NULL,15/05/2014
21024,NULL,14100,Lori Jimenez,NULL,20/07/2013
24727,NULL,7152,Mallory Jimenez,NULL,30/05/2014
16379,NULL,15686,Marc Jimenez,NULL,05/05/2014
24176,NULL,10099,Marie Jimenez,NULL,08/02/2014
13568,NULL,2681,Max Jimenez,NULL,21/07/2013
16536,NULL,18787,Meghan Jimenez,NULL,31/10/2013
15649,NULL,14053,Melinda Jimenez,NULL,17/03/2014
14066,NULL,16833,Melody Jimenez,NULL,09/01/2014
13547,NULL,9006,Michele Jimenez,NULL,03/03/2014
28391,NULL,13760,Monique Jimenez,NULL,18/07/2013
24922,NULL,17303,Naomi Jimenez,NULL,27/10/2013
22151,NULL,6844,Neil Jimenez,NULL,08/02/2014
14697,NULL,19170,Nelson Jimenez,NULL,02/03/2014
26721,NULL,14975,Paula Jimenez,NULL,14/01/2014
22498,NULL,11693,Pedro Jimenez,NULL,11/01/2014
19837,NULL,19186,Philip Jimenez,NULL,20/02/2014
14778,NULL,15001,Renee Jimenez,NULL,19/04/2014
19895,NULL,15582,Ricky Jimenez,NULL,16/06/2014
12861,NULL,12955,Robyn Jimenez,NULL,07/12/2013
12476,NULL,13667,Rodney Jimenez,NULL,26/03/2014
12334,NULL,11154,Roy Jimenez,NULL,20/06/2014
20895,NULL,11255,Ruben Jimenez,NULL,03/05/2014
17995,NULL,14167,Sabrina Jimenez,NULL,03/02/2014
15932,NULL,10428,Tabitha Jimenez,NULL,21/01/2014
19970,NULL,14012,Tanya Jimenez,NULL,26/11/2013
24372,NULL,15191,Teresa Jimenez,NULL,28/11/2013
27254,NULL,6725,Theodore Jimenez,NULL,22/03/2013
19240,NULL,13891,Theresa Jimenez,NULL,23/06/2013
24845,NULL,6789,Tyrone Jimenez,NULL,05/03/2014
11461,NULL,19233,Victor Jimenez,NULL,21/12/2013
17232,NULL,14690,Walter Jimenez,NULL,05/12/2013
24512,NULL,7108,Adrienne Jiménez,NULL,13/12/2013
12389,NULL,14898,Albert Jiménez,NULL,15/04/2014
15215,NULL,6611,Alberto Jiménez,NULL,14/03/2014
15430,NULL,2790,Alfredo Jiménez,NULL,06/07/2013
25538,NULL,2733,Andy Jiménez,NULL,26/08/2013
27012,NULL,14362,Anne Jiménez,NULL,05/03/2014
20982,NULL,10953,Arthur Jiménez,NULL,02/06/2013
11120,NULL,6073,Beth Jiménez,NULL,19/02/2014
19277,NULL,15737,Billy Jiménez,NULL,13/07/2013
24378,NULL,18475,Brandi Jiménez,NULL,26/04/2014
28118,NULL,13470,Briana Jiménez,NULL,24/05/2014
23640,NULL,10855,Bruce Jiménez,NULL,01/01/2014
16026,NULL,19594,Byron Jiménez,NULL,21/05/2014
23932,NULL,17857,Carrie Jiménez,NULL,29/04/2014
22438,NULL,19146,Casey Jiménez,NULL,05/11/2013
17198,NULL,6180,Cheryl Jiménez,NULL,21/01/2014
27893,NULL,14611,Clinton Jiménez,NULL,02/03/2014
13406,NULL,19058,Craig Jiménez,NULL,19/04/2014
21944,NULL,5901,Daisy Jiménez,NULL,10/03/2014
19257,NULL,18831,Dana Jiménez,NULL,31/03/2014
16252,NULL,14751,Danny Jiménez,NULL,04/04/2014
28931,NULL,10215,Darren Jiménez,NULL,17/11/2013
28115,NULL,9784,Deanna Jiménez,NULL,09/08/2013
17890,NULL,19101,Derrick Jiménez,NULL,28/12/2013
17106,NULL,15049,Gina Jiménez,NULL,05/03/2014
22687,NULL,13624,Javier Jiménez,NULL,31/05/2013
21283,NULL,18735,Orlando Jiménez,NULL,14/09/2013
26841,NULL,14796,Roberto Jiménez,NULL,17/08/2013
28935,NULL,6667,Eddie Johnsen,NULL,18/08/2013
28367,NULL,7696,Jerome Johnsen,NULL,12/03/2014
26670,NULL,16900,Jerry Johnsen,NULL,05/11/2013
26587,NULL,16811,Mario Johnsen,NULL,22/05/2014
22514,NULL,6893,Marvin Johnsen,NULL,16/06/2014
12278,NULL,10633,Meredith Johnsen,NULL,22/11/2013
19919,NULL,9890,Rebekah Johnsen,NULL,13/10/2013
19618,NULL,11805,Ross Johnsen,NULL,30/12/2013
15218,NULL,13398,Willie Johnsen,NULL,02/03/2014
15936,NULL,12034,Abigail Johnson,NULL,03/04/2014
15274,NULL,18089,Alexander Johnson,NULL,18/10/2013
27435,NULL,10697,Alexandra Johnson,NULL,09/10/2013
16075,NULL,11991,Alexis Johnson,NULL,28/03/2014
28592,NULL,11523,Alyssa Johnson,NULL,16/05/2014
26294,NULL,18867,Andrew Johnson,NULL,02/04/2013
28126,NULL,12173,Anna Johnson,NULL,09/09/2013
27022,NULL,18554,Anthony Johnson,NULL,30/09/2013
14411,NULL,12408,Ashley Johnson,NULL,28/12/2013
11821,NULL,18122,Austin Johnson,NULL,03/02/2014
22296,NULL,18159,Benjamin Johnson,NULL,29/03/2014
28672,NULL,4142,Blake Johnson,NULL,12/06/2013
25891,NULL,18427,Brandon Johnson,NULL,12/11/2013
17319,NULL,11708,Brianna Johnson,NULL,19/05/2014
13720,NULL,17617,Cameron Johnson,NULL,13/02/2014
20617,NULL,11565,Chloe Johnson,NULL,18/01/2014
26082,NULL,17964,Christian Johnson,NULL,16/01/2014
11979,NULL,18663,Christopher Johnson,NULL,08/10/2013
21917,NULL,4454,Dalton Johnson,NULL,03/11/2013
11051,NULL,18655,Daniel Johnson,NULL,03/06/2014
17713,NULL,18120,David Johnson,NULL,19/09/2013
12977,NULL,11479,Destiny Johnson,NULL,06/08/2013
15985,NULL,4912,Devin Johnson,NULL,02/02/2014
21852,NULL,4998,Eduardo Johnson,NULL,12/01/2014
23279,NULL,4220,Edward Johnson,NULL,30/03/2014
11004,NULL,11901,Elizabeth Johnson,NULL,01/10/2013
11085,NULL,12219,Emily Johnson,NULL,10/06/2014
15136,NULL,11847,Emma Johnson,NULL,08/02/2014
18547,NULL,17796,Ethan Johnson,NULL,26/05/2014
12023,NULL,3834,Fernando Johnson,NULL,05/03/2014
18093,NULL,11295,Grace Johnson,NULL,16/11/2013
25763,NULL,12269,Hannah Johnson,NULL,21/06/2014
27549,NULL,17883,Hunter Johnson,NULL,30/04/2013
21732,NULL,4686,Ian Johnson,NULL,16/03/2014
28170,NULL,11208,Isabella Johnson,NULL,18/08/2011
28069,NULL,18675,Jacob Johnson,NULL,29/04/2014
23498,NULL,17583,James Johnson,NULL,04/09/2013
22293,NULL,11384,Jasmine Johnson,NULL,06/11/2013
24355,NULL,11079,Jennifer Johnson,NULL,15/10/2013
14446,NULL,4532,Jeremiah Johnson,NULL,24/04/2014
13063,NULL,12078,Jessica Johnson,NULL,29/03/2014
27840,NULL,18223,John Johnson,NULL,30/10/2013
22059,NULL,17671,Jonathan Johnson,NULL,01/09/2013
16100,NULL,17207,Jose Johnson,NULL,08/03/2014
24393,NULL,18909,Joseph Johnson,NULL,10/07/2013
20939,NULL,18759,Joshua Johnson,NULL,19/04/2014
15995,NULL,11117,Kaitlyn Johnson,NULL,14/01/2014
16062,NULL,10800,Katherine Johnson,NULL,19/05/2014
27642,NULL,11942,Kayla Johnson,NULL,21/02/2014
23349,NULL,11617,Lauren Johnson,NULL,27/02/2014
22931,NULL,17588,Logan Johnson,NULL,21/06/2013
13509,NULL,4772,Lucas Johnson,NULL,07/11/2013
15530,NULL,12314,Madison Johnson,NULL,18/05/2014
18960,NULL,4602,Marcus Johnson,NULL,03/07/2013
28857,NULL,18812,Matthew Johnson,NULL,05/11/2011
21161,NULL,11666,Megan Johnson,NULL,22/02/2014
26275,NULL,4061,Miguel Johnson,NULL,10/12/2013
12011,NULL,11165,Morgan Johnson,NULL,17/05/2014
23816,NULL,11253,Natalie Johnson,NULL,03/03/2014
11178,NULL,17696,Nathan Johnson,NULL,26/10/2013
20867,NULL,17279,Noah Johnson,NULL,03/03/2014
20197,NULL,11747,Olivia Johnson,NULL,23/11/2013
18419,NULL,11336,Rachel Johnson,NULL,18/06/2014
18436,NULL,5078,Richard Johnson,NULL,15/05/2014
25527,NULL,17349,Robert Johnson,NULL,26/02/2014
24232,NULL,17971,Ryan Johnson,NULL,20/05/2014
13276,NULL,12458,Sarah Johnson,NULL,06/05/2014
24500,NULL,4292,Seth Johnson,NULL,12/11/2013
19571,NULL,10744,Sydney Johnson,NULL,09/03/2014
16047,NULL,12129,Taylor Johnson,NULL,30/04/2014
22593,NULL,17339,Thomas Johnson,NULL,26/01/2014
12932,NULL,18474,Tyler Johnson,NULL,29/03/2014
28681,NULL,11793,Victoria Johnson,NULL,05/04/2014
26677,NULL,18383,William Johnson,NULL,19/02/2014
17157,NULL,3753,Wyatt Johnson,NULL,31/03/2014
23255,NULL,4376,Xavier Johnson,NULL,25/07/2013
27509,NULL,18260,Zachary Johnson,NULL,20/08/2013
16727,NULL,4838,Charles Johnston,NULL,31/10/2013
17296,NULL,13972,Joanna Johnston,NULL,06/06/2014
15837,NULL,11030,Julia Johnston,NULL,15/12/2013
28791,NULL,13777,Richard Johnston,NULL,29/07/2013
24644,NULL,17750,Samuel Johnston,NULL,31/10/2013
20587,NULL,20000,Shannon Johnston,NULL,04/04/2014
18492,NULL,11904,Tamara Johnston,NULL,03/01/2014
11681,NULL,12038,Abigail Jones,NULL,27/04/2014
20021,NULL,18130,Alexander Jones,NULL,21/05/2014
20202,NULL,10702,Alexandra Jones,NULL,10/05/2014
12179,NULL,11995,Alexis Jones,NULL,08/12/2013
28199,NULL,11524,Alyssa Jones,NULL,02/09/2011
16594,NULL,18869,Andrew Jones,NULL,02/02/2014
29045,NULL,12175,Anna Jones,NULL,24/09/2013
13461,NULL,18595,Anthony Jones,NULL,15/11/2013
11228,NULL,12412,Ashley Jones,NULL,19/06/2014
21466,NULL,18172,Austin Jones,NULL,25/06/2013
22183,NULL,17906,Benjamin Jones,NULL,19/03/2014
23508,NULL,4144,Blake Jones,NULL,22/04/2014
28145,NULL,18433,Brandon Jones,NULL,02/08/2011
25546,NULL,11711,Brianna Jones,NULL,31/03/2014
13899,NULL,17619,Cameron Jones,NULL,13/09/2013
22882,NULL,4842,Charles Jones,NULL,26/01/2014
20838,NULL,11569,Chloe Jones,NULL,17/07/2013
18423,NULL,17991,Christian Jones,NULL,25/08/2013
14512,NULL,18670,Christopher Jones,NULL,09/07/2013
18951,NULL,4457,Dalton Jones,NULL,29/04/2014
14721,NULL,18659,Daniel Jones,NULL,14/05/2014
20866,NULL,18128,David Jones,NULL,17/05/2014
15171,NULL,11481,Destiny Jones,NULL,05/03/2014
27742,NULL,4915,Devin Jones,NULL,05/04/2014
17392,NULL,18484,Dylan Jones,NULL,03/09/2013
28075,NULL,4225,Edward Jones,NULL,25/04/2014
11265,NULL,11905,Elizabeth Jones,NULL,05/06/2013
16659,NULL,12222,Emily Jones,NULL,11/05/2014
24261,NULL,11852,Emma Jones,NULL,12/12/2013
13051,NULL,17834,Ethan Jones,NULL,27/03/2014
11853,NULL,11299,Grace Jones,NULL,20/11/2013
23020,NULL,12272,Hannah Jones,NULL,06/06/2014
16498,NULL,17892,Hunter Jones,NULL,07/02/2014
24515,NULL,4691,Ian Jones,NULL,22/05/2014
19778,NULL,11210,Isabella Jones,NULL,23/07/2013
23212,NULL,17596,James Jones,NULL,25/04/2014
13320,NULL,11387,Jasmine Jones,NULL,29/07/2013
12467,NULL,11083,Jennifer Jones,NULL,21/09/2013
17017,NULL,4534,Jeremiah Jones,NULL,30/04/2014
19043,NULL,12083,Jessica Jones,NULL,22/06/2014
25205,NULL,18251,John Jones,NULL,02/04/2014
21597,NULL,17228,Jose Jones,NULL,21/06/2013
13921,NULL,18912,Joseph Jones,NULL,06/03/2014
18401,NULL,18763,Joshua Jones,NULL,29/03/2014
25980,NULL,11033,Julia Jones,NULL,09/12/2013
18955,NULL,18033,Justin Jones,NULL,01/05/2014
15373,NULL,11121,Kaitlyn Jones,NULL,15/05/2014
22735,NULL,10802,Katherine Jones,NULL,02/10/2013
18541,NULL,11944,Kayla Jones,NULL,06/03/2014
27245,NULL,11619,Lauren Jones,NULL,02/04/2014
22355,NULL,17629,Logan Jones,NULL,04/11/2013
27158,NULL,4774,Lucas Jones,NULL,27/02/2014
24661,NULL,12317,Madison Jones,NULL,27/06/2013
11717,NULL,4607,Marcus Jones,NULL,30/05/2014
27221,NULL,18818,Matthew Jones,NULL,29/09/2013
20115,NULL,11671,Megan Jones,NULL,03/08/2013
22107,NULL,18719,Michael Jones,NULL,12/11/2013
16900,NULL,4066,Miguel Jones,NULL,17/01/2014
11487,NULL,11167,Morgan Jones,NULL,17/05/2014
11845,NULL,11256,Natalie Jones,NULL,11/05/2014
15024,NULL,17781,Nathan Jones,NULL,02/04/2014
22546,NULL,18979,Nicholas Jones,NULL,21/01/2014
14504,NULL,11434,Nicole Jones,NULL,24/06/2014
15855,NULL,17290,Noah Jones,NULL,02/03/2014
21307,NULL,11749,Olivia Jones,NULL,30/08/2013
14514,NULL,11339,Rachel Jones,NULL,28/06/2014
24932,NULL,5081,Richard Jones,NULL,29/10/2013
21900,NULL,17358,Robert Jones,NULL,02/11/2013
23580,NULL,17978,Ryan Jones,NULL,28/07/2013
18317,NULL,12364,Samantha Jones,NULL,21/06/2014
15896,NULL,17759,Samuel Jones,NULL,04/02/2014
11718,NULL,12460,Sarah Jones,NULL,21/08/2013
23462,NULL,4297,Seth Jones,NULL,20/03/2014
14430,NULL,10751,Sydney Jones,NULL,04/03/2014
18422,NULL,12132,Taylor Jones,NULL,10/05/2014
25398,NULL,17357,Thomas Jones,NULL,04/11/2013
27446,NULL,18535,Tyler Jones,NULL,18/03/2014
13450,NULL,11796,Victoria Jones,NULL,07/11/2013
17342,NULL,18388,William Jones,NULL,04/09/2013
24341,NULL,3755,Wyatt Jones,NULL,27/07/2013
25150,NULL,4379,Xavier Jones,NULL,06/10/2013
27285,NULL,18286,Zachary Jones,NULL,17/02/2013
12544,NULL,10795,Bruce Jordan,NULL,23/05/2014
24209,NULL,18928,Chelsea Jordan,NULL,04/01/2014
11581,NULL,7287,Cindy Jordan,NULL,24/04/2014
28502,NULL,7461,Dominique Jordan,NULL,31/12/2013
19053,NULL,11830,Gerald Jordan,NULL,15/05/2014
15199,NULL,10985,Joe Jordan,NULL,19/01/2014
20593,NULL,20063,Joel Jordan,NULL,28/01/2014
11124,NULL,11743,Ross Jordan,NULL,18/11/2013
22676,NULL,7347,Stefanie Jordan,NULL,26/07/2013
16546,NULL,8048,Terrance Jordan,NULL,15/05/2014
29054,NULL,3466,Abby Kapoor,NULL,16/11/2013
22705,NULL,3135,Adriana Kapoor,NULL,14/07/2013
28881,NULL,15833,Allen Kapoor,NULL,13/11/2013
25662,NULL,16042,Andre Kapoor,NULL,15/02/2014
28567,NULL,7231,Ann Kapoor,NULL,02/04/2014
24483,NULL,10895,Arthur Kapoor,NULL,16/02/2014
26420,NULL,15996,Bob Kapoor,NULL,10/07/2013
15236,NULL,19761,Brandy Kapoor,NULL,02/11/2013
20834,NULL,15347,Brenda Kapoor,NULL,15/06/2013
22147,NULL,19488,Brett Kapoor,NULL,24/01/2014
22946,NULL,3905,Bryant Kapoor,NULL,25/07/2013
18282,NULL,15394,Candace Kapoor,NULL,17/02/2014
27001,NULL,7518,Carla Kapoor,NULL,17/08/2013
16459,NULL,9930,Carolyn Kapoor,NULL,04/09/2013
18923,NULL,19606,Cassandra Kapoor,NULL,27/08/2013
24302,NULL,3801,Cesar Kapoor,NULL,26/03/2014
12535,NULL,4067,Clifford Kapoor,NULL,18/02/2014
14939,NULL,20226,Cory Kapoor,NULL,27/11/2013
29457,NULL,19722,Cynthia Kapoor,NULL,12/02/2014
20957,NULL,10161,Darren Kapoor,NULL,21/11/2013
17097,NULL,9723,Deanna Kapoor,NULL,07/05/2014
18725,NULL,16229,Denise Kapoor,NULL,26/08/2013
16699,NULL,8211,Dominic Kapoor,NULL,27/02/2014
18535,NULL,20024,Donald Kapoor,NULL,27/06/2014
14541,NULL,19409,Douglas Kapoor,NULL,19/02/2014
24134,NULL,8109,Edgar Kapoor,NULL,19/05/2014
24119,NULL,7947,Emmanuel Kapoor,NULL,12/02/2014
27816,NULL,2957,Erick Kapoor,NULL,24/10/2013
14708,NULL,3080,Evelyn Kapoor,NULL,29/03/2014
16063,NULL,16680,Francisco Kapoor,NULL,19/12/2013
17748,NULL,8267,Geoffrey Kapoor,NULL,16/01/2014
13676,NULL,20184,George Kapoor,NULL,20/01/2014
25772,NULL,4123,Harold Kapoor,NULL,05/01/2014
17937,NULL,15239,Heidi Kapoor,NULL,05/01/2014
20715,NULL,15952,Henry Kapoor,NULL,08/01/2014
22306,NULL,8170,Ivan Kapoor,NULL,05/10/2013
25310,NULL,18185,Janelle Kapoor,NULL,01/07/2013
28930,NULL,2901,Jarrod Kapoor,NULL,12/05/2014
21956,NULL,10256,Jay Kapoor,NULL,11/04/2014
29368,NULL,8000,Jermaine Kapoor,NULL,08/04/2014
15701,NULL,15295,Jillian Kapoor,NULL,07/03/2014
20576,NULL,15882,Johnathan Kapoor,NULL,05/05/2014
17072,NULL,3199,Kaitlin Kapoor,NULL,27/04/2014
19052,NULL,10673,Kristi Kapoor,NULL,29/03/2014
11997,NULL,19687,Kristina Kapoor,NULL,14/01/2014
19126,NULL,16089,Kristopher Kapoor,NULL,26/02/2014
12556,NULL,15916,Manuel Kapoor,NULL,29/04/2014
19512,NULL,3850,Marco Kapoor,NULL,10/09/2013
12374,NULL,10033,Marie Kapoor,NULL,10/07/2013
20578,NULL,16726,Martin Kapoor,NULL,22/05/2014
21016,NULL,10136,Michele Kapoor,NULL,31/03/2014
22694,NULL,16127,Molly Kapoor,NULL,07/12/2013
18024,NULL,15445,Nancy Kapoor,NULL,01/09/2013
20825,NULL,15526,Pamela Kapoor,NULL,10/12/2013
21883,NULL,19652,Patricia Kapoor,NULL,05/07/2013
24229,NULL,11636,Pedro Kapoor,NULL,23/10/2013
27581,NULL,20150,Phillip Kapoor,NULL,10/01/2014
21431,NULL,3956,Preston Kapoor,NULL,28/05/2014
11911,NULL,15490,Rachael Kapoor,NULL,23/05/2014
20928,NULL,19449,Raymond Kapoor,NULL,30/03/2014
23862,NULL,9829,Rebekah Kapoor,NULL,31/08/2013
15810,NULL,7637,Regina Kapoor,NULL,14/03/2014
14192,NULL,20108,Ronald Kapoor,NULL,03/01/2014
22455,NULL,11084,Roy Kapoor,NULL,11/07/2013
11109,NULL,11186,Ruben Kapoor,NULL,24/11/2013
19392,NULL,7796,Sergio Kapoor,NULL,19/07/2013
25498,NULL,19361,Shane Kapoor,NULL,15/01/2014
28353,NULL,3020,Summer Kapoor,NULL,28/12/2013
25729,NULL,10365,Tabitha Kapoor,NULL,20/10/2013
27118,NULL,16178,Tina Kapoor,NULL,03/12/2013
26295,NULL,3315,Toni Kapoor,NULL,05/05/2014
24610,NULL,15785,Troy Kapoor,NULL,10/02/2014
20253,NULL,18968,Veronica Kapoor,NULL,26/12/2013
23739,NULL,7576,Virginia Kapoor,NULL,01/04/2014
17528,NULL,18877,Whitney Kapoor,NULL,09/04/2014
25663,NULL,14201,Masato Kawai,NULL,13/01/2014
26609,NULL,3947,Abigail Kelly,NULL,14/02/2014
20738,NULL,14172,Alex Kelly,NULL,27/02/2014
15075,NULL,7979,Alexa Kelly,NULL,19/04/2014
15945,NULL,8003,Alexandria Kelly,NULL,31/12/2013
25766,NULL,7972,Allison Kelly,NULL,21/04/2014
22153,NULL,20167,Alyssa Kelly,NULL,28/10/2013
13911,NULL,7973,Andrea Kelly,NULL,26/11/2013
15418,NULL,14170,Angel Kelly,NULL,26/11/2013
20275,NULL,8006,Angela Kelly,NULL,15/06/2014
18096,NULL,7981,Ariana Kelly,NULL,06/02/2014
27244,NULL,8007,Arianna Kelly,NULL,28/05/2014
28284,NULL,7957,Bailey Kelly,NULL,21/05/2014
16383,NULL,14183,Brian Kelly,NULL,03/08/2013
16945,NULL,19231,Brianna Kelly,NULL,21/05/2014
19808,NULL,7985,Brooke Kelly,NULL,19/01/2014
21349,NULL,14196,Bryan Kelly,NULL,13/06/2013
14004,NULL,7982,Caitlin Kelly,NULL,26/01/2014
28561,NULL,14169,Carlos Kelly,NULL,25/04/2014
21073,NULL,7974,Catherine Kelly,NULL,01/01/2014
24043,NULL,14204,Charles Kelly,NULL,05/05/2014
11743,NULL,14185,Chase Kelly,NULL,16/10/2013
16999,NULL,20276,Chloe Kelly,NULL,12/10/2013
23697,NULL,14203,Cody Kelly,NULL,14/09/2013
20932,NULL,14192,Cole Kelly,NULL,14/04/2014
15634,NULL,14220,Dalton Kelly,NULL,04/05/2014
16499,NULL,7976,Danielle Kelly,NULL,25/05/2014
15849,NULL,20050,Destiny Kelly,NULL,13/11/2013
26723,NULL,14206,Devin Kelly,NULL,27/02/2014
22145,NULL,14207,Eduardo Kelly,NULL,22/08/2013
15646,NULL,19528,Emma Kelly,NULL,10/04/2014
23513,NULL,7996,Erin Kelly,NULL,30/05/2014
11716,NULL,14173,Evan Kelly,NULL,15/06/2014
16126,NULL,8012,Faith Kelly,NULL,01/03/2014
29155,NULL,7961,Gabriella Kelly,NULL,28/12/2011
19063,NULL,3325,Gabrielle Kelly,NULL,20/06/2014
12069,NULL,14197,Garrett Kelly,NULL,30/07/2013
17431,NULL,19631,Grace Kelly,NULL,17/08/2013
15511,NULL,3405,Haley Kelly,NULL,22/06/2014
14768,NULL,14211,Ian Kelly,NULL,01/11/2013
14645,NULL,14176,Isaac Kelly,NULL,17/01/2014
22272,NULL,2464,Isabella Kelly,NULL,21/11/2013
21034,NULL,8009,Jacqueline Kelly,NULL,12/11/2013
27068,NULL,7997,Jade Kelly,NULL,16/01/2013
19429,NULL,14194,Jared Kelly,NULL,28/07/2013
25178,NULL,19833,Jasmine Kelly,NULL,07/06/2014
27682,NULL,20484,Jennifer Kelly,NULL,27/04/2014
19110,NULL,14177,Jesse Kelly,NULL,02/08/2013
21261,NULL,3499,Jessica Kelly,NULL,19/09/2013
23287,NULL,14187,Juan Kelly,NULL,01/01/2014
23798,NULL,20377,Julia Kelly,NULL,18/08/2013
18380,NULL,20595,Kaitlyn Kelly,NULL,05/12/2013
11260,NULL,7966,Katelyn Kelly,NULL,23/11/2013
20016,NULL,2946,Katherine Kelly,NULL,11/01/2014
14602,NULL,7970,Kaylee Kelly,NULL,06/12/2013
18402,NULL,7988,Kimberly Kelly,NULL,29/01/2014
26462,NULL,19017,Lauren Kelly,NULL,15/02/2014
17133,NULL,14212,Lucas Kelly,NULL,04/04/2014
28124,NULL,7959,Mackenzie Kelly,NULL,30/04/2014
20340,NULL,7989,Makayla Kelly,NULL,31/08/2013
25699,NULL,14210,Marcus Kelly,NULL,06/11/2013
21411,NULL,3252,Maria Kelly,NULL,29/04/2014
19111,NULL,7999,Mariah Kelly,NULL,06/09/2013
29370,NULL,14175,Mason Kelly,NULL,03/03/2014
24784,NULL,19119,Megan Kelly,NULL,03/09/2013
18671,NULL,8001,Melanie Kelly,NULL,08/08/2013
16037,NULL,8014,Melissa Kelly,NULL,13/11/2013
19833,NULL,7984,Michelle Kelly,NULL,12/09/2013
14761,NULL,20699,Morgan Kelly,NULL,06/07/2013
15774,NULL,2717,Natalie Kelly,NULL,08/09/2013
21765,NULL,14184,Nathaniel Kelly,NULL,08/11/2013
15987,NULL,19939,Nicole Kelly,NULL,24/01/2014
12391,NULL,19334,Olivia Kelly,NULL,29/10/2013
23728,NULL,8011,Paige Kelly,NULL,10/09/2013
16144,NULL,14181,Patrick Kelly,NULL,17/03/2014
19736,NULL,19730,Rachel Kelly,NULL,15/12/2013
17991,NULL,14208,Richard Kelly,NULL,24/12/2013
22279,NULL,8015,Riley Kelly,NULL,06/05/2014
26308,NULL,7962,Sara Kelly,NULL,25/06/2013
25759,NULL,7969,Savannah Kelly,NULL,25/07/2013
27094,NULL,14178,Sean Kelly,NULL,21/02/2013
24421,NULL,14213,Seth Kelly,NULL,28/06/2013
24619,NULL,7990,Shelby Kelly,NULL,14/08/2013
25102,NULL,3098,Stephanie Kelly,NULL,22/07/2013
12151,NULL,14198,Steven Kelly,NULL,06/08/2013
23262,NULL,2863,Sydney Kelly,NULL,15/03/2014
20753,NULL,3575,Taylor Kelly,NULL,23/05/2014
17344,NULL,14180,Timothy Kelly,NULL,14/03/2014
26095,NULL,7994,Trinity Kelly,NULL,12/01/2014
19413,NULL,14215,Xavier Kelly,NULL,30/06/2013
23123,NULL,7977,Zoe Kelly,NULL,05/04/2014
20136,NULL,3691,Bonnie Kennedy,NULL,06/06/2014
22026,NULL,8576,Bridget Kennedy,NULL,29/01/2014
17349,NULL,8887,Cassie Kennedy,NULL,19/03/2014
13133,NULL,4312,Devon Kennedy,NULL,31/03/2014
23984,NULL,16508,Kelsey Kennedy,NULL,04/10/2013
25495,NULL,8668,Sheena Kennedy,NULL,18/11/2013
25502,NULL,8318,Carmen Kim,NULL,17/05/2014
11445,NULL,10473,Kari Kim,NULL,28/11/2013
14842,NULL,7188,Meagan Kim,NULL,08/08/2013
21859,NULL,19535,Monica Kim,NULL,18/01/2014
11739,NULL,17109,Aaron King,NULL,16/09/2013
16932,NULL,17136,Adam King,NULL,02/02/2014
29272,NULL,16984,Alex King,NULL,26/01/2014
20579,NULL,10490,Alexandra King,NULL,05/05/2014
13915,NULL,10533,Allison King,NULL,02/08/2013
24648,NULL,10497,Amanda King,NULL,16/10/2013
15935,NULL,10515,Amber King,NULL,18/09/2013
22886,NULL,10535,Andrea King,NULL,16/09/2013
21717,NULL,16972,Angel King,NULL,30/06/2014
20171,NULL,10520,Bailey King,NULL,06/10/2013
28986,NULL,17110,Caleb King,NULL,01/01/2014
24519,NULL,16968,Carlos King,NULL,08/03/2014
28241,NULL,4885,Charles King,NULL,06/08/2013
15269,NULL,10480,Chloe King,NULL,27/09/2013
26106,NULL,17117,Connor King,NULL,03/01/2014
13213,NULL,10516,Courtney King,NULL,08/08/2013
24982,NULL,4961,Devin King,NULL,28/09/2013
22110,NULL,5047,Eduardo King,NULL,26/05/2014
17430,NULL,3720,Edward King,NULL,22/10/2013
25422,NULL,17096,Elijah King,NULL,22/11/2013
18997,NULL,17139,Eric King,NULL,31/01/2014
16637,NULL,17015,Evan King,NULL,11/05/2014
26016,NULL,3880,Fernando King,NULL,13/04/2014
28122,NULL,17090,Gabriel King,NULL,25/10/2013
22111,NULL,10524,Gabriella King,NULL,03/05/2014
26350,NULL,10502,Gabrielle King,NULL,27/10/2013
28214,NULL,10499,Hailey King,NULL,02/03/2014
25419,NULL,16985,Hunter King,NULL,24/11/2013
14355,NULL,4739,Ian King,NULL,14/10/2013
23692,NULL,17037,Isaac King,NULL,10/12/2013
27922,NULL,10488,Isabella King,NULL,21/03/2014
19245,NULL,16974,Isaiah King,NULL,06/12/2013
17702,NULL,17135,Jack King,NULL,10/03/2014
18067,NULL,16961,Jackson King,NULL,19/04/2014
19680,NULL,10528,Jan King,NULL,23/08/2013
18809,NULL,17101,Jason King,NULL,01/09/2013
20015,NULL,10518,Jenna King,NULL,17/05/2014
20762,NULL,10482,Jennifer King,NULL,17/05/2014
17563,NULL,4022,Jeremiah King,NULL,21/04/2014
14665,NULL,17049,Jesse King,NULL,13/12/2013
15389,NULL,10505,Joan King,NULL,22/01/2014
25202,NULL,17082,Jonathan King,NULL,17/04/2014
11020,NULL,17128,Jordan King,NULL,31/05/2013
13250,NULL,10519,Jordan King,NULL,06/10/2013
17474,NULL,17018,Jose King,NULL,08/04/2014
21278,NULL,10481,Julia King,NULL,01/06/2014
13308,NULL,10483,Kaitlyn King,NULL,27/09/2013
16867,NULL,10529,Katelyn King,NULL,06/03/2014
20750,NULL,10494,Katherine King,NULL,23/01/2014
12891,NULL,10532,Kaylee King,NULL,19/05/2014
21402,NULL,17088,Kevin King,NULL,16/02/2014
18374,NULL,17087,Logan King,NULL,17/08/2013
13341,NULL,4815,Lucas King,NULL,18/07/2013
25934,NULL,17124,Luke King,NULL,01/06/2014
26916,NULL,10522,Mackenzie King,NULL,30/05/2014
19994,NULL,10510,Madeline King,NULL,03/04/2014
22152,NULL,4646,Marcus King,NULL,09/05/2014
28202,NULL,10501,Maria King,NULL,01/06/2013
26709,NULL,10514,Mary King,NULL,12/03/2014
22771,NULL,17020,Mason King,NULL,10/06/2014
14473,NULL,4112,Miguel King,NULL,24/12/2013
19681,NULL,10487,Morgan King,NULL,15/12/2013
26675,NULL,10489,Natalie King,NULL,19/12/2013
27719,NULL,16922,Nathan King,NULL,07/03/2014
25876,NULL,17004,Noah King,NULL,18/01/2014
16233,NULL,10506,Rebecca King,NULL,16/06/2014
13549,NULL,4566,Richard King,NULL,01/10/2013
20187,NULL,17016,Robert King,NULL,16/11/2013
15193,NULL,16983,Samuel King,NULL,27/01/2014
22354,NULL,10525,Sara King,NULL,06/12/2013
28285,NULL,10531,Savannah King,NULL,20/05/2014
17260,NULL,17055,Sean King,NULL,20/08/2013
14994,NULL,4340,Seth King,NULL,30/10/2013
16142,NULL,10511,Sophia King,NULL,08/04/2014
17754,NULL,10498,Stephanie King,NULL,15/11/2013
29133,NULL,10492,Sydney King,NULL,27/05/2014
29433,NULL,17032,Thomas King,NULL,05/09/2013
16137,NULL,17102,Timothy King,NULL,11/04/2014
22671,NULL,3795,Wyatt King,NULL,05/08/2013
16344,NULL,4419,Xavier King,NULL,23/03/2014
26910,NULL,19691,Kristina Kovar,NULL,27/11/2013
17312,NULL,3381,Mayra Kovar,NULL,14/04/2014
26568,NULL,15451,Nancy Kovar,NULL,26/05/2014
27124,NULL,19455,Raymond Kovar,NULL,22/02/2014
12294,NULL,19365,Shane Kovar,NULL,16/01/2014
15833,NULL,10370,Tabitha Kovar,NULL,03/10/2013
23604,NULL,15792,Troy Kovar,NULL,26/02/2014
25605,NULL,17777,Abby Kovár,NULL,15/06/2013
20731,NULL,16049,Andre Kovár,NULL,30/08/2013
21570,NULL,3739,Barry Kovár,NULL,29/03/2014
24277,NULL,20028,Donald Kovár,NULL,26/07/2013
24014,NULL,8273,Geoffrey Kovár,NULL,14/03/2014
23211,NULL,9836,Rebekah Kovár,NULL,15/03/2014
13105,NULL,18884,Whitney Kovár,NULL,03/04/2014
27263,NULL,5523,Aaron Kumar,NULL,02/04/2013
12948,NULL,5267,Adam Kumar,NULL,17/07/2013
14055,NULL,12537,Alejandro Kumar,NULL,30/05/2014
16466,NULL,12003,Alisha Kumar,NULL,27/02/2014
21200,NULL,16648,Alison Kumar,NULL,06/02/2014
15432,NULL,4986,Alvin Kumar,NULL,06/05/2014
15191,NULL,5067,Andres Kumar,NULL,04/03/2014
21133,NULL,20536,April Kumar,NULL,25/03/2014
24044,NULL,10393,Arturo Kumar,NULL,21/12/2013
12497,NULL,8950,Ashlee Kumar,NULL,01/12/2013
20483,NULL,6282,Austin Kumar,NULL,26/05/2014
27499,NULL,11597,Barbara Kumar,NULL,10/11/2013
22221,NULL,6742,Benjamin Kumar,NULL,16/05/2014
29299,NULL,17273,Bethany Kumar,NULL,08/04/2014
28093,NULL,9388,Brad Kumar,NULL,20/02/2014
18176,NULL,20290,Bradley Kumar,NULL,18/02/2014
12790,NULL,6940,Brandon Kumar,NULL,15/05/2014
13769,NULL,9339,Brendan Kumar,NULL,24/04/2014
15802,NULL,8575,Bridget Kumar,NULL,21/04/2014
27558,NULL,5577,Caleb Kumar,NULL,08/05/2013
29388,NULL,9163,Calvin Kumar,NULL,06/07/2013
18571,NULL,6333,Cameron Kumar,NULL,19/08/2013
12743,NULL,16950,Carl Kumar,NULL,19/03/2014
24712,NULL,4494,Carly Kumar,NULL,04/04/2014
12388,NULL,16289,Casey Kumar,NULL,20/01/2014
22860,NULL,3898,Cedric Kumar,NULL,27/05/2014
11095,NULL,20332,Chad Kumar,NULL,25/11/2013
29006,NULL,6231,Christian Kumar,NULL,03/01/2014
28002,NULL,11397,Christy Kumar,NULL,01/09/2013
27120,NULL,7163,Clarence Kumar,NULL,02/02/2014
13841,NULL,12639,Clayton Kumar,NULL,19/03/2014
29188,NULL,13491,Colin Kumar,NULL,04/12/2013
21912,NULL,12319,Colleen Kumar,NULL,12/10/2013
19843,NULL,5625,Connor Kumar,NULL,07/03/2014
15354,NULL,20460,Corey Kumar,NULL,07/01/2014
15426,NULL,8729,Cristina Kumar,NULL,13/04/2014
17897,NULL,9563,Darrell Kumar,NULL,18/01/2014
13396,NULL,6686,David Kumar,NULL,29/10/2013
27794,NULL,12215,Dawn Kumar,NULL,03/08/2013
17308,NULL,8845,Deborah Kumar,NULL,29/11/2013
15135,NULL,20241,Derek Kumar,NULL,01/03/2014
15374,NULL,4649,Donna Kumar,NULL,21/01/2014
14889,NULL,9212,Drew Kumar,NULL,09/03/2014
26846,NULL,2559,Dustin Kumar,NULL,14/05/2014
24674,NULL,6993,Dylan Kumar,NULL,07/08/2013
22814,NULL,13191,Edwin Kumar,NULL,24/08/2013
15197,NULL,5375,Elijah Kumar,NULL,19/06/2014
19682,NULL,5319,Eric Kumar,NULL,14/08/2013
11662,NULL,6530,Ethan Kumar,NULL,06/12/2013
18137,NULL,5878,Gabriel Kumar,NULL,08/02/2014
28140,NULL,9333,Gilbert Kumar,NULL,30/05/2014
25510,NULL,9274,Grant Kumar,NULL,18/04/2014
16244,NULL,2586,Gregory Kumar,NULL,16/03/2014
25987,NULL,6078,Hunter Kumar,NULL,26/03/2014
16859,NULL,5222,Jack Kumar,NULL,19/03/2014
25880,NULL,4826,Jackson Kumar,NULL,23/02/2014
20976,NULL,12973,Jaclyn Kumar,NULL,01/01/2014
29061,NULL,9450,Jaime Kumar,NULL,12/05/2014
20525,NULL,6390,James Kumar,NULL,10/12/2013
13375,NULL,5421,Jason Kumar,NULL,05/05/2014
23429,NULL,11495,Jenny Kumar,NULL,09/12/2013
29202,NULL,16892,Jerry Kumar,NULL,20/12/2013
14555,NULL,4699,Jodi Kumar,NULL,20/03/2014
15740,NULL,17048,Johnny Kumar,NULL,18/02/2014
24685,NULL,5174,Jordan Kumar,NULL,23/12/2013
14401,NULL,5677,Jose Kumar,NULL,22/10/2013
23902,NULL,19949,Julie Kumar,NULL,15/01/2014
18316,NULL,6642,Justin Kumar,NULL,27/03/2014
26046,NULL,16552,Kara Kumar,NULL,06/03/2014
14218,NULL,5133,Karl Kumar,NULL,18/01/2014
13608,NULL,3495,Karla Kumar,NULL,14/03/2014
17321,NULL,4596,Kate Kumar,NULL,13/06/2014
12341,NULL,20612,Katie Kumar,NULL,09/02/2014
26031,NULL,16337,Katrina Kumar,NULL,27/06/2014
25224,NULL,20498,Keith Kumar,NULL,02/09/2013
18038,NULL,12113,Kelli Kumar,NULL,09/03/2014
11472,NULL,2614,Kenneth Kumar,NULL,28/03/2014
27459,NULL,5828,Kevin Kumar,NULL,21/03/2014
28402,NULL,20578,Kristin Kumar,NULL,15/07/2013
27360,NULL,4145,Kurt Kumar,NULL,14/09/2013
25950,NULL,5779,Kyle Kumar,NULL,20/05/2014
13960,NULL,12422,Lacey Kumar,NULL,25/05/2014
21932,NULL,5203,Leonard Kumar,NULL,19/05/2014
15824,NULL,19825,Lindsay Kumar,NULL,16/08/2013
16268,NULL,20660,Lindsey Kumar,NULL,17/05/2014
14390,NULL,5925,Logan Kumar,NULL,05/04/2014
18203,NULL,13088,Louis Kumar,NULL,18/04/2014
18583,NULL,5474,Luis Kumar,NULL,11/07/2013
24161,NULL,5126,Luke Kumar,NULL,09/01/2014
13880,NULL,11429,Marshall Kumar,NULL,07/12/2013
22600,NULL,9061,Maurice Kumar,NULL,18/05/2014
24997,NULL,4372,Melvin Kumar,NULL,21/05/2014
23107,NULL,8396,Michele Kumar,NULL,17/09/2013
12700,NULL,4546,Mindy Kumar,NULL,26/03/2014
25010,NULL,16461,Misty Kumar,NULL,21/03/2014
11380,NULL,17133,Mitchell Kumar,NULL,06/07/2013
19168,NULL,5981,Nathan Kumar,NULL,06/07/2013
23236,NULL,16600,Nichole Kumar,NULL,28/01/2014
12292,NULL,5261,Nicolas Kumar,NULL,09/04/2014
12807,NULL,4433,Nina Kumar,NULL,12/12/2013
17806,NULL,12738,Omar Kumar,NULL,20/07/2013
26915,NULL,20415,Peter Kumar,NULL,02/12/2013
14568,NULL,8780,Priscilla Kumar,NULL,07/09/2013
19088,NULL,12858,Rafael Kumar,NULL,07/04/2014
12857,NULL,9508,Raul Kumar,NULL,29/11/2013
14133,NULL,17001,Ricardo Kumar,NULL,05/10/2013
25226,NULL,6186,Robert Kumar,NULL,20/12/2013
15922,NULL,13294,Roger Kumar,NULL,01/03/2014
23793,NULL,6587,Ryan Kumar,NULL,16/09/2013
13542,NULL,8518,Sharon Kumar,NULL,05/05/2014
27807,NULL,17089,Shaun Kumar,NULL,20/07/2013
19085,NULL,3566,Shawna Kumar,NULL,10/01/2014
25222,NULL,11894,Tamara Kumar,NULL,25/01/2014
20249,NULL,8624,Tasha Kumar,NULL,24/12/2013
20083,NULL,17231,Terry Kumar,NULL,06/04/2014
12434,NULL,5730,Thomas Kumar,NULL,22/04/2014
17297,NULL,4199,Tommy Kumar,NULL,23/10/2013
19783,NULL,17176,Tony Kumar,NULL,14/10/2013
22934,NULL,8455,Tonya Kumar,NULL,13/05/2014
24003,NULL,11369,Warren Kumar,NULL,02/01/2014
17502,NULL,9109,Wayne Kumar,NULL,16/01/2014
13393,NULL,13388,Willie Kumar,NULL,10/10/2013
18194,NULL,3626,Yolanda Kumar,NULL,05/01/2014
25433,NULL,7050,Zachary Kumar,NULL,03/04/2014
13154,NULL,5527,Aaron Lal,NULL,07/04/2014
13877,NULL,5268,Adam Lal,NULL,30/07/2013
12213,NULL,12539,Alejandro Lal,NULL,01/09/2013
15734,NULL,19786,Alicia Lal,NULL,30/04/2014
21872,NULL,12004,Alisha Lal,NULL,17/02/2014
27812,NULL,16649,Alison Lal,NULL,18/01/2014
24058,NULL,5005,Alvin Lal,NULL,23/01/2014
16623,NULL,5070,Andres Lal,NULL,10/05/2014
11283,NULL,10416,Arturo Lal,NULL,28/01/2014
28417,NULL,8951,Ashlee Lal,NULL,04/11/2013
23066,NULL,6283,Austin Lal,NULL,03/10/2013
23101,NULL,11600,Barbara Lal,NULL,18/12/2013
21670,NULL,6744,Benjamin Lal,NULL,11/02/2014
16253,NULL,17275,Bethany Lal,NULL,19/04/2014
29445,NULL,3694,Bonnie Lal,NULL,07/02/2014
16117,NULL,9390,Brad Lal,NULL,23/04/2014
13156,NULL,20292,Bradley Lal,NULL,29/05/2014
13883,NULL,6943,Brandon Lal,NULL,02/07/2013
24769,NULL,9340,Brendan Lal,NULL,25/03/2014
15868,NULL,5581,Caleb Lal,NULL,30/06/2014
15474,NULL,6334,Cameron Lal,NULL,14/05/2014
28950,NULL,16953,Carl Lal,NULL,16/09/2013
16292,NULL,4496,Carly Lal,NULL,25/08/2013
28888,NULL,16290,Casey Lal,NULL,20/05/2014
12626,NULL,8890,Cassie Lal,NULL,19/04/2014
25725,NULL,20334,Chad Lal,NULL,05/09/2013
13483,NULL,6232,Christian Lal,NULL,21/12/2013
15308,NULL,11398,Christy Lal,NULL,02/04/2014
24470,NULL,7184,Clarence Lal,NULL,01/10/2013
16640,NULL,13494,Colin Lal,NULL,29/06/2014
23303,NULL,5626,Connor Lal,NULL,26/03/2014
23313,NULL,20461,Corey Lal,NULL,29/12/2013
14671,NULL,8731,Cristina Lal,NULL,10/01/2014
12324,NULL,5316,Dale Lal,NULL,16/04/2014
14948,NULL,12600,Damien Lal,NULL,17/11/2013
19953,NULL,9565,Darrell Lal,NULL,08/06/2014
16773,NULL,6688,David Lal,NULL,08/12/2013
12618,NULL,12217,Dawn Lal,NULL,16/04/2014
21982,NULL,8847,Deborah Lal,NULL,14/03/2014
15237,NULL,4314,Devon Lal,NULL,22/03/2014
29385,NULL,20242,Don Lal,NULL,21/06/2011
25812,NULL,4651,Donna Lal,NULL,02/05/2014
28325,NULL,9217,Drew Lal,NULL,30/10/2013
16484,NULL,2560,Dustin Lal,NULL,04/04/2014
11958,NULL,6999,Dylan Lal,NULL,12/04/2014
20874,NULL,13192,Edwin Lal,NULL,01/03/2014
26264,NULL,5376,Elijah Lal,NULL,21/08/2013
23578,NULL,5320,Eric Lal,NULL,16/08/2013
12414,NULL,6533,Ethan Lal,NULL,31/01/2014
14101,NULL,8257,Franklin Lal,NULL,13/01/2014
27473,NULL,5882,Gabriel Lal,NULL,30/05/2014
24577,NULL,9353,Gilbert Lal,NULL,21/10/2013
20065,NULL,9275,Grant Lal,NULL,21/05/2014
27573,NULL,6079,Hunter Lal,NULL,13/04/2014
18525,NULL,5223,Jack Lal,NULL,08/05/2014
23206,NULL,4828,Jackson Lal,NULL,04/01/2014
21583,NULL,12975,Jaclyn Lal,NULL,18/03/2014
26241,NULL,6393,James Lal,NULL,08/04/2014
17181,NULL,11497,Jenny Lal,NULL,22/01/2014
27822,NULL,16893,Jerry Lal,NULL,24/12/2013
22944,NULL,4701,Jodi Lal,NULL,07/10/2013
12381,NULL,17050,Johnny Lal,NULL,18/09/2013
22342,NULL,12430,Jon Lal,NULL,03/03/2014
20096,NULL,6437,Jonathan Lal,NULL,21/05/2014
23821,NULL,5177,Jordan Lal,NULL,19/04/2014
11819,NULL,5679,Jose Lal,NULL,18/06/2014
28309,NULL,19952,Julie Lal,NULL,23/07/2013
22357,NULL,6645,Justin Lal,NULL,16/06/2014
22579,NULL,16556,Kara Lal,NULL,02/11/2013
14264,NULL,5138,Karl Lal,NULL,03/02/2014
25219,NULL,3498,Karla Lal,NULL,06/09/2013
21557,NULL,4598,Kate Lal,NULL,23/02/2014
12831,NULL,19913,Kathryn Lal,NULL,17/04/2014
18210,NULL,20613,Katie Lal,NULL,22/06/2013
19450,NULL,20499,Keith Lal,NULL,24/07/2013
19173,NULL,12114,Kelli Lal,NULL,21/12/2013
24913,NULL,16510,Kelsey Lal,NULL,11/10/2013
15082,NULL,2743,Kelvin Lal,NULL,04/11/2013
18701,NULL,2615,Kenneth Lal,NULL,11/07/2013
27564,NULL,5829,Kevin Lal,NULL,26/10/2013
14015,NULL,4147,Kurt Lal,NULL,25/03/2014
17360,NULL,5780,Kyle Lal,NULL,17/05/2014
23751,NULL,12424,Lacey Lal,NULL,11/08/2013
26415,NULL,16382,Latoya Lal,NULL,21/06/2014
26160,NULL,5205,Leonard Lal,NULL,22/04/2014
20557,NULL,19828,Lindsay Lal,NULL,08/03/2014
16291,NULL,20661,Lindsey Lal,NULL,23/06/2013
25255,NULL,5926,Logan Lal,NULL,07/01/2014
26184,NULL,13091,Louis Lal,NULL,07/09/2013
15538,NULL,5475,Luis Lal,NULL,21/05/2014
11019,NULL,5132,Luke Lal,NULL,14/06/2014
23345,NULL,16803,Mario Lal,NULL,24/12/2013
28088,NULL,11450,Marshall Lal,NULL,06/08/2011
12620,NULL,9062,Maurice Lal,NULL,26/02/2014
14171,NULL,8399,Michele Lal,NULL,14/05/2014
21145,NULL,4547,Mindy Lal,NULL,02/04/2014
22385,NULL,16462,Misty Lal,NULL,11/02/2014
20403,NULL,17134,Mitchell Lal,NULL,26/05/2014
11273,NULL,5982,Nathan Lal,NULL,23/10/2013
25753,NULL,16602,Nichole Lal,NULL,12/04/2014
21212,NULL,5263,Nicolas Lal,NULL,24/07/2013
14263,NULL,4439,Nina Lal,NULL,13/05/2014
15069,NULL,6129,Noah Lal,NULL,03/08/2013
19193,NULL,12743,Omar Lal,NULL,15/03/2014
26613,NULL,8783,Priscilla Lal,NULL,21/06/2014
28945,NULL,12860,Rafael Lal,NULL,20/09/2013
17958,NULL,17005,Ricardo Lal,NULL,22/01/2014
14084,NULL,6187,Robert Lal,NULL,27/01/2014
16113,NULL,13296,Roger Lal,NULL,14/03/2014
25639,NULL,16855,Russell Lal,NULL,19/03/2014
27919,NULL,6589,Ryan Lal,NULL,02/04/2014
22215,NULL,6028,Samuel Lal,NULL,14/09/2013
17891,NULL,8520,Sharon Lal,NULL,06/01/2014
17056,NULL,17091,Shaun Lal,NULL,22/10/2013
28398,NULL,20376,Shawn Lal,NULL,09/12/2013
17924,NULL,3569,Shawna Lal,NULL,20/03/2014
23312,NULL,8671,Sheena Lal,NULL,06/02/2014
13576,NULL,11896,Tamara Lal,NULL,21/11/2013
18697,NULL,19992,Tara Lal,NULL,05/06/2013
28408,NULL,8625,Tasha Lal,NULL,06/10/2013
12369,NULL,4255,Terrence Lal,NULL,16/05/2014
18277,NULL,17233,Terry Lal,NULL,07/02/2014
24422,NULL,5732,Thomas Lal,NULL,21/09/2013
14516,NULL,4200,Tommy Lal,NULL,13/12/2013
28515,NULL,17178,Tony Lal,NULL,21/05/2014
24108,NULL,8456,Tonya Lal,NULL,26/09/2013
23086,NULL,16421,Tracy Lal,NULL,24/08/2013
25246,NULL,13443,Warren Lal,NULL,11/04/2014
16829,NULL,9113,Wayne Lal,NULL,06/03/2014
28011,NULL,7052,Andrew Lan,NULL,24/09/2013
28434,NULL,13391,Brian Lauer,NULL,13/11/2013
25864,NULL,12070,Petr Lazecky,NULL,11/07/2012
18356,NULL,18206,Alexander Lee,NULL,31/05/2014
19684,NULL,10738,Alexandra Lee,NULL,23/08/2013
27398,NULL,12024,Alexis Lee,NULL,01/03/2014
13837,NULL,11561,Alyssa Lee,NULL,14/04/2014
23400,NULL,18903,Andrew Lee,NULL,18/05/2014
19211,NULL,11613,Anna Lee,NULL,26/06/2013
23132,NULL,18429,Anthony Lee,NULL,17/08/2013
23250,NULL,12449,Ashley Lee,NULL,24/02/2014
26151,NULL,17602,Austin Lee,NULL,25/11/2013
16975,NULL,17929,Benjamin Lee,NULL,06/02/2014
24677,NULL,4178,Blake Lee,NULL,14/10/2013
28637,NULL,18464,Brandon Lee,NULL,24/02/2014
19202,NULL,11740,Brianna Lee,NULL,17/06/2013
17433,NULL,17553,Cameron Lee,NULL,14/04/2014
23921,NULL,4874,Charles Lee,NULL,11/09/2013
24255,NULL,11023,Chloe Lee,NULL,01/06/2014
16785,NULL,18095,Christian Lee,NULL,02/03/2014
23090,NULL,18262,Christopher Lee,NULL,22/01/2014
16931,NULL,4485,Dalton Lee,NULL,10/11/2013
26098,NULL,18634,Daniel Lee,NULL,10/01/2014
22199,NULL,18146,David Lee,NULL,11/05/2014
17058,NULL,11517,Destiny Lee,NULL,12/05/2014
18839,NULL,4950,Don Lee,NULL,12/04/2014
26054,NULL,18549,Dylan Lee,NULL,31/08/2013
11697,NULL,5037,Eduardo Lee,NULL,06/03/2014
18098,NULL,4263,Edward Lee,NULL,06/02/2014
13273,NULL,11934,Elizabeth Lee,NULL,14/10/2013
20585,NULL,12261,Emily Lee,NULL,27/01/2014
16948,NULL,11888,Emma Lee,NULL,07/06/2014
22359,NULL,17958,Ethan Lee,NULL,03/10/2013
20145,NULL,3873,Fernando Lee,NULL,12/12/2013
28318,NULL,11331,Grace Lee,NULL,26/11/2013
15713,NULL,12308,Hannah Lee,NULL,30/04/2014
15279,NULL,17251,Hunter Lee,NULL,04/03/2014
19646,NULL,4729,Ian Lee,NULL,22/05/2014
23485,NULL,11246,Isabella Lee,NULL,01/06/2014
13551,NULL,18711,Jacob Lee,NULL,02/04/2014
28817,NULL,17658,James Lee,NULL,24/07/2013
11183,NULL,11425,Jasmine Lee,NULL,13/11/2013
14644,NULL,11110,Jennifer Lee,NULL,13/07/2013
28128,NULL,4014,Jeremiah Lee,NULL,03/05/2014
19636,NULL,12117,Jessica Lee,NULL,02/02/2014
19801,NULL,18370,John Lee,NULL,21/02/2014
28263,NULL,17723,Jonathan Lee,NULL,21/04/2014
20078,NULL,17302,Jose Lee,NULL,23/04/2014
27619,NULL,18966,Joseph Lee,NULL,11/12/2013
13274,NULL,18805,Joshua Lee,NULL,09/10/2013
15407,NULL,11072,Julia Lee,NULL,03/04/2014
17577,NULL,18099,Justin Lee,NULL,15/12/2013
12141,NULL,11157,Kaitlyn Lee,NULL,10/08/2013
29226,NULL,10843,Katherine Lee,NULL,18/12/2013
20781,NULL,11986,Kayla Lee,NULL,19/02/2014
14477,NULL,11662,Lauren Lee,NULL,27/12/2013
17847,NULL,17680,Logan Lee,NULL,29/11/2013
26628,NULL,4807,Lucas Lee,NULL,12/10/2013
11225,NULL,12350,Madison Lee,NULL,06/02/2014
26518,NULL,4639,Marcus Lee,NULL,13/03/2014
29225,NULL,18861,Matthew Lee,NULL,15/01/2014
12749,NULL,4102,Miguel Lee,NULL,05/04/2014
24779,NULL,11201,Morgan Lee,NULL,24/08/2013
12604,NULL,17715,Nathan Lee,NULL,30/10/2013
26001,NULL,18457,Nicholas Lee,NULL,09/04/2014
21388,NULL,11471,Nicole Lee,NULL,17/03/2014
13223,NULL,17330,Noah Lee,NULL,27/03/2014
20684,NULL,11787,Olivia Lee,NULL,25/12/2013
14575,NULL,11379,Rachel Lee,NULL,25/06/2014
23996,NULL,4556,Richard Lee,NULL,11/01/2014
11270,NULL,17332,Robert Lee,NULL,09/06/2013
16055,NULL,18022,Ryan Lee,NULL,13/09/2013
27378,NULL,12402,Samantha Lee,NULL,16/03/2014
23810,NULL,12494,Sarah Lee,NULL,22/10/2013
23006,NULL,4332,Seth Lee,NULL,01/04/2014
22678,NULL,10792,Sydney Lee,NULL,16/12/2013
14022,NULL,12167,Taylor Lee,NULL,07/04/2014
23238,NULL,17444,Thomas Lee,NULL,08/12/2013
23140,NULL,18644,Tyler Lee,NULL,19/07/2013
27269,NULL,11840,Victoria Lee,NULL,12/04/2013
13185,NULL,18418,William Lee,NULL,21/12/2013
12921,NULL,3785,Wyatt Lee,NULL,22/03/2014
28039,NULL,4409,Xavier Lee,NULL,12/07/2011
21319,NULL,17775,Zachary Lee,NULL,30/04/2014
25399,NULL,18197,Jorge Leitão,NULL,04/11/2013
24930,NULL,12068,Abigail Lewis,NULL,15/07/2013
24795,NULL,10737,Alexandra Lewis,NULL,19/03/2014
20098,NULL,12023,Alexis Lewis,NULL,21/03/2014
16091,NULL,11559,Alyssa Lewis,NULL,26/11/2013
25644,NULL,18901,Andrew Lewis,NULL,03/03/2014
26304,NULL,11611,Anna Lewis,NULL,21/05/2014
18672,NULL,18405,Anthony Lewis,NULL,22/01/2014
12960,NULL,12447,Ashley Lewis,NULL,27/10/2013
13726,NULL,17600,Austin Lewis,NULL,15/05/2014
12455,NULL,18204,Benjamin Lewis,NULL,19/04/2014
17390,NULL,4177,Blake Lewis,NULL,08/10/2013
29037,NULL,18461,Brandon Lewis,NULL,07/10/2013
14282,NULL,11739,Brianna Lewis,NULL,11/06/2014
11534,NULL,17549,Cameron Lewis,NULL,17/07/2013
23677,NULL,4873,Charles Lewis,NULL,25/03/2014
21635,NULL,18081,Christian Lewis,NULL,21/11/2013
18755,NULL,18257,Christopher Lewis,NULL,27/08/2013
16206,NULL,11021,Cindy Lewis,NULL,25/01/2014
16776,NULL,4483,Dalton Lewis,NULL,28/02/2014
18365,NULL,18631,Daniel Lewis,NULL,03/11/2013
15203,NULL,18145,David Lewis,NULL,19/01/2014
20376,NULL,11515,Destiny Lewis,NULL,26/09/2013
14153,NULL,18542,Dylan Lewis,NULL,11/10/2013
28222,NULL,5035,Eduardo Lewis,NULL,31/08/2011
11742,NULL,4261,Edward Lewis,NULL,22/10/2013
21268,NULL,11933,Elizabeth Lewis,NULL,09/03/2014
22243,NULL,11887,Emma Lewis,NULL,06/05/2014
27998,NULL,17890,Ethan Lewis,NULL,10/02/2014
21574,NULL,3871,Fernando Lewis,NULL,15/07/2013
15937,NULL,11330,Grace Lewis,NULL,28/02/2014
26561,NULL,12304,Hannah Lewis,NULL,17/05/2014
18781,NULL,17249,Hunter Lewis,NULL,28/05/2014
12707,NULL,4726,Ian Lewis,NULL,13/09/2013
26242,NULL,11244,Isabella Lewis,NULL,21/09/2013
18799,NULL,18709,Jacob Lewis,NULL,04/09/2013
24012,NULL,17655,James Lewis,NULL,16/03/2014
13964,NULL,11423,Jasmine Lewis,NULL,19/05/2014
14090,NULL,11108,Jennifer Lewis,NULL,30/09/2013
14371,NULL,4011,Jeremiah Lewis,NULL,06/06/2014
25868,NULL,12116,Jessica Lewis,NULL,05/11/2013
20692,NULL,18366,John Lewis,NULL,06/03/2014
27039,NULL,17720,Jonathan Lewis,NULL,29/01/2014
20088,NULL,17292,Jose Lewis,NULL,07/11/2013
21491,NULL,18964,Joseph Lewis,NULL,15/03/2014
11848,NULL,18803,Joshua Lewis,NULL,08/05/2014
27213,NULL,11070,Julia Lewis,NULL,14/03/2014
28303,NULL,18097,Justin Lewis,NULL,18/12/2013
15906,NULL,11156,Kaitlyn Lewis,NULL,28/05/2014
14816,NULL,10841,Katherine Lewis,NULL,11/05/2014
12013,NULL,11983,Kayla Lewis,NULL,09/08/2013
26800,NULL,11661,Lauren Lewis,NULL,25/12/2013
23209,NULL,4806,Lucas Lewis,NULL,15/07/2013
26597,NULL,12349,Madison Lewis,NULL,11/06/2014
25421,NULL,4638,Marcus Lewis,NULL,15/12/2013
24524,NULL,11701,Megan Lewis,NULL,16/02/2014
14782,NULL,18754,Michael Lewis,NULL,22/07/2013
26120,NULL,4101,Miguel Lewis,NULL,30/04/2014
17410,NULL,11200,Morgan Lewis,NULL,06/02/2014
27079,NULL,11286,Natalie Lewis,NULL,08/02/2013
24413,NULL,17709,Nathan Lewis,NULL,14/06/2013
18102,NULL,18340,Nicholas Lewis,NULL,07/07/2013
21881,NULL,11469,Nicole Lewis,NULL,18/02/2014
13833,NULL,17329,Noah Lewis,NULL,20/04/2014
24499,NULL,11786,Olivia Lewis,NULL,21/10/2013
14900,NULL,11378,Rachel Lewis,NULL,14/03/2014
21637,NULL,4554,Richard Lewis,NULL,15/04/2014
13234,NULL,17286,Robert Lewis,NULL,03/07/2013
20312,NULL,18021,Ryan Lewis,NULL,06/10/2013
14945,NULL,12401,Samantha Lewis,NULL,13/06/2013
17155,NULL,17866,Samuel Lewis,NULL,02/01/2014
12028,NULL,12491,Sarah Lewis,NULL,26/02/2014
26782,NULL,4330,Seth Lewis,NULL,01/12/2011
17447,NULL,10791,Sydney Lewis,NULL,07/07/2013
11295,NULL,12166,Taylor Lewis,NULL,11/06/2013
26248,NULL,17441,Thomas Lewis,NULL,06/12/2013
15552,NULL,18641,Tyler Lewis,NULL,27/06/2013
11309,NULL,11837,Victoria Lewis,NULL,07/06/2014
14441,NULL,18416,William Lewis,NULL,23/09/2013
24837,NULL,3783,Wyatt Lewis,NULL,17/01/2014
14760,NULL,17735,Zachary Lewis,NULL,14/05/2014
15429,NULL,5520,Aaron Li,NULL,01/01/2014
16985,NULL,5264,Adam Li,NULL,25/01/2014
17915,NULL,5792,Aimee Li,NULL,07/02/2014
27773,NULL,17301,Alan Li,NULL,22/04/2014
27519,NULL,12470,Alejandro Li,NULL,02/05/2014
24873,NULL,11941,Alisha Li,NULL,29/04/2014
26764,NULL,4341,Alvin Li,NULL,14/04/2014
12592,NULL,20702,Amy Li,NULL,09/05/2014
27844,NULL,9768,Arturo Li,NULL,18/11/2013
18110,NULL,6279,Austin Li,NULL,06/07/2013
23696,NULL,5909,Autumn Li,NULL,21/08/2013
15788,NULL,11538,Barbara Li,NULL,04/04/2014
14623,NULL,6739,Benjamin Li,NULL,06/08/2013
29339,NULL,6938,Brandon Li,NULL,25/05/2014
13281,NULL,17989,Brent Li,NULL,12/06/2014
22640,NULL,5575,Caleb Li,NULL,16/07/2013
25902,NULL,6331,Cameron Li,NULL,25/07/2013
27587,NULL,4831,Cara Li,NULL,26/04/2014
27364,NULL,3198,Cedric Li,NULL,01/08/2013
16539,NULL,11334,Christy Li,NULL,09/07/2013
23609,NULL,17724,Clarence Li,NULL,16/10/2013
14161,NULL,5854,Claudia Li,NULL,05/04/2014
17825,NULL,12576,Clayton Li,NULL,15/05/2014
18445,NULL,13425,Colin Li,NULL,11/11/2013
16569,NULL,12256,Colleen Li,NULL,07/06/2013
20186,NULL,5622,Connor Li,NULL,06/03/2014
14325,NULL,20747,Crystal Li,NULL,20/03/2014
13692,NULL,18242,Curtis Li,NULL,25/03/2014
20887,NULL,6009,Damien Li,NULL,12/04/2014
24549,NULL,5616,Darryl Li,NULL,25/09/2013
21894,NULL,6684,David Li,NULL,05/03/2014
13962,NULL,12154,Dawn Li,NULL,22/06/2014
14837,NULL,17889,Dennis Li,NULL,19/04/2014
25381,NULL,6988,Dylan Li,NULL,12/09/2013
26967,NULL,13124,Edwin Li,NULL,06/08/2013
16740,NULL,5369,Elijah Li,NULL,17/07/2013
18360,NULL,5315,Eric Li,NULL,01/03/2014
23634,NULL,6455,Ernest Li,NULL,13/01/2014
15283,NULL,5448,Eugene Li,NULL,12/03/2014
28052,NULL,7609,Franklin Li,NULL,06/04/2014
13395,NULL,5876,Gabriel Li,NULL,18/12/2013
23999,NULL,8674,Gilbert Li,NULL,02/01/2014
29295,NULL,5672,Glenn Li,NULL,29/09/2013
12803,NULL,2629,Heather Li,NULL,17/06/2014
22900,NULL,6076,Hunter Li,NULL,16/10/2013
14071,NULL,5217,Jack Li,NULL,31/12/2013
27646,NULL,5365,Jackson Li,NULL,22/04/2014
18281,NULL,12903,Jaclyn Li,NULL,16/02/2014
19583,NULL,5391,Jake Li,NULL,16/06/2014
17571,NULL,6388,James Li,NULL,17/01/2014
12258,NULL,2441,Jamie Li,NULL,03/03/2014
13729,NULL,5417,Jason Li,NULL,02/05/2014
17969,NULL,18038,Jeffery Li,NULL,03/02/2014
22169,NULL,11436,Jenny Li,NULL,19/11/2013
20802,NULL,13527,Jon Li,NULL,10/11/2013
23837,NULL,6434,Jonathan Li,NULL,19/04/2014
17026,NULL,5171,Jordan Li,NULL,20/08/2013
20133,NULL,18287,Jorge Li,NULL,04/12/2013
11725,NULL,5675,Jose Li,NULL,02/10/2013
14124,NULL,6639,Justin Li,NULL,16/04/2014
17921,NULL,17394,Karen Li,NULL,06/03/2014
22562,NULL,12050,Kelli Li,NULL,14/08/2013
20177,NULL,16353,Kelvin Li,NULL,11/11/2013
25188,NULL,5824,Kevin Li,NULL,02/10/2013
15153,NULL,2500,Kristen Li,NULL,30/01/2014
24912,NULL,17353,Krystal Li,NULL,13/09/2013
18100,NULL,5774,Kyle Li,NULL,17/12/2013
17515,NULL,12359,Lacey Li,NULL,28/09/2013
20933,NULL,2388,Laura Li,NULL,11/11/2013
12871,NULL,17443,Leah Li,NULL,23/06/2014
24600,NULL,2417,Lisa Li,NULL,02/03/2014
13800,NULL,6483,Logan Li,NULL,15/10/2013
21063,NULL,14149,Louis Li,NULL,21/09/2013
20251,NULL,5471,Luis Li,NULL,22/09/2013
17224,NULL,5731,Mandy Li,NULL,18/10/2013
15753,NULL,17698,Margaret Li,NULL,19/04/2014
12687,NULL,10805,Marshall Li,NULL,21/03/2014
28966,NULL,4893,Martha Li,NULL,14/11/2011
12829,NULL,6554,Micah Li,NULL,28/04/2014
29263,NULL,5978,Nathan Li,NULL,30/04/2014
21141,NULL,12678,Omar Li,NULL,28/02/2014
21752,NULL,12788,Rafael Li,NULL,07/05/2014
21248,NULL,6394,Ramon Li,NULL,10/01/2014
27235,NULL,6179,Robert Li,NULL,23/03/2013
15650,NULL,5562,Ronnie Li,NULL,16/05/2014
17675,NULL,4948,Rosa Li,NULL,29/03/2014
15956,NULL,6582,Ryan Li,NULL,29/04/2014
13679,NULL,17643,Sandra Li,NULL,01/01/2014
15491,NULL,2525,Shannon Li,NULL,31/12/2013
14064,NULL,17589,Stacey Li,NULL,19/01/2014
21137,NULL,6506,Steve Li,NULL,20/03/2014
27839,NULL,17743,Susan Li,NULL,13/08/2013
21508,NULL,5001,Suzanne Li,NULL,14/05/2014
26719,NULL,13014,Tamara Li,NULL,17/12/2013
18116,NULL,5727,Thomas Li,NULL,14/03/2014
11224,NULL,2656,Tiffany Li,NULL,05/05/2014
11233,NULL,18194,Todd Li,NULL,08/11/2013
18296,NULL,5959,Trisha Li,NULL,19/07/2013
27507,NULL,17487,Valerie Li,NULL,09/06/2014
21207,NULL,17941,Vincent Li,NULL,25/10/2013
29185,NULL,11831,Warren Li,NULL,16/02/2014
23322,NULL,18088,Wesley Li,NULL,28/12/2013
29063,NULL,17327,Alan Liang,NULL,07/11/2013
29193,NULL,12506,Alejandro Liang,NULL,12/05/2014
18169,NULL,11973,Alisha Liang,NULL,26/08/2013
16164,NULL,20722,Amy Liang,NULL,14/02/2014
24542,NULL,10090,Arturo Liang,NULL,05/05/2014
23947,NULL,5939,Autumn Liang,NULL,28/04/2014
22953,NULL,11572,Barbara Liang,NULL,26/08/2013
15666,NULL,4802,Bianca Liang,NULL,13/04/2014
26182,NULL,17566,Brittney Liang,NULL,02/04/2014
22208,NULL,16762,Candice Liang,NULL,31/08/2013
13515,NULL,4861,Cara Liang,NULL,29/05/2014
19941,NULL,3536,Cedric Liang,NULL,08/05/2014
21239,NULL,11364,Christy Liang,NULL,30/11/2013
23972,NULL,6852,Clarence Liang,NULL,27/03/2014
14958,NULL,12610,Clayton Liang,NULL,31/05/2014
13639,NULL,13459,Colin Liang,NULL,21/11/2013
17740,NULL,12284,Colleen Liang,NULL,26/08/2013
19740,NULL,5881,Connie Liang,NULL,08/01/2014
11549,NULL,20772,Crystal Liang,NULL,14/05/2014
17587,NULL,18267,Curtis Liang,NULL,06/04/2014
22150,NULL,9256,Damien Liang,NULL,11/08/2013
26658,NULL,5647,Darryl Liang,NULL,13/06/2013
14034,NULL,17917,Dennis Liang,NULL,11/05/2014
12327,NULL,13164,Edwin Liang,NULL,06/12/2013
22323,NULL,2489,Erica Liang,NULL,23/06/2013
27122,NULL,6481,Ernest Liang,NULL,12/01/2014
13972,NULL,5484,Eugene Liang,NULL,27/05/2014
12242,NULL,9003,Gilbert Liang,NULL,11/11/2013
21983,NULL,5710,Glenn Liang,NULL,13/04/2014
20552,NULL,2645,Heather Liang,NULL,05/05/2014
21632,NULL,12942,Jaclyn Liang,NULL,09/09/2013
11891,NULL,2460,Jamie Liang,NULL,30/11/2013
15711,NULL,18063,Jeffery Liang,NULL,05/12/2013
27351,NULL,11462,Jenny Liang,NULL,05/11/2013
19513,NULL,5537,Jessie Liang,NULL,17/01/2014
21042,NULL,13561,Jon Liang,NULL,31/03/2014
11564,NULL,18319,Jorge Liang,NULL,18/08/2013
21048,NULL,17417,Karen Liang,NULL,20/07/2013
28726,NULL,12082,Kelli Liang,NULL,26/04/2014
16616,NULL,19123,Kelvin Liang,NULL,07/05/2014
12404,NULL,17378,Krystal Liang,NULL,03/11/2013
15719,NULL,12391,Lacey Liang,NULL,01/04/2014
18107,NULL,2405,Laura Liang,NULL,05/06/2014
16412,NULL,17470,Leah Liang,NULL,19/09/2013
19530,NULL,2432,Lisa Liang,NULL,28/07/2013
12706,NULL,13051,Louis Liang,NULL,20/03/2014
28371,NULL,5772,Mandy Liang,NULL,13/03/2014
17254,NULL,17727,Margaret Liang,NULL,10/09/2013
25447,NULL,11112,Marshall Liang,NULL,01/04/2014
16525,NULL,4926,Martha Liang,NULL,06/10/2013
11726,NULL,5366,Micah Liang,NULL,09/05/2014
24245,NULL,12711,Omar Liang,NULL,20/05/2014
14935,NULL,12825,Rafael Liang,NULL,10/08/2013
28958,NULL,18175,Randy Liang,NULL,05/05/2014
27458,NULL,13259,Roger Liang,NULL,02/12/2013
24584,NULL,5593,Ronnie Liang,NULL,06/11/2013
19770,NULL,4978,Rosa Liang,NULL,24/07/2013
20949,NULL,17673,Sandra Liang,NULL,30/08/2013
11378,NULL,2542,Shannon Liang,NULL,17/07/2013
16538,NULL,17620,Stacey Liang,NULL,09/03/2014
14317,NULL,6532,Steve Liang,NULL,10/04/2014
28520,NULL,17774,Susan Liang,NULL,15/04/2014
22534,NULL,5036,Suzanne Liang,NULL,21/05/2014
11087,NULL,11871,Tamara Liang,NULL,09/01/2014
11068,NULL,2676,Tiffany Liang,NULL,10/03/2014
27325,NULL,18225,Todd Liang,NULL,13/08/2013
17178,NULL,4753,Trisha Liang,NULL,18/05/2014
28091,NULL,17517,Valerie Liang,NULL,27/04/2014
20402,NULL,17968,Vincent Liang,NULL,16/11/2013
12123,NULL,18116,Wesley Liang,NULL,22/04/2014
19484,NULL,13362,Willie Liang,NULL,19/04/2014
22973,NULL,17308,Alan Lin,NULL,30/05/2014
12563,NULL,12481,Alejandro Lin,NULL,01/12/2013
19385,NULL,11953,Alisha Lin,NULL,03/05/2014
24140,NULL,4462,Alvin Lin,NULL,28/09/2013
23958,NULL,20710,Amy Lin,NULL,21/04/2014
13439,NULL,9876,Arturo Lin,NULL,18/10/2013
18272,NULL,5920,Autumn Lin,NULL,05/07/2013
19259,NULL,11548,Barbara Lin,NULL,23/09/2013
11107,NULL,4781,Bianca Lin,NULL,21/11/2013
27788,NULL,18001,Brent Lin,NULL,11/08/2013
24971,NULL,17540,Brittney Lin,NULL,02/04/2014
19506,NULL,17800,Candice Lin,NULL,26/10/2013
29411,NULL,4837,Cara Lin,NULL,17/07/2013
13147,NULL,3314,Cedric Lin,NULL,06/11/2013
29069,NULL,6626,Clarence Lin,NULL,24/11/2013
14312,NULL,5862,Claudia Lin,NULL,04/01/2014
27492,NULL,12586,Clayton Lin,NULL,03/05/2014
11255,NULL,13436,Colin Lin,NULL,31/08/2013
22721,NULL,12266,Colleen Lin,NULL,07/01/2014
17773,NULL,20756,Crystal Lin,NULL,28/11/2013
21858,NULL,18252,Curtis Lin,NULL,22/06/2013
23414,NULL,7106,Damien Lin,NULL,17/08/2013
15031,NULL,5629,Darryl Lin,NULL,24/01/2014
15805,NULL,12162,Dawn Lin,NULL,19/05/2014
16169,NULL,17900,Dennis Lin,NULL,01/05/2014
19766,NULL,13138,Edwin Lin,NULL,13/07/2013
16033,NULL,2479,Erica Lin,NULL,29/05/2014
11611,NULL,6464,Ernest Lin,NULL,29/11/2013
28737,NULL,5460,Eugene Lin,NULL,16/07/2013
24557,NULL,7705,Franklin Lin,NULL,29/10/2013
29288,NULL,5686,Glenn Lin,NULL,27/06/2014
15718,NULL,2635,Heather Lin,NULL,21/05/2014
28721,NULL,12919,Jaclyn Lin,NULL,01/04/2014
24248,NULL,5400,Jake Lin,NULL,19/02/2014
19488,NULL,2447,Jamie Lin,NULL,19/03/2014
27347,NULL,18048,Jeffery Lin,NULL,14/11/2013
15002,NULL,11447,Jenny Lin,NULL,12/01/2014
21096,NULL,13539,Jon Lin,NULL,28/03/2014
27593,NULL,18295,Jorge Lin,NULL,15/02/2014
24243,NULL,17401,Karen Lin,NULL,15/11/2013
21392,NULL,12060,Kelli Lin,NULL,19/04/2014
13075,NULL,17283,Kelvin Lin,NULL,20/03/2014
13815,NULL,12368,Lacey Lin,NULL,28/02/2014
11462,NULL,2393,Laura Lin,NULL,25/12/2013
17979,NULL,2422,Lisa Lin,NULL,24/05/2014
25035,NULL,5747,Mandy Lin,NULL,17/11/2013
18306,NULL,17710,Margaret Lin,NULL,23/12/2013
16822,NULL,10906,Marshall Lin,NULL,16/02/2014
20678,NULL,4904,Martha Lin,NULL,13/01/2014
19292,NULL,6566,Micah Lin,NULL,19/05/2014
19033,NULL,12686,Omar Lin,NULL,27/03/2014
14099,NULL,12800,Rafael Lin,NULL,14/02/2014
19468,NULL,6412,Ramon Lin,NULL,25/04/2014
14540,NULL,18153,Randy Lin,NULL,03/02/2014
20144,NULL,13235,Roger Lin,NULL,31/05/2014
21384,NULL,5573,Ronnie Lin,NULL,23/10/2013
12856,NULL,4957,Rosa Lin,NULL,13/11/2013
25052,NULL,17654,Sandra Lin,NULL,29/11/2013
26879,NULL,2530,Shannon Lin,NULL,18/03/2014
24883,NULL,17598,Stacey Lin,NULL,06/06/2013
14182,NULL,6515,Steve Lin,NULL,02/02/2014
27005,NULL,17752,Susan Lin,NULL,30/12/2013
29287,NULL,5010,Suzanne Lin,NULL,03/07/2013
24056,NULL,13026,Tamara Lin,NULL,03/05/2014
12266,NULL,2663,Tiffany Lin,NULL,10/11/2013
23909,NULL,18203,Todd Lin,NULL,14/04/2014
12561,NULL,4733,Trisha Lin,NULL,15/03/2014
28453,NULL,17496,Valerie Lin,NULL,03/01/2014
28516,NULL,17947,Vincent Lin,NULL,03/05/2014
21407,NULL,18100,Wesley Lin,NULL,30/06/2013
28142,NULL,13348,Willie Lin,NULL,26/08/2011
28580,NULL,5795,Aimee Liu,NULL,09/11/2013
16464,NULL,17304,Alan Liu,NULL,07/02/2014
19555,NULL,12472,Alejandro Liu,NULL,16/09/2013
23764,NULL,11945,Alisha Liu,NULL,24/07/2013
25743,NULL,4367,Alvin Liu,NULL,15/07/2013
13222,NULL,9789,Arturo Liu,NULL,08/04/2014
20985,NULL,5911,Autumn Liu,NULL,05/09/2013
25685,NULL,11544,Barbara Liu,NULL,31/12/2013
11458,NULL,4775,Bianca Liu,NULL,20/06/2014
15804,NULL,17535,Brittney Liu,NULL,16/05/2014
28720,NULL,17794,Candice Liu,NULL,05/07/2013
12677,NULL,3218,Cedric Liu,NULL,21/02/2014
19784,NULL,11337,Christy Liu,NULL,13/10/2013
19797,NULL,17740,Clarence Liu,NULL,24/10/2013
21373,NULL,12578,Clayton Liu,NULL,12/08/2013
24716,NULL,13429,Colin Liu,NULL,01/03/2014
29040,NULL,12257,Colleen Liu,NULL,09/07/2013
24548,NULL,20749,Crystal Liu,NULL,19/10/2013
18040,NULL,18245,Curtis Liu,NULL,29/11/2013
17214,NULL,6234,Damien Liu,NULL,02/04/2014
19947,NULL,5617,Darryl Liu,NULL,12/10/2013
21960,NULL,12156,Dawn Liu,NULL,13/02/2014
29062,NULL,17891,Dennis Liu,NULL,17/11/2013
28435,NULL,13126,Edwin Liu,NULL,22/06/2014
21564,NULL,2475,Erica Liu,NULL,10/10/2013
13511,NULL,6456,Ernest Liu,NULL,18/05/2014
14712,NULL,5451,Eugene Liu,NULL,06/03/2014
19107,NULL,7628,Franklin Liu,NULL,10/10/2013
18899,NULL,5674,Glenn Liu,NULL,17/06/2013
12996,NULL,12904,Jaclyn Liu,NULL,04/03/2014
22533,NULL,5393,Jake Liu,NULL,29/04/2014
19301,NULL,2442,Jamie Liu,NULL,18/05/2014
17788,NULL,18042,Jeffery Liu,NULL,01/09/2013
16165,NULL,11438,Jenny Liu,NULL,21/02/2014
11106,NULL,5510,Jessie Liu,NULL,15/11/2013
27139,NULL,13528,Jon Liu,NULL,28/03/2014
20592,NULL,18289,Jorge Liu,NULL,17/05/2014
14008,NULL,17395,Karen Liu,NULL,25/12/2013
24480,NULL,12052,Kelli Liu,NULL,21/05/2014
28621,NULL,2501,Kristen Liu,NULL,16/10/2011
13526,NULL,17355,Krystal Liu,NULL,18/11/2013
23545,NULL,12360,Lacey Liu,NULL,16/01/2014
19998,NULL,2389,Laura Liu,NULL,04/09/2013
17584,NULL,2418,Lisa Liu,NULL,28/06/2014
21341,NULL,14150,Louis Liu,NULL,09/06/2014
17888,NULL,5734,Mandy Liu,NULL,09/02/2014
13980,NULL,17701,Margaret Liu,NULL,21/09/2013
25737,NULL,10825,Marshall Liu,NULL,10/02/2014
15220,NULL,6556,Micah Liu,NULL,26/03/2014
12252,NULL,12681,Omar Liu,NULL,25/12/2013
16767,NULL,12790,Rafael Liu,NULL,14/08/2013
17618,NULL,6397,Ramon Liu,NULL,17/01/2014
15015,NULL,18144,Randy Liu,NULL,04/11/2013
20058,NULL,13228,Roger Liu,NULL,31/10/2013
26130,NULL,5564,Ronnie Liu,NULL,23/08/2013
23612,NULL,4949,Rosa Liu,NULL,14/05/2014
21099,NULL,17645,Sandra Liu,NULL,13/10/2013
11250,NULL,2526,Shannon Liu,NULL,06/01/2014
13557,NULL,17591,Stacey Liu,NULL,26/12/2013
23523,NULL,6509,Steve Liu,NULL,03/08/2013
18718,NULL,17745,Susan Liu,NULL,20/08/2013
19594,NULL,5003,Suzanne Liu,NULL,12/09/2013
18016,NULL,2657,Tiffany Liu,NULL,16/04/2014
20214,NULL,5962,Trisha Liu,NULL,25/11/2013
24121,NULL,17488,Valerie Liu,NULL,22/03/2014
20848,NULL,17942,Vincent Liu,NULL,28/07/2013
15014,NULL,11848,Warren Liu,NULL,12/11/2013
20913,NULL,18090,Wesley Liu,NULL,27/03/2014
20561,NULL,13343,Willie Liu,NULL,21/05/2014
18926,NULL,5493,Alexandre Lobao,NULL,28/06/2014
22347,NULL,3966,Abigail Long,NULL,18/02/2014
22888,NULL,12190,Abigail Long,NULL,26/09/2013
18868,NULL,5240,Adam Long,NULL,01/05/2014
19881,NULL,12912,Aidan Long,NULL,29/08/2013
11714,NULL,7617,Alexandria Long,NULL,14/10/2013
22580,NULL,12759,Alexis Long,NULL,03/11/2013
24952,NULL,3039,Amanda Long,NULL,16/07/2013
27035,NULL,7443,Ana Long,NULL,25/12/2013
26714,NULL,7660,Angela Long,NULL,18/10/2013
28206,NULL,7148,Angelica Long,NULL,26/06/2013
27289,NULL,3668,Anna Long,NULL,31/03/2013
27551,NULL,13203,Antonio Long,NULL,08/05/2013
24688,NULL,12581,Ashley Long,NULL,27/01/2014
29249,NULL,6247,Austin Long,NULL,20/07/2013
23273,NULL,6709,Benjamin Long,NULL,29/06/2014
24533,NULL,13600,Blake Long,NULL,01/06/2014
16110,NULL,6904,Brandon Long,NULL,26/03/2014
17615,NULL,7186,Brittany Long,NULL,06/01/2014
25046,NULL,5548,Caleb Long,NULL,03/06/2012
24111,NULL,6296,Cameron Long,NULL,15/01/2014
27044,NULL,3194,Carol Long,NULL,27/01/2013
29151,NULL,6784,Caroline Long,NULL,04/12/2011
17033,NULL,13249,Carson Long,NULL,13/09/2013
19372,NULL,6824,Cassidy Long,NULL,25/01/2014
16784,NULL,20302,Chloe Long,NULL,02/10/2013
24690,NULL,6758,Christian Long,NULL,25/03/2014
22453,NULL,12953,Dakota Long,NULL,18/04/2014
24430,NULL,13462,Dalton Long,NULL,29/10/2013
29205,NULL,6661,David Long,NULL,30/04/2014
20476,NULL,20083,Destiny Long,NULL,02/11/2013
21500,NULL,13704,Devin Long,NULL,21/07/2013
28728,NULL,6959,Dylan Long,NULL,17/11/2012
19637,NULL,13740,Eduardo Long,NULL,23/01/2014
12062,NULL,13643,Edward Long,NULL,15/06/2014
18864,NULL,5896,Elijah Long,NULL,07/05/2014
12782,NULL,12670,Elizabeth Long,NULL,02/12/2013
26140,NULL,12998,Emily Long,NULL,20/03/2014
24509,NULL,19551,Emma Long,NULL,09/04/2014
23860,NULL,5287,Eric Long,NULL,07/04/2014
23834,NULL,6496,Ethan Long,NULL,11/04/2014
14873,NULL,13113,Fernando Long,NULL,12/02/2014
29017,NULL,5844,Gabriel Long,NULL,15/11/2011
19830,NULL,3344,Gabrielle Long,NULL,03/04/2014
13762,NULL,13295,Gavin Long,NULL,07/06/2014
15492,NULL,19653,Grace Long,NULL,19/01/2014
20776,NULL,3426,Haley Long,NULL,18/10/2013
11157,NULL,13038,Hannah Long,NULL,11/02/2014
11924,NULL,13878,Ian Long,NULL,19/11/2013
24450,NULL,7480,Isabel Long,NULL,17/08/2013
23060,NULL,2561,Isabella Long,NULL,31/10/2013
23104,NULL,7514,Isabelle Long,NULL,22/06/2013
15423,NULL,5192,Jack Long,NULL,10/08/2013
27220,NULL,5335,Jackson Long,NULL,12/02/2014
23519,NULL,7744,Jacqueline Long,NULL,25/03/2014
21844,NULL,6353,James Long,NULL,28/12/2013
28301,NULL,19856,Jasmine Long,NULL,10/07/2013
14391,NULL,5389,Jason Long,NULL,24/02/2014
29010,NULL,20515,Jennifer Long,NULL,22/11/2011
13317,NULL,13515,Jeremiah Long,NULL,25/04/2014
16808,NULL,3518,Jessica Long,NULL,16/02/2014
29074,NULL,7818,Joan Long,NULL,08/11/2013
12886,NULL,7238,Jocelyn Long,NULL,16/02/2014
24954,NULL,6407,Jonathan Long,NULL,09/03/2014
19988,NULL,5147,Jordan Long,NULL,15/01/2014
17338,NULL,6868,Jordyn Long,NULL,09/06/2014
14460,NULL,6203,Jose Long,NULL,06/05/2014
22889,NULL,20405,Julia Long,NULL,27/04/2014
12034,NULL,13335,Julian Long,NULL,22/06/2014
28010,NULL,6610,Justin Long,NULL,11/01/2014
23396,NULL,20623,Kaitlyn Long,NULL,20/10/2013
23141,NULL,2968,Katherine Long,NULL,13/02/2014
27670,NULL,12715,Kayla Long,NULL,05/04/2014
25545,NULL,7550,Kelly Long,NULL,28/05/2014
13863,NULL,5801,Kevin Long,NULL,08/02/2014
25917,NULL,5743,Kyle Long,NULL,18/02/2014
19143,NULL,19047,Lauren Long,NULL,21/10/2013
25098,NULL,6454,Logan Long,NULL,25/07/2013
24318,NULL,5439,Luis Long,NULL,25/09/2013
11293,NULL,5643,Luke Long,NULL,15/08/2013
12205,NULL,13083,Madison Long,NULL,01/06/2014
18087,NULL,13830,Marcus Long,NULL,29/01/2014
16036,NULL,3274,Maria Long,NULL,26/11/2013
16730,NULL,8089,Mariah Long,NULL,23/06/2014
25080,NULL,7068,Marissa Long,NULL,09/10/2013
15791,NULL,19148,Megan Long,NULL,04/05/2014
21503,NULL,8127,Melanie Long,NULL,22/04/2014
25908,NULL,7335,Melissa Long,NULL,28/06/2014
24853,NULL,13557,Miguel Long,NULL,17/01/2014
11777,NULL,7279,Miranda Long,NULL,22/11/2013
21352,NULL,20727,Morgan Long,NULL,09/09/2013
28191,NULL,7311,Mya Long,NULL,04/05/2014
14363,NULL,2734,Natalie Long,NULL,19/04/2014
24678,NULL,5948,Nathan Long,NULL,12/01/2014
13624,NULL,19969,Nicole Long,NULL,10/06/2014
17831,NULL,6097,Noah Long,NULL,06/12/2013
22106,NULL,19353,Olivia Long,NULL,11/10/2013
19810,NULL,13377,Oscar Long,NULL,13/04/2014
28283,NULL,19764,Rachel Long,NULL,23/05/2014
24264,NULL,13782,Richard Long,NULL,15/03/2014
28478,NULL,7371,Riley Long,NULL,10/02/2012
18664,NULL,6147,Robert Long,NULL,05/07/2013
28583,NULL,6552,Ryan Long,NULL,19/09/2011
11128,NULL,12533,Samantha Long,NULL,12/01/2014
28270,NULL,5998,Samuel Long,NULL,20/09/2011
17372,NULL,12627,Sarah Long,NULL,12/02/2014
13942,NULL,13965,Seth Long,NULL,07/08/2013
17424,NULL,13152,Spencer Long,NULL,19/04/2014
25158,NULL,3119,Stephanie Long,NULL,04/02/2014
27921,NULL,2884,Sydney Long,NULL,19/01/2014
22289,NULL,5694,Thomas Long,NULL,09/07/2013
25047,NULL,12829,Trevor Long,NULL,03/05/2014
27566,NULL,12872,Tristan Long,NULL,19/11/2013
19533,NULL,7405,Vanessa Long,NULL,20/07/2013
14758,NULL,19451,Victoria Long,NULL,04/10/2013
11251,NULL,13411,Xavier Long,NULL,20/03/2014
23973,NULL,7020,Zachary Long,NULL,27/04/2014
13444,NULL,18047,Abby Lopez,NULL,13/12/2013
26349,NULL,16583,Adam Lopez,NULL,02/09/2013
12002,NULL,3184,Adriana Lopez,NULL,03/01/2014
20755,NULL,16603,Alex Lopez,NULL,17/01/2014
14088,NULL,10616,Alexandra Lopez,NULL,22/10/2013
13821,NULL,15869,Allen Lopez,NULL,10/02/2014
14098,NULL,10667,Allison Lopez,NULL,12/09/2013
24448,NULL,10623,Amanda Lopez,NULL,07/03/2014
29208,NULL,10644,Amber Lopez,NULL,23/12/2011
11434,NULL,16076,Andre Lopez,NULL,15/12/2013
23602,NULL,10668,Andrea Lopez,NULL,18/07/2013
23263,NULL,16596,Angel Lopez,NULL,15/01/2014
15651,NULL,7267,Ann Lopez,NULL,27/04/2014
18557,NULL,10653,Bailey Lopez,NULL,14/07/2013
26020,NULL,3784,Barry Lopez,NULL,18/03/2014
21444,NULL,4188,Blake Lopez,NULL,25/10/2013
15445,NULL,16025,Bob Lopez,NULL,27/11/2013
18199,NULL,18865,Brandy Lopez,NULL,02/12/2013
26592,NULL,15380,Brenda Lopez,NULL,26/10/2013
19079,NULL,19523,Brett Lopez,NULL,09/01/2014
23540,NULL,10827,Bruce Lopez,NULL,19/09/2013
24218,NULL,3938,Bryant Lopez,NULL,05/10/2013
27256,NULL,17268,Caleb Lopez,NULL,23/03/2013
28326,NULL,7563,Carla Lopez,NULL,16/07/2013
18617,NULL,16594,Carlos Lopez,NULL,12/09/2013
13528,NULL,7176,Carmen Lopez,NULL,19/01/2014
25668,NULL,9965,Carolyn Lopez,NULL,22/01/2014
22308,NULL,19641,Cassandra Lopez,NULL,30/11/2013
17500,NULL,3837,Cesar Lopez,NULL,31/05/2014
15299,NULL,4887,Charles Lopez,NULL,27/04/2014
24369,NULL,18954,Chelsea Lopez,NULL,30/03/2014
23361,NULL,10602,Chloe Lopez,NULL,18/06/2014
27137,NULL,7332,Cindy Lopez,NULL,16/01/2014
27709,NULL,4104,Clifford Lopez,NULL,02/02/2014
26000,NULL,16504,Connor Lopez,NULL,01/11/2013
20839,NULL,10646,Courtney Lopez,NULL,11/07/2013
28846,NULL,19750,Cynthia Lopez,NULL,30/08/2013
20534,NULL,4497,Dalton Lopez,NULL,18/02/2014
29081,NULL,10190,Darren Lopez,NULL,24/12/2013
25119,NULL,9759,Deanna Lopez,NULL,18/11/2013
15480,NULL,16259,Denise Lopez,NULL,20/01/2014
24492,NULL,4967,Devin Lopez,NULL,03/08/2013
27590,NULL,8252,Dominic Lopez,NULL,25/05/2014
15077,NULL,7501,Dominique Lopez,NULL,21/05/2014
26740,NULL,20055,Donald Lopez,NULL,09/03/2014
21080,NULL,9653,Ebony Lopez,NULL,12/06/2014
17346,NULL,8157,Edgar Lopez,NULL,25/11/2013
26640,NULL,5050,Eduardo Lopez,NULL,16/01/2014
26931,NULL,3723,Edward Lopez,NULL,09/11/2013
12559,NULL,7991,Emmanuel Lopez,NULL,18/01/2014
16227,NULL,16585,Eric Lopez,NULL,02/07/2013
16567,NULL,2995,Erick Lopez,NULL,06/04/2014
22245,NULL,16605,Evan Lopez,NULL,10/05/2014
25702,NULL,3122,Evelyn Lopez,NULL,29/08/2013
13682,NULL,3884,Fernando Lopez,NULL,13/11/2013
18714,NULL,16714,Francisco Lopez,NULL,26/11/2013
19216,NULL,17250,Gabriel Lopez,NULL,29/09/2013
12155,NULL,10657,Gabriella Lopez,NULL,26/08/2013
11311,NULL,10634,Gabrielle Lopez,NULL,13/02/2014
29451,NULL,8304,Geoffrey Lopez,NULL,11/07/2013
15040,NULL,20215,George Lopez,NULL,25/01/2014
25530,NULL,10743,Gerald Lopez,NULL,15/01/2014
15470,NULL,10630,Hailey Lopez,NULL,15/01/2014
26406,NULL,10635,Haley Lopez,NULL,19/05/2014
26913,NULL,2888,Harold Lopez,NULL,29/11/2013
11052,NULL,15276,Heidi Lopez,NULL,27/10/2013
22010,NULL,15982,Henry Lopez,NULL,30/03/2014
26876,NULL,19597,Holly Lopez,NULL,12/11/2013
16790,NULL,17221,Hunter Lopez,NULL,27/05/2014
11396,NULL,4742,Ian Lopez,NULL,28/03/2014
27692,NULL,16610,Isaac Lopez,NULL,01/02/2014
12957,NULL,10613,Isabella Lopez,NULL,29/05/2014
18968,NULL,16598,Isaiah Lopez,NULL,28/04/2014
15553,NULL,8198,Ivan Lopez,NULL,07/06/2013
29047,NULL,16580,Jack Lopez,NULL,28/12/2013
13288,NULL,16588,Jackson Lopez,NULL,21/10/2013
20806,NULL,17075,James Lopez,NULL,07/12/2013
16858,NULL,10659,Jan Lopez,NULL,09/05/2014
25500,NULL,18518,Janelle Lopez,NULL,19/04/2014
28022,NULL,17255,Jason Lopez,NULL,18/07/2011
19965,NULL,10290,Jay Lopez,NULL,26/11/2013
25977,NULL,10648,Jenna Lopez,NULL,06/03/2014
16998,NULL,10607,Jennifer Lopez,NULL,18/10/2013
26297,NULL,4025,Jeremiah Lopez,NULL,23/05/2014
11488,NULL,8034,Jermaine Lopez,NULL,30/01/2014
27659,NULL,16612,Jesse Lopez,NULL,30/06/2013
16982,NULL,15333,Jillian Lopez,NULL,30/06/2013
27512,NULL,11022,Joe Lopez,NULL,02/12/2013
15103,NULL,17084,Jonathan Lopez,NULL,06/05/2014
15891,NULL,16571,Jordan Lopez,NULL,28/05/2014
18432,NULL,10650,Jordan Lopez,NULL,09/05/2014
25404,NULL,17238,José Lopez,NULL,01/11/2013
24638,NULL,10604,Julia Lopez,NULL,06/04/2014
25807,NULL,3243,Kaitlin Lopez,NULL,31/05/2014
21754,NULL,10608,Kaitlyn Lopez,NULL,16/02/2014
15235,NULL,10512,Kari Lopez,NULL,27/01/2014
11820,NULL,10662,Katelyn Lopez,NULL,08/05/2014
17161,NULL,10622,Katherine Lopez,NULL,27/08/2013
17398,NULL,10665,Kaylee Lopez,NULL,04/04/2014
29234,NULL,17247,Kevin Lopez,NULL,09/12/2013
28137,NULL,10710,Kristi Lopez,NULL,15/03/2014
20247,NULL,19711,Kristina Lopez,NULL,25/12/2013
21560,NULL,16117,Kristopher Lopez,NULL,15/02/2014
28061,NULL,17240,Kyle Lopez,NULL,03/04/2014
23502,NULL,17106,Logan Lopez,NULL,15/07/2013
18938,NULL,4818,Lucas Lopez,NULL,20/03/2014
17334,NULL,17257,Luis Lopez,NULL,09/05/2014
15563,NULL,16562,Luke Lopez,NULL,07/03/2014
20142,NULL,3454,Lydia Lopez,NULL,03/07/2013
18957,NULL,10655,Mackenzie Lopez,NULL,26/06/2013
12044,NULL,10639,Madeline Lopez,NULL,03/05/2014
14050,NULL,15944,Manuel Lopez,NULL,04/01/2014
11429,NULL,3885,Marco Lopez,NULL,26/05/2014
26197,NULL,4650,Marcus Lopez,NULL,12/06/2014
21156,NULL,10632,Maria Lopez,NULL,17/02/2014
16192,NULL,10070,Marie Lopez,NULL,28/09/2013
21864,NULL,16759,Martin Lopez,NULL,28/11/2013
16101,NULL,10642,Mary Lopez,NULL,16/03/2014
22923,NULL,16608,Mason Lopez,NULL,30/05/2014
27356,NULL,3411,Mayra Lopez,NULL,06/11/2013
22584,NULL,7222,Meagan Lopez,NULL,26/11/2013
24578,NULL,10612,Meredith Lopez,NULL,08/04/2014
21509,NULL,8978,Michele Lopez,NULL,24/05/2014
17647,NULL,16162,Molly Lopez,NULL,03/04/2014
22660,NULL,19562,Monica Lopez,NULL,15/06/2014
19466,NULL,10610,Morgan Lopez,NULL,20/10/2013
24182,NULL,15479,Nancy Lopez,NULL,03/03/2014
14113,NULL,10615,Natalie Lopez,NULL,07/10/2013
14083,NULL,17107,Nathan Lopez,NULL,16/08/2013
13163,NULL,17229,Noah Lopez,NULL,30/10/2013
26444,NULL,15565,Pamela Lopez,NULL,02/04/2014
28305,NULL,19680,Patricia Lopez,NULL,10/03/2014
21038,NULL,11668,Pedro Lopez,NULL,05/05/2014
12557,NULL,20176,Phillip Lopez,NULL,07/10/2013
20860,NULL,3999,Preston Lopez,NULL,12/11/2013
23425,NULL,15518,Rachael Lopez,NULL,10/12/2013
27317,NULL,19479,Raymond Lopez,NULL,25/03/2014
27504,NULL,10636,Rebecca Lopez,NULL,09/05/2013
24017,NULL,9867,Rebekah Lopez,NULL,08/02/2014
25571,NULL,4570,Richard Lopez,NULL,19/05/2014
22116,NULL,17234,Robert Lopez,NULL,28/10/2013
17855,NULL,20142,Ronald Lopez,NULL,18/05/2014
18443,NULL,11775,Ross Lopez,NULL,19/05/2014
26987,NULL,11128,Roy Lopez,NULL,22/08/2013
12639,NULL,11222,Ruben Lopez,NULL,21/07/2013
17902,NULL,3295,Ruth Lopez,NULL,05/12/2013
26858,NULL,17205,Samuel Lopez,NULL,20/11/2013
21599,NULL,10658,Sara Lopez,NULL,07/04/2014
25709,NULL,10663,Savannah Lopez,NULL,23/04/2014
28983,NULL,16613,Sean Lopez,NULL,11/01/2014
15123,NULL,7838,Sergio Lopez,NULL,25/04/2014
28373,NULL,19394,Shane Lopez,NULL,05/01/2014
13030,NULL,10641,Sophia Lopez,NULL,09/02/2014
28962,NULL,4054,Stanley Lopez,NULL,20/09/2013
14826,NULL,7387,Stefanie Lopez,NULL,15/01/2014
12036,NULL,3053,Summer Lopez,NULL,10/03/2014
13073,NULL,10619,Sydney Lopez,NULL,08/04/2014
26265,NULL,7446,Tammy Lopez,NULL,03/04/2014
14217,NULL,8090,Terrance Lopez,NULL,04/12/2013
18654,NULL,17239,Thomas Lopez,NULL,13/04/2014
29273,NULL,16619,Timothy Lopez,NULL,26/01/2014
24219,NULL,16213,Tina Lopez,NULL,01/01/2014
25140,NULL,3361,Toni Lopez,NULL,22/04/2014
19427,NULL,15820,Troy Lopez,NULL,13/11/2013
25677,NULL,18994,Veronica Lopez,NULL,21/11/2013
27338,NULL,7621,Virginia Lopez,NULL,31/08/2013
11890,NULL,18913,Whitney Lopez,NULL,05/12/2013
20765,NULL,3798,Wyatt Lopez,NULL,12/01/2014
14848,NULL,4421,George Louverdis,NULL,15/07/2013
20342,NULL,5808,Aimee Lu,NULL,09/03/2014
19761,NULL,17315,Alan Lu,NULL,14/05/2014
25620,NULL,12492,Alejandro Lu,NULL,10/09/2013
20175,NULL,11958,Alisha Lu,NULL,09/12/2013
15417,NULL,4548,Alvin Lu,NULL,09/01/2014
20464,NULL,20716,Amy Lu,NULL,23/11/2013
17274,NULL,9956,Arturo Lu,NULL,07/10/2013
15001,NULL,5929,Autumn Lu,NULL,19/12/2013
13293,NULL,11558,Barbara Lu,NULL,20/12/2013
13252,NULL,4791,Bianca Lu,NULL,18/10/2013
23234,NULL,18006,Brent Lu,NULL,01/06/2013
12848,NULL,17550,Brittney Lu,NULL,29/10/2013
21204,NULL,17805,Candice Lu,NULL,22/02/2014
14422,NULL,4844,Cara Lu,NULL,06/09/2013
17062,NULL,11355,Christy Lu,NULL,10/08/2013
23613,NULL,12595,Clayton Lu,NULL,24/11/2013
21069,NULL,13446,Colin Lu,NULL,17/04/2014
12714,NULL,12275,Colleen Lu,NULL,19/12/2013
15145,NULL,20764,Crystal Lu,NULL,28/03/2014
11011,NULL,18258,Curtis Lu,NULL,19/08/2013
15944,NULL,7963,Damien Lu,NULL,30/01/2014
27702,NULL,5635,Darryl Lu,NULL,08/05/2014
27833,NULL,12171,Dawn Lu,NULL,20/04/2014
22256,NULL,13151,Edwin Lu,NULL,01/11/2013
27009,NULL,2483,Erica Lu,NULL,06/03/2014
14417,NULL,6471,Ernest Lu,NULL,16/11/2013
14187,NULL,5467,Eugene Lu,NULL,09/05/2014
12692,NULL,5696,Glenn Lu,NULL,05/06/2014
14543,NULL,2638,Heather Lu,NULL,05/12/2013
11047,NULL,12928,Jaclyn Lu,NULL,21/04/2014
23646,NULL,2451,Jamie Lu,NULL,03/12/2013
19971,NULL,18056,Jeffery Lu,NULL,15/11/2013
27395,NULL,11455,Jenny Lu,NULL,05/03/2014
12408,NULL,13550,Jon Lu,NULL,02/03/2014
15177,NULL,18303,Jorge Lu,NULL,27/04/2014
13558,NULL,17407,Karen Lu,NULL,15/04/2014
13782,NULL,12071,Kelli Lu,NULL,17/03/2014
16335,NULL,2509,Kristen Lu,NULL,23/02/2014
17049,NULL,17369,Krystal Lu,NULL,17/10/2013
28699,NULL,17459,Leah Lu,NULL,02/03/2014
16425,NULL,2426,Lisa Lu,NULL,04/03/2014
20356,NULL,13041,Louis Lu,NULL,17/05/2014
14988,NULL,5758,Mandy Lu,NULL,02/06/2014
20814,NULL,17716,Margaret Lu,NULL,14/08/2013
22628,NULL,10982,Marshall Lu,NULL,04/11/2013
21255,NULL,4913,Martha Lu,NULL,08/08/2013
22174,NULL,6578,Micah Lu,NULL,30/09/2013
25518,NULL,12696,Oscar Lu,NULL,27/01/2014
22869,NULL,12811,Rafael Lu,NULL,19/02/2014
16738,NULL,6422,Ramon Lu,NULL,20/10/2013
26441,NULL,18158,Randy Lu,NULL,24/05/2014
19763,NULL,13248,Roger Lu,NULL,10/06/2013
19950,NULL,5579,Ronnie Lu,NULL,18/11/2013
16663,NULL,4966,Rosa Lu,NULL,15/07/2013
13521,NULL,17662,Sandra Lu,NULL,06/07/2013
11591,NULL,17608,Stacey Lu,NULL,23/10/2013
15351,NULL,6524,Steve Lu,NULL,14/01/2014
12357,NULL,17761,Susan Lu,NULL,13/06/2014
16712,NULL,5021,Suzanne Lu,NULL,15/09/2013
19072,NULL,11861,Tamara Lu,NULL,30/06/2014
22843,NULL,2669,Tiffany Lu,NULL,12/09/2013
24269,NULL,18213,Todd Lu,NULL,13/02/2014
25555,NULL,4740,Trisha Lu,NULL,25/03/2014
22913,NULL,17505,Valerie Lu,NULL,07/05/2014
13053,NULL,17955,Vincent Lu,NULL,07/08/2013
28925,NULL,12013,Warren Lu,NULL,18/04/2014
26063,NULL,18106,Wesley Lu,NULL,31/03/2014
21191,NULL,13352,Willie Lu,NULL,22/01/2014
12316,NULL,12532,Alejandro Luo,NULL,19/08/2013
15112,NULL,19779,Alicia Luo,NULL,14/07/2013
24534,NULL,12000,Alisha Luo,NULL,03/08/2013
23527,NULL,16643,Alison Luo,NULL,31/10/2013
23635,NULL,4946,Alvin Luo,NULL,07/07/2013
29008,NULL,5062,Andres Luo,NULL,23/11/2011
19708,NULL,20534,April Luo,NULL,10/11/2013
22461,NULL,10357,Arturo Luo,NULL,16/03/2014
23534,NULL,8947,Ashlee Luo,NULL,14/12/2013
27978,NULL,11592,Barbara Luo,NULL,07/07/2013
19582,NULL,17271,Bethany Luo,NULL,26/06/2014
19337,NULL,3684,Bonnie Luo,NULL,17/05/2014
28414,NULL,20285,Bradley Luo,NULL,21/10/2011
19503,NULL,8568,Bridget Luo,NULL,01/08/2013
19172,NULL,9160,Calvin Luo,NULL,06/11/2013
21123,NULL,16945,Carl Luo,NULL,15/03/2014
11373,NULL,4491,Carly Luo,NULL,27/01/2014
11072,NULL,16284,Casey Luo,NULL,15/11/2013
16452,NULL,8883,Cassie Luo,NULL,10/04/2014
21040,NULL,20329,Chad Luo,NULL,26/06/2013
24159,NULL,19868,Christine Luo,NULL,13/01/2014
16277,NULL,11396,Christy Luo,NULL,06/01/2014
28158,NULL,7126,Clarence Luo,NULL,26/05/2014
21210,NULL,13488,Colin Luo,NULL,24/08/2013
15208,NULL,12312,Colleen Luo,NULL,14/02/2014
19936,NULL,20458,Corey Luo,NULL,29/05/2014
22613,NULL,5310,Dale Luo,NULL,12/06/2013
25696,NULL,11968,Damien Luo,NULL,28/02/2014
21187,NULL,9558,Darrell Luo,NULL,01/12/2013
13804,NULL,12209,Dawn Luo,NULL,02/06/2014
22850,NULL,4308,Devon Luo,NULL,20/05/2014
24805,NULL,4644,Donna Luo,NULL,27/11/2013
29018,NULL,9209,Drew Luo,NULL,21/04/2014
17240,NULL,2556,Dustin Luo,NULL,09/01/2014
22389,NULL,13186,Edwin Luo,NULL,14/06/2014
22027,NULL,8195,Franklin Luo,NULL,11/10/2013
16281,NULL,9282,Gilbert Luo,NULL,27/11/2013
17642,NULL,2584,Gregory Luo,NULL,15/05/2014
16429,NULL,12970,Jaclyn Luo,NULL,21/12/2013
25836,NULL,9445,Jaime Luo,NULL,11/03/2014
19474,NULL,11491,Jenny Luo,NULL,09/05/2014
24586,NULL,16888,Jerry Luo,NULL,29/05/2014
29213,NULL,4696,Jodi Luo,NULL,15/02/2014
21359,NULL,17043,Johnny Luo,NULL,21/10/2013
11298,NULL,13588,Jon Luo,NULL,24/07/2013
29121,NULL,19945,Julie Luo,NULL,10/02/2014
28903,NULL,16550,Kara Luo,NULL,14/07/2013
21928,NULL,5130,Karl Luo,NULL,10/05/2014
11574,NULL,3489,Karla Luo,NULL,15/08/2013
27333,NULL,19909,Kathryn Luo,NULL,28/03/2014
14498,NULL,20609,Katie Luo,NULL,09/12/2013
18147,NULL,16332,Katrina Luo,NULL,21/05/2014
13598,NULL,20494,Keith Luo,NULL,09/03/2014
23946,NULL,12108,Kelli Luo,NULL,22/03/2014
24871,NULL,16503,Kelsey Luo,NULL,14/12/2013
24061,NULL,2684,Kelvin Luo,NULL,07/06/2013
15211,NULL,2612,Kenneth Luo,NULL,21/04/2014
17711,NULL,20574,Kristin Luo,NULL,05/12/2013
22690,NULL,4140,Kurt Luo,NULL,27/03/2014
24175,NULL,12418,Lacey Luo,NULL,16/02/2014
23285,NULL,16379,Latoya Luo,NULL,19/06/2014
25582,NULL,5196,Leonard Luo,NULL,08/05/2014
13514,NULL,19822,Lindsay Luo,NULL,05/05/2014
22201,NULL,20656,Lindsey Luo,NULL,11/05/2014
11465,NULL,13084,Louis Luo,NULL,13/12/2013
25711,NULL,16796,Mario Luo,NULL,29/04/2014
19380,NULL,11392,Marshall Luo,NULL,20/07/2013
27491,NULL,9056,Maurice Luo,NULL,12/12/2013
24366,NULL,4369,Melvin Luo,NULL,18/04/2014
26027,NULL,8390,Michele Luo,NULL,30/03/2014
11349,NULL,4543,Mindy Luo,NULL,15/06/2014
19067,NULL,16456,Misty Luo,NULL,06/03/2014
28895,NULL,17130,Mitchell Luo,NULL,21/06/2014
29296,NULL,16592,Nichole Luo,NULL,07/04/2014
27495,NULL,4428,Nina Luo,NULL,18/02/2014
15704,NULL,20413,Peter Luo,NULL,19/01/2014
17907,NULL,8775,Priscilla Luo,NULL,09/03/2014
26903,NULL,12851,Rafael Luo,NULL,25/10/2013
20154,NULL,9503,Raul Luo,NULL,17/07/2013
26380,NULL,16995,Ricardo Luo,NULL,29/12/2013
18728,NULL,13291,Roger Luo,NULL,18/03/2014
14652,NULL,16852,Russell Luo,NULL,27/01/2014
11553,NULL,8511,Sharon Luo,NULL,22/01/2014
27864,NULL,17086,Shaun Luo,NULL,02/11/2013
12246,NULL,20373,Shawn Luo,NULL,16/11/2013
22659,NULL,3559,Shawna Luo,NULL,11/04/2014
20733,NULL,8666,Sheena Luo,NULL,25/10/2013
18738,NULL,11892,Tamara Luo,NULL,22/08/2013
21538,NULL,19985,Tara Luo,NULL,22/05/2014
15045,NULL,8621,Tasha Luo,NULL,25/12/2013
12537,NULL,4249,Terrence Luo,NULL,24/11/2013
26850,NULL,17225,Terry Luo,NULL,07/11/2013
29423,NULL,17174,Tony Luo,NULL,24/04/2014
29107,NULL,8452,Tonya Luo,NULL,19/09/2013
23562,NULL,7105,Warren Luo,NULL,29/10/2013
27163,NULL,9107,Wayne Luo,NULL,03/10/2013
22682,NULL,13384,Willie Luo,NULL,19/06/2014
13945,NULL,3621,Yolanda Luo,NULL,15/08/2013
21868,NULL,5818,Aimee Ma,NULL,08/07/2013
23906,NULL,17325,Alan Ma,NULL,10/09/2013
17187,NULL,12504,Alejandro Ma,NULL,31/12/2013
17972,NULL,11970,Alisha Ma,NULL,31/01/2014
15099,NULL,4652,Alvin Ma,NULL,13/11/2013
17309,NULL,20721,Amy Ma,NULL,07/11/2013
12628,NULL,10063,Arturo Ma,NULL,07/12/2013
20994,NULL,5938,Autumn Ma,NULL,02/09/2013
22685,NULL,11570,Barbara Ma,NULL,25/12/2013
19798,NULL,4800,Bianca Ma,NULL,05/03/2014
20428,NULL,18015,Brent Ma,NULL,19/06/2014
12584,NULL,17564,Brittney Ma,NULL,18/04/2014
27260,NULL,17818,Candice Ma,NULL,03/04/2013
18885,NULL,4858,Cara Ma,NULL,12/07/2013
11094,NULL,3504,Cedric Ma,NULL,13/06/2014
15020,NULL,11361,Christy Ma,NULL,21/04/2014
11582,NULL,5880,Claudia Ma,NULL,23/08/2013
26428,NULL,13457,Colin Ma,NULL,16/02/2014
11480,NULL,12283,Colleen Ma,NULL,25/12/2013
28119,NULL,18265,Curtis Ma,NULL,12/05/2014
15612,NULL,9043,Damien Ma,NULL,28/11/2013
15599,NULL,5646,Darryl Ma,NULL,31/05/2014
13956,NULL,12186,Dawn Ma,NULL,23/03/2014
25483,NULL,17916,Dennis Ma,NULL,14/06/2014
24374,NULL,5482,Eugene Ma,NULL,29/06/2014
24485,NULL,7902,Franklin Ma,NULL,14/12/2013
21419,NULL,8981,Gilbert Ma,NULL,22/10/2013
16280,NULL,5706,Glenn Ma,NULL,06/04/2014
17639,NULL,2644,Heather Ma,NULL,18/12/2013
28890,NULL,12939,Jaclyn Ma,NULL,06/12/2013
12617,NULL,5424,Jake Ma,NULL,18/12/2013
29446,NULL,2458,Jamie Ma,NULL,03/05/2014
18264,NULL,18061,Jeffery Ma,NULL,20/03/2014
29092,NULL,5534,Jessie Ma,NULL,30/10/2013
17605,NULL,13560,Jon Ma,NULL,18/09/2013
14052,NULL,18317,Jorge Ma,NULL,05/11/2013
18667,NULL,12080,Kelli Ma,NULL,04/03/2014
13825,NULL,18950,Kelvin Ma,NULL,25/01/2014
23804,NULL,2513,Kristen Ma,NULL,24/08/2013
15458,NULL,17376,Krystal Ma,NULL,15/01/2014
18723,NULL,12388,Lacey Ma,NULL,31/07/2013
24503,NULL,2403,Laura Ma,NULL,30/12/2013
14553,NULL,17468,Leah Ma,NULL,26/09/2013
14710,NULL,2431,Lisa Ma,NULL,12/03/2014
21879,NULL,13049,Louis Ma,NULL,16/03/2014
19344,NULL,5769,Mandy Ma,NULL,30/06/2013
15061,NULL,17726,Margaret Ma,NULL,31/12/2013
29105,NULL,4924,Martha Ma,NULL,14/09/2013
24032,NULL,5363,Micah Ma,NULL,24/05/2014
21007,NULL,12609,Nuan Ma,NULL,05/03/2014
15232,NULL,12707,Omar Ma,NULL,19/01/2014
13022,NULL,12821,Rafael Ma,NULL,11/05/2014
27526,NULL,6430,Ramon Ma,NULL,22/08/2013
24550,NULL,18173,Randy Ma,NULL,07/07/2013
15130,NULL,13258,Roger Ma,NULL,08/05/2014
17815,NULL,5588,Ronnie Ma,NULL,22/11/2013
28522,NULL,4976,Rosa Ma,NULL,25/02/2014
17992,NULL,17672,Sandra Ma,NULL,30/07/2013
21840,NULL,17618,Stacey Ma,NULL,05/07/2013
21098,NULL,6531,Steve Ma,NULL,02/01/2014
13948,NULL,17772,Susan Ma,NULL,18/11/2013
26947,NULL,5033,Suzanne Ma,NULL,03/11/2013
19985,NULL,11870,Tamara Ma,NULL,08/09/2013
21577,NULL,2675,Tiffany Ma,NULL,05/05/2014
19581,NULL,18224,Todd Ma,NULL,16/06/2014
13039,NULL,4752,Trisha Ma,NULL,13/02/2014
26487,NULL,17966,Vincent Ma,NULL,05/01/2014
19762,NULL,12122,Warren Ma,NULL,20/12/2013
19914,NULL,13360,Willie Ma,NULL,14/11/2013
14701,NULL,15851,Maurizio Macagno,NULL,07/03/2014
19354,NULL,17867,Abby Madan,NULL,02/05/2014
12275,NULL,3152,Adriana Madan,NULL,30/12/2013
26946,NULL,16057,Andre Madan,NULL,04/11/2013
21948,NULL,7250,Ann Madan,NULL,05/04/2014
16408,NULL,10907,Arthur Madan,NULL,19/08/2013
26977,NULL,3751,Barry Madan,NULL,29/12/2013
27687,NULL,18848,Brandy Madan,NULL,24/05/2014
13043,NULL,15360,Brenda Madan,NULL,21/02/2014
28727,NULL,19503,Brett Madan,NULL,28/10/2012
18206,NULL,10808,Bruce Madan,NULL,05/12/2013
22409,NULL,15413,Candace Madan,NULL,05/11/2013
28135,NULL,7539,Carla Madan,NULL,04/05/2014
15567,NULL,8331,Carmen Madan,NULL,09/05/2014
26222,NULL,9944,Carolyn Madan,NULL,30/08/2013
29068,NULL,19619,Cassandra Madan,NULL,03/11/2013
11608,NULL,3816,Cesar Madan,NULL,15/05/2014
24198,NULL,18939,Chelsea Madan,NULL,12/11/2013
12259,NULL,7309,Cindy Madan,NULL,19/11/2013
26154,NULL,19329,Cory Madan,NULL,21/02/2014
28629,NULL,19733,Cynthia Madan,NULL,11/10/2011
26355,NULL,10174,Darren Madan,NULL,06/05/2014
27768,NULL,9744,Deanna Madan,NULL,19/03/2014
25248,NULL,16239,Denise Madan,NULL,23/04/2014
21847,NULL,8234,Dominic Madan,NULL,24/12/2013
27168,NULL,20034,Donald Madan,NULL,20/03/2014
26971,NULL,19421,Douglas Madan,NULL,15/02/2014
19752,NULL,9635,Ebony Madan,NULL,23/06/2014
27131,NULL,8131,Edgar Madan,NULL,23/03/2014
18653,NULL,7967,Emmanuel Madan,NULL,05/02/2014
14212,NULL,2969,Erick Madan,NULL,08/11/2013
22582,NULL,3103,Evelyn Madan,NULL,13/12/2013
25706,NULL,16696,Francisco Madan,NULL,05/04/2014
16550,NULL,7866,Frederick Madan,NULL,16/05/2014
15241,NULL,8289,Geoffrey Madan,NULL,06/01/2014
15653,NULL,11842,Gerald Madan,NULL,20/04/2014
23938,NULL,2865,Harold Madan,NULL,11/11/2013
17283,NULL,15962,Henry Madan,NULL,29/06/2014
13746,NULL,18336,Janelle Madan,NULL,25/06/2013
21555,NULL,2913,Jarrod Madan,NULL,12/02/2014
20156,NULL,10272,Jay Madan,NULL,28/07/2013
15091,NULL,8016,Jermaine Madan,NULL,06/10/2013
13410,NULL,15306,Jillian Madan,NULL,07/11/2013
29300,NULL,11005,Joe Madan,NULL,27/10/2013
17887,NULL,20077,Joel Madan,NULL,20/02/2014
13626,NULL,15891,Johnathan Madan,NULL,15/04/2014
17124,NULL,3216,Kaitlin Madan,NULL,13/11/2013
23405,NULL,10491,Kari Madan,NULL,20/08/2013
29184,NULL,10691,Kristi Madan,NULL,22/09/2013
28698,NULL,19697,Kristina Madan,NULL,08/03/2014
25238,NULL,16101,Kristopher Madan,NULL,06/11/2013
15446,NULL,7916,Levi Madan,NULL,15/10/2013
13839,NULL,15926,Manuel Madan,NULL,19/11/2013
18895,NULL,3863,Marco Madan,NULL,29/07/2013
27769,NULL,10052,Marie Madan,NULL,25/03/2014
24911,NULL,16741,Martin Madan,NULL,31/12/2013
19027,NULL,3389,Mayra Madan,NULL,04/03/2014
11767,NULL,7199,Meagan Madan,NULL,12/12/2013
12591,NULL,10592,Meredith Madan,NULL,05/01/2014
12676,NULL,10152,Michele Madan,NULL,06/02/2014
15623,NULL,16138,Molly Madan,NULL,23/02/2014
27761,NULL,19544,Monica Madan,NULL,11/11/2013
18502,NULL,15541,Pamela Madan,NULL,06/03/2014
22988,NULL,19665,Patricia Madan,NULL,08/05/2014
22902,NULL,11647,Pedro Madan,NULL,21/02/2014
27162,NULL,20160,Phillip Madan,NULL,13/04/2014
20074,NULL,3976,Preston Madan,NULL,18/03/2014
16486,NULL,15502,Rachael Madan,NULL,03/06/2014
20819,NULL,19462,Raymond Madan,NULL,13/08/2013
15447,NULL,7652,Regina Madan,NULL,27/10/2013
25828,NULL,20122,Ronald Madan,NULL,28/02/2014
27929,NULL,11758,Ross Madan,NULL,23/08/2013
15716,NULL,11107,Roy Madan,NULL,08/03/2014
21518,NULL,11204,Ruben Madan,NULL,20/12/2013
12237,NULL,3268,Ruth Madan,NULL,02/11/2013
16423,NULL,7819,Sergio Madan,NULL,03/03/2014
27006,NULL,19375,Shane Madan,NULL,03/12/2013
19602,NULL,4031,Stanley Madan,NULL,29/10/2013
12347,NULL,3036,Summer Madan,NULL,24/02/2014
19856,NULL,7423,Tammy Madan,NULL,31/10/2013
24910,NULL,8066,Terrance Madan,NULL,11/09/2013
24347,NULL,16194,Tina Madan,NULL,06/09/2013
26668,NULL,3333,Toni Madan,NULL,04/09/2013
25467,NULL,15801,Troy Madan,NULL,07/04/2014
19064,NULL,18978,Veronica Madan,NULL,25/08/2013
20966,NULL,7599,Virginia Madan,NULL,11/05/2014
14942,NULL,18893,Whitney Madan,NULL,02/12/2013
19145,NULL,3143,Adriana Malhotra,NULL,20/02/2014
15102,NULL,15844,Allen Malhotra,NULL,27/04/2014
18131,NULL,7241,Ann Malhotra,NULL,08/02/2014
25267,NULL,10900,Arthur Malhotra,NULL,23/08/2013
20845,NULL,3743,Barry Malhotra,NULL,09/02/2014
24710,NULL,18838,Brandy Malhotra,NULL,13/08/2013
13391,NULL,15355,Brenda Malhotra,NULL,04/03/2014
18731,NULL,19495,Brett Malhotra,NULL,20/08/2013
19848,NULL,3911,Bryant Malhotra,NULL,22/05/2014
19333,NULL,15401,Candace Malhotra,NULL,29/04/2014
25654,NULL,7528,Carla Malhotra,NULL,19/06/2014
18029,NULL,8325,Carmen Malhotra,NULL,26/01/2014
20910,NULL,9936,Carolyn Malhotra,NULL,25/02/2014
25756,NULL,19611,Cassandra Malhotra,NULL,21/12/2013
25594,NULL,7294,Cindy Malhotra,NULL,30/12/2013
24792,NULL,4078,Clifford Malhotra,NULL,28/02/2014
17923,NULL,19323,Cory Malhotra,NULL,26/03/2014
11358,NULL,19727,Cynthia Malhotra,NULL,16/04/2014
20245,NULL,10170,Darren Malhotra,NULL,21/12/2013
16258,NULL,9733,Deanna Malhotra,NULL,21/05/2014
19524,NULL,16235,Denise Malhotra,NULL,25/11/2013
12460,NULL,7472,Dominique Malhotra,NULL,19/11/2013
25472,NULL,8224,Don Malhotra,NULL,05/01/2014
22960,NULL,19413,Douglas Malhotra,NULL,18/02/2014
11589,NULL,9631,Ebony Malhotra,NULL,04/11/2013
12555,NULL,8121,Edgar Malhotra,NULL,03/02/2014
18332,NULL,7958,Emmanuel Malhotra,NULL,24/04/2014
28405,NULL,2964,Erick Malhotra,NULL,07/01/2014
12853,NULL,3093,Evelyn Malhotra,NULL,27/11/2013
17951,NULL,7859,Frederick Malhotra,NULL,05/12/2013
18298,NULL,8277,Geoffrey Malhotra,NULL,27/01/2014
28773,NULL,11838,Gerald Malhotra,NULL,25/11/2013
15227,NULL,2854,Harold Malhotra,NULL,30/03/2014
26426,NULL,15249,Heidi Malhotra,NULL,07/05/2014
26353,NULL,19576,Holly Malhotra,NULL,06/04/2014
11558,NULL,8176,Ivan Malhotra,NULL,02/05/2014
26425,NULL,18263,Janelle Malhotra,NULL,30/01/2014
27316,NULL,2908,Jarrod Malhotra,NULL,03/08/2013
14159,NULL,10267,Jay Malhotra,NULL,15/03/2014
23624,NULL,15300,Jillian Malhotra,NULL,23/10/2013
13550,NULL,10994,Joe Malhotra,NULL,21/08/2013
16343,NULL,20073,Joel Malhotra,NULL,02/04/2014
17723,NULL,15888,Johnathan Malhotra,NULL,07/03/2014
15063,NULL,10484,Kari Malhotra,NULL,10/01/2014
15175,NULL,10684,Kristi Malhotra,NULL,27/03/2014
25031,NULL,19692,Kristina Malhotra,NULL,02/10/2013
15265,NULL,16097,Kristopher Malhotra,NULL,31/03/2014
16668,NULL,7907,Levi Malhotra,NULL,21/09/2013
27997,NULL,3433,Lydia Malhotra,NULL,03/04/2014
21602,NULL,15920,Manuel Malhotra,NULL,08/07/2013
29459,NULL,3856,Marco Malhotra,NULL,19/02/2014
24024,NULL,10040,Marie Malhotra,NULL,27/02/2014
12651,NULL,16733,Martin Malhotra,NULL,07/03/2014
15577,NULL,3382,Mayra Malhotra,NULL,12/01/2014
27827,NULL,7193,Meagan Malhotra,NULL,09/04/2014
29314,NULL,10586,Meredith Malhotra,NULL,22/04/2014
26896,NULL,10145,Michele Malhotra,NULL,18/08/2013
24551,NULL,16134,Molly Malhotra,NULL,28/07/2013
17986,NULL,19540,Monica Malhotra,NULL,23/04/2014
23046,NULL,15535,Pamela Malhotra,NULL,19/07/2013
21758,NULL,19661,Patricia Malhotra,NULL,15/03/2014
21559,NULL,11642,Pedro Malhotra,NULL,17/02/2014
21977,NULL,20157,Phillip Malhotra,NULL,11/11/2013
13251,NULL,19458,Raymond Malhotra,NULL,07/10/2013
22378,NULL,9837,Rebekah Malhotra,NULL,08/09/2013
22012,NULL,7647,Regina Malhotra,NULL,30/11/2013
29307,NULL,11752,Ross Malhotra,NULL,01/07/2013
23220,NULL,11097,Roy Malhotra,NULL,26/08/2013
17074,NULL,11197,Ruben Malhotra,NULL,25/11/2013
16321,NULL,3263,Ruth Malhotra,NULL,02/06/2014
29375,NULL,7807,Sergio Malhotra,NULL,27/05/2014
23603,NULL,19367,Shane Malhotra,NULL,20/05/2014
11453,NULL,4028,Stanley Malhotra,NULL,19/11/2013
14995,NULL,7358,Stefanie Malhotra,NULL,21/12/2013
22479,NULL,7415,Tammy Malhotra,NULL,22/08/2013
20223,NULL,8055,Terrance Malhotra,NULL,30/05/2014
27584,NULL,16187,Tina Malhotra,NULL,21/01/2014
26162,NULL,3326,Toni Malhotra,NULL,29/01/2014
11569,NULL,15794,Troy Malhotra,NULL,22/04/2014
25922,NULL,18974,Veronica Malhotra,NULL,15/04/2014
23758,NULL,7588,Virginia Malhotra,NULL,17/07/2013
28944,NULL,18888,Whitney Malhotra,NULL,21/01/2014
18675,NULL,12055,Abigail Martin,NULL,14/09/2013
19952,NULL,7094,Adrienne Martin,NULL,11/05/2014
26837,NULL,14886,Albert Martin,NULL,13/10/2013
19388,NULL,6598,Alberto Martin,NULL,17/09/2013
16402,NULL,18304,Alexander Martin,NULL,30/06/2014
27093,NULL,10726,Alexandra Martin,NULL,04/02/2014
21480,NULL,2777,Alfredo Martin,NULL,28/05/2014
19587,NULL,11543,Alyssa Martin,NULL,06/06/2014
12400,NULL,2721,Andy Martin,NULL,09/01/2014
20988,NULL,11601,Anna Martin,NULL,01/09/2013
25034,NULL,14353,Anne Martin,NULL,20/11/2013
24194,NULL,6932,Armando Martin,NULL,25/11/2013
28943,NULL,10935,Arthur Martin,NULL,01/12/2013
26116,NULL,12434,Ashley Martin,NULL,26/01/2014
13791,NULL,5990,Audrey Martin,NULL,10/02/2014
24312,NULL,17387,Austin Martin,NULL,26/12/2013
22769,NULL,18180,Benjamin Martin,NULL,08/11/2013
23317,NULL,6056,Beth Martin,NULL,20/02/2014
26849,NULL,15724,Billy Martin,NULL,04/10/2013
21782,NULL,4168,Blake Martin,NULL,28/09/2013
15368,NULL,18466,Brandi Martin,NULL,06/09/2013
21691,NULL,18361,Brandon Martin,NULL,30/09/2013
15213,NULL,13351,Briana Martin,NULL,25/04/2014
23583,NULL,11727,Brianna Martin,NULL,13/11/2013
27936,NULL,10839,Bruce Martin,NULL,17/11/2013
25217,NULL,19501,Byron Martin,NULL,25/09/2013
12652,NULL,9979,Carolyn Martin,NULL,25/04/2014
22962,NULL,19135,Casey Martin,NULL,30/10/2013
24684,NULL,4860,Charles Martin,NULL,01/12/2013
16448,NULL,6167,Cheryl Martin,NULL,18/03/2014
14114,NULL,11006,Chloe Martin,NULL,30/06/2014
19709,NULL,18187,Christian Martin,NULL,26/05/2014
28017,NULL,18200,Christopher Martin,NULL,14/07/2011
25012,NULL,19052,Craig Martin,NULL,13/09/2013
12505,NULL,4473,Dalton Martin,NULL,01/08/2013
16231,NULL,18825,Dana Martin,NULL,13/06/2013
17498,NULL,18653,Daniel Martin,NULL,16/11/2013
28702,NULL,14742,Danny Martin,NULL,20/04/2014
22695,NULL,10201,Darren Martin,NULL,10/08/2013
27135,NULL,18105,David Martin,NULL,08/12/2013
13091,NULL,9771,Deanna Martin,NULL,03/04/2014
14191,NULL,19094,Derrick Martin,NULL,15/12/2013
25475,NULL,11501,Destiny Martin,NULL,12/05/2014
11181,NULL,4935,Devin Martin,NULL,11/12/2013
27851,NULL,18636,Diana Martin,NULL,08/09/2013
13958,NULL,15350,Diane Martin,NULL,05/05/2014
14849,NULL,20313,Dwayne Martin,NULL,01/09/2013
17002,NULL,18511,Dylan Martin,NULL,20/04/2014
15223,NULL,9665,Ebony Martin,NULL,11/03/2014
12724,NULL,6654,Eddie Martin,NULL,04/07/2013
11264,NULL,5022,Eduardo Martin,NULL,02/05/2014
28336,NULL,4251,Edward Martin,NULL,20/01/2014
19649,NULL,11923,Elizabeth Martin,NULL,25/02/2014
13487,NULL,12248,Emily Martin,NULL,19/11/2013
27176,NULL,19263,Erik Martin,NULL,21/07/2013
13998,NULL,17948,Ethan Martin,NULL,24/03/2014
15018,NULL,14257,Felicia Martin,NULL,28/07/2013
24940,NULL,3859,Fernando Martin,NULL,30/06/2013
29177,NULL,19304,Frank Martin,NULL,28/09/2013
20793,NULL,19009,Gary Martin,NULL,24/01/2014
17284,NULL,10752,Gerald Martin,NULL,02/01/2014
11078,NULL,15039,Gina Martin,NULL,30/06/2014
12325,NULL,16265,Gloria Martin,NULL,28/05/2014
26237,NULL,11317,Grace Martin,NULL,25/07/2013
27860,NULL,15774,Hector Martin,NULL,23/05/2014
14709,NULL,4714,Ian Martin,NULL,08/02/2014
18120,NULL,11235,Isabella Martin,NULL,06/02/2014
17763,NULL,6338,Jacquelyn Martin,NULL,11/03/2014
28316,NULL,7034,Jaime Martin,NULL,01/11/2013
19870,NULL,17626,James Martin,NULL,09/05/2014
24540,NULL,6221,Janet Martin,NULL,09/11/2013
27777,NULL,2839,Jarred Martin,NULL,23/07/2013
19597,NULL,10306,Jay Martin,NULL,01/06/2014
17345,NULL,4000,Jeremiah Martin,NULL,02/02/2014
20170,NULL,7688,Jerome Martin,NULL,18/03/2014
14822,NULL,12105,Jessica Martin,NULL,25/04/2014
28324,NULL,18364,Jésus Martin,NULL,23/11/2013
11824,NULL,11407,Jill Martin,NULL,11/06/2014
16440,NULL,15620,Jimmy Martin,NULL,29/07/2013
25556,NULL,18686,Joan Martin,NULL,08/03/2014
14668,NULL,11036,Joe Martin,NULL,28/03/2014
14436,NULL,18358,John Martin,NULL,25/02/2014
29248,NULL,17699,Jonathan Martin,NULL,18/07/2013
15079,NULL,17370,Jose Martin,NULL,16/02/2014
11388,NULL,18946,Joseph Martin,NULL,26/09/2013
27607,NULL,18792,Joshua Martin,NULL,21/08/2013
13544,NULL,13860,Joy Martin,NULL,19/04/2014
18790,NULL,11057,Julia Martin,NULL,20/04/2014
23542,NULL,18067,Justin Martin,NULL,17/09/2013
16796,NULL,11141,Kaitlyn Martin,NULL,17/10/2013
20273,NULL,10828,Katherine Martin,NULL,28/02/2014
16457,NULL,18546,Kathleen Martin,NULL,13/01/2014
27523,NULL,11972,Kayla Martin,NULL,21/05/2013
28195,NULL,15827,Kellie Martin,NULL,07/05/2014
14189,NULL,14199,Krista Martin,NULL,10/11/2013
21029,NULL,10724,Kristi Martin,NULL,10/04/2014
21108,NULL,6278,Kristine Martin,NULL,11/02/2014
17262,NULL,14307,Kristy Martin,NULL,30/10/2013
25236,NULL,14838,Lance Martin,NULL,23/02/2014
18254,NULL,18410,Larry Martin,NULL,06/07/2013
16798,NULL,6121,Latasha Martin,NULL,18/06/2013
19006,NULL,18506,Leslie Martin,NULL,21/05/2014
19716,NULL,17768,Logan Martin,NULL,29/08/2013
22114,NULL,4794,Lucas Martin,NULL,30/10/2013
20492,NULL,12337,Madison Martin,NULL,03/07/2013
13794,NULL,7141,Mallory Martin,NULL,14/05/2014
11039,NULL,15676,Marc Martin,NULL,13/04/2014
22376,NULL,4626,Marcus Martin,NULL,14/11/2013
14151,NULL,10088,Marie Martin,NULL,16/02/2014
26267,NULL,18843,Matthew Martin,NULL,22/03/2014
16030,NULL,2620,Max Martin,NULL,22/06/2014
11737,NULL,11688,Megan Martin,NULL,17/12/2013
26773,NULL,18778,Meghan Martin,NULL,17/08/2013
28910,NULL,16711,Melody Martin,NULL,19/02/2014
17543,NULL,10624,Meredith Martin,NULL,07/04/2014
18783,NULL,18740,Michael Martin,NULL,28/05/2014
27819,NULL,8994,Michele Martin,NULL,16/06/2013
27091,NULL,4090,Miguel Martin,NULL,22/02/2013
24832,NULL,11191,Morgan Martin,NULL,28/06/2012
15593,NULL,17187,Naomi Martin,NULL,16/12/2013
20675,NULL,11276,Natalie Martin,NULL,02/01/2014
27490,NULL,18731,Natasha Martin,NULL,17/05/2014
17769,NULL,17840,Nathan Martin,NULL,03/11/2013
24078,NULL,6832,Neil Martin,NULL,08/09/2013
28450,NULL,19067,Nelson Martin,NULL,15/07/2013
23362,NULL,19004,Nicholas Martin,NULL,09/04/2014
21933,NULL,11458,Nicole Martin,NULL,25/04/2014
17657,NULL,17288,Noah Martin,NULL,05/06/2014
16300,NULL,18621,Orlando Martin,NULL,22/05/2014
21855,NULL,14846,Paula Martin,NULL,19/01/2014
28103,NULL,11680,Pedro Martin,NULL,14/05/2014
13269,NULL,11362,Rachel Martin,NULL,27/04/2014
19560,NULL,14937,Randall Martin,NULL,15/09/2013
27962,NULL,9878,Rebekah Martin,NULL,30/12/2013
14054,NULL,7735,Reginald Martin,NULL,26/06/2014
17478,NULL,14993,Renee Martin,NULL,06/11/2013
23475,NULL,5102,Richard Martin,NULL,09/12/2013
16608,NULL,15572,Ricky Martin,NULL,24/04/2014
13889,NULL,17217,Robert Martin,NULL,28/07/2013
16201,NULL,11792,Ross Martin,NULL,21/12/2013
22065,NULL,11143,Roy Martin,NULL,29/07/2013
22400,NULL,11238,Ruben Martin,NULL,22/10/2013
15360,NULL,17954,Ryan Martin,NULL,12/05/2014
25578,NULL,15234,Sabrina Martin,NULL,15/05/2014
27541,NULL,12385,Samantha Martin,NULL,31/03/2014
15874,NULL,17677,Samuel Martin,NULL,05/04/2014
12041,NULL,4319,Seth Martin,NULL,01/12/2013
24045,NULL,19904,Shannon Martin,NULL,07/03/2014
15635,NULL,14364,Sheila Martin,NULL,14/04/2014
14803,NULL,18594,Stacy Martin,NULL,01/04/2014
25269,NULL,10412,Tabitha Martin,NULL,10/02/2014
22969,NULL,12153,Taylor Martin,NULL,10/06/2014
22588,NULL,15182,Teresa Martin,NULL,09/12/2013
21588,NULL,6713,Theodore Martin,NULL,12/04/2014
16952,NULL,17432,Thomas Martin,NULL,29/10/2013
27724,NULL,18492,Tyler Martin,NULL,26/02/2014
26885,NULL,19221,Victor Martin,NULL,08/11/2013
18079,NULL,11816,Victoria Martin,NULL,16/02/2014
22078,NULL,18243,William Martin,NULL,28/09/2013
16234,NULL,3774,Wyatt Martin,NULL,02/11/2013
22233,NULL,4395,Xavier Martin,NULL,14/11/2013
28257,NULL,18565,Zachary Martin,NULL,07/05/2014
29333,NULL,18062,Abby Martinez,NULL,08/08/2013
16651,NULL,12062,Abigail Martinez,NULL,25/04/2014
15457,NULL,3187,Adriana Martinez,NULL,17/02/2014
24827,NULL,18309,Alexander Martinez,NULL,07/09/2013
25967,NULL,12017,Alexis Martinez,NULL,01/12/2013
19386,NULL,15871,Allen Martinez,NULL,10/08/2013
18070,NULL,11551,Alyssa Martinez,NULL,25/06/2014
16588,NULL,16080,Andre Martinez,NULL,05/02/2014
11530,NULL,18892,Andrew Martinez,NULL,01/06/2014
12009,NULL,7270,Ann Martinez,NULL,13/01/2014
12994,NULL,11605,Anna Martinez,NULL,10/03/2014
26376,NULL,18377,Anthony Martinez,NULL,20/03/2014
11166,NULL,12441,Ashley Martinez,NULL,08/05/2014
21292,NULL,17552,Austin Martinez,NULL,02/02/2014
12621,NULL,3788,Barry Martinez,NULL,22/02/2014
16669,NULL,18195,Benjamin Martinez,NULL,04/04/2014
20475,NULL,4172,Blake Martinez,NULL,10/11/2013
25352,NULL,18441,Brandon Martinez,NULL,03/02/2014
12865,NULL,18866,Brandy Martinez,NULL,29/09/2013
14807,NULL,15384,Brenda Martinez,NULL,22/02/2014
23532,NULL,19525,Brett Martinez,NULL,12/08/2013
22747,NULL,11732,Brianna Martinez,NULL,15/09/2013
18452,NULL,10830,Bruce Martinez,NULL,11/04/2014
19471,NULL,3941,Bryant Martinez,NULL,12/08/2013
16559,NULL,15432,Candace Martinez,NULL,25/05/2014
24852,NULL,7564,Carla Martinez,NULL,24/11/2013
14169,NULL,7178,Carmen Martinez,NULL,18/01/2014
17656,NULL,11506,Carol Martinez,NULL,22/04/2014
24572,NULL,9967,Carolyn Martinez,NULL,16/09/2013
23766,NULL,19643,Cassandra Martinez,NULL,31/12/2013
23981,NULL,3839,Cesar Martinez,NULL,27/07/2013
21704,NULL,4866,Charles Martinez,NULL,14/04/2014
14927,NULL,18958,Chelsea Martinez,NULL,26/06/2013
24510,NULL,18214,Christian Martinez,NULL,05/03/2014
27661,NULL,18246,Christopher Martinez,NULL,27/07/2013
23087,NULL,4105,Clifford Martinez,NULL,28/01/2014
15125,NULL,19349,Cory Martinez,NULL,06/05/2014
22170,NULL,19752,Cynthia Martinez,NULL,03/10/2013
28413,NULL,4478,Dalton Martinez,NULL,19/02/2014
17725,NULL,18642,Daniel Martinez,NULL,13/11/2013
20869,NULL,18138,David Martinez,NULL,23/10/2013
17202,NULL,9762,Deanna Martinez,NULL,16/04/2014
12390,NULL,16260,Denise Martinez,NULL,26/10/2013
11675,NULL,4939,Devin Martinez,NULL,12/07/2013
25514,NULL,8253,Dominic Martinez,NULL,15/11/2013
28788,NULL,7504,Dominique Martinez,NULL,30/06/2013
25482,NULL,20056,Donald Martinez,NULL,28/03/2014
22841,NULL,19439,Douglas Martinez,NULL,05/08/2013
26319,NULL,18521,Dylan Martinez,NULL,21/01/2014
17797,NULL,9655,Ebony Martinez,NULL,02/01/2014
18741,NULL,8160,Edgar Martinez,NULL,19/04/2014
24234,NULL,5028,Eduardo Martinez,NULL,13/05/2014
28999,NULL,4256,Edward Martinez,NULL,25/12/2013
26066,NULL,11927,Elizabeth Martinez,NULL,18/12/2013
17864,NULL,12252,Emily Martinez,NULL,07/02/2014
16734,NULL,11878,Emma Martinez,NULL,11/11/2013
21370,NULL,7992,Emmanuel Martinez,NULL,16/12/2013
17970,NULL,2998,Erick Martinez,NULL,01/09/2013
20260,NULL,17808,Ethan Martinez,NULL,30/11/2013
17204,NULL,3124,Evelyn Martinez,NULL,11/04/2014
20454,NULL,3862,Fernando Martinez,NULL,30/11/2013
11375,NULL,16715,Francisco Martinez,NULL,19/03/2014
11991,NULL,7887,Frederick Martinez,NULL,21/05/2014
17154,NULL,8305,Geoffrey Martinez,NULL,15/11/2013
20570,NULL,20217,George Martinez,NULL,17/09/2013
21433,NULL,10745,Gerald Martinez,NULL,19/01/2014
17385,NULL,11323,Grace Martinez,NULL,16/03/2014
24666,NULL,12297,Hannah Martinez,NULL,19/04/2014
20604,NULL,2891,Harold Martinez,NULL,31/01/2014
22922,NULL,15278,Heidi Martinez,NULL,27/12/2013
19738,NULL,15985,Henry Martinez,NULL,31/12/2013
19628,NULL,19600,Holly Martinez,NULL,08/10/2013
13192,NULL,17203,Hunter Martinez,NULL,11/04/2014
12585,NULL,4720,Ian Martinez,NULL,08/04/2014
13248,NULL,11239,Isabella Martinez,NULL,08/04/2014
27872,NULL,8201,Ivan Martinez,NULL,19/05/2014
16224,NULL,18703,Jacob Martinez,NULL,29/07/2013
26452,NULL,17636,James Martinez,NULL,11/09/2013
15355,NULL,18532,Janelle Martinez,NULL,05/04/2014
22313,NULL,2942,Jarrod Martinez,NULL,03/01/2014
24592,NULL,10291,Jay Martinez,NULL,09/05/2014
27671,NULL,4003,Jeremiah Martinez,NULL,15/04/2014
15170,NULL,8035,Jermaine Martinez,NULL,09/03/2014
14289,NULL,12110,Jessica Martinez,NULL,12/11/2013
24235,NULL,11413,Jill Martinez,NULL,03/03/2014
24529,NULL,15336,Jillian Martinez,NULL,07/07/2013
16004,NULL,11026,Joe Martinez,NULL,11/02/2014
22471,NULL,20096,Joel Martinez,NULL,23/12/2013
24287,NULL,18207,John Martinez,NULL,17/05/2014
13303,NULL,17707,Jonathan Martinez,NULL,06/02/2014
13748,NULL,17393,José Martinez,NULL,20/09/2013
29214,NULL,18956,Joseph Martinez,NULL,18/07/2013
23881,NULL,18796,Joshua Martinez,NULL,03/05/2014
24938,NULL,11063,Julia Martinez,NULL,28/11/2013
16583,NULL,18084,Justin Martinez,NULL,10/06/2014
15750,NULL,3244,Kaitlin Martinez,NULL,24/02/2014
20072,NULL,11146,Kaitlyn Martinez,NULL,13/10/2013
19609,NULL,10513,Kari Martinez,NULL,21/10/2013
11828,NULL,10835,Katherine Martinez,NULL,19/09/2013
27444,NULL,11978,Kayla Martinez,NULL,24/03/2014
21529,NULL,10714,Kristi Martinez,NULL,26/04/2014
21345,NULL,19714,Kristina Martinez,NULL,08/01/2014
13467,NULL,16119,Kristopher Martinez,NULL,10/10/2013
11272,NULL,11652,Lauren Martinez,NULL,15/06/2013
19133,NULL,17793,Logan Martinez,NULL,13/05/2014
18533,NULL,4799,Lucas Martinez,NULL,25/05/2014
24169,NULL,3455,Lydia Martinez,NULL,30/01/2014
22775,NULL,12343,Madison Martinez,NULL,03/12/2013
15832,NULL,15945,Manuel Martinez,NULL,06/09/2013
13374,NULL,3890,Marco Martinez,NULL,15/03/2014
13484,NULL,4631,Marcus Martinez,NULL,03/11/2013
16273,NULL,10072,Marie Martinez,NULL,02/05/2014
24135,NULL,16760,Martin Martinez,NULL,28/08/2013
16009,NULL,18847,Matthew Martinez,NULL,04/03/2014
12228,NULL,3412,Mayra Martinez,NULL,21/10/2013
25444,NULL,7223,Meagan Martinez,NULL,03/12/2013
21396,NULL,11697,Megan Martinez,NULL,04/03/2014
19095,NULL,10614,Meredith Martinez,NULL,09/09/2013
19983,NULL,18746,Michael Martinez,NULL,22/09/2013
19247,NULL,8982,Michele Martinez,NULL,16/07/2013
27605,NULL,4094,Miguel Martinez,NULL,28/06/2011
13603,NULL,16163,Molly Martinez,NULL,10/11/2013
14129,NULL,19563,Monica Martinez,NULL,15/09/2013
13712,NULL,15480,Nancy Martinez,NULL,19/05/2014
28867,NULL,11281,Natalie Martinez,NULL,27/11/2013
28649,NULL,17676,Nathan Martinez,NULL,24/10/2011
16236,NULL,19010,Nicholas Martinez,NULL,25/02/2014
16672,NULL,11463,Nicole Martinez,NULL,18/11/2013
25060,NULL,17318,Noah Martinez,NULL,10/10/2013
24998,NULL,11777,Olivia Martinez,NULL,02/09/2013
13529,NULL,15566,Pamela Martinez,NULL,11/01/2014
24116,NULL,11670,Pedro Martinez,NULL,13/11/2013
28562,NULL,20177,Phillip Martinez,NULL,10/04/2014
28389,NULL,15519,Rachael Martinez,NULL,31/05/2011
17566,NULL,11366,Rachel Martinez,NULL,16/12/2013
15352,NULL,19482,Raymond Martinez,NULL,23/08/2013
12721,NULL,9869,Rebekah Martinez,NULL,04/10/2013
20345,NULL,7674,Regina Martinez,NULL,12/09/2013
14986,NULL,4542,Richard Martinez,NULL,18/06/2014
23298,NULL,17244,Robert Martinez,NULL,16/02/2014
23517,NULL,20143,Ronald Martinez,NULL,22/03/2014
28494,NULL,11779,Ross Martinez,NULL,19/12/2013
13969,NULL,11130,Roy Martinez,NULL,13/05/2014
23395,NULL,18010,Ryan Martinez,NULL,13/02/2014
12742,NULL,12393,Samantha Martinez,NULL,07/11/2013
19141,NULL,17728,Samuel Martinez,NULL,02/10/2013
12670,NULL,12484,Sarah Martinez,NULL,12/02/2014
19494,NULL,7840,Sergio Martinez,NULL,16/03/2014
22476,NULL,19397,Shane Martinez,NULL,14/04/2014
13668,NULL,4057,Stanley Martinez,NULL,09/05/2014
22541,NULL,7388,Stefanie Martinez,NULL,29/09/2013
26212,NULL,3058,Summer Martinez,NULL,07/03/2014
18593,NULL,10781,Sydney Martinez,NULL,04/08/2013
26865,NULL,10397,Tabitha Martinez,NULL,22/07/2013
20927,NULL,7448,Tammy Martinez,NULL,12/04/2014
22647,NULL,12157,Taylor Martinez,NULL,29/01/2014
25718,NULL,8093,Terrance Martinez,NULL,13/04/2014
29161,NULL,17445,Thomas Martinez,NULL,31/03/2014
18461,NULL,16215,Tina Martinez,NULL,09/05/2014
18635,NULL,3363,Toni Martinez,NULL,17/07/2013
20823,NULL,15821,Troy Martinez,NULL,01/09/2013
28201,NULL,18579,Tyler Martinez,NULL,21/06/2013
12416,NULL,18997,Veronica Martinez,NULL,29/11/2013
13136,NULL,7622,Virginia Martinez,NULL,10/03/2014
20830,NULL,18916,Whitney Martinez,NULL,25/11/2013
25082,NULL,18281,William Martinez,NULL,13/03/2014
22881,NULL,3778,Wyatt Martinez,NULL,20/04/2014
12063,NULL,4400,Xavier Martinez,NULL,15/04/2014
16587,NULL,18574,Zachary Martinez,NULL,27/01/2014
27734,NULL,17261,Aaron McDonald,NULL,05/11/2013
26722,NULL,10731,Alexandra McDonald,NULL,02/08/2013
14068,NULL,18017,Brent McDonald,NULL,19/01/2014
25943,NULL,19256,Brianna McDonald,NULL,12/12/2013
28084,NULL,17528,Cameron McDonald,NULL,06/02/2014
12821,NULL,3806,Cesar McDonald,NULL,14/05/2014
18179,NULL,18933,Chelsea McDonald,NULL,17/09/2013
25752,NULL,11348,Christy McDonald,NULL,07/07/2013
19915,NULL,5869,Claudia McDonald,NULL,19/06/2014
15780,NULL,5855,Claudia McDonald,NULL,15/02/2014
16275,NULL,8841,Deborah McDonald,NULL,10/01/2014
18886,NULL,20029,Donald McDonald,NULL,26/02/2014
18911,NULL,17252,Elijah McDonald,NULL,24/04/2014
11394,NULL,20196,George McDonald,NULL,02/01/2014
17226,NULL,8700,Gilbert McDonald,NULL,05/11/2013
15051,NULL,2881,Harold McDonald,NULL,02/05/2014
18939,NULL,6044,Hunter McDonald,NULL,24/06/2014
16543,NULL,11461,Jenny McDonald,NULL,08/02/2014
21043,NULL,15904,Johnathan McDonald,NULL,30/01/2014
18493,NULL,3237,Kaitlin McDonald,NULL,19/08/2013
24265,NULL,4343,Seth McDonald,NULL,21/12/2013
22179,NULL,17990,Abby Mehta,NULL,15/11/2013
12858,NULL,3179,Adriana Mehta,NULL,21/04/2014
13571,NULL,15861,Allen Mehta,NULL,30/06/2013
18076,NULL,16072,Andre Mehta,NULL,31/03/2014
14518,NULL,7263,Ann Mehta,NULL,01/01/2014
19957,NULL,10920,Arthur Mehta,NULL,15/11/2013
27291,NULL,16018,Bobby Mehta,NULL,27/03/2014
22839,NULL,18858,Brandy Mehta,NULL,08/07/2013
11399,NULL,15375,Brenda Mehta,NULL,13/09/2013
11450,NULL,19514,Brett Mehta,NULL,17/11/2013
25458,NULL,10819,Bruce Mehta,NULL,23/05/2014
13806,NULL,3931,Bryant Mehta,NULL,28/10/2013
11588,NULL,15427,Candace Mehta,NULL,12/10/2013
21563,NULL,7557,Carla Mehta,NULL,01/08/2013
27436,NULL,8349,Carmen Mehta,NULL,18/04/2014
28205,NULL,9959,Carolyn Mehta,NULL,26/09/2013
23014,NULL,19633,Cassandra Mehta,NULL,08/01/2014
20241,NULL,3831,Cesar Mehta,NULL,20/12/2013
22951,NULL,18949,Chelsea Mehta,NULL,23/08/2013
21943,NULL,7327,Cindy Mehta,NULL,07/03/2014
26902,NULL,4096,Clifford Mehta,NULL,08/10/2013
14378,NULL,19343,Cory Mehta,NULL,01/11/2013
14175,NULL,19745,Cynthia Mehta,NULL,15/06/2014
17280,NULL,9755,Deanna Mehta,NULL,03/09/2013
13080,NULL,16252,Denise Mehta,NULL,04/04/2014
18619,NULL,8247,Dominic Mehta,NULL,13/12/2013
12815,NULL,7495,Dominique Mehta,NULL,28/03/2014
12735,NULL,20046,Donald Mehta,NULL,07/03/2014
19258,NULL,19434,Douglas Mehta,NULL,10/04/2014
22854,NULL,9650,Ebony Mehta,NULL,20/05/2014
11761,NULL,8150,Edgar Mehta,NULL,29/12/2013
14123,NULL,2990,Erick Mehta,NULL,15/12/2013
20420,NULL,3117,Evelyn Mehta,NULL,04/08/2013
17982,NULL,16706,Francisco Mehta,NULL,04/09/2013
20566,NULL,20211,George Mehta,NULL,07/12/2013
20234,NULL,10735,Gerald Mehta,NULL,26/07/2013
14226,NULL,15268,Heidi Mehta,NULL,06/02/2014
17869,NULL,15977,Henry Mehta,NULL,06/02/2014
12180,NULL,19590,Holly Mehta,NULL,04/12/2013
26390,NULL,8191,Ivan Mehta,NULL,04/01/2014
17114,NULL,2929,Jarrod Mehta,NULL,11/04/2014
15035,NULL,10286,Jay Mehta,NULL,25/01/2014
19803,NULL,8028,Jermaine Mehta,NULL,26/03/2014
21834,NULL,15322,Jillian Mehta,NULL,04/03/2014
17679,NULL,11018,Joe Mehta,NULL,21/03/2014
13498,NULL,20088,Joel Mehta,NULL,19/01/2014
12322,NULL,10504,Kari Mehta,NULL,24/05/2014
22312,NULL,10705,Kristi Mehta,NULL,13/06/2013
20165,NULL,19708,Kristina Mehta,NULL,07/02/2014
11426,NULL,16113,Kristopher Mehta,NULL,09/09/2013
13110,NULL,7931,Levi Mehta,NULL,07/05/2014
25302,NULL,15935,Manuel Mehta,NULL,10/05/2014
11007,NULL,3878,Marco Mehta,NULL,19/08/2013
29102,NULL,10064,Marie Mehta,NULL,01/09/2013
12998,NULL,3408,Mayra Mehta,NULL,05/02/2014
22512,NULL,7218,Meagan Mehta,NULL,12/01/2014
25027,NULL,10605,Meredith Mehta,NULL,09/06/2014
26143,NULL,8974,Michele Mehta,NULL,04/12/2013
23296,NULL,16155,Molly Mehta,NULL,22/01/2014
29467,NULL,19558,Monica Mehta,NULL,04/11/2011
18189,NULL,15475,Nancy Mehta,NULL,26/10/2013
22005,NULL,15556,Pamela Mehta,NULL,29/05/2014
29179,NULL,19674,Patricia Mehta,NULL,30/08/2013
24126,NULL,11660,Pedro Mehta,NULL,18/01/2014
13844,NULL,20172,Phillip Mehta,NULL,02/11/2013
18692,NULL,3993,Preston Mehta,NULL,31/07/2013
22132,NULL,15512,Rachael Mehta,NULL,28/10/2013
27419,NULL,9857,Rebekah Mehta,NULL,08/11/2013
17245,NULL,7667,Regina Mehta,NULL,19/04/2014
17649,NULL,20137,Ronald Mehta,NULL,17/07/2013
23626,NULL,11772,Ross Mehta,NULL,24/12/2013
19371,NULL,11122,Roy Mehta,NULL,02/04/2014
12478,NULL,11219,Ruben Mehta,NULL,01/06/2014
15702,NULL,3286,Ruth Mehta,NULL,01/02/2014
26926,NULL,7834,Sergio Mehta,NULL,05/05/2014
23953,NULL,19387,Shane Mehta,NULL,03/10/2013
24143,NULL,4047,Stanley Mehta,NULL,27/05/2014
23021,NULL,7377,Stefanie Mehta,NULL,14/01/2014
18415,NULL,3049,Summer Mehta,NULL,25/05/2014
17134,NULL,10391,Tabitha Mehta,NULL,15/04/2014
12816,NULL,7439,Tammy Mehta,NULL,16/04/2014
27178,NULL,8082,Terrance Mehta,NULL,22/05/2014
11444,NULL,16207,Tina Mehta,NULL,02/11/2013
22085,NULL,3354,Toni Mehta,NULL,05/01/2014
15090,NULL,15814,Troy Mehta,NULL,23/12/2013
17394,NULL,18990,Veronica Mehta,NULL,23/03/2014
13602,NULL,7614,Virginia Mehta,NULL,30/11/2013
24197,NULL,18908,Whitney Mehta,NULL,26/02/2014
15738,NULL,12040,Abigail Miller,NULL,18/05/2014
26307,NULL,18268,Alexander Miller,NULL,14/06/2013
22090,NULL,10709,Alexandra Miller,NULL,12/07/2013
12196,NULL,12002,Alexis Miller,NULL,15/06/2014
23466,NULL,11528,Alyssa Miller,NULL,03/07/2013
27110,NULL,18876,Andrew Miller,NULL,16/04/2014
18560,NULL,12179,Anna Miller,NULL,07/05/2014
20774,NULL,18605,Anthony Miller,NULL,07/03/2014
23516,NULL,12415,Ashley Miller,NULL,26/02/2014
26643,NULL,17952,Benjamin Miller,NULL,27/10/2011
14844,NULL,4149,Blake Miller,NULL,17/03/2014
17357,NULL,18442,Brandon Miller,NULL,27/09/2013
24931,NULL,11716,Brianna Miller,NULL,07/12/2013
21845,NULL,17646,Cameron Miller,NULL,29/08/2013
11214,NULL,4847,Charles Miller,NULL,21/04/2014
22893,NULL,11576,Chloe Miller,NULL,16/07/2013
12377,NULL,18072,Christopher Miller,NULL,24/11/2013
13130,NULL,4459,Dalton Miller,NULL,21/04/2014
27193,NULL,18669,Daniel Miller,NULL,01/03/2013
28291,NULL,17877,David Miller,NULL,14/02/2014
25157,NULL,11485,Destiny Miller,NULL,03/12/2013
24996,NULL,18308,Dylan Miller,NULL,02/04/2014
14561,NULL,5011,Eduardo Miller,NULL,13/04/2014
11368,NULL,4235,Edward Miller,NULL,03/05/2014
29109,NULL,11910,Elizabeth Miller,NULL,01/10/2013
11333,NULL,12230,Emily Miller,NULL,14/12/2013
28407,NULL,11856,Emma Miller,NULL,14/10/2011
20024,NULL,3844,Fernando Miller,NULL,30/09/2013
22502,NULL,11305,Grace Miller,NULL,29/01/2014
27993,NULL,17898,Hunter Miller,NULL,05/10/2013
20128,NULL,4697,Ian Miller,NULL,11/12/2013
17208,NULL,18685,Jacob Miller,NULL,19/12/2013
28013,NULL,17607,James Miller,NULL,13/01/2012
21617,NULL,11088,Jennifer Miller,NULL,22/06/2014
17717,NULL,3987,Jeremiah Miller,NULL,11/08/2013
13200,NULL,12089,Jessica Miller,NULL,12/04/2014
12914,NULL,11391,Jill Miller,NULL,06/12/2013
25356,NULL,17622,Jonathan Miller,NULL,18/09/2013
15778,NULL,17298,José Miller,NULL,21/02/2014
22713,NULL,18917,Joseph Miller,NULL,27/05/2014
15050,NULL,18768,Joshua Miller,NULL,30/11/2013
16816,NULL,11045,Julia Miller,NULL,06/06/2014
21810,NULL,18054,Justin Miller,NULL,01/08/2013
14122,NULL,11125,Kaitlyn Miller,NULL,16/09/2013
27102,NULL,10807,Katherine Miller,NULL,27/10/2012
23673,NULL,11952,Kayla Miller,NULL,20/10/2013
11532,NULL,11625,Lauren Miller,NULL,29/05/2014
22896,NULL,17736,Logan Miller,NULL,01/09/2013
12495,NULL,4782,Lucas Miller,NULL,18/01/2014
22982,NULL,12321,Madison Miller,NULL,05/08/2013
27273,NULL,4611,Marcus Miller,NULL,22/03/2014
20980,NULL,18824,Matthew Miller,NULL,15/04/2014
29076,NULL,11675,Megan Miller,NULL,18/05/2014
14796,NULL,18723,Michael Miller,NULL,27/04/2014
18689,NULL,4073,Miguel Miller,NULL,08/11/2013
11817,NULL,11176,Morgan Miller,NULL,15/07/2013
25910,NULL,11259,Natalie Miller,NULL,07/02/2014
19418,NULL,17809,Nathan Miller,NULL,05/06/2013
23873,NULL,11440,Nicole Miller,NULL,09/05/2014
26860,NULL,11755,Olivia Miller,NULL,04/11/2013
14384,NULL,11344,Rachel Miller,NULL,08/03/2014
16884,NULL,5086,Richard Miller,NULL,06/09/2013
17872,NULL,17157,Robert Miller,NULL,23/03/2014
25253,NULL,17985,Ryan Miller,NULL,19/08/2013
29239,NULL,12371,Samantha Miller,NULL,22/02/2014
19178,NULL,12463,Sarah Miller,NULL,20/09/2013
20543,NULL,4305,Seth Miller,NULL,30/12/2013
13440,NULL,10756,Sydney Miller,NULL,06/01/2014
18720,NULL,12137,Taylor Miller,NULL,26/05/2014
17408,NULL,17397,Thomas Miller,NULL,24/01/2014
11940,NULL,18552,Tyler Miller,NULL,27/05/2014
15816,NULL,11800,Victoria Miller,NULL,02/11/2013
28149,NULL,18399,William Miller,NULL,16/08/2011
26703,NULL,3760,Wyatt Miller,NULL,15/02/2014
15169,NULL,18355,Zachary Miller,NULL,09/02/2014
26368,NULL,4384,Bharat Mirchandani,NULL,11/03/2014
26332,NULL,16509,Aaron Mitchell,NULL,16/01/2014
13397,NULL,16512,Adam Mitchell,NULL,14/04/2014
19535,NULL,16527,Alex Mitchell,NULL,18/07/2013
14455,NULL,9990,Alexandra Mitchell,NULL,15/04/2014
25284,NULL,10032,Allison Mitchell,NULL,01/11/2013
20683,NULL,9994,Amanda Mitchell,NULL,01/12/2013
15011,NULL,10007,Amber Mitchell,NULL,09/12/2013
28675,NULL,16523,Angel Mitchell,NULL,08/10/2011
26706,NULL,10015,Bailey Mitchell,NULL,13/08/2013
13705,NULL,4204,Blake Mitchell,NULL,23/01/2014
26806,NULL,16518,Caleb Mitchell,NULL,15/01/2014
20770,NULL,16522,Carlos Mitchell,NULL,12/04/2014
16216,NULL,4897,Charles Mitchell,NULL,07/05/2014
17529,NULL,9980,Chloe Mitchell,NULL,26/02/2014
22271,NULL,16489,Connor Mitchell,NULL,19/11/2013
17537,NULL,10009,Courtney Mitchell,NULL,19/04/2014
22259,NULL,4510,Dalton Mitchell,NULL,10/06/2013
26819,NULL,4980,Devin Mitchell,NULL,17/05/2014
27926,NULL,5061,Eduardo Mitchell,NULL,17/08/2013
17435,NULL,3738,Edward Mitchell,NULL,09/03/2014
24387,NULL,16498,Elijah Mitchell,NULL,27/05/2014
24731,NULL,16532,Evan Mitchell,NULL,06/05/2014
17981,NULL,3896,Fernando Mitchell,NULL,26/02/2014
26565,NULL,16496,Gabriel Mitchell,NULL,02/06/2014
17013,NULL,10018,Gabriella Mitchell,NULL,20/04/2014
14584,NULL,9999,Gabrielle Mitchell,NULL,18/12/2013
13896,NULL,9996,Hailey Mitchell,NULL,06/11/2013
20462,NULL,10000,Haley Mitchell,NULL,09/11/2013
17505,NULL,16473,Hunter Mitchell,NULL,06/10/2013
18538,NULL,4756,Ian Mitchell,NULL,25/05/2014
14554,NULL,16538,Isaac Mitchell,NULL,09/01/2014
18754,NULL,9988,Isabella Mitchell,NULL,11/08/2013
18651,NULL,16526,Isaiah Mitchell,NULL,11/01/2014
28040,NULL,16502,Jack Mitchell,NULL,11/07/2011
25290,NULL,16519,Jackson Mitchell,NULL,26/11/2013
11851,NULL,10025,Jada Mitchell,NULL,07/05/2014
27315,NULL,16463,James Mitchell,NULL,08/06/2014
11854,NULL,16500,Jason Mitchell,NULL,15/11/2013
13226,NULL,10012,Jenna Mitchell,NULL,27/04/2014
18311,NULL,9985,Jennifer Mitchell,NULL,17/05/2014
20334,NULL,4042,Jeremiah Mitchell,NULL,16/07/2013
15776,NULL,16539,Jesse Mitchell,NULL,26/10/2013
22109,NULL,16464,Jonathan Mitchell,NULL,12/06/2013
20648,NULL,16492,Jordan Mitchell,NULL,30/04/2014
24568,NULL,16478,Jose Mitchell,NULL,10/12/2013
25789,NULL,9981,Julia Mitchell,NULL,12/05/2014
18130,NULL,9986,Kaitlyn Mitchell,NULL,09/01/2014
24496,NULL,10027,Katelyn Mitchell,NULL,04/11/2013
23204,NULL,9993,Katherine Mitchell,NULL,27/12/2013
14566,NULL,10031,Kaylee Mitchell,NULL,01/03/2014
23352,NULL,16494,Kevin Mitchell,NULL,17/01/2014
15565,NULL,16486,Kyle Mitchell,NULL,27/02/2014
16828,NULL,16466,Logan Mitchell,NULL,18/03/2014
19829,NULL,4276,Lucas Mitchell,NULL,27/12/2013
27424,NULL,16506,Luis Mitchell,NULL,22/04/2013
12162,NULL,16490,Luke Mitchell,NULL,25/08/2013
28273,NULL,10003,Madeline Mitchell,NULL,24/05/2014
27206,NULL,4666,Marcus Mitchell,NULL,15/03/2013
27404,NULL,9997,Maria Mitchell,NULL,23/02/2013
13216,NULL,10005,Mary Mitchell,NULL,08/10/2013
16642,NULL,16535,Mason Mitchell,NULL,28/04/2014
28851,NULL,4125,Miguel Mitchell,NULL,18/11/2011
14908,NULL,9987,Morgan Mitchell,NULL,21/09/2013
23165,NULL,9989,Natalie Mitchell,NULL,13/11/2013
28634,NULL,16467,Nathan Mitchell,NULL,25/06/2014
25722,NULL,16474,Noah Mitchell,NULL,11/06/2013
12424,NULL,10002,Rebecca Mitchell,NULL,25/01/2014
11881,NULL,4582,Richard Mitchell,NULL,19/05/2014
11658,NULL,16477,Robert Mitchell,NULL,24/12/2013
28259,NULL,16472,Samuel Mitchell,NULL,24/05/2014
11783,NULL,10020,Sara Mitchell,NULL,11/10/2013
26115,NULL,10030,Savannah Mitchell,NULL,17/12/2013
16340,NULL,16544,Sean Mitchell,NULL,28/08/2013
11776,NULL,4357,Seth Mitchell,NULL,03/11/2013
17949,NULL,10004,Sophia Mitchell,NULL,30/04/2014
29026,NULL,9992,Sydney Mitchell,NULL,18/01/2014
13711,NULL,16482,Thomas Mitchell,NULL,18/04/2014
22892,NULL,16545,Timothy Mitchell,NULL,25/01/2014
14048,NULL,3813,Wyatt Mitchell,NULL,10/05/2014
26533,NULL,4436,Xavier Mitchell,NULL,15/01/2014
29277,NULL,12374,Samantha Mohamed,NULL,02/08/2013
23195,NULL,15344,Xavier Mohamed,NULL,14/12/2013
14375,NULL,10712,Alexandra Moore,NULL,02/12/2013
28646,NULL,12006,Alexis Moore,NULL,20/01/2012
24809,NULL,11532,Alyssa Moore,NULL,09/09/2013
13944,NULL,18879,Andrew Moore,NULL,08/06/2014
12744,NULL,12181,Anna Moore,NULL,29/01/2014
24730,NULL,18608,Anthony Moore,NULL,17/10/2013
17001,NULL,12419,Ashley Moore,NULL,09/04/2014
26787,NULL,18231,Austin Moore,NULL,21/06/2014
12913,NULL,17993,Benjamin Moore,NULL,26/03/2014
11667,NULL,4154,Blake Moore,NULL,21/05/2014
29218,NULL,18445,Brandon Moore,NULL,30/01/2014
21594,NULL,11717,Brianna Moore,NULL,08/04/2014
11772,NULL,17651,Cameron Moore,NULL,15/10/2013
28172,NULL,4851,Charles Moore,NULL,03/08/2011
26269,NULL,11582,Chloe Moore,NULL,23/01/2014
18916,NULL,18082,Christian Moore,NULL,04/02/2014
23704,NULL,18102,Christopher Moore,NULL,03/03/2014
24968,NULL,4465,Dalton Moore,NULL,27/11/2013
27647,NULL,18434,Daniel Moore,NULL,13/06/2014
23054,NULL,17915,David Moore,NULL,14/12/2013
25207,NULL,11490,Destiny Moore,NULL,07/10/2013
16167,NULL,4920,Devin Moore,NULL,20/05/2014
23231,NULL,18472,Dylan Moore,NULL,11/03/2014
15988,NULL,4239,Edward Moore,NULL,28/03/2014
22352,NULL,11913,Elizabeth Moore,NULL,07/02/2014
14350,NULL,12234,Emily Moore,NULL,18/02/2014
26351,NULL,11858,Emma Moore,NULL,11/09/2013
13151,NULL,17918,Ethan Moore,NULL,06/05/2014
26582,NULL,3847,Fernando Moore,NULL,23/04/2013
21941,NULL,12044,Gail Moore,NULL,03/05/2014
17490,NULL,11307,Grace Moore,NULL,07/04/2014
14024,NULL,12280,Hannah Moore,NULL,05/09/2013
14897,NULL,17901,Hunter Moore,NULL,01/03/2014
24639,NULL,4700,Ian Moore,NULL,03/05/2014
26632,NULL,11223,Isabella Moore,NULL,18/02/2014
18753,NULL,17546,James Moore,NULL,09/12/2013
21759,NULL,11090,Jennifer Moore,NULL,18/05/2014
18934,NULL,3990,Jeremiah Moore,NULL,18/02/2014
20085,NULL,12093,Jessica Moore,NULL,20/01/2014
16980,NULL,11394,Jill Moore,NULL,11/09/2013
18564,NULL,18327,John Moore,NULL,31/03/2014
20478,NULL,17648,Jonathan Moore,NULL,12/10/2013
13161,NULL,17312,Jose Moore,NULL,22/04/2014
25392,NULL,18922,Joseph Moore,NULL,10/11/2013
24656,NULL,11047,Julia Moore,NULL,20/10/2013
16304,NULL,18058,Justin Moore,NULL,30/09/2013
23585,NULL,11129,Kaitlyn Moore,NULL,05/04/2014
23043,NULL,10814,Katherine Moore,NULL,22/05/2014
14431,NULL,11957,Kayla Moore,NULL,16/06/2014
23795,NULL,11631,Lauren Moore,NULL,19/08/2013
26348,NULL,17744,Logan Moore,NULL,11/07/2013
15021,NULL,4784,Lucas Moore,NULL,23/04/2014
23327,NULL,12325,Madison Moore,NULL,05/03/2014
23360,NULL,4613,Marcus Moore,NULL,06/08/2013
13267,NULL,18828,Matthew Moore,NULL,08/06/2014
23189,NULL,11678,Megan Moore,NULL,01/02/2014
17247,NULL,18728,Michael Moore,NULL,02/01/2014
18312,NULL,4076,Miguel Moore,NULL,02/09/2013
18273,NULL,11263,Natalie Moore,NULL,22/07/2013
28323,NULL,17814,Nathan Moore,NULL,17/07/2013
17463,NULL,18992,Nicholas Moore,NULL,08/11/2013
19404,NULL,11442,Nicole Moore,NULL,27/05/2014
26551,NULL,17100,Noah Moore,NULL,16/07/2013
25231,NULL,11757,Olivia Moore,NULL,11/12/2013
24516,NULL,11346,Rachel Moore,NULL,11/07/2013
22420,NULL,5090,Richard Moore,NULL,29/10/2013
27911,NULL,17169,Robert Moore,NULL,08/06/2014
26458,NULL,17992,Ryan Moore,NULL,07/11/2013
28938,NULL,12466,Sarah Moore,NULL,05/04/2014
13851,NULL,4307,Seth Moore,NULL,13/04/2014
26457,NULL,10760,Sydney Moore,NULL,11/08/2013
19987,NULL,12141,Taylor Moore,NULL,03/12/2013
14010,NULL,17409,Thomas Moore,NULL,30/07/2013
14451,NULL,18577,Tyler Moore,NULL,11/12/2013
15158,NULL,11806,Victoria Moore,NULL,16/07/2013
24984,NULL,18404,William Moore,NULL,02/01/2014
18971,NULL,3762,Wyatt Moore,NULL,19/04/2014
13142,NULL,4385,Xavier Moore,NULL,24/03/2014
11625,NULL,18446,Zachary Moore,NULL,23/09/2013
20821,NULL,6614,Hany Morcos,NULL,29/08/2013
12402,NULL,14900,Albert Moreno,NULL,02/11/2013
11437,NULL,2791,Alfredo Moreno,NULL,21/05/2014
24807,NULL,14365,Anne Moreno,NULL,12/09/2013
11593,NULL,6946,Armando Moreno,NULL,19/11/2013
24543,NULL,10954,Arthur Moreno,NULL,23/11/2013
14802,NULL,6011,Audrey Moreno,NULL,06/04/2014
21980,NULL,6075,Beth Moreno,NULL,23/03/2014
11572,NULL,15739,Billy Moreno,NULL,08/08/2013
28734,NULL,13489,Briana Moreno,NULL,01/03/2014
26652,NULL,10856,Bruce Moreno,NULL,18/05/2014
28369,NULL,9995,Carolyn Moreno,NULL,11/10/2013
27151,NULL,17858,Carrie Moreno,NULL,10/03/2014
20602,NULL,19149,Casey Moreno,NULL,10/09/2013
25596,NULL,6182,Cheryl Moreno,NULL,19/05/2014
11607,NULL,14613,Clinton Moreno,NULL,10/11/2013
14158,NULL,19059,Craig Moreno,NULL,22/03/2014
15033,NULL,18833,Dana Moreno,NULL,31/12/2013
29458,NULL,14752,Danny Moreno,NULL,14/02/2014
23622,NULL,10219,Darren Moreno,NULL,21/11/2013
28941,NULL,9787,Deanna Moreno,NULL,24/03/2014
16455,NULL,5921,Deb Moreno,NULL,27/08/2013
18625,NULL,19103,Derrick Moreno,NULL,21/03/2014
24479,NULL,13845,Desirée Moreno,NULL,19/06/2014
29298,NULL,18649,Diana Moreno,NULL,26/03/2014
27313,NULL,15482,Diane Moreno,NULL,05/10/2013
23103,NULL,20428,Dwayne Moreno,NULL,17/10/2013
16409,NULL,9682,Ebony Moreno,NULL,11/10/2013
12987,NULL,14270,Felicia Moreno,NULL,16/03/2014
26962,NULL,2427,Francis Moreno,NULL,19/12/2013
22336,NULL,18337,Frank Moreno,NULL,26/08/2013
21544,NULL,19025,Gary Moreno,NULL,09/04/2014
13770,NULL,10765,Gerald Moreno,NULL,06/03/2014
23049,NULL,15051,Gina Moreno,NULL,02/08/2013
21183,NULL,14709,Hector Moreno,NULL,14/01/2014
25329,NULL,6352,Jacquelyn Moreno,NULL,13/08/2013
20870,NULL,7051,Jaime Moreno,NULL,16/02/2014
11327,NULL,12429,Jaime Moreno,NULL,04/07/2013
22526,NULL,14648,Jamie Moreno,NULL,21/04/2014
15592,NULL,6236,Janet Moreno,NULL,17/02/2014
21528,NULL,10323,Jay Moreno,NULL,29/04/2014
22906,NULL,5456,Jessie Moreno,NULL,02/05/2014
13537,NULL,15090,Jill Moreno,NULL,24/05/2014
11029,NULL,15638,Jimmy Moreno,NULL,13/04/2014
23391,NULL,13974,Joanna Moreno,NULL,21/02/2014
15860,NULL,11044,Joe Moreno,NULL,17/08/2013
20361,NULL,14480,Jonathon Moreno,NULL,17/07/2013
19230,NULL,14000,Joy Moreno,NULL,23/05/2014
15953,NULL,6997,Julio Moreno,NULL,30/12/2013
15052,NULL,10539,Kari Moreno,NULL,28/04/2014
15234,NULL,18561,Kathleen Moreno,NULL,29/12/2013
16318,NULL,15937,Kellie Moreno,NULL,02/02/2014
20138,NULL,15140,Kendra Moreno,NULL,09/07/2013
16745,NULL,14217,Krista Moreno,NULL,21/08/2013
23415,NULL,9585,Kristi Moreno,NULL,24/08/2013
28481,NULL,6299,Kristine Moreno,NULL,20/10/2013
29229,NULL,14850,Lance Moreno,NULL,07/02/2014
28207,NULL,18424,Larry Moreno,NULL,07/06/2013
18735,NULL,6132,Latasha Moreno,NULL,01/08/2013
24798,NULL,14439,Lawrence Moreno,NULL,12/03/2014
25632,NULL,14401,Lee Moreno,NULL,06/08/2013
11114,NULL,18519,Leslie Moreno,NULL,28/05/2014
16549,NULL,13806,Linda Moreno,NULL,04/04/2014
15226,NULL,14101,Lori Moreno,NULL,19/03/2014
22912,NULL,7154,Mallory Moreno,NULL,27/05/2014
13024,NULL,15689,Marc Moreno,NULL,03/05/2014
27739,NULL,10101,Marie Moreno,NULL,15/10/2013
12805,NULL,6896,Marvin Moreno,NULL,08/03/2014
26090,NULL,14517,Mathew Moreno,NULL,23/01/2014
24083,NULL,2682,Max Moreno,NULL,18/07/2013
15152,NULL,18790,Meghan Moreno,NULL,23/03/2014
15613,NULL,14055,Melinda Moreno,NULL,23/10/2013
11760,NULL,16854,Melody Moreno,NULL,21/04/2014
22285,NULL,10637,Meredith Moreno,NULL,14/12/2013
27824,NULL,9010,Michele Moreno,NULL,03/04/2014
23118,NULL,13761,Monique Moreno,NULL,26/10/2013
15601,NULL,17319,Naomi Moreno,NULL,18/03/2014
17704,NULL,19188,Nelson Moreno,NULL,04/09/2013
13554,NULL,14992,Paula Moreno,NULL,04/04/2014
18248,NULL,11695,Pedro Moreno,NULL,28/07/2013
27004,NULL,19189,Philip Moreno,NULL,06/01/2014
21209,NULL,14959,Randall Moreno,NULL,07/02/2014
25637,NULL,6391,Raquel Moreno,NULL,02/01/2014
14170,NULL,9892,Rebekah Moreno,NULL,01/01/2014
16050,NULL,7750,Reginald Moreno,NULL,19/03/2014
12936,NULL,15003,Renee Moreno,NULL,22/03/2014
17775,NULL,15586,Ricky Moreno,NULL,05/11/2013
21206,NULL,14800,Roberto Moreno,NULL,31/01/2014
19563,NULL,13715,Robin Moreno,NULL,30/09/2013
16984,NULL,13671,Rodney Moreno,NULL,15/10/2013
19951,NULL,11155,Roy Moreno,NULL,22/11/2013
22469,NULL,14168,Sabrina Moreno,NULL,15/08/2013
22398,NULL,14492,Sheila Moreno,NULL,28/06/2013
26513,NULL,18610,Stacy Moreno,NULL,23/11/2013
19959,NULL,10430,Tabitha Moreno,NULL,23/11/2013
11139,NULL,14017,Tanya Moreno,NULL,19/03/2014
20872,NULL,6728,Theodore Moreno,NULL,22/10/2013
17899,NULL,13894,Theresa Moreno,NULL,22/10/2013
20842,NULL,6791,Tyrone Moreno,NULL,06/02/2014
13771,NULL,19235,Victor Moreno,NULL,17/03/2014
20681,NULL,14692,Walter Moreno,NULL,04/07/2013
24874,NULL,13934,Wendy Moreno,NULL,18/03/2014
24431,NULL,3921,Abigail Morgan,NULL,12/10/2013
14917,NULL,14965,Adrian Morgan,NULL,08/12/2013
18657,NULL,14938,Alex Morgan,NULL,10/09/2013
17379,NULL,2766,Alexandra Morgan,NULL,07/08/2013
21729,NULL,8703,Alexandria Morgan,NULL,26/02/2014
11664,NULL,20121,Alyssa Morgan,NULL,24/07/2013
14903,NULL,2997,Amanda Morgan,NULL,14/09/2013
16870,NULL,9233,Andrea Morgan,NULL,22/11/2013
24835,NULL,14935,Angel Morgan,NULL,12/04/2014
24665,NULL,8704,Angela Morgan,NULL,31/12/2013
13869,NULL,3623,Anna Morgan,NULL,04/04/2014
14868,NULL,9244,Ariana Morgan,NULL,29/03/2014
18155,NULL,8708,Arianna Morgan,NULL,09/06/2014
24451,NULL,9223,Bailey Morgan,NULL,13/09/2013
13181,NULL,14949,Brian Morgan,NULL,04/04/2014
11136,NULL,19196,Brianna Morgan,NULL,05/06/2013
23031,NULL,9251,Brooke Morgan,NULL,16/01/2014
18582,NULL,14960,Bryan Morgan,NULL,19/05/2014
20303,NULL,14950,Bryce Morgan,NULL,24/08/2013
19167,NULL,9246,Caitlin Morgan,NULL,03/06/2013
25819,NULL,14932,Carlos Morgan,NULL,13/01/2014
28495,NULL,9235,Catherine Morgan,NULL,07/10/2013
20766,NULL,14968,Charles Morgan,NULL,29/08/2013
11791,NULL,14954,Chase Morgan,NULL,03/05/2014
22770,NULL,20244,Chloe Morgan,NULL,20/12/2013
24447,NULL,14966,Cody Morgan,NULL,05/08/2013
24793,NULL,14957,Cole Morgan,NULL,17/03/2014
12778,NULL,9242,Connie Morgan,NULL,22/05/2014
11814,NULL,14990,Dalton Morgan,NULL,08/02/2014
19164,NULL,9236,Danielle Morgan,NULL,17/10/2013
13362,NULL,20009,Destiny Morgan,NULL,25/04/2014
26092,NULL,14969,Devin Morgan,NULL,17/05/2014
16544,NULL,14972,Eduardo Morgan,NULL,01/01/2014
29159,NULL,19494,Emma Morgan,NULL,23/09/2012
26067,NULL,8692,Erin Morgan,NULL,20/04/2014
14725,NULL,14939,Evan Morgan,NULL,11/05/2014
20484,NULL,9226,Gabriella Morgan,NULL,21/12/2013
15980,NULL,3302,Gabrielle Morgan,NULL,13/02/2014
18879,NULL,14961,Garrett Morgan,NULL,07/04/2014
25601,NULL,19593,Grace Morgan,NULL,03/05/2014
22753,NULL,3154,Hailey Morgan,NULL,29/12/2013
13741,NULL,3379,Haley Morgan,NULL,10/06/2013
21440,NULL,14981,Ian Morgan,NULL,31/05/2013
20408,NULL,14941,Isaac Morgan,NULL,01/02/2014
28602,NULL,20761,Isabella Morgan,NULL,19/03/2014
18978,NULL,14936,Isaiah Morgan,NULL,12/02/2014
28639,NULL,8709,Jacqueline Morgan,NULL,26/11/2013
11520,NULL,9228,Jada Morgan,NULL,21/06/2014
22295,NULL,8694,Jade Morgan,NULL,23/11/2013
28213,NULL,14958,Jared Morgan,NULL,11/01/2014
19891,NULL,20448,Jennifer Morgan,NULL,15/09/2013
26007,NULL,14942,Jesse Morgan,NULL,07/11/2013
18371,NULL,3470,Jessica Morgan,NULL,12/03/2014
20749,NULL,8712,Joan Morgan,NULL,01/05/2014
18821,NULL,14955,Juan Morgan,NULL,08/04/2014
26809,NULL,20346,Julia Morgan,NULL,09/10/2013
17022,NULL,20557,Karen Morgan,NULL,29/10/2013
26557,NULL,9229,Katelyn Morgan,NULL,11/10/2013
22736,NULL,2923,Katherine Morgan,NULL,12/08/2013
21300,NULL,9231,Kaylee Morgan,NULL,16/06/2013
28735,NULL,9252,Kimberly Morgan,NULL,08/10/2013
24217,NULL,3699,Lauren Morgan,NULL,06/02/2014
16162,NULL,9224,Mackenzie Morgan,NULL,17/04/2014
27156,NULL,9254,Makayla Morgan,NULL,23/10/2013
28968,NULL,14978,Marcus Morgan,NULL,18/01/2014
12941,NULL,3229,Maria Morgan,NULL,03/09/2013
19146,NULL,8698,Mariah Morgan,NULL,27/05/2014
18421,NULL,19084,Megan Morgan,NULL,28/03/2014
21227,NULL,8702,Melanie Morgan,NULL,24/02/2014
20222,NULL,8713,Melissa Morgan,NULL,20/05/2014
23217,NULL,9249,Michelle Morgan,NULL,03/12/2013
15149,NULL,2690,Natalie Morgan,NULL,19/04/2014
16626,NULL,14951,Nathaniel Morgan,NULL,20/10/2013
24620,NULL,19300,Olivia Morgan,NULL,29/03/2014
17826,NULL,8711,Paige Morgan,NULL,30/04/2014
23318,NULL,14948,Patrick Morgan,NULL,03/01/2014
27463,NULL,19700,Rachel Morgan,NULL,11/08/2013
26530,NULL,8715,Riley Morgan,NULL,20/01/2014
13134,NULL,9227,Sara Morgan,NULL,10/05/2014
21430,NULL,9230,Savannah Morgan,NULL,14/02/2014
14993,NULL,14944,Sean Morgan,NULL,17/12/2013
16035,NULL,14956,Sebastian Morgan,NULL,26/06/2014
23040,NULL,14986,Seth Morgan,NULL,24/10/2013
28343,NULL,9259,Shelby Morgan,NULL,15/11/2013
28230,NULL,3071,Stephanie Morgan,NULL,23/10/2013
27753,NULL,14963,Steven Morgan,NULL,21/08/2013
19812,NULL,2841,Sydney Morgan,NULL,27/01/2014
24870,NULL,3546,Taylor Morgan,NULL,12/12/2013
14633,NULL,14946,Timothy Morgan,NULL,02/04/2014
25649,NULL,9260,Trinity Morgan,NULL,28/04/2014
18430,NULL,19389,Victoria Morgan,NULL,24/03/2014
22883,NULL,14988,Xavier Morgan,NULL,21/08/2013
21443,NULL,9240,Zoe Morgan,NULL,29/07/2013
28776,NULL,3914,Abigail Morris,NULL,15/12/2013
15092,NULL,15330,Adrian Morris,NULL,18/09/2013
26550,NULL,15297,Alex Morris,NULL,03/01/2014
22515,NULL,9008,Alexa Morris,NULL,10/01/2014
20457,NULL,2761,Alexandra Morris,NULL,28/10/2013
13068,NULL,9027,Alexandria Morris,NULL,06/09/2013
25190,NULL,8998,Allison Morris,NULL,13/02/2014
28072,NULL,20111,Alyssa Morris,NULL,31/03/2014
26618,NULL,2992,Amanda Morris,NULL,29/12/2013
11197,NULL,9000,Andrea Morris,NULL,20/12/2013
22237,NULL,15294,Angel Morris,NULL,27/12/2013
23885,NULL,9028,Angela Morris,NULL,24/05/2014
22726,NULL,3616,Anna Morris,NULL,30/05/2014
14999,NULL,9030,Arianna Morris,NULL,08/06/2014
13379,NULL,8986,Bailey Morris,NULL,17/12/2013
24226,NULL,15315,Brian Morris,NULL,12/01/2014
12912,NULL,19187,Brianna Morris,NULL,26/03/2014
27057,NULL,9013,Brooke Morris,NULL,12/06/2014
25162,NULL,15326,Bryan Morris,NULL,14/10/2013
19724,NULL,15317,Bryce Morris,NULL,31/07/2013
19416,NULL,9011,Caitlin Morris,NULL,12/06/2013
22291,NULL,15293,Carlos Morris,NULL,31/10/2013
11188,NULL,9002,Catherine Morris,NULL,23/06/2014
25963,NULL,15332,Charles Morris,NULL,05/06/2014
26789,NULL,15319,Chase Morris,NULL,06/01/2012
14621,NULL,20231,Chloe Morris,NULL,22/05/2014
14029,NULL,9009,Christina Morris,NULL,30/06/2014
24785,NULL,15331,Cody Morris,NULL,18/02/2014
16728,NULL,15321,Cole Morris,NULL,09/11/2013
23178,NULL,15348,Dalton Morris,NULL,21/11/2013
20107,NULL,9005,Danielle Morris,NULL,24/12/2013
22164,NULL,20002,Destiny Morris,NULL,10/11/2013
15875,NULL,15334,Devin Morris,NULL,08/09/2013
19619,NULL,15335,Eduardo Morris,NULL,19/12/2013
17820,NULL,19481,Emma Morris,NULL,18/09/2013
12195,NULL,9020,Erin Morris,NULL,27/12/2013
13174,NULL,8988,Gabriella Morris,NULL,09/09/2013
12148,NULL,3296,Gabrielle Morris,NULL,01/06/2014
15313,NULL,15327,Garrett Morris,NULL,17/01/2014
20006,NULL,19586,Grace Morris,NULL,29/10/2013
15558,NULL,3148,Hailey Morris,NULL,07/07/2013
23548,NULL,3374,Haley Morris,NULL,23/05/2014
28070,NULL,15339,Ian Morris,NULL,11/05/2014
26439,NULL,15304,Isaac Morris,NULL,01/04/2014
11928,NULL,20753,Isabella Morris,NULL,15/05/2014
29019,NULL,15296,Isaiah Morris,NULL,02/11/2013
29468,NULL,9031,Jacqueline Morris,NULL,04/11/2013
21674,NULL,8991,Jada Morris,NULL,30/03/2014
13052,NULL,15323,Jared Morris,NULL,05/10/2013
20549,NULL,20441,Jennifer Morris,NULL,31/03/2014
27416,NULL,15349,Jeremiah Morris,NULL,25/04/2013
21688,NULL,15307,Jesse Morris,NULL,12/08/2013
28967,NULL,3463,Jessica Morris,NULL,23/07/2013
15697,NULL,20339,Julia Morris,NULL,02/12/2013
16093,NULL,20551,Kaitlyn Morris,NULL,28/02/2014
23268,NULL,8993,Katelyn Morris,NULL,21/12/2013
23877,NULL,2915,Katherine Morris,NULL,01/05/2014
12290,NULL,8996,Kaylee Morris,NULL,04/01/2014
13496,NULL,15342,Lucas Morris,NULL,17/09/2013
26474,NULL,8987,Mackenzie Morris,NULL,25/12/2013
27274,NULL,15338,Marcus Morris,NULL,17/03/2014
16254,NULL,3222,Maria Morris,NULL,24/07/2013
22349,NULL,15303,Mason Morris,NULL,17/01/2014
23641,NULL,19078,Megan Morris,NULL,07/11/2013
25081,NULL,9026,Melanie Morris,NULL,20/01/2014
26340,NULL,9034,Melissa Morris,NULL,25/07/2013
18375,NULL,9012,Michelle Morris,NULL,22/05/2014
11720,NULL,20651,Morgan Morris,NULL,24/12/2013
18838,NULL,2683,Natalie Morris,NULL,19/05/2014
13928,NULL,15318,Nathaniel Morris,NULL,13/05/2014
24782,NULL,19887,Nicole Morris,NULL,04/01/2014
14155,NULL,19294,Olivia Morris,NULL,07/03/2014
22041,NULL,9033,Paige Morris,NULL,24/05/2014
25688,NULL,15312,Patrick Morris,NULL,29/01/2014
21291,NULL,19685,Rachel Morris,NULL,21/05/2014
20070,NULL,15337,Richard Morris,NULL,22/12/2013
19984,NULL,8990,Sara Morris,NULL,26/09/2013
13585,NULL,8995,Savannah Morris,NULL,19/12/2013
12428,NULL,15309,Sean Morris,NULL,28/03/2014
16235,NULL,15320,Sebastian Morris,NULL,21/07/2013
18959,NULL,15343,Seth Morris,NULL,05/04/2014
13868,NULL,9016,Shelby Morris,NULL,24/08/2013
14040,NULL,3067,Stephanie Morris,NULL,12/11/2013
27425,NULL,15329,Steven Morris,NULL,31/03/2013
14583,NULL,2834,Sydney Morris,NULL,05/06/2014
27207,NULL,3540,Taylor Morris,NULL,06/08/2013
18111,NULL,15311,Timothy Morris,NULL,18/07/2013
28965,NULL,9018,Trinity Morris,NULL,07/04/2014
11688,NULL,19380,Victoria Morris,NULL,17/07/2013
15541,NULL,9007,Zoe Morris,NULL,22/01/2014
25749,NULL,7783,Ashlee Moyer,NULL,03/07/2013
28880,NULL,14281,Felicia Moyer,NULL,08/09/2013
28198,NULL,15104,Jared Moyer,NULL,12/01/2012
13822,NULL,10324,Jay Moyer,NULL,19/03/2014
15093,NULL,17073,Johnny Moyer,NULL,12/04/2014
28422,NULL,14023,Joy Moyer,NULL,19/05/2014
23420,NULL,16823,Mario Moyer,NULL,21/11/2013
12980,NULL,2691,Max Moyer,NULL,04/09/2013
21220,NULL,18797,Meghan Moyer,NULL,30/08/2013
16386,NULL,19190,Philip Moyer,NULL,25/01/2014
23314,NULL,2796,Alfredo Munoz,NULL,17/12/2013
23187,NULL,2735,Andy Munoz,NULL,18/02/2014
15798,NULL,14366,Anne Munoz,NULL,10/11/2013
22608,NULL,10957,Arthur Munoz,NULL,19/05/2014
12003,NULL,6013,Audrey Munoz,NULL,10/01/2014
14150,NULL,15740,Billy Munoz,NULL,04/03/2014
27857,NULL,18477,Brandi Munoz,NULL,14/08/2013
23437,NULL,13504,Briana Munoz,NULL,14/03/2014
17315,NULL,9998,Carolyn Munoz,NULL,21/11/2013
20601,NULL,17860,Carrie Munoz,NULL,30/06/2014
12570,NULL,19151,Casey Munoz,NULL,12/01/2014
13632,NULL,6183,Cheryl Munoz,NULL,19/05/2014
24021,NULL,14617,Clinton Munoz,NULL,18/03/2014
13076,NULL,19060,Craig Munoz,NULL,18/03/2014
15081,NULL,5942,Daisy Munoz,NULL,22/05/2014
19355,NULL,14754,Danny Munoz,NULL,25/01/2014
23539,NULL,10221,Darren Munoz,NULL,03/01/2014
11054,NULL,9790,Deanna Munoz,NULL,30/10/2013
21747,NULL,19105,Derrick Munoz,NULL,31/07/2013
24879,NULL,13847,Desiree Munoz,NULL,09/03/2014
15066,NULL,18650,Diana Munoz,NULL,20/01/2014
15795,NULL,15497,Diane Munoz,NULL,29/09/2013
24091,NULL,20451,Dwayne Munoz,NULL,27/04/2014
13106,NULL,9684,Ebony Munoz,NULL,15/04/2014
12091,NULL,6676,Eddie Munoz,NULL,02/02/2014
14715,NULL,19277,Erik Munoz,NULL,05/03/2014
15114,NULL,18699,Erika Munoz,NULL,22/12/2013
20406,NULL,14271,Felicia Munoz,NULL,08/02/2014
16112,NULL,18338,Frank Munoz,NULL,03/03/2014
20230,NULL,19026,Gary Munoz,NULL,13/11/2013
14699,NULL,10766,Gerald Munoz,NULL,06/12/2013
19789,NULL,16407,Gloria Munoz,NULL,30/09/2013
29115,NULL,6354,Jacquelyn Munoz,NULL,13/09/2013
11439,NULL,6238,Janet Munoz,NULL,22/03/2014
20905,NULL,5481,Jessie Munoz,NULL,21/05/2014
13697,NULL,18378,Jésus Munoz,NULL,31/01/2014
18174,NULL,15091,Jill Munoz,NULL,02/07/2013
21573,NULL,15639,Jimmy Munoz,NULL,09/01/2014
13812,NULL,13975,Joanna Munoz,NULL,02/11/2013
21526,NULL,14481,Jonathon Munoz,NULL,22/01/2014
23001,NULL,6998,Julio Munoz,NULL,09/03/2014
18013,NULL,18564,Kathleen Munoz,NULL,16/06/2014
25740,NULL,15955,Kellie Munoz,NULL,15/11/2013
23529,NULL,15142,Kendra Munoz,NULL,06/08/2013
25550,NULL,14218,Krista Munoz,NULL,12/04/2014
23556,NULL,9587,Kristi Munoz,NULL,30/06/2013
16446,NULL,6300,Kristine Munoz,NULL,05/04/2014
12128,NULL,14326,Kristy Munoz,NULL,06/05/2014
21095,NULL,14852,Lance Munoz,NULL,26/09/2013
11242,NULL,18425,Larry Munoz,NULL,06/05/2014
11967,NULL,6133,Latasha Munoz,NULL,07/01/2014
16857,NULL,14440,Lawrence Munoz,NULL,04/10/2013
17417,NULL,14404,Lee Munoz,NULL,25/04/2014
16874,NULL,18520,Leslie Munoz,NULL,16/10/2013
15451,NULL,13807,Linda Munoz,NULL,16/02/2014
22639,NULL,14103,Lori Munoz,NULL,23/07/2013
28683,NULL,7157,Mallory Munoz,NULL,13/08/2012
27774,NULL,15692,Marc Munoz,NULL,23/07/2013
24206,NULL,10102,Marie Munoz,NULL,20/07/2013
14680,NULL,6897,Marvin Munoz,NULL,30/06/2014
20798,NULL,14518,Mathew Munoz,NULL,09/12/2013
27810,NULL,18791,Meghan Munoz,NULL,16/05/2014
11340,NULL,16870,Melody Munoz,NULL,04/06/2013
13957,NULL,10638,Meredith Munoz,NULL,23/05/2014
25666,NULL,14566,Micheal Munoz,NULL,03/11/2013
24008,NULL,13764,Monique Munoz,NULL,18/01/2014
11643,NULL,17343,Naomi Munoz,NULL,04/12/2013
24601,NULL,18745,Natasha Munoz,NULL,21/05/2014
22066,NULL,15006,Paula Munoz,NULL,01/09/2013
16824,NULL,14962,Randall Munoz,NULL,31/12/2013
28396,NULL,9894,Rebekah Munoz,NULL,19/01/2014
25889,NULL,7754,Reginald Munoz,NULL,18/01/2014
16901,NULL,15588,Ricky Munoz,NULL,25/02/2014
17628,NULL,14802,Roberto Munoz,NULL,11/10/2013
27897,NULL,13720,Robin Munoz,NULL,25/10/2013
14214,NULL,12992,Robyn Munoz,NULL,04/01/2014
12836,NULL,13677,Rodney Munoz,NULL,28/04/2014
13768,NULL,11807,Ross Munoz,NULL,11/04/2014
29122,NULL,20032,Shannon Munoz,NULL,30/12/2013
27488,NULL,14509,Sheila Munoz,NULL,17/05/2014
12310,NULL,18611,Stacy Munoz,NULL,24/03/2014
18441,NULL,10432,Tabitha Munoz,NULL,14/05/2014
23436,NULL,14019,Tanya Munoz,NULL,08/12/2013
27712,NULL,15198,Teresa Munoz,NULL,28/05/2014
13953,NULL,13895,Theresa Munoz,NULL,21/05/2014
12870,NULL,6795,Tyrone Munoz,NULL,15/05/2014
21056,NULL,14694,Walter Munoz,NULL,25/06/2013
22821,NULL,13935,Wendy Munoz,NULL,07/11/2013
13008,NULL,6618,Alberto Muñoz,NULL,19/05/2014
19906,NULL,6947,Armando Muñoz,NULL,09/01/2014
28459,NULL,18836,Dana Muñoz,NULL,30/12/2013
14828,NULL,14711,Hector Muñoz,NULL,14/09/2013
24506,NULL,7053,Jaime Muñoz,NULL,19/12/2013
26446,NULL,14650,Jamie Muñoz,NULL,26/06/2014
26385,NULL,13629,Javier Muñoz,NULL,27/04/2014
26982,NULL,12451,Jose Muñoz,NULL,04/01/2014
19520,NULL,10542,Kari Muñoz,NULL,13/08/2013
21662,NULL,18773,Orlando Muñoz,NULL,22/09/2013
23433,NULL,11696,Pedro Muñoz,NULL,12/12/2013
11451,NULL,11260,Ruben Muñoz,NULL,05/11/2013
25988,NULL,19236,Victor Muñoz,NULL,22/01/2014
27466,NULL,3925,Abigail Murphy,NULL,09/11/2013
22238,NULL,15071,Alex Murphy,NULL,29/05/2014
18276,NULL,8798,Alexa Murphy,NULL,30/01/2014
17565,NULL,2769,Alexandra Murphy,NULL,29/12/2013
20509,NULL,8819,Alexandria Murphy,NULL,01/10/2013
24624,NULL,8789,Allison Murphy,NULL,13/12/2013
25072,NULL,20125,Alyssa Murphy,NULL,20/05/2014
28828,NULL,8790,Andrea Murphy,NULL,16/08/2013
26314,NULL,15067,Angel Murphy,NULL,15/10/2013
11063,NULL,8821,Angela Murphy,NULL,14/06/2013
16463,NULL,3627,Anna Murphy,NULL,11/11/2013
25698,NULL,8801,Ariana Murphy,NULL,05/02/2014
24681,NULL,8823,Arianna Murphy,NULL,06/08/2013
25006,NULL,8776,Bailey Murphy,NULL,29/11/2013
20358,NULL,15087,Brian Murphy,NULL,03/10/2013
28342,NULL,19200,Brianna Murphy,NULL,06/12/2013
12918,NULL,8805,Brooke Murphy,NULL,12/09/2013
29127,NULL,15106,Bryan Murphy,NULL,24/08/2013
24645,NULL,15089,Bryce Murphy,NULL,26/11/2013
14910,NULL,8803,Caitlin Murphy,NULL,29/03/2014
13275,NULL,15066,Carlos Murphy,NULL,13/07/2013
16506,NULL,8791,Catherine Murphy,NULL,25/06/2014
27516,NULL,15115,Charles Murphy,NULL,04/06/2014
24729,NULL,15094,Chase Murphy,NULL,19/10/2013
20113,NULL,8800,Christina Murphy,NULL,29/03/2014
19655,NULL,20248,Cindy Murphy,NULL,17/10/2013
18613,NULL,15113,Cody Murphy,NULL,18/05/2014
27066,NULL,15101,Cole Murphy,NULL,02/07/2013
27043,NULL,15128,Dalton Murphy,NULL,16/07/2012
20027,NULL,8794,Danielle Murphy,NULL,04/04/2014
13019,NULL,20014,Destiny Murphy,NULL,19/03/2014
26245,NULL,15116,Devin Murphy,NULL,10/01/2014
16124,NULL,15119,Eduardo Murphy,NULL,20/04/2014
19844,NULL,19497,Emma Murphy,NULL,10/04/2014
27205,NULL,8813,Erin Murphy,NULL,25/03/2013
18797,NULL,15073,Evan Murphy,NULL,23/06/2014
25996,NULL,8826,Faith Murphy,NULL,30/03/2014
29148,NULL,8779,Gabriella Murphy,NULL,21/12/2011
23373,NULL,3305,Gabrielle Murphy,NULL,22/02/2014
28849,NULL,15107,Garrett Murphy,NULL,17/11/2011
23655,NULL,19598,Grace Murphy,NULL,14/02/2014
19008,NULL,3157,Hailey Murphy,NULL,06/05/2014
21706,NULL,3383,Haley Murphy,NULL,23/01/2014
11786,NULL,15123,Ian Murphy,NULL,25/06/2014
27225,NULL,15078,Isaac Murphy,NULL,09/02/2014
22645,NULL,20768,Isabella Murphy,NULL,15/02/2014
28662,NULL,15069,Isaiah Murphy,NULL,09/12/2013
14474,NULL,8824,Jacqueline Murphy,NULL,30/06/2014
15252,NULL,8782,Jada Murphy,NULL,29/03/2014
15427,NULL,8814,Jade Murphy,NULL,14/05/2014
17081,NULL,20453,Jennifer Murphy,NULL,07/12/2013
27651,NULL,15130,Jeremy Murphy,NULL,21/04/2014
11040,NULL,15080,Jesse Murphy,NULL,03/09/2013
22225,NULL,3473,Jessica Murphy,NULL,27/11/2013
24902,NULL,19801,Jill Murphy,NULL,26/08/2013
24646,NULL,15098,Juan Murphy,NULL,22/05/2012
19776,NULL,20348,Judith Murphy,NULL,06/11/2013
23817,NULL,20561,Kaitlyn Murphy,NULL,22/11/2013
18889,NULL,8784,Katelyn Murphy,NULL,04/07/2013
22743,NULL,8787,Kaylee Murphy,NULL,01/08/2013
12961,NULL,8808,Kimberly Murphy,NULL,19/06/2014
25438,NULL,3701,Lauren Murphy,NULL,18/03/2014
28656,NULL,15125,Lucas Murphy,NULL,29/01/2012
15399,NULL,8778,Mackenzie Murphy,NULL,26/01/2014
14878,NULL,15122,Marcus Murphy,NULL,21/09/2013
16011,NULL,3231,Maria Murphy,NULL,17/03/2014
28652,NULL,8816,Mariah Murphy,NULL,09/02/2012
29163,NULL,15075,Mason Murphy,NULL,11/12/2011
17460,NULL,19090,Megan Murphy,NULL,08/04/2014
21297,NULL,8817,Melanie Murphy,NULL,18/05/2014
24686,NULL,8827,Melissa Murphy,NULL,25/06/2014
13373,NULL,8804,Michelle Murphy,NULL,31/08/2013
25391,NULL,20670,Morgan Murphy,NULL,29/10/2013
28864,NULL,2694,Natalie Murphy,NULL,25/02/2014
15557,NULL,15092,Nathaniel Murphy,NULL,10/06/2013
11927,NULL,19899,Nicole Murphy,NULL,30/06/2014
20206,NULL,19306,Olivia Murphy,NULL,29/03/2014
27636,NULL,8825,Paige Murphy,NULL,28/04/2014
14334,NULL,15086,Patrick Murphy,NULL,12/10/2013
23686,NULL,19702,Rachel Murphy,NULL,30/04/2014
22299,NULL,15121,Richard Murphy,NULL,30/03/2014
23712,NULL,8830,Riley Murphy,NULL,14/01/2014
12926,NULL,8781,Sara Murphy,NULL,04/09/2013
21114,NULL,8785,Savannah Murphy,NULL,28/08/2013
15969,NULL,15083,Sean Murphy,NULL,11/02/2014
13876,NULL,15099,Sebastian Murphy,NULL,11/12/2013
25704,NULL,15126,Seth Murphy,NULL,04/03/2014
24489,NULL,8811,Shelby Murphy,NULL,13/09/2013
11213,NULL,3074,Stephanie Murphy,NULL,09/02/2014
12731,NULL,15110,Steven Murphy,NULL,16/02/2014
28252,NULL,2846,Sydney Murphy,NULL,21/03/2014
20654,NULL,3549,Taylor Murphy,NULL,16/01/2014
14331,NULL,15084,Timothy Murphy,NULL,23/02/2014
29015,NULL,8812,Trinity Murphy,NULL,24/10/2013
15163,NULL,19392,Victoria Murphy,NULL,13/02/2014
29162,NULL,15127,Xavier Murphy,NULL,20/10/2013
11832,NULL,8796,Zoe Murphy,NULL,09/02/2014
19364,NULL,12557,Alejandro Nara,NULL,03/05/2014
26959,NULL,12028,Alisha Nara,NULL,18/02/2014
28364,NULL,16666,Alison Nara,NULL,10/01/2014
18354,NULL,5229,Alvin Nara,NULL,23/09/2013
12332,NULL,5091,Andres Nara,NULL,24/11/2013
25721,NULL,20554,April Nara,NULL,23/08/2013
23964,NULL,10611,Arturo Nara,NULL,28/07/2013
16049,NULL,7781,Ashlee Nara,NULL,05/12/2013
12704,NULL,11621,Barbara Nara,NULL,15/03/2014
15460,NULL,17295,Bethany Nara,NULL,26/03/2014
24023,NULL,3719,Bonnie Nara,NULL,31/03/2014
16510,NULL,9413,Brad Nara,NULL,08/09/2013
12547,NULL,20307,Bradley Nara,NULL,03/03/2014
27330,NULL,9356,Brendan Nara,NULL,29/05/2014
12846,NULL,8594,Bridget Nara,NULL,20/04/2014
11367,NULL,9186,Calvin Nara,NULL,27/04/2014
12971,NULL,16970,Carl Nara,NULL,11/12/2013
17812,NULL,16310,Casey Nara,NULL,21/02/2014
13642,NULL,8908,Cassie Nara,NULL,15/10/2013
21875,NULL,4110,Cedric Nara,NULL,30/03/2014
28754,NULL,20351,Chad Nara,NULL,31/12/2013
11878,NULL,19889,Christine Nara,NULL,14/05/2014
11843,NULL,11419,Christy Nara,NULL,08/08/2013
20054,NULL,7368,Clarence Nara,NULL,11/09/2013
11768,NULL,12659,Clayton Nara,NULL,14/12/2013
14798,NULL,12339,Colleen Nara,NULL,23/04/2014
27034,NULL,20474,Corey Nara,NULL,05/02/2014
19792,NULL,8747,Cristina Nara,NULL,16/10/2013
21226,NULL,5339,Dale Nara,NULL,07/02/2014
26877,NULL,14455,Damien Nara,NULL,08/05/2014
21891,NULL,12235,Dawn Nara,NULL,20/03/2014
13502,NULL,8861,Deborah Nara,NULL,18/01/2014
26139,NULL,20266,Derek Nara,NULL,02/08/2013
21964,NULL,4335,Devon Nara,NULL,22/02/2014
26944,NULL,9241,Drew Nara,NULL,11/11/2013
17910,NULL,2571,Dustin Nara,NULL,22/02/2014
11097,NULL,13205,Edwin Nara,NULL,24/12/2013
28425,NULL,9557,Gilbert Nara,NULL,03/04/2014
12995,NULL,9302,Grant Nara,NULL,28/03/2014
26651,NULL,2598,Gregory Nara,NULL,04/05/2014
11930,NULL,12990,Jaclyn Nara,NULL,18/05/2014
13262,NULL,9471,Jaime Nara,NULL,25/02/2014
11438,NULL,11514,Jenny Nara,NULL,08/07/2013
22491,NULL,16916,Jerry Nara,NULL,11/07/2013
23939,NULL,4716,Jodi Nara,NULL,06/09/2013
18489,NULL,17068,Johnny Nara,NULL,02/08/2013
22006,NULL,12448,Jon Nara,NULL,18/08/2013
24566,NULL,16568,Kara Nara,NULL,23/04/2014
15142,NULL,5161,Karl Nara,NULL,29/04/2014
25827,NULL,3524,Karla Nara,NULL,23/02/2014
25723,NULL,4614,Kate Nara,NULL,08/06/2013
14882,NULL,19924,Kathryn Nara,NULL,16/04/2014
22561,NULL,20630,Katie Nara,NULL,25/12/2013
24608,NULL,16355,Katrina Nara,NULL,21/07/2013
21649,NULL,20514,Keith Nara,NULL,21/07/2013
24905,NULL,16525,Kelsey Nara,NULL,01/09/2013
15672,NULL,2956,Kelvin Nara,NULL,26/05/2014
14177,NULL,2621,Kenneth Nara,NULL,10/05/2014
12219,NULL,4167,Kurt Nara,NULL,27/12/2013
22509,NULL,11310,Lacey Nara,NULL,11/04/2014
18208,NULL,16400,Latoya Nara,NULL,01/06/2013
11045,NULL,5225,Leonard Nara,NULL,31/03/2014
25247,NULL,19843,Lindsay Nara,NULL,29/04/2014
26901,NULL,13106,Louis Nara,NULL,23/04/2014
20768,NULL,11633,Marshall Nara,NULL,19/02/2014
26231,NULL,9078,Maurice Nara,NULL,17/04/2014
27147,NULL,4399,Melvin Nara,NULL,07/04/2014
22842,NULL,8423,Michele Nara,NULL,17/11/2013
17197,NULL,4564,Mindy Nara,NULL,27/05/2014
14987,NULL,16480,Misty Nara,NULL,07/11/2013
17158,NULL,17152,Mitchell Nara,NULL,22/08/2013
12301,NULL,16617,Nichole Nara,NULL,22/04/2014
20861,NULL,5285,Nicolas Nara,NULL,15/11/2013
13535,NULL,12765,Omar Nara,NULL,21/03/2014
11770,NULL,20429,Peter Nara,NULL,23/03/2014
18907,NULL,8799,Priscilla Nara,NULL,17/06/2013
17052,NULL,12881,Rafael Nara,NULL,19/11/2013
16404,NULL,9529,Raul Nara,NULL,29/03/2014
28934,NULL,17021,Ricardo Nara,NULL,17/01/2014
26928,NULL,13318,Roger Nara,NULL,04/11/2013
12629,NULL,16871,Russell Nara,NULL,18/04/2014
18482,NULL,8537,Sharon Nara,NULL,07/07/2013
13845,NULL,20394,Shawn Nara,NULL,24/02/2014
29361,NULL,8697,Sheena Nara,NULL,07/12/2012
21194,NULL,20012,Tara Nara,NULL,07/02/2014
23249,NULL,8642,Tasha Nara,NULL,06/07/2013
28474,NULL,4282,Terrence Nara,NULL,08/05/2014
27305,NULL,17245,Terry Nara,NULL,17/05/2014
16729,NULL,4223,Tommy Nara,NULL,17/03/2014
16713,NULL,17194,Tony Nara,NULL,11/07/2013
17251,NULL,8481,Tonya Nara,NULL,11/11/2013
25105,NULL,3791,Warren Nara,NULL,04/10/2013
23869,NULL,9137,Wayne Nara,NULL,10/08/2013
24460,NULL,13408,Willie Nara,NULL,31/10/2013
29080,NULL,3648,Yolanda Nara,NULL,25/12/2013
15862,NULL,16434,Sriniwa Narayanan,NULL,04/08/2013
12874,NULL,11624,Kirk Nason,NULL,07/03/2014
24866,NULL,12560,Alejandro Nath,NULL,09/08/2013
13556,NULL,12031,Alisha Nath,NULL,20/04/2014
17116,NULL,16669,Alison Nath,NULL,10/12/2013
29301,NULL,5278,Alvin Nath,NULL,25/09/2013
22617,NULL,5098,Andres Nath,NULL,18/05/2014
22824,NULL,20556,April Nath,NULL,16/05/2014
16177,NULL,17297,Bethany Nath,NULL,14/12/2013
12632,NULL,3724,Bonnie Nath,NULL,16/11/2013
22796,NULL,9417,Brad Nath,NULL,16/10/2013
22380,NULL,9360,Brendan Nath,NULL,03/09/2013
19446,NULL,8598,Bridget Nath,NULL,14/05/2014
22817,NULL,9189,Calvin Nath,NULL,15/05/2014
29001,NULL,16973,Carl Nath,NULL,06/05/2014
17255,NULL,4516,Carly Nath,NULL,05/02/2014
26820,NULL,8864,Carol Nath,NULL,05/06/2014
11616,NULL,16315,Casey Nath,NULL,15/09/2013
24606,NULL,8915,Cassie Nath,NULL,15/06/2013
17746,NULL,4161,Cedric Nath,NULL,01/09/2013
17744,NULL,20354,Chad Nath,NULL,28/09/2013
26909,NULL,19893,Christine Nath,NULL,01/08/2013
18085,NULL,11421,Christy Nath,NULL,27/02/2014
24050,NULL,7419,Clarence Nath,NULL,21/12/2013
14793,NULL,12663,Clayton Nath,NULL,24/03/2014
11398,NULL,13507,Colin Nath,NULL,02/01/2014
24051,NULL,12341,Colleen Nath,NULL,11/12/2013
27343,NULL,5346,Dale Nath,NULL,06/12/2013
11759,NULL,12237,Dawn Nath,NULL,09/12/2013
23065,NULL,20267,Derek Nath,NULL,24/11/2013
18339,NULL,4672,Donna Nath,NULL,15/03/2014
14637,NULL,2573,Dustin Nath,NULL,24/02/2014
24181,NULL,13211,Edwin Nath,NULL,07/08/2013
28713,NULL,8508,Franklin Nath,NULL,15/05/2014
21131,NULL,9599,Gilbert Nath,NULL,26/11/2013
28947,NULL,9305,Grant Nath,NULL,08/11/2013
19634,NULL,2600,Gregory Nath,NULL,19/02/2014
11033,NULL,9475,Jaime Nath,NULL,07/04/2014
27281,NULL,11519,Jenny Nath,NULL,18/03/2014
11787,NULL,16921,Jerry Nath,NULL,07/04/2014
27740,NULL,4718,Jodi Nath,NULL,17/08/2013
22756,NULL,12453,Jon Nath,NULL,01/10/2013
21177,NULL,16572,Kara Nath,NULL,06/01/2014
13578,NULL,5167,Karl Nath,NULL,17/06/2014
22317,NULL,3527,Karla Nath,NULL,01/08/2013
26369,NULL,4619,Kate Nath,NULL,28/06/2014
28632,NULL,19925,Kathryn Nath,NULL,04/10/2013
23434,NULL,20634,Katie Nath,NULL,19/12/2013
11497,NULL,16359,Katrina Nath,NULL,06/04/2014
19617,NULL,20517,Keith Nath,NULL,24/05/2014
24715,NULL,12136,Kelli Nath,NULL,07/03/2014
20162,NULL,16529,Kelsey Nath,NULL,10/09/2013
26791,NULL,3001,Kelvin Nath,NULL,20/01/2014
17037,NULL,2623,Kenneth Nath,NULL,04/02/2014
27582,NULL,16404,Latoya Nath,NULL,08/01/2014
12637,NULL,5230,Leonard Nath,NULL,29/09/2013
21841,NULL,19847,Lindsay Nath,NULL,19/12/2013
23899,NULL,20675,Lindsey Nath,NULL,29/03/2014
25830,NULL,13109,Louis Nath,NULL,21/02/2014
16390,NULL,16826,Mario Nath,NULL,10/09/2013
14092,NULL,9083,Maurice Nath,NULL,08/02/2014
27697,NULL,4404,Melvin Nath,NULL,09/05/2014
11056,NULL,8428,Michele Nath,NULL,31/10/2013
20320,NULL,4568,Mindy Nath,NULL,07/11/2013
24141,NULL,16483,Misty Nath,NULL,12/07/2013
17452,NULL,17154,Mitchell Nath,NULL,25/04/2014
12392,NULL,16620,Nichole Nath,NULL,15/08/2013
13162,NULL,4463,Nina Nath,NULL,16/12/2013
14672,NULL,12771,Omar Nath,NULL,17/04/2014
28441,NULL,20433,Peter Nath,NULL,19/02/2014
21820,NULL,8807,Priscilla Nath,NULL,09/01/2014
23533,NULL,12889,Rafael Nath,NULL,20/12/2013
27881,NULL,9535,Raul Nath,NULL,18/05/2014
12039,NULL,17024,Ricardo Nath,NULL,06/01/2014
19383,NULL,13322,Roger Nath,NULL,06/08/2013
16290,NULL,16875,Russell Nath,NULL,02/05/2014
20061,NULL,8541,Sharon Nath,NULL,24/12/2013
18119,NULL,20396,Shawn Nath,NULL,21/03/2014
25800,NULL,8701,Sheena Nath,NULL,13/10/2013
28064,NULL,11920,Tamara Nath,NULL,08/04/2014
16269,NULL,20015,Tara Nath,NULL,13/05/2014
18487,NULL,8645,Tasha Nath,NULL,19/08/2013
21076,NULL,4287,Terrence Nath,NULL,25/04/2014
20148,NULL,17248,Terry Nath,NULL,16/08/2013
28937,NULL,4228,Tommy Nath,NULL,22/11/2013
24847,NULL,8485,Tonya Nath,NULL,17/11/2013
16507,NULL,16437,Tracy Nath,NULL,14/12/2013
25532,NULL,4226,Warren Nath,NULL,09/08/2013
12468,NULL,9141,Wayne Nath,NULL,17/02/2014
24625,NULL,3651,Yolanda Nath,NULL,06/03/2014
23611,NULL,13413,Dave Natsuhara,NULL,14/11/2013
23097,NULL,17199,Tony Natsuhara,NULL,30/12/2013
23627,NULL,7110,Adrienne Navarro,NULL,08/02/2014
21561,NULL,14911,Albert Navarro,NULL,29/01/2014
11540,NULL,6627,Alberto Navarro,NULL,21/08/2013
15070,NULL,2804,Alfredo Navarro,NULL,19/02/2014
16397,NULL,2741,Andy Navarro,NULL,31/12/2013
22701,NULL,14371,Anne Navarro,NULL,04/12/2013
19942,NULL,6953,Armando Navarro,NULL,21/05/2014
16198,NULL,10964,Arthur Navarro,NULL,10/12/2013
26937,NULL,6022,Audrey Navarro,NULL,29/11/2013
13534,NULL,6086,Beth Navarro,NULL,04/05/2014
25535,NULL,18481,Brandi Navarro,NULL,02/02/2014
17353,NULL,10867,Bruce Navarro,NULL,10/12/2013
16622,NULL,19678,Byron Navarro,NULL,26/06/2014
11069,NULL,10008,Carolyn Navarro,NULL,04/11/2013
19795,NULL,19157,Casey Navarro,NULL,18/10/2013
13109,NULL,6188,Cheryl Navarro,NULL,11/05/2014
19935,NULL,14623,Clinton Navarro,NULL,17/01/2014
15357,NULL,19066,Craig Navarro,NULL,15/12/2013
27514,NULL,6010,Daisy Navarro,NULL,22/12/2013
11125,NULL,17820,Dana Navarro,NULL,03/12/2013
20332,NULL,14758,Danny Navarro,NULL,11/02/2014
19203,NULL,10229,Darren Navarro,NULL,18/02/2014
13593,NULL,9800,Deanna Navarro,NULL,17/05/2014
22862,NULL,19113,Derrick Navarro,NULL,28/12/2013
15520,NULL,13854,Desiree Navarro,NULL,18/05/2014
16261,NULL,18656,Diana Navarro,NULL,14/04/2014
14698,NULL,15546,Diane Navarro,NULL,14/05/2014
11615,NULL,20497,Dwayne Navarro,NULL,13/09/2013
24504,NULL,6687,Eddie Navarro,NULL,11/12/2013
25055,NULL,19281,Erik Navarro,NULL,20/02/2014
11476,NULL,18701,Erika Navarro,NULL,03/04/2014
27520,NULL,2474,Francis Navarro,NULL,18/10/2013
11338,NULL,18341,Frank Navarro,NULL,01/06/2013
13561,NULL,19030,Gary Navarro,NULL,04/12/2013
27843,NULL,10770,Gerald Navarro,NULL,09/12/2013
18002,NULL,15055,Gina Navarro,NULL,21/02/2014
21537,NULL,16449,Gloria Navarro,NULL,11/05/2014
23907,NULL,14717,Hector Navarro,NULL,05/10/2013
15465,NULL,6358,Jacquelyn Navarro,NULL,28/02/2014
27690,NULL,7063,Jaime Navarro,NULL,18/02/2014
28320,NULL,6244,Janet Navarro,NULL,13/11/2013
14131,NULL,13634,Javier Navarro,NULL,30/08/2013
11519,NULL,7703,Jerome Navarro,NULL,13/06/2014
27172,NULL,5543,Jessie Navarro,NULL,28/03/2014
29483,NULL,18384,Jésus Navarro,NULL,09/02/2013
22003,NULL,15095,Jill Navarro,NULL,07/12/2013
28044,NULL,15644,Jimmy Navarro,NULL,19/07/2011
19180,NULL,13567,Joan Navarro,NULL,07/03/2014
20140,NULL,11053,Joe Navarro,NULL,04/10/2013
18722,NULL,14486,Jonathon Navarro,NULL,19/08/2013
16410,NULL,14080,Joy Navarro,NULL,12/03/2014
25822,NULL,7002,Julio Navarro,NULL,15/01/2014
28031,NULL,10545,Kari Navarro,NULL,21/04/2014
19269,NULL,18570,Kathleen Navarro,NULL,26/06/2013
21873,NULL,16002,Kellie Navarro,NULL,27/03/2014
23918,NULL,15151,Kendra Navarro,NULL,19/08/2013
27115,NULL,9590,Kristi Navarro,NULL,05/04/2014
25566,NULL,6307,Kristine Navarro,NULL,18/03/2014
19570,NULL,14330,Kristy Navarro,NULL,10/02/2014
20850,NULL,14857,Lance Navarro,NULL,15/08/2013
16456,NULL,18432,Larry Navarro,NULL,06/02/2014
11100,NULL,6138,Latasha Navarro,NULL,07/01/2014
27939,NULL,14449,Lawrence Navarro,NULL,10/09/2013
25659,NULL,14409,Lee Navarro,NULL,17/09/2013
24371,NULL,18525,Leslie Navarro,NULL,02/04/2014
11401,NULL,13814,Linda Navarro,NULL,08/08/2013
21182,NULL,14112,Lori Navarro,NULL,07/05/2014
24365,NULL,7164,Mallory Navarro,NULL,02/10/2013
16346,NULL,15698,Marc Navarro,NULL,25/05/2014
15338,NULL,10111,Marie Navarro,NULL,11/04/2014
28724,NULL,6903,Marvin Navarro,NULL,23/09/2012
19673,NULL,14527,Mathew Navarro,NULL,24/01/2014
11454,NULL,14065,Melinda Navarro,NULL,18/11/2013
27703,NULL,10645,Meredith Navarro,NULL,22/11/2013
23625,NULL,14577,Micheal Navarro,NULL,19/03/2014
12809,NULL,9015,Michele Navarro,NULL,07/10/2013
15240,NULL,13770,Monique Navarro,NULL,13/05/2014
24846,NULL,17391,Naomi Navarro,NULL,07/11/2013
27570,NULL,18750,Natasha Navarro,NULL,10/04/2014
21842,NULL,6853,Neil Navarro,NULL,13/02/2014
28736,NULL,15061,Paula Navarro,NULL,28/11/2012
27836,NULL,11704,Pedro Navarro,NULL,17/08/2013
26403,NULL,19197,Philip Navarro,NULL,06/02/2014
18620,NULL,14970,Randall Navarro,NULL,17/05/2014
24790,NULL,9903,Rebekah Navarro,NULL,12/02/2014
25674,NULL,7759,Reginald Navarro,NULL,07/08/2013
15793,NULL,15009,Renee Navarro,NULL,30/04/2014
17221,NULL,15593,Ricky Navarro,NULL,19/01/2014
24571,NULL,14812,Roberto Navarro,NULL,30/05/2014
28696,NULL,13727,Robin Navarro,NULL,07/01/2014
24396,NULL,13059,Robyn Navarro,NULL,26/09/2013
29309,NULL,13682,Rodney Navarro,NULL,21/10/2013
22435,NULL,11811,Ross Navarro,NULL,17/10/2013
11347,NULL,11160,Roy Navarro,NULL,16/08/2013
21010,NULL,11266,Ruben Navarro,NULL,17/11/2013
15106,NULL,20081,Shannon Navarro,NULL,14/01/2014
21889,NULL,14579,Sheila Navarro,NULL,04/03/2014
12688,NULL,18613,Stacy Navarro,NULL,04/03/2014
24059,NULL,10439,Tabitha Navarro,NULL,03/02/2014
24130,NULL,14028,Tanya Navarro,NULL,09/11/2013
25816,NULL,15205,Teresa Navarro,NULL,30/12/2013
24565,NULL,6735,Theodore Navarro,NULL,16/12/2013
20627,NULL,13898,Theresa Navarro,NULL,23/01/2014
25557,NULL,6802,Tyrone Navarro,NULL,26/03/2014
17841,NULL,13592,Walter Navarro,NULL,29/11/2013
20881,NULL,13942,Wendy Navarro,NULL,06/03/2014
26608,NULL,16344,Aaron Nelson,NULL,23/11/2013
27402,NULL,16358,Adam Nelson,NULL,23/03/2014
22820,NULL,16370,Alex Nelson,NULL,27/06/2014
19209,NULL,9875,Alexandra Nelson,NULL,26/03/2014
28802,NULL,9917,Allison Nelson,NULL,03/07/2012
12788,NULL,9881,Amanda Nelson,NULL,05/12/2013
28799,NULL,9898,Amber Nelson,NULL,19/10/2011
24279,NULL,16367,Angel Nelson,NULL,14/06/2014
13086,NULL,4197,Blake Nelson,NULL,01/03/2014
22716,NULL,16345,Caleb Nelson,NULL,17/12/2013
28977,NULL,16364,Carlos Nelson,NULL,30/10/2013
13520,NULL,9883,Carol Nelson,NULL,29/07/2013
12058,NULL,9864,Chloe Nelson,NULL,06/07/2013
21013,NULL,16348,Connor Nelson,NULL,29/06/2013
14746,NULL,9899,Courtney Nelson,NULL,13/02/2014
11535,NULL,4974,Devin Nelson,NULL,15/08/2013
18591,NULL,5058,Eduardo Nelson,NULL,06/08/2013
21441,NULL,3736,Edward Nelson,NULL,15/06/2014
12879,NULL,16336,Elijah Nelson,NULL,24/05/2014
15747,NULL,16371,Evan Nelson,NULL,05/02/2014
25564,NULL,3893,Fernando Nelson,NULL,29/03/2014
16239,NULL,16334,Gabriel Nelson,NULL,07/06/2014
19897,NULL,9909,Gabriella Nelson,NULL,21/04/2014
27185,NULL,9887,Haley Nelson,NULL,10/04/2014
19394,NULL,16320,Henry Nelson,NULL,12/11/2013
24236,NULL,9873,Isabella Nelson,NULL,04/10/2013
14607,NULL,16369,Isaiah Nelson,NULL,12/04/2014
28234,NULL,16357,Jack Nelson,NULL,23/05/2014
24675,NULL,16363,Jackson Nelson,NULL,04/08/2013
21357,NULL,9912,Jada Nelson,NULL,01/03/2014
24525,NULL,16314,James Nelson,NULL,11/08/2013
25871,NULL,16338,Jason Nelson,NULL,06/02/2014
21448,NULL,9901,Jenna Nelson,NULL,22/06/2013
17147,NULL,9868,Jennifer Nelson,NULL,04/01/2014
26839,NULL,4038,Jeremy Nelson,NULL,18/10/2013
26793,NULL,16375,Jesse Nelson,NULL,20/04/2014
18917,NULL,16316,Jonathan Nelson,NULL,20/02/2014
20130,NULL,16352,Jordan Nelson,NULL,03/07/2013
26965,NULL,9902,Jordan Nelson,NULL,29/11/2013
19217,NULL,16325,Jose Nelson,NULL,30/04/2014
11102,NULL,9866,Julia Nelson,NULL,11/05/2014
24276,NULL,9870,Kaitlyn Nelson,NULL,08/08/2013
21462,NULL,9914,Katelyn Nelson,NULL,20/05/2014
28021,NULL,9879,Katherine Nelson,NULL,09/12/2013
11680,NULL,9915,Kaylee Nelson,NULL,21/06/2014
14765,NULL,16333,Kevin Nelson,NULL,11/06/2014
19227,NULL,16317,Logan Nelson,NULL,13/08/2013
20686,NULL,4271,Lucas Nelson,NULL,04/01/2014
23488,NULL,16342,Luis Nelson,NULL,08/04/2014
21027,NULL,16351,Luke Nelson,NULL,05/11/2013
20461,NULL,9907,Mackenzie Nelson,NULL,01/11/2013
26121,NULL,9891,Madeline Nelson,NULL,24/04/2014
19903,NULL,4664,Marcus Nelson,NULL,16/04/2014
13107,NULL,9897,Mary Nelson,NULL,23/04/2014
21334,NULL,16372,Mason Nelson,NULL,04/01/2014
28654,NULL,4122,Miguel Nelson,NULL,08/10/2011
20501,NULL,9871,Morgan Nelson,NULL,28/12/2013
22928,NULL,9874,Natalie Nelson,NULL,13/11/2013
22742,NULL,16318,Nathan Nelson,NULL,04/08/2013
16835,NULL,16323,Noah Nelson,NULL,14/03/2014
22339,NULL,4581,Richard Nelson,NULL,01/01/2014
21246,NULL,16319,Samuel Nelson,NULL,17/02/2014
19304,NULL,9910,Sara Nelson,NULL,16/06/2014
11841,NULL,16376,Sean Nelson,NULL,08/04/2014
22729,NULL,4355,Seth Nelson,NULL,06/09/2013
16132,NULL,9905,Sierra Nelson,NULL,20/06/2013
16664,NULL,9893,Sophia Nelson,NULL,02/07/2013
15286,NULL,16330,Thomas Nelson,NULL,13/04/2014
16862,NULL,16381,Timothy Nelson,NULL,15/06/2014
16225,NULL,3810,Wyatt Nelson,NULL,03/08/2013
21328,NULL,4434,Xavier Nelson,NULL,08/12/2013
16714,NULL,4507,Dalton Nicholls,NULL,04/01/2014
17813,NULL,10332,Jay Nicholls,NULL,05/11/2013
27327,NULL,16926,Melody Nicholls,NULL,25/10/2013
13753,NULL,9888,Rebecca Nicholls,NULL,30/06/2014
23115,NULL,9882,Stephanie Nicholls,NULL,02/08/2013
20278,NULL,12016,Alisha Oliver,NULL,03/08/2013
26048,NULL,9399,Brad Oliver,NULL,25/12/2013
14280,NULL,16374,Isaac Oliver,NULL,20/09/2013
29119,NULL,14429,Lee Oliver,NULL,02/04/2014
25623,NULL,9885,Maria Oliver,NULL,23/11/2013
26996,NULL,18777,Natasha Oliver,NULL,15/03/2014
22516,NULL,7140,Adrienne Ortega,NULL,13/11/2013
21686,NULL,14934,Albert Ortega,NULL,19/12/2013
17950,NULL,6650,Alberto Ortega,NULL,04/01/2014
25958,NULL,2836,Alfredo Ortega,NULL,01/02/2014
19482,NULL,2774,Andy Ortega,NULL,15/08/2013
13011,NULL,14394,Anne Ortega,NULL,07/03/2014
25223,NULL,6984,Armando Ortega,NULL,27/08/2013
26300,NULL,6055,Audrey Ortega,NULL,06/05/2014
12277,NULL,6119,Beth Ortega,NULL,25/10/2013
18942,NULL,15773,Billy Ortega,NULL,15/12/2013
14870,NULL,18505,Brandi Ortega,NULL,30/06/2013
29346,NULL,13839,Briana Ortega,NULL,01/05/2014
23306,NULL,19888,Byron Ortega,NULL,10/09/2013
11353,NULL,17884,Carrie Ortega,NULL,08/01/2014
21681,NULL,19174,Casey Ortega,NULL,19/03/2014
11983,NULL,6219,Cheryl Ortega,NULL,24/07/2013
17383,NULL,19093,Craig Ortega,NULL,17/02/2014
28123,NULL,6310,Daisy Ortega,NULL,28/02/2014
29471,NULL,17842,Dana Ortega,NULL,23/06/2014
19794,NULL,14782,Danny Ortega,NULL,21/10/2013
16309,NULL,13886,Desiree Ortega,NULL,02/03/2014
12125,NULL,18684,Diana Ortega,NULL,19/04/2014
24615,NULL,20709,Dwayne Ortega,NULL,07/08/2013
22908,NULL,6708,Eddie Ortega,NULL,08/05/2014
22481,NULL,19303,Erik Ortega,NULL,01/08/2013
20878,NULL,18729,Erika Ortega,NULL,21/03/2014
11753,NULL,14305,Felicia Ortega,NULL,17/03/2014
19356,NULL,2613,Francis Ortega,NULL,29/05/2014
11496,NULL,19051,Gary Ortega,NULL,07/04/2014
19558,NULL,16694,Gloria Ortega,NULL,19/09/2013
16054,NULL,14740,Hector Ortega,NULL,20/05/2014
15305,NULL,6382,Jacquelyn Ortega,NULL,21/09/2013
14978,NULL,14684,Jamie Ortega,NULL,17/11/2013
11754,NULL,6276,Janet Ortega,NULL,30/12/2013
12785,NULL,13664,Javier Ortega,NULL,28/12/2013
17051,NULL,5831,Jessie Ortega,NULL,27/09/2013
16542,NULL,18408,Jésus Ortega,NULL,28/05/2014
20239,NULL,15120,Jill Ortega,NULL,19/11/2013
11374,NULL,15673,Jimmy Ortega,NULL,15/09/2013
17909,NULL,14006,Joanna Ortega,NULL,06/01/2014
11694,NULL,14510,Jonathon Ortega,NULL,28/02/2014
16319,NULL,14346,Joy Ortega,NULL,24/08/2013
11892,NULL,7031,Julio Ortega,NULL,22/12/2013
12225,NULL,18592,Kathleen Ortega,NULL,15/10/2013
24495,NULL,16243,Kellie Ortega,NULL,16/06/2014
25592,NULL,15177,Kendra Ortega,NULL,04/10/2013
28548,NULL,14255,Krista Ortega,NULL,01/02/2014
18830,NULL,6335,Kristine Ortega,NULL,19/04/2014
20063,NULL,14351,Kristy Ortega,NULL,11/05/2014
12354,NULL,14883,Lance Ortega,NULL,02/02/2014
18126,NULL,18465,Larry Ortega,NULL,24/04/2014
24270,NULL,6164,Latasha Ortega,NULL,12/03/2014
14685,NULL,14473,Lawrence Ortega,NULL,24/03/2014
24851,NULL,18545,Leslie Ortega,NULL,10/12/2013
11756,NULL,13838,Linda Ortega,NULL,27/03/2014
25069,NULL,14140,Lori Ortega,NULL,24/11/2013
22644,NULL,15723,Marc Ortega,NULL,23/11/2013
24993,NULL,6930,Marvin Ortega,NULL,11/05/2014
25539,NULL,14555,Mathew Ortega,NULL,13/10/2013
23413,NULL,2719,Max Ortega,NULL,30/07/2013
22004,NULL,18823,Meghan Ortega,NULL,31/03/2014
12862,NULL,14090,Melinda Ortega,NULL,08/03/2014
12355,NULL,13796,Monique Ortega,NULL,17/02/2014
19010,NULL,17640,Naomi Ortega,NULL,19/07/2013
15955,NULL,6881,Neil Ortega,NULL,09/11/2013
15118,NULL,19485,Nelson Ortega,NULL,20/01/2014
13540,NULL,15324,Paula Ortega,NULL,27/12/2013
23978,NULL,19219,Philip Ortega,NULL,07/06/2014
15540,NULL,14989,Randall Ortega,NULL,28/02/2014
26429,NULL,6596,Reginald Ortega,NULL,03/04/2014
18447,NULL,15037,Renee Ortega,NULL,17/10/2013
28382,NULL,14837,Roberto Ortega,NULL,16/11/2013
17798,NULL,13755,Robin Ortega,NULL,22/11/2013
24104,NULL,13338,Robyn Ortega,NULL,27/01/2014
26991,NULL,13710,Rodney Ortega,NULL,07/12/2013
26375,NULL,20297,Shannon Ortega,NULL,21/04/2014
27632,NULL,14825,Sheila Ortega,NULL,01/03/2014
25669,NULL,18635,Stacy Ortega,NULL,02/09/2013
24791,NULL,15232,Teresa Ortega,NULL,17/02/2014
26845,NULL,6771,Theodore Ortega,NULL,01/01/2014
12583,NULL,6831,Tyrone Ortega,NULL,12/03/2014
28423,NULL,19262,Victor Ortega,NULL,17/08/2013
28377,NULL,13620,Walter Ortega,NULL,07/10/2013
15094,NULL,13966,Wendy Ortega,NULL,19/04/2014
13038,NULL,12546,Wilson Pais,NULL,20/03/2014
16545,NULL,19793,Alicia Pal,NULL,14/03/2014
13042,NULL,16655,Alison Pal,NULL,24/03/2014
29319,NULL,5097,Alvin Pal,NULL,02/10/2013
14931,NULL,5080,Andres Pal,NULL,28/11/2013
26335,NULL,20546,April Pal,NULL,12/09/2013
29303,NULL,10508,Arturo Pal,NULL,23/10/2013
15714,NULL,17285,Bethany Pal,NULL,11/03/2014
12708,NULL,3702,Bonnie Pal,NULL,31/03/2014
26374,NULL,20298,Bradley Pal,NULL,22/06/2014
12887,NULL,9348,Brendan Pal,NULL,22/03/2014
20787,NULL,8584,Bridget Pal,NULL,18/02/2014
16522,NULL,16300,Casey Pal,NULL,08/09/2013
23235,NULL,4005,Cedric Pal,NULL,07/07/2013
19181,NULL,20342,Chad Pal,NULL,19/04/2014
18242,NULL,19880,Christine Pal,NULL,27/06/2013
18739,NULL,11405,Christy Pal,NULL,17/08/2013
17113,NULL,7255,Clarence Pal,NULL,19/01/2014
27721,NULL,12648,Clayton Pal,NULL,25/03/2014
27895,NULL,13499,Colin Pal,NULL,17/05/2014
25774,NULL,20465,Corey Pal,NULL,04/02/2014
18451,NULL,5327,Dale Pal,NULL,23/04/2014
22566,NULL,13444,Damien Pal,NULL,28/04/2014
26859,NULL,9574,Darrell Pal,NULL,18/12/2013
20955,NULL,12226,Dawn Pal,NULL,05/05/2014
12661,NULL,8855,Deborah Pal,NULL,31/08/2013
24591,NULL,20252,Derek Pal,NULL,05/01/2014
26303,NULL,4324,Devon Pal,NULL,30/05/2014
23572,NULL,4657,Donna Pal,NULL,30/09/2013
11902,NULL,9225,Drew Pal,NULL,31/05/2014
26588,NULL,2565,Dustin Pal,NULL,13/05/2014
13573,NULL,13197,Edwin Pal,NULL,13/10/2013
14841,NULL,8339,Franklin Pal,NULL,02/02/2014
27744,NULL,9444,Gilbert Pal,NULL,23/06/2013
14754,NULL,9291,Grant Pal,NULL,24/02/2014
19436,NULL,2592,Gregory Pal,NULL,03/11/2013
19076,NULL,12982,Jaclyn Pal,NULL,15/03/2014
22139,NULL,9456,Jaime Pal,NULL,12/10/2013
15132,NULL,11502,Jenny Pal,NULL,30/04/2014
25588,NULL,16905,Jerry Pal,NULL,30/10/2013
20667,NULL,4708,Jodi Pal,NULL,11/09/2013
19902,NULL,17059,Johnny Pal,NULL,26/03/2014
15440,NULL,12437,Jon Pal,NULL,27/05/2014
16289,NULL,19960,Julie Pal,NULL,28/05/2014
24916,NULL,16564,Kara Pal,NULL,02/10/2013
19187,NULL,5149,Karl Pal,NULL,17/03/2014
25840,NULL,3508,Karla Pal,NULL,14/12/2013
21109,NULL,20620,Katie Pal,NULL,13/04/2014
23399,NULL,20505,Keith Pal,NULL,29/01/2014
23067,NULL,12125,Kelli Pal,NULL,31/10/2013
29409,NULL,16516,Kelsey Pal,NULL,12/09/2013
24384,NULL,2617,Kenneth Pal,NULL,27/02/2014
26956,NULL,20583,Kristin Pal,NULL,05/12/2013
11393,NULL,4156,Kurt Pal,NULL,16/12/2013
26571,NULL,11296,Lacey Pal,NULL,08/05/2014
14960,NULL,5212,Leonard Pal,NULL,02/11/2013
14943,NULL,19835,Lindsay Pal,NULL,06/09/2013
21071,NULL,20665,Lindsey Pal,NULL,03/12/2013
19851,NULL,13099,Louis Pal,NULL,02/11/2013
17824,NULL,16814,Mario Pal,NULL,31/10/2013
26929,NULL,9069,Maurice Pal,NULL,26/01/2014
19039,NULL,4380,Melvin Pal,NULL,16/12/2013
17814,NULL,8410,Michele Pal,NULL,25/04/2014
19097,NULL,4555,Mindy Pal,NULL,21/02/2014
18162,NULL,16471,Misty Pal,NULL,12/03/2014
16742,NULL,17142,Mitchell Pal,NULL,14/08/2013
20550,NULL,16343,Mohamed Pal,NULL,10/10/2013
28763,NULL,8738,Mohamed Pal,NULL,16/10/2011
12698,NULL,16861,Mohamed Pal,NULL,01/03/2014
26741,NULL,16609,Nichole Pal,NULL,12/01/2014
20844,NULL,5271,Nicolas Pal,NULL,16/01/2014
29297,NULL,4445,Nina Pal,NULL,11/03/2014
27714,NULL,12753,Omar Pal,NULL,14/05/2014
22848,NULL,20424,Peter Pal,NULL,08/07/2013
15928,NULL,8788,Priscilla Pal,NULL,23/12/2013
17715,NULL,12871,Rafael Pal,NULL,08/07/2013
16001,NULL,17010,Ricardo Pal,NULL,08/08/2013
27705,NULL,13306,Roger Pal,NULL,04/05/2014
24707,NULL,17099,Shaun Pal,NULL,23/03/2014
27286,NULL,20385,Shawn Pal,NULL,22/04/2013
24723,NULL,3581,Shawna Pal,NULL,23/09/2013
21197,NULL,8684,Sheena Pal,NULL,08/02/2014
12689,NULL,11906,Tamara Pal,NULL,01/03/2014
16395,NULL,20001,Tara Pal,NULL,30/07/2013
22853,NULL,8632,Tasha Pal,NULL,27/10/2013
13037,NULL,4266,Terrence Pal,NULL,12/04/2014
25824,NULL,17237,Terry Pal,NULL,04/03/2014
13840,NULL,4211,Tommy Pal,NULL,28/12/2013
18626,NULL,17188,Tony Pal,NULL,02/04/2014
23761,NULL,8467,Tonya Pal,NULL,22/11/2013
13435,NULL,16426,Tracy Pal,NULL,16/11/2013
25660,NULL,2381,Warren Pal,NULL,20/04/2014
19764,NULL,9124,Wayne Pal,NULL,14/08/2013
11755,NULL,13399,Willie Pal,NULL,17/01/2014
23748,NULL,3637,Yolanda Pal,NULL,09/03/2014
17574,NULL,15559,Punya Palit,NULL,07/01/2014
18228,NULL,15571,Adam Parker,NULL,06/03/2014
29252,NULL,15583,Alex Parker,NULL,27/02/2014
16866,NULL,9777,Alexandra Parker,NULL,15/03/2014
26501,NULL,9821,Allison Parker,NULL,06/03/2014
18081,NULL,9785,Amanda Parker,NULL,30/12/2013
23959,NULL,9799,Amber Parker,NULL,27/07/2013
20091,NULL,9261,Andrea Parker,NULL,23/04/2014
14273,NULL,15579,Angel Parker,NULL,06/02/2014
19529,NULL,9807,Bailey Parker,NULL,13/07/2013
15008,NULL,4213,Blake Parker,NULL,28/03/2014
26318,NULL,15560,Caleb Parker,NULL,16/01/2014
20676,NULL,15578,Carlos Parker,NULL,13/09/2013
21267,NULL,4905,Charles Parker,NULL,07/02/2014
27480,NULL,9765,Chloe Parker,NULL,25/06/2014
28839,NULL,15563,Connor Parker,NULL,30/11/2011
17612,NULL,9802,Courtney Parker,NULL,26/04/2014
13064,NULL,4522,Dalton Parker,NULL,02/03/2014
11684,NULL,4992,Devin Parker,NULL,14/05/2014
12939,NULL,5069,Eduardo Parker,NULL,29/06/2014
12938,NULL,3747,Edward Parker,NULL,22/07/2013
19715,NULL,15555,Elijah Parker,NULL,13/12/2013
27130,NULL,15574,Eric Parker,NULL,28/03/2014
18729,NULL,15584,Evan Parker,NULL,10/08/2013
19606,NULL,15554,Gabriel Parker,NULL,23/08/2013
21394,NULL,9809,Gabriella Parker,NULL,10/02/2014
22223,NULL,9791,Gabrielle Parker,NULL,27/02/2014
14402,NULL,9788,Hailey Parker,NULL,02/06/2014
14694,NULL,9792,Haley Parker,NULL,04/11/2013
13392,NULL,15540,Hunter Parker,NULL,11/04/2014
25164,NULL,15589,Isaac Parker,NULL,18/10/2013
13752,NULL,9775,Isabella Parker,NULL,14/01/2014
16832,NULL,15581,Isaiah Parker,NULL,24/03/2014
17270,NULL,15570,Jack Parker,NULL,24/11/2013
16502,NULL,15576,Jackson Parker,NULL,14/06/2014
24233,NULL,9812,Jada Parker,NULL,02/05/2014
11808,NULL,16202,James Parker,NULL,27/03/2014
25969,NULL,15557,Jason Parker,NULL,17/03/2014
25990,NULL,9803,Jenna Parker,NULL,11/12/2013
22118,NULL,9770,Jennifer Parker,NULL,26/12/2013
28668,NULL,4053,Jeremy Parker,NULL,23/08/2013
23032,NULL,15591,Jesse Parker,NULL,18/01/2014
15858,NULL,16203,Jonathan Parker,NULL,22/12/2013
23919,NULL,9804,Jordan Parker,NULL,01/12/2013
21621,NULL,15568,Jordan Parker,NULL,06/12/2013
21713,NULL,15545,Jose Parker,NULL,27/10/2013
26904,NULL,9766,Judith Parker,NULL,11/07/2013
24400,NULL,9772,Kaitlyn Parker,NULL,17/05/2014
11886,NULL,9814,Katelyn Parker,NULL,17/11/2013
13268,NULL,9782,Katherine Parker,NULL,03/02/2014
27738,NULL,9817,Kaylee Parker,NULL,20/02/2014
20522,NULL,15553,Kevin Parker,NULL,16/01/2014
13854,NULL,15551,Kyle Parker,NULL,12/07/2013
12306,NULL,15537,Logan Parker,NULL,08/11/2013
25869,NULL,4285,Lucas Parker,NULL,19/01/2014
17768,NULL,15558,Luis Parker,NULL,13/10/2013
18396,NULL,15564,Luke Parker,NULL,13/02/2014
22182,NULL,9795,Madeline Parker,NULL,28/11/2013
19683,NULL,4677,Marcus Parker,NULL,01/08/2013
18412,NULL,9797,Mary Parker,NULL,22/05/2014
25923,NULL,15587,Mason Parker,NULL,05/07/2013
18858,NULL,4133,Miguel Parker,NULL,21/05/2014
16772,NULL,9773,Morgan Parker,NULL,11/06/2014
25104,NULL,9776,Natalie Parker,NULL,12/09/2013
23093,NULL,15538,Nathan Parker,NULL,08/06/2014
13015,NULL,9794,Rebecca Parker,NULL,08/10/2013
29174,NULL,4592,Richard Parker,NULL,19/12/2013
14693,NULL,15542,Robert Parker,NULL,08/03/2014
29028,NULL,15539,Samuel Parker,NULL,13/03/2014
14493,NULL,9811,Sara Parker,NULL,07/05/2014
13204,NULL,9815,Savannah Parker,NULL,06/04/2014
19149,NULL,15595,Sean Parker,NULL,08/12/2013
18962,NULL,4366,Seth Parker,NULL,06/07/2013
12206,NULL,9806,Sierra Parker,NULL,08/08/2013
15895,NULL,9796,Sophia Parker,NULL,24/11/2013
13764,NULL,9786,Stephanie Parker,NULL,17/08/2013
20512,NULL,9778,Sydney Parker,NULL,26/08/2013
27399,NULL,15550,Thomas Parker,NULL,24/09/2013
22943,NULL,15596,Timothy Parker,NULL,18/05/2014
25325,NULL,3822,Wyatt Parker,NULL,24/10/2013
24669,NULL,4443,Xavier Parker,NULL,08/07/2013
16029,NULL,3472,Abby Patel,NULL,08/05/2014
29441,NULL,3138,Adriana Patel,NULL,27/05/2014
22049,NULL,15839,Allen Patel,NULL,05/10/2013
16415,NULL,16047,Andre Patel,NULL,24/09/2013
21371,NULL,7237,Ann Patel,NULL,06/12/2013
26671,NULL,10897,Arthur Patel,NULL,07/03/2014
26218,NULL,3735,Barry Patel,NULL,12/09/2013
22314,NULL,19766,Brandy Patel,NULL,01/01/2014
20574,NULL,19490,Brett Patel,NULL,29/09/2013
27165,NULL,10799,Bruce Patel,NULL,12/01/2014
27969,NULL,3908,Bryant Patel,NULL,27/04/2014
14190,NULL,15398,Candace Patel,NULL,16/12/2013
24133,NULL,7522,Carla Patel,NULL,12/10/2013
21714,NULL,8321,Carmen Patel,NULL,04/06/2014
12465,NULL,19608,Cassandra Patel,NULL,28/01/2014
19938,NULL,18931,Chelsea Patel,NULL,13/02/2014
11249,NULL,7289,Cindy Patel,NULL,15/02/2014
22473,NULL,4071,Clifford Patel,NULL,22/08/2013
14266,NULL,19320,Cory Patel,NULL,30/07/2013
15222,NULL,19725,Cynthia Patel,NULL,28/03/2014
26990,NULL,10165,Darren Patel,NULL,16/09/2013
27354,NULL,9729,Deanna Patel,NULL,23/11/2013
20179,NULL,16233,Denise Patel,NULL,01/11/2013
29366,NULL,8217,Dominic Patel,NULL,22/04/2014
13781,NULL,7466,Dominique Patel,NULL,18/11/2013
15921,NULL,20026,Donald Patel,NULL,27/02/2014
17927,NULL,19410,Douglas Patel,NULL,16/04/2014
25531,NULL,9626,Ebony Patel,NULL,05/04/2014
16880,NULL,8116,Edgar Patel,NULL,26/03/2014
14427,NULL,7954,Emmanuel Patel,NULL,27/01/2014
19668,NULL,2960,Erick Patel,NULL,20/05/2014
18033,NULL,3089,Evelyn Patel,NULL,01/02/2014
15443,NULL,16686,Francisco Patel,NULL,08/07/2013
22488,NULL,7855,Frederick Patel,NULL,27/09/2013
24311,NULL,8272,Geoffrey Patel,NULL,17/05/2014
26414,NULL,20186,George Patel,NULL,09/07/2013
23095,NULL,11834,Gerald Patel,NULL,18/11/2013
24585,NULL,2851,Harold Patel,NULL,02/12/2013
23225,NULL,15244,Heidi Patel,NULL,11/07/2013
14180,NULL,15957,Henry Patel,NULL,09/10/2013
29116,NULL,18228,Janelle Patel,NULL,08/09/2013
27796,NULL,2904,Jarrod Patel,NULL,03/01/2014
22213,NULL,10264,Jay Patel,NULL,30/07/2013
22395,NULL,8005,Jermaine Patel,NULL,31/10/2013
26667,NULL,15298,Jillian Patel,NULL,13/07/2013
19038,NULL,10991,Joe Patel,NULL,04/03/2014
27820,NULL,20068,Joel Patel,NULL,31/05/2013
19289,NULL,15886,Johnathan Patel,NULL,09/04/2014
16615,NULL,3205,Kaitlin Patel,NULL,29/11/2013
16908,NULL,10680,Kristi Patel,NULL,08/03/2014
17990,NULL,19690,Kristina Patel,NULL,12/03/2014
15976,NULL,16092,Kristopher Patel,NULL,14/02/2014
29227,NULL,7903,Levi Patel,NULL,14/04/2014
29414,NULL,3428,Lydia Patel,NULL,20/01/2013
20889,NULL,15918,Manuel Patel,NULL,07/01/2014
19575,NULL,3853,Marco Patel,NULL,08/04/2014
22397,NULL,10036,Marie Patel,NULL,28/10/2013
19866,NULL,16729,Martin Patel,NULL,28/02/2014
17784,NULL,3378,Mayra Patel,NULL,18/11/2013
22625,NULL,7190,Meagan Patel,NULL,28/07/2013
18333,NULL,10583,Meredith Patel,NULL,26/05/2014
15611,NULL,10141,Michele Patel,NULL,14/11/2013
25234,NULL,19537,Monica Patel,NULL,15/12/2013
27875,NULL,15532,Pamela Patel,NULL,11/08/2013
20569,NULL,19657,Patricia Patel,NULL,15/05/2014
22075,NULL,11640,Pedro Patel,NULL,27/02/2014
12542,NULL,3963,Preston Patel,NULL,13/06/2014
13640,NULL,15492,Rachael Patel,NULL,08/04/2014
22396,NULL,9834,Rebekah Patel,NULL,10/01/2014
14933,NULL,20112,Ronald Patel,NULL,28/06/2014
14959,NULL,11746,Ross Patel,NULL,10/02/2014
14928,NULL,11092,Roy Patel,NULL,02/04/2014
19765,NULL,11190,Ruben Patel,NULL,01/06/2013
21527,NULL,7802,Sergio Patel,NULL,28/05/2014
24915,NULL,4021,Stanley Patel,NULL,09/10/2013
27967,NULL,7353,Stefanie Patel,NULL,18/09/2013
26753,NULL,3027,Summer Patel,NULL,13/04/2014
27931,NULL,10368,Tabitha Patel,NULL,24/04/2014
17091,NULL,7411,Tammy Patel,NULL,21/05/2014
25829,NULL,3320,Toni Patel,NULL,30/01/2014
14968,NULL,15791,Troy Patel,NULL,30/12/2013
13963,NULL,18972,Veronica Patel,NULL,15/06/2014
11366,NULL,7583,Virginia Patel,NULL,15/01/2014
24468,NULL,18883,Whitney Patel,NULL,23/04/2014
19113,NULL,5494,Aaron Patterson,NULL,22/11/2013
20643,NULL,12191,Abigail Patterson,NULL,28/01/2014
14478,NULL,3967,Abigail Patterson,NULL,04/02/2014
19696,NULL,5242,Adam Patterson,NULL,02/11/2013
23044,NULL,12913,Aidan Patterson,NULL,09/09/2013
19489,NULL,2811,Alexandra Patterson,NULL,29/01/2014
22745,NULL,7618,Alexandria Patterson,NULL,09/08/2013
21348,NULL,12762,Alexis Patterson,NULL,13/05/2014
13421,NULL,20198,Alyssa Patterson,NULL,27/09/2013
23158,NULL,7447,Ana Patterson,NULL,24/11/2013
21619,NULL,7662,Angela Patterson,NULL,20/07/2013
24412,NULL,7150,Angelica Patterson,NULL,06/10/2013
17603,NULL,3670,Anna Patterson,NULL,22/02/2014
11963,NULL,13206,Antonio Patterson,NULL,23/01/2014
18736,NULL,12582,Ashley Patterson,NULL,21/08/2013
27024,NULL,6249,Austin Patterson,NULL,15/05/2014
18586,NULL,6710,Benjamin Patterson,NULL,28/05/2014
11889,NULL,13601,Blake Patterson,NULL,04/08/2013
14622,NULL,6906,Brandon Patterson,NULL,13/10/2013
27410,NULL,19257,Brianna Patterson,NULL,19/10/2013
12982,NULL,7191,Brittany Patterson,NULL,05/03/2014
16911,NULL,5549,Caleb Patterson,NULL,11/02/2014
25790,NULL,6297,Cameron Patterson,NULL,07/06/2014
22370,NULL,20084,Carol Patterson,NULL,28/05/2014
18453,NULL,6785,Caroline Patterson,NULL,06/04/2014
12043,NULL,13252,Carson Patterson,NULL,15/05/2014
17586,NULL,6825,Cassidy Patterson,NULL,07/03/2014
15009,NULL,20305,Chloe Patterson,NULL,13/10/2013
15115,NULL,6759,Christian Patterson,NULL,10/12/2013
14465,NULL,12954,Dakota Patterson,NULL,11/07/2013
16912,NULL,13463,Dalton Patterson,NULL,28/04/2014
27434,NULL,6663,David Patterson,NULL,25/06/2014
21314,NULL,13705,Devin Patterson,NULL,28/05/2014
26068,NULL,6962,Dylan Patterson,NULL,06/04/2014
11142,NULL,13742,Eduardo Patterson,NULL,15/06/2014
11382,NULL,13644,Edward Patterson,NULL,19/07/2013
26070,NULL,5897,Elijah Patterson,NULL,27/12/2013
13322,NULL,12674,Elizabeth Patterson,NULL,09/10/2013
15335,NULL,13000,Emily Patterson,NULL,10/04/2014
14941,NULL,19552,Emma Patterson,NULL,28/04/2014
27384,NULL,5288,Eric Patterson,NULL,06/11/2013
24829,NULL,6497,Ethan Patterson,NULL,11/07/2013
11872,NULL,7820,Faith Patterson,NULL,25/11/2013
26484,NULL,13114,Fernando Patterson,NULL,16/09/2013
23045,NULL,5845,Gabriel Patterson,NULL,15/11/2013
18515,NULL,3345,Gabrielle Patterson,NULL,17/05/2014
14785,NULL,13297,Gavin Patterson,NULL,06/06/2014
27560,NULL,19654,Grace Patterson,NULL,24/04/2013
11223,NULL,3197,Hailey Patterson,NULL,08/06/2014
15303,NULL,3427,Haley Patterson,NULL,28/01/2014
11815,NULL,13043,Hannah Patterson,NULL,27/07/2013
22381,NULL,6045,Hunter Patterson,NULL,18/10/2013
22977,NULL,13879,Ian Patterson,NULL,27/10/2013
22288,NULL,7481,Isabel Patterson,NULL,10/07/2013
12231,NULL,7516,Isabelle Patterson,NULL,22/11/2013
18649,NULL,5336,Jackson Patterson,NULL,19/01/2014
26480,NULL,7746,Jacqueline Patterson,NULL,16/07/2013
26583,NULL,6355,James Patterson,NULL,15/12/2013
20385,NULL,5392,Jason Patterson,NULL,15/10/2013
15129,NULL,20519,Jennifer Patterson,NULL,05/05/2014
13027,NULL,13516,Jeremy Patterson,NULL,11/01/2014
17182,NULL,3519,Jessica Patterson,NULL,16/03/2014
24349,NULL,19857,Jill Patterson,NULL,03/09/2013
23559,NULL,7239,Jocelyn Patterson,NULL,03/07/2013
29034,NULL,6408,Jonathan Patterson,NULL,15/11/2013
17238,NULL,5148,Jordan Patterson,NULL,29/08/2013
27010,NULL,6870,Jordyn Patterson,NULL,14/06/2014
11323,NULL,6205,Jose Patterson,NULL,02/07/2013
14463,NULL,20407,Julia Patterson,NULL,08/08/2013
11840,NULL,13336,Julian Patterson,NULL,04/10/2013
14492,NULL,6612,Justin Patterson,NULL,20/09/2013
12185,NULL,20624,Kaitlyn Patterson,NULL,15/09/2013
28154,NULL,2970,Katherine Patterson,NULL,09/05/2014
14620,NULL,12716,Kayla Patterson,NULL,01/01/2014
17015,NULL,7552,Kelly Patterson,NULL,03/10/2013
21846,NULL,5803,Kevin Patterson,NULL,15/08/2013
11448,NULL,5746,Kyle Patterson,NULL,21/11/2013
19547,NULL,19048,Lauren Patterson,NULL,19/08/2013
12101,NULL,6457,Logan Patterson,NULL,06/11/2013
27748,NULL,5440,Luis Patterson,NULL,04/03/2014
22374,NULL,5645,Luke Patterson,NULL,27/08/2013
17779,NULL,13085,Madison Patterson,NULL,21/05/2014
23843,NULL,13831,Marcus Patterson,NULL,20/04/2014
13507,NULL,7070,Margaret Patterson,NULL,25/09/2013
13330,NULL,3275,Maria Patterson,NULL,10/02/2014
26581,NULL,8091,Mariah Patterson,NULL,23/11/2013
11813,NULL,19150,Mary Patterson,NULL,28/11/2013
28898,NULL,8129,Melanie Patterson,NULL,06/08/2013
12668,NULL,7337,Melissa Patterson,NULL,19/02/2014
27665,NULL,13558,Miguel Patterson,NULL,28/10/2013
22749,NULL,7280,Miranda Patterson,NULL,11/12/2013
21242,NULL,20728,Morgan Patterson,NULL,12/08/2013
18953,NULL,7313,Mya Patterson,NULL,15/02/2014
16123,NULL,2736,Natalie Patterson,NULL,07/04/2014
17532,NULL,5950,Nathan Patterson,NULL,09/12/2013
19729,NULL,19971,Nicole Patterson,NULL,17/12/2013
23880,NULL,6099,Noah Patterson,NULL,06/05/2014
20636,NULL,19354,Olivia Patterson,NULL,06/08/2013
16080,NULL,13379,Oscar Patterson,NULL,08/02/2014
14413,NULL,19765,Rachel Patterson,NULL,03/11/2013
22011,NULL,13785,Richard Patterson,NULL,01/05/2014
18058,NULL,7373,Riley Patterson,NULL,03/02/2014
15679,NULL,6149,Robert Patterson,NULL,11/10/2013
20791,NULL,6553,Ryan Patterson,NULL,01/11/2013
14360,NULL,12535,Samantha Patterson,NULL,26/03/2014
13386,NULL,6000,Samuel Patterson,NULL,04/03/2014
21772,NULL,12629,Sarah Patterson,NULL,21/02/2014
19846,NULL,13968,Seth Patterson,NULL,05/03/2014
16925,NULL,13153,Spencer Patterson,NULL,09/09/2013
17871,NULL,2886,Sydney Patterson,NULL,28/02/2014
12147,NULL,3593,Taylor Patterson,NULL,15/04/2014
17365,NULL,5695,Thomas Patterson,NULL,14/04/2014
21158,NULL,12830,Trevor Patterson,NULL,04/08/2013
27088,NULL,12873,Tristan Patterson,NULL,04/02/2013
16869,NULL,7406,Vanessa Patterson,NULL,06/03/2014
16279,NULL,19453,Victoria Patterson,NULL,27/02/2014
13993,NULL,7023,Zachary Patterson,NULL,06/09/2013
13472,NULL,13412,Simon Pearson,NULL,24/11/2013
22165,NULL,15883,Aaron Perez,NULL,18/10/2013
16195,NULL,18149,Abby Perez,NULL,22/10/2013
18170,NULL,15903,Adam Perez,NULL,08/08/2013
14762,NULL,3195,Adriana Perez,NULL,27/11/2013
24522,NULL,15915,Alex Perez,NULL,07/07/2013
28855,NULL,10046,Alexandra Perez,NULL,15/12/2013
14229,NULL,15879,Allen Perez,NULL,08/04/2014
27533,NULL,10081,Allison Perez,NULL,16/09/2013
12483,NULL,10049,Amanda Perez,NULL,15/02/2014
13318,NULL,10062,Amber Perez,NULL,05/03/2014
11491,NULL,16087,Andre Perez,NULL,07/02/2014
23722,NULL,10082,Andrea Perez,NULL,19/08/2013
21336,NULL,15912,Angel Perez,NULL,15/09/2013
16526,NULL,10934,Arthur Perez,NULL,11/11/2013
27282,NULL,3797,Barry Perez,NULL,10/03/2014
11706,NULL,4205,Blake Perez,NULL,06/03/2014
26875,NULL,16036,Bobby Perez,NULL,17/04/2014
19685,NULL,18874,Brandy Perez,NULL,16/03/2014
11899,NULL,15392,Brenda Perez,NULL,08/12/2013
28313,NULL,19532,Brett Perez,NULL,20/10/2013
16935,NULL,10836,Bruce Perez,NULL,24/02/2014
15042,NULL,3952,Bryant Perez,NULL,09/02/2014
12943,NULL,15892,Caleb Perez,NULL,18/06/2014
19306,NULL,15438,Candace Perez,NULL,13/12/2013
11567,NULL,7573,Carla Perez,NULL,15/08/2013
14027,NULL,15911,Carlos Perez,NULL,07/01/2014
13139,NULL,7185,Carmen Perez,NULL,23/04/2014
26228,NULL,9976,Carolyn Perez,NULL,16/03/2014
24090,NULL,19650,Cassandra Perez,NULL,05/11/2013
27982,NULL,3846,Cesar Perez,NULL,04/04/2014
26693,NULL,4899,Charles Perez,NULL,03/08/2013
22393,NULL,18965,Chelsea Perez,NULL,19/06/2013
21598,NULL,10034,Chloe Perez,NULL,16/04/2014
15690,NULL,4119,Clifford Perez,NULL,14/06/2014
15369,NULL,15895,Connor Perez,NULL,10/01/2014
23610,NULL,19359,Cory Perez,NULL,23/06/2014
24536,NULL,19757,Cynthia Perez,NULL,01/11/2013
11091,NULL,4515,Dalton Perez,NULL,10/06/2014
11428,NULL,9769,Deanna Perez,NULL,24/03/2014
14954,NULL,16270,Denise Perez,NULL,19/12/2013
11937,NULL,4981,Devin Perez,NULL,02/12/2013
23940,NULL,8260,Dominic Perez,NULL,21/11/2013
12344,NULL,7513,Dominique Perez,NULL,13/01/2014
24955,NULL,20061,Donald Perez,NULL,07/12/2013
19924,NULL,19446,Douglas Perez,NULL,24/03/2014
24900,NULL,9663,Ebony Perez,NULL,06/08/2013
29318,NULL,8167,Edgar Perez,NULL,09/10/2013
22895,NULL,5063,Eduardo Perez,NULL,30/06/2013
26471,NULL,3740,Edward Perez,NULL,28/01/2014
15466,NULL,15877,Elijah Perez,NULL,08/05/2014
24850,NULL,7998,Emmanuel Perez,NULL,07/02/2014
24808,NULL,15906,Eric Perez,NULL,07/09/2013
24925,NULL,3012,Erick Perez,NULL,17/05/2014
29222,NULL,15917,Evan Perez,NULL,17/01/2014
14346,NULL,3130,Evelyn Perez,NULL,03/05/2014
27848,NULL,3897,Fernando Perez,NULL,30/03/2014
17835,NULL,16723,Francisco Perez,NULL,31/01/2014
16053,NULL,7896,Frederick Perez,NULL,25/05/2014
25282,NULL,15876,Gabriel Perez,NULL,10/06/2014
27069,NULL,10071,Gabriella Perez,NULL,18/01/2013
18808,NULL,10055,Gabrielle Perez,NULL,19/05/2014
21000,NULL,8314,Geoffrey Perez,NULL,27/10/2013
18454,NULL,20223,George Perez,NULL,01/07/2013
28501,NULL,10750,Gerald Perez,NULL,25/01/2014
13246,NULL,10053,Hailey Perez,NULL,24/04/2014
28988,NULL,2899,Harold Perez,NULL,01/11/2011
24221,NULL,15289,Heidi Perez,NULL,07/05/2014
26752,NULL,15993,Henry Perez,NULL,08/03/2014
12376,NULL,19602,Holly Perez,NULL,04/11/2013
25843,NULL,15862,Hunter Perez,NULL,23/11/2013
17469,NULL,4758,Ian Perez,NULL,07/04/2014
23853,NULL,15919,Isaac Perez,NULL,19/04/2014
28541,NULL,10044,Isabella Perez,NULL,05/07/2012
12184,NULL,15914,Isaiah Perez,NULL,18/08/2013
23408,NULL,8208,Ivan Perez,NULL,22/11/2013
19455,NULL,15901,Jack Perez,NULL,12/07/2013
29016,NULL,15908,Jackson Perez,NULL,21/11/2011
17168,NULL,10074,Jada Perez,NULL,09/11/2013
16385,NULL,16547,James Perez,NULL,05/11/2013
16172,NULL,18609,Janelle Perez,NULL,25/03/2014
19651,NULL,2952,Jarrod Perez,NULL,07/06/2014
25338,NULL,15878,Jason Perez,NULL,01/10/2013
18624,NULL,10301,Jay Perez,NULL,01/08/2013
24658,NULL,10065,Jenna Perez,NULL,22/10/2013
19913,NULL,10038,Jennifer Perez,NULL,28/07/2013
13100,NULL,4044,Jeremy Perez,NULL,17/09/2013
25554,NULL,8043,Jermaine Perez,NULL,27/09/2013
19456,NULL,15921,Jesse Perez,NULL,22/05/2014
20827,NULL,15345,Jillian Perez,NULL,28/12/2013
14326,NULL,11034,Joe Perez,NULL,15/03/2014
16684,NULL,20105,Joel Perez,NULL,03/05/2014
20426,NULL,15910,Johnathan Perez,NULL,09/08/2013
23455,NULL,16553,Jonathan Perez,NULL,16/05/2014
29267,NULL,10068,Jordan Perez,NULL,24/12/2013
15877,NULL,15900,Jordan Perez,NULL,28/05/2014
14393,NULL,15868,José Perez,NULL,01/03/2014
20004,NULL,3253,Kaitlin Perez,NULL,12/05/2014
12081,NULL,10039,Kaitlyn Perez,NULL,08/10/2013
11585,NULL,10523,Kari Perez,NULL,12/06/2014
11656,NULL,10076,Katelyn Perez,NULL,14/06/2014
22079,NULL,10048,Katherine Perez,NULL,11/03/2014
21641,NULL,10079,Kaylee Perez,NULL,29/04/2014
25565,NULL,15875,Kevin Perez,NULL,23/03/2014
11191,NULL,10722,Kristi Perez,NULL,08/04/2014
12643,NULL,19719,Kristina Perez,NULL,28/06/2014
29428,NULL,16124,Kristopher Perez,NULL,08/07/2013
16180,NULL,15873,Kyle Perez,NULL,06/05/2014
26830,NULL,7945,Levi Perez,NULL,28/10/2013
22968,NULL,16555,Logan Perez,NULL,25/10/2013
19550,NULL,4277,Lucas Perez,NULL,10/08/2013
18843,NULL,15880,Luis Perez,NULL,22/04/2014
25589,NULL,3461,Lydia Perez,NULL,21/05/2014
15513,NULL,10057,Madeline Perez,NULL,16/01/2014
13777,NULL,15948,Manuel Perez,NULL,29/05/2014
18910,NULL,3901,Marco Perez,NULL,13/04/2014
20786,NULL,4667,Marcus Perez,NULL,19/03/2014
18072,NULL,10054,Maria Perez,NULL,07/02/2014
13996,NULL,10085,Marie Perez,NULL,30/11/2013
19577,NULL,15782,Martin Perez,NULL,26/09/2013
26610,NULL,10060,Mary Perez,NULL,29/01/2014
17971,NULL,3419,Mayra Perez,NULL,26/02/2014
21101,NULL,7229,Meagan Perez,NULL,21/02/2014
23597,NULL,10621,Meredith Perez,NULL,29/06/2013
13772,NULL,8992,Michele Perez,NULL,20/02/2014
13184,NULL,4128,Miguel Perez,NULL,05/05/2014
25941,NULL,16174,Molly Perez,NULL,27/04/2014
13780,NULL,19568,Monica Perez,NULL,26/04/2014
25978,NULL,10043,Morgan Perez,NULL,21/12/2013
19806,NULL,15486,Nancy Perez,NULL,26/01/2014
16896,NULL,10045,Natalie Perez,NULL,16/08/2013
23797,NULL,16557,Nathan Perez,NULL,12/09/2013
14482,NULL,15865,Noah Perez,NULL,07/06/2014
25022,NULL,19684,Patricia Perez,NULL,27/03/2014
24532,NULL,20181,Phillip Perez,NULL,05/04/2014
12370,NULL,4012,Preston Perez,NULL,02/11/2013
26762,NULL,15524,Rachael Perez,NULL,30/09/2013
19813,NULL,10056,Rebecca Perez,NULL,24/01/2014
21910,NULL,9877,Rebekah Perez,NULL,16/05/2014
19031,NULL,7685,Regina Perez,NULL,13/05/2014
13808,NULL,4584,Richard Perez,NULL,23/10/2013
27195,NULL,15866,Robert Perez,NULL,15/03/2014
25944,NULL,20148,Ronald Perez,NULL,07/04/2014
14307,NULL,11788,Ross Perez,NULL,15/12/2013
27952,NULL,11140,Roy Perez,NULL,27/11/2013
18556,NULL,11234,Ruben Perez,NULL,30/03/2014
24183,NULL,3308,Ruth Perez,NULL,29/10/2013
27287,NULL,16560,Samuel Perez,NULL,26/03/2014
19160,NULL,10073,Sara Perez,NULL,21/06/2013
17036,NULL,10077,Savannah Perez,NULL,31/10/2013
27105,NULL,15922,Sean Perez,NULL,17/03/2014
22688,NULL,4359,Seth Perez,NULL,25/12/2013
26778,NULL,10069,Sierra Perez,NULL,10/03/2014
20327,NULL,10059,Sophia Perez,NULL,18/10/2013
15818,NULL,4064,Stanley Perez,NULL,17/05/2014
27518,NULL,7398,Stefanie Perez,NULL,06/10/2013
19694,NULL,10050,Stephanie Perez,NULL,27/12/2013
24385,NULL,3072,Summer Perez,NULL,24/05/2014
22117,NULL,10047,Sydney Perez,NULL,14/12/2013
22632,NULL,10411,Tabitha Perez,NULL,08/01/2014
19390,NULL,8104,Terrance Perez,NULL,02/01/2014
17466,NULL,15870,Thomas Perez,NULL,18/03/2014
22730,NULL,15924,Timothy Perez,NULL,02/02/2014
25322,NULL,16225,Tina Perez,NULL,13/11/2013
15581,NULL,3371,Toni Perez,NULL,26/01/2014
16284,NULL,15830,Troy Perez,NULL,12/11/2013
29003,NULL,19008,Veronica Perez,NULL,08/02/2014
27494,NULL,7632,Virginia Perez,NULL,31/03/2014
16619,NULL,18924,Whitney Perez,NULL,21/12/2013
26537,NULL,3815,Wyatt Perez,NULL,23/02/2014
17428,NULL,4437,Xavier Perez,NULL,31/10/2013
13195,NULL,5491,Aaron Perry,NULL,09/09/2013
25857,NULL,12801,Abigail Perry,NULL,21/06/2011
14650,NULL,5238,Adam Perry,NULL,20/01/2014
12084,NULL,12909,Aidan Perry,NULL,19/12/2013
18750,NULL,2808,Alexandra Perry,NULL,01/03/2014
11792,NULL,7104,Alexia Perry,NULL,30/11/2013
25386,NULL,12756,Alexis Perry,NULL,14/10/2013
23056,NULL,20191,Alyssa Perry,NULL,16/01/2014
16676,NULL,3037,Amanda Perry,NULL,19/02/2014
11215,NULL,7440,Ana Perry,NULL,17/05/2014
11623,NULL,7657,Angela Perry,NULL,26/09/2013
11639,NULL,7142,Angelica Perry,NULL,10/06/2014
24660,NULL,3665,Anna Perry,NULL,04/07/2013
26234,NULL,13201,Antonio Perry,NULL,07/04/2014
20022,NULL,3964,Arthur Perry,NULL,09/03/2014
15345,NULL,12574,Ashley Perry,NULL,02/01/2014
20110,NULL,6245,Austin Perry,NULL,30/10/2013
29165,NULL,6705,Benjamin Perry,NULL,29/07/2013
24260,NULL,13596,Blake Perry,NULL,09/05/2014
22095,NULL,6901,Brandon Perry,NULL,12/04/2014
18230,NULL,19251,Brianna Perry,NULL,24/04/2014
24741,NULL,7182,Brittany Perry,NULL,01/07/2013
11511,NULL,5541,Caleb Perry,NULL,13/08/2013
20196,NULL,6294,Cameron Perry,NULL,27/11/2013
21510,NULL,13036,Carol Perry,NULL,02/09/2013
19861,NULL,6781,Caroline Perry,NULL,12/11/2013
13066,NULL,13243,Carson Perry,NULL,18/08/2013
28682,NULL,6822,Cassidy Perry,NULL,17/08/2013
16500,NULL,20299,Chloe Perry,NULL,20/09/2013
24671,NULL,6755,Christian Perry,NULL,13/05/2014
17041,NULL,5594,Connor Perry,NULL,21/10/2013
20491,NULL,12950,Dakota Perry,NULL,07/06/2014
16149,NULL,13460,Dalton Perry,NULL,23/02/2014
18992,NULL,6656,David Perry,NULL,13/11/2013
28993,NULL,20076,Destiny Perry,NULL,18/11/2011
23709,NULL,13700,Devin Perry,NULL,30/04/2014
17568,NULL,6955,Dylan Perry,NULL,07/01/2014
16774,NULL,13736,Eduardo Perry,NULL,15/11/2013
17454,NULL,13638,Edward Perry,NULL,03/02/2014
29007,NULL,5893,Elijah Perry,NULL,05/05/2014
15074,NULL,12667,Elizabeth Perry,NULL,21/06/2014
26649,NULL,12995,Emily Perry,NULL,28/02/2014
21744,NULL,19549,Emma Perry,NULL,01/03/2014
18314,NULL,5282,Eric Perry,NULL,03/12/2013
26088,NULL,6493,Ethan Perry,NULL,13/02/2014
16961,NULL,7816,Faith Perry,NULL,01/04/2014
26998,NULL,13110,Fernando Perry,NULL,19/01/2014
23910,NULL,5841,Gabriel Perry,NULL,07/09/2013
25365,NULL,3340,Gabrielle Perry,NULL,06/05/2014
12578,NULL,13288,Gavin Perry,NULL,25/03/2014
27635,NULL,19647,Grace Perry,NULL,17/05/2014
20721,NULL,3192,Hailey Perry,NULL,09/01/2014
25008,NULL,3422,Haley Perry,NULL,21/05/2014
27059,NULL,6038,Hunter Perry,NULL,28/07/2013
17364,NULL,13874,Ian Perry,NULL,20/04/2014
18597,NULL,7477,Isabel Perry,NULL,18/04/2014
14475,NULL,2540,Isabella Perry,NULL,17/09/2013
23501,NULL,7510,Isabelle Perry,NULL,24/02/2014
23389,NULL,5189,Jack Perry,NULL,29/09/2013
21306,NULL,5331,Jackson Perry,NULL,07/05/2014
11670,NULL,7741,Jacqueline Perry,NULL,18/02/2014
19205,NULL,6349,James Perry,NULL,16/05/2014
24325,NULL,5386,Jason Perry,NULL,10/05/2014
22120,NULL,20510,Jennifer Perry,NULL,04/08/2013
26555,NULL,13511,Jeremy Perry,NULL,15/01/2014
28161,NULL,3514,Jessica Perry,NULL,11/01/2012
26516,NULL,19852,Jill Perry,NULL,13/12/2013
29059,NULL,7234,Jocelyn Perry,NULL,26/11/2011
27026,NULL,6405,Jonathan Perry,NULL,02/05/2012
19824,NULL,5143,Jordan Perry,NULL,07/02/2014
26646,NULL,6866,Jordyn Perry,NULL,14/05/2014
12729,NULL,6200,Jose Perry,NULL,06/01/2014
22776,NULL,20400,Julia Perry,NULL,30/10/2013
25040,NULL,13330,Julian Perry,NULL,04/05/2014
16758,NULL,6606,Justin Perry,NULL,22/01/2014
21929,NULL,20621,Karen Perry,NULL,07/05/2014
12386,NULL,2963,Katherine Perry,NULL,05/12/2013
26535,NULL,7547,Kelly Perry,NULL,09/02/2014
27083,NULL,5796,Kevin Perry,NULL,08/02/2013
25197,NULL,5742,Kyle Perry,NULL,12/10/2013
24816,NULL,19044,Lauren Perry,NULL,28/11/2013
15288,NULL,6452,Logan Perry,NULL,29/04/2014
19739,NULL,13920,Lucas Perry,NULL,23/01/2014
20533,NULL,5436,Luis Perry,NULL,04/01/2014
26112,NULL,5641,Luke Perry,NULL,12/01/2014
23308,NULL,13081,Madison Perry,NULL,10/05/2014
20656,NULL,13826,Marcus Perry,NULL,16/04/2014
17728,NULL,3272,Maria Perry,NULL,05/12/2013
26451,NULL,8086,Mariah Perry,NULL,15/12/2013
21930,NULL,7064,Marissa Perry,NULL,14/05/2014
22372,NULL,8125,Melanie Perry,NULL,07/08/2013
22128,NULL,7333,Melissa Perry,NULL,25/12/2013
28024,NULL,13553,Miguel Perry,NULL,19/06/2014
16720,NULL,20723,Morgan Perry,NULL,01/12/2013
28739,NULL,7310,Mya Perry,NULL,16/11/2012
17126,NULL,2730,Natalie Perry,NULL,09/06/2014
11221,NULL,5941,Nathan Perry,NULL,19/03/2014
24224,NULL,19965,Nicole Perry,NULL,15/05/2014
26679,NULL,6092,Noah Perry,NULL,15/12/2013
20375,NULL,19351,Olivia Perry,NULL,07/04/2014
22785,NULL,13375,Oscar Perry,NULL,03/06/2013
14922,NULL,7779,Paige Perry,NULL,26/04/2014
27020,NULL,19760,Rachel Perry,NULL,03/01/2013
25079,NULL,7367,Riley Perry,NULL,29/10/2013
21157,NULL,6144,Robert Perry,NULL,09/11/2013
13249,NULL,6549,Ryan Perry,NULL,21/12/2013
24776,NULL,12529,Samantha Perry,NULL,23/07/2013
18811,NULL,5995,Samuel Perry,NULL,24/08/2013
19407,NULL,12623,Sarah Perry,NULL,25/07/2013
24629,NULL,13959,Seth Perry,NULL,02/10/2013
23808,NULL,13148,Spencer Perry,NULL,20/11/2013
28599,NULL,3116,Stephanie Perry,NULL,28/09/2013
14963,NULL,2882,Sydney Perry,NULL,11/04/2014
20662,NULL,3589,Taylor Perry,NULL,30/05/2013
18867,NULL,5691,Thomas Perry,NULL,05/05/2014
21344,NULL,12826,Trevor Perry,NULL,15/02/2014
25866,NULL,12869,Tristan Perry,NULL,06/01/2014
18224,NULL,7403,Vanessa Perry,NULL,07/04/2014
18540,NULL,19445,Victoria Perry,NULL,27/05/2014
22229,NULL,13678,Wyatt Perry,NULL,06/05/2014
23387,NULL,13405,Xavier Perry,NULL,09/11/2013
20693,NULL,7016,Zachary Perry,NULL,27/01/2014
23448,NULL,3942,Abigail Peterson,NULL,18/04/2014
21236,NULL,14438,Adrian Peterson,NULL,25/01/2014
13423,NULL,14395,Alex Peterson,NULL,29/06/2014
17188,NULL,8189,Alexa Peterson,NULL,01/01/2014
20068,NULL,8214,Alexandria Peterson,NULL,27/10/2013
26421,NULL,8178,Allison Peterson,NULL,25/03/2014
23404,NULL,3013,Amanda Peterson,NULL,20/02/2014
19769,NULL,8180,Andrea Peterson,NULL,17/03/2014
25169,NULL,14391,Angel Peterson,NULL,22/10/2013
23138,NULL,8215,Angela Peterson,NULL,22/02/2014
11521,NULL,8193,Ariana Peterson,NULL,09/04/2014
24989,NULL,8218,Arianna Peterson,NULL,06/07/2013
23248,NULL,8159,Bailey Peterson,NULL,18/02/2014
12892,NULL,14417,Brian Peterson,NULL,01/05/2014
16746,NULL,19218,Brianna Peterson,NULL,31/07/2013
28055,NULL,8199,Brooke Peterson,NULL,16/11/2013
18566,NULL,14418,Bryce Peterson,NULL,17/05/2014
23131,NULL,8194,Caitlin Peterson,NULL,03/03/2014
15574,NULL,14389,Carlos Peterson,NULL,09/06/2014
25156,NULL,8181,Catherine Peterson,NULL,14/07/2013
18615,NULL,14441,Charles Peterson,NULL,15/05/2014
11699,NULL,14424,Chase Peterson,NULL,09/01/2014
15296,NULL,20262,Chloe Peterson,NULL,07/03/2014
28976,NULL,8190,Christina Peterson,NULL,14/10/2013
26453,NULL,14430,Cole Peterson,NULL,10/03/2014
28970,NULL,8186,Danielle Peterson,NULL,07/04/2014
15537,NULL,20039,Destiny Peterson,NULL,23/05/2014
29210,NULL,14442,Devin Peterson,NULL,24/01/2014
17668,NULL,14444,Eduardo Peterson,NULL,24/11/2013
18416,NULL,19516,Emma Peterson,NULL,06/05/2014
15950,NULL,8205,Erin Peterson,NULL,11/03/2014
16817,NULL,14399,Evan Peterson,NULL,15/03/2014
28593,NULL,8222,Faith Peterson,NULL,15/05/2014
18792,NULL,8164,Gabriella Peterson,NULL,26/04/2014
24310,NULL,3317,Gabrielle Peterson,NULL,29/05/2014
26006,NULL,14433,Garrett Peterson,NULL,27/04/2014
22329,NULL,19618,Grace Peterson,NULL,27/07/2013
14866,NULL,3168,Hailey Peterson,NULL,10/07/2013
29052,NULL,14448,Ian Peterson,NULL,01/09/2013
26114,NULL,14402,Isaac Peterson,NULL,06/01/2014
28080,NULL,2412,Isabella Peterson,NULL,31/07/2013
26617,NULL,14392,Isaiah Peterson,NULL,15/12/2013
17606,NULL,8219,Jacqueline Peterson,NULL,16/02/2014
23261,NULL,8171,Jada Peterson,NULL,10/12/2013
14587,NULL,8206,Jade Peterson,NULL,27/10/2013
11502,NULL,14431,Jared Peterson,NULL,29/06/2014
26298,NULL,19821,Jasmine Peterson,NULL,09/05/2014
14433,NULL,20473,Jennifer Peterson,NULL,07/12/2013
14399,NULL,14460,Jeremy Peterson,NULL,12/09/2013
20494,NULL,14403,Jesse Peterson,NULL,04/08/2013
11868,NULL,3490,Jessica Peterson,NULL,19/05/2014
13082,NULL,14425,Juan Peterson,NULL,13/04/2014
16497,NULL,20363,Julia Peterson,NULL,12/05/2014
13706,NULL,20587,Kaitlyn Peterson,NULL,30/04/2014
17080,NULL,8172,Katelyn Peterson,NULL,29/07/2013
23293,NULL,8175,Kaylee Peterson,NULL,01/02/2014
19638,NULL,8200,Kimberly Peterson,NULL,28/05/2014
19005,NULL,3715,Lauren Peterson,NULL,25/07/2013
17298,NULL,14450,Lucas Peterson,NULL,09/01/2014
25859,NULL,8161,Mackenzie Peterson,NULL,14/11/2013
24407,NULL,8202,Makayla Peterson,NULL,15/04/2014
16803,NULL,14447,Marcus Peterson,NULL,16/06/2013
14239,NULL,3242,Maria Peterson,NULL,02/11/2013
17432,NULL,8210,Mariah Peterson,NULL,11/12/2013
19219,NULL,8197,Mary Peterson,NULL,22/09/2013
18570,NULL,14400,Mason Peterson,NULL,09/08/2013
23896,NULL,19109,Megan Peterson,NULL,17/05/2014
28094,NULL,8212,Melanie Peterson,NULL,24/07/2013
24995,NULL,8223,Melissa Peterson,NULL,21/08/2013
16834,NULL,20691,Morgan Peterson,NULL,26/10/2013
15840,NULL,2709,Natalie Peterson,NULL,13/02/2014
28082,NULL,14422,Nathaniel Peterson,NULL,02/08/2013
21385,NULL,19926,Nicole Peterson,NULL,20/05/2014
11862,NULL,19324,Olivia Peterson,NULL,25/03/2014
13754,NULL,8221,Paige Peterson,NULL,20/05/2014
16748,NULL,14410,Patrick Peterson,NULL,10/05/2014
23091,NULL,14445,Richard Peterson,NULL,26/04/2014
22025,NULL,8225,Riley Peterson,NULL,08/12/2013
13304,NULL,8169,Sara Peterson,NULL,23/10/2013
22757,NULL,8173,Savannah Peterson,NULL,18/06/2014
17140,NULL,14406,Sean Peterson,NULL,19/04/2014
22235,NULL,14428,Sebastian Peterson,NULL,21/05/2014
14442,NULL,8203,Shelby Peterson,NULL,17/12/2013
23136,NULL,3088,Stephanie Peterson,NULL,06/02/2014
23449,NULL,14436,Steven Peterson,NULL,16/07/2013
11653,NULL,2856,Sydney Peterson,NULL,14/03/2014
26315,NULL,3565,Taylor Peterson,NULL,24/07/2013
18503,NULL,14408,Timothy Peterson,NULL,27/06/2014
27021,NULL,19408,Victoria Peterson,NULL,23/01/2013
26456,NULL,14453,Xavier Peterson,NULL,22/04/2014
13978,NULL,8187,Zoe Peterson,NULL,22/11/2013
24947,NULL,16096,Aaron Phillips,NULL,02/11/2013
22748,NULL,16108,Adam Phillips,NULL,29/05/2014
24508,NULL,16128,Alex Phillips,NULL,18/03/2014
20353,NULL,9697,Allison Phillips,NULL,19/09/2013
19013,NULL,9658,Amanda Phillips,NULL,25/08/2013
22158,NULL,9673,Amber Phillips,NULL,06/11/2013
18573,NULL,9699,Andrea Phillips,NULL,28/11/2013
29223,NULL,16123,Angel Phillips,NULL,08/01/2014
11789,NULL,9683,Bailey Phillips,NULL,28/09/2013
15321,NULL,4210,Blake Phillips,NULL,06/01/2014
28811,NULL,16100,Caleb Phillips,NULL,11/01/2014
27750,NULL,16118,Carlos Phillips,NULL,16/02/2014
12174,NULL,4902,Charles Phillips,NULL,22/08/2013
19236,NULL,9636,Chloe Phillips,NULL,21/05/2014
23154,NULL,16102,Connor Phillips,NULL,14/11/2013
28628,NULL,9674,Courtney Phillips,NULL,08/10/2011
23159,NULL,4519,Dalton Phillips,NULL,24/02/2014
18759,NULL,4989,Devin Phillips,NULL,30/06/2014
25261,NULL,5066,Eduardo Phillips,NULL,25/08/2013
16374,NULL,3744,Edward Phillips,NULL,22/05/2014
28835,NULL,16091,Elijah Phillips,NULL,19/11/2011
19712,NULL,16110,Eric Phillips,NULL,19/11/2013
26286,NULL,16131,Evan Phillips,NULL,19/05/2014
13413,NULL,3900,Fernando Phillips,NULL,02/04/2014
29443,NULL,16086,Gabriel Phillips,NULL,26/11/2013
27631,NULL,9687,Gabriella Phillips,NULL,17/08/2013
22985,NULL,9661,Hailey Phillips,NULL,03/03/2014
28079,NULL,9664,Haley Phillips,NULL,02/05/2014
25041,NULL,16073,Hunter Phillips,NULL,24/04/2014
18608,NULL,4761,Ian Phillips,NULL,27/04/2014
25817,NULL,16136,Isaac Phillips,NULL,28/06/2014
16653,NULL,9647,Isabella Phillips,NULL,11/03/2014
28631,NULL,16126,Isaiah Phillips,NULL,13/07/2013
25995,NULL,16106,Jack Phillips,NULL,26/11/2012
23378,NULL,16112,Jackson Phillips,NULL,16/10/2013
23143,NULL,9690,Jada Phillips,NULL,12/11/2013
16846,NULL,16064,James Phillips,NULL,19/09/2013
16122,NULL,16094,Jason Phillips,NULL,08/03/2014
24985,NULL,9676,Jenna Phillips,NULL,06/02/2014
18800,NULL,9642,Jennifer Phillips,NULL,08/04/2014
18495,NULL,4050,Jeremy Phillips,NULL,18/08/2013
24514,NULL,16137,Jesse Phillips,NULL,18/12/2013
11278,NULL,16067,Jonathan Phillips,NULL,05/06/2013
25351,NULL,9677,Jordan Phillips,NULL,05/09/2013
23179,NULL,16105,Jordan Phillips,NULL,30/10/2013
23723,NULL,16078,Jose Phillips,NULL,06/03/2014
14609,NULL,9637,Julia Phillips,NULL,19/11/2013
19720,NULL,9644,Kaitlyn Phillips,NULL,07/01/2014
15497,NULL,9691,Katelyn Phillips,NULL,26/05/2014
19842,NULL,9656,Katherine Phillips,NULL,30/03/2014
21138,NULL,9696,Kaylee Phillips,NULL,06/05/2014
20270,NULL,16085,Kevin Phillips,NULL,22/09/2013
12158,NULL,16081,Kyle Phillips,NULL,14/05/2014
13212,NULL,16069,Logan Phillips,NULL,10/04/2014
11084,NULL,4281,Lucas Phillips,NULL,23/04/2014
20734,NULL,16095,Luis Phillips,NULL,28/10/2013
22790,NULL,16104,Luke Phillips,NULL,25/12/2013
12444,NULL,9685,Mackenzie Phillips,NULL,27/06/2014
18403,NULL,9667,Madeline Phillips,NULL,28/05/2014
23477,NULL,4673,Marcus Phillips,NULL,01/05/2014
18435,NULL,9662,Maria Phillips,NULL,09/05/2014
22970,NULL,9672,Mary Phillips,NULL,18/07/2013
16915,NULL,16132,Mason Phillips,NULL,30/04/2014
20498,NULL,4131,Miguel Phillips,NULL,30/12/2013
27617,NULL,9646,Morgan Phillips,NULL,29/04/2014
22415,NULL,9649,Natalie Phillips,NULL,09/06/2013
25537,NULL,16070,Nathan Phillips,NULL,24/03/2014
28144,NULL,16075,Noah Phillips,NULL,17/12/2013
25982,NULL,9666,Rebecca Phillips,NULL,19/12/2013
19882,NULL,4588,Richard Phillips,NULL,14/12/2013
27374,NULL,16077,Robert Phillips,NULL,18/04/2014
26128,NULL,16071,Samuel Phillips,NULL,07/12/2013
24227,NULL,9689,Sara Phillips,NULL,27/12/2013
24980,NULL,9693,Savannah Phillips,NULL,04/11/2013
11292,NULL,4363,Seth Phillips,NULL,02/06/2013
16070,NULL,9679,Sierra Phillips,NULL,07/06/2014
27729,NULL,9670,Sophia Phillips,NULL,14/07/2013
23841,NULL,9654,Sydney Phillips,NULL,24/04/2014
29389,NULL,16079,Thomas Phillips,NULL,13/08/2013
28798,NULL,16139,Timothy Phillips,NULL,26/07/2012
22219,NULL,12188,Juha-Pekka Posti,NULL,24/04/2014
25241,NULL,5492,Aaron Powell,NULL,19/11/2013
23794,NULL,3965,Abigail Powell,NULL,04/03/2014
23423,NULL,5239,Adam Powell,NULL,04/12/2013
27275,NULL,12910,Aidan Powell,NULL,29/04/2013
18501,NULL,2809,Alexandra Powell,NULL,04/03/2014
22733,NULL,7616,Alexandria Powell,NULL,04/12/2013
20757,NULL,7109,Alexia Powell,NULL,03/06/2014
23531,NULL,12757,Alexis Powell,NULL,05/08/2013
15476,NULL,20193,Alyssa Powell,NULL,03/07/2013
28113,NULL,3038,Amanda Powell,NULL,18/09/2013
25374,NULL,7441,Ana Powell,NULL,29/11/2013
12970,NULL,7658,Angela Powell,NULL,24/03/2014
26258,NULL,7147,Angelica Powell,NULL,08/03/2014
23680,NULL,3666,Anna Powell,NULL,25/03/2014
11638,NULL,13202,Antonio Powell,NULL,21/03/2014
19023,NULL,7702,Arianna Powell,NULL,08/08/2013
28705,NULL,12579,Ashley Powell,NULL,04/03/2014
28358,NULL,6246,Austin Powell,NULL,15/03/2014
25968,NULL,6706,Benjamin Powell,NULL,20/04/2014
22371,NULL,13597,Blake Powell,NULL,28/12/2013
23081,NULL,6902,Brandon Powell,NULL,03/01/2014
15570,NULL,19254,Brianna Powell,NULL,30/07/2013
22343,NULL,7183,Brittany Powell,NULL,04/09/2013
21613,NULL,5546,Caleb Powell,NULL,19/11/2013
26514,NULL,6295,Cameron Powell,NULL,17/11/2013
24331,NULL,13245,Carson Powell,NULL,03/05/2014
19214,NULL,6823,Cassidy Powell,NULL,08/08/2013
26065,NULL,20300,Chloe Powell,NULL,19/03/2014
19522,NULL,6757,Christian Powell,NULL,16/10/2013
25839,NULL,5595,Connor Powell,NULL,08/07/2013
24747,NULL,12951,Dakota Powell,NULL,15/06/2014
21697,NULL,13461,Dalton Powell,NULL,23/03/2014
26615,NULL,6658,David Powell,NULL,09/04/2013
13057,NULL,20078,Destiny Powell,NULL,07/04/2014
18888,NULL,13703,Devin Powell,NULL,24/09/2013
22217,NULL,6958,Dylan Powell,NULL,19/06/2014
22108,NULL,13737,Eduardo Powell,NULL,18/09/2013
29112,NULL,13640,Edward Powell,NULL,11/10/2013
23113,NULL,5894,Elijah Powell,NULL,05/05/2014
28306,NULL,12668,Elizabeth Powell,NULL,30/12/2013
17556,NULL,12996,Emily Powell,NULL,05/09/2013
21401,NULL,5284,Eric Powell,NULL,15/03/2014
23811,NULL,6494,Ethan Powell,NULL,27/03/2014
23509,NULL,7817,Faith Powell,NULL,03/04/2014
15981,NULL,5843,Gabriel Powell,NULL,04/10/2013
17129,NULL,3341,Gabrielle Powell,NULL,23/10/2013
28530,NULL,13290,Gavin Powell,NULL,01/05/2014
29194,NULL,19649,Grace Powell,NULL,15/09/2013
11630,NULL,3424,Haley Powell,NULL,27/09/2013
24631,NULL,13037,Hannah Powell,NULL,21/04/2014
22781,NULL,6042,Hunter Powell,NULL,09/06/2014
26085,NULL,13876,Ian Powell,NULL,17/11/2013
16369,NULL,7478,Isabel Powell,NULL,02/02/2014
20923,NULL,2550,Isabella Powell,NULL,07/03/2014
18411,NULL,5191,Jack Powell,NULL,22/12/2013
20598,NULL,5333,Jackson Powell,NULL,15/04/2014
11257,NULL,7742,Jacqueline Powell,NULL,16/05/2014
28231,NULL,6350,James Powell,NULL,10/01/2014
11505,NULL,19853,Jasmine Powell,NULL,26/05/2014
13946,NULL,5387,Jason Powell,NULL,16/06/2014
11048,NULL,13513,Jeremy Powell,NULL,27/05/2014
14769,NULL,3517,Jessica Powell,NULL,03/03/2014
21658,NULL,7235,Jocelyn Powell,NULL,14/03/2014
23858,NULL,6406,Jonathan Powell,NULL,24/07/2013
18548,NULL,5146,Jordan Powell,NULL,08/03/2014
15391,NULL,6867,Jordyn Powell,NULL,04/04/2014
26309,NULL,13334,Julian Powell,NULL,22/06/2013
23403,NULL,6608,Justin Powell,NULL,21/02/2014
19598,NULL,20622,Kaitlyn Powell,NULL,17/11/2013
14574,NULL,2966,Katherine Powell,NULL,28/04/2014
26553,NULL,12713,Kayla Powell,NULL,16/05/2014
14636,NULL,7549,Kelly Powell,NULL,10/12/2013
27011,NULL,5800,Kevin Powell,NULL,29/05/2014
19662,NULL,19046,Lauren Powell,NULL,25/12/2013
13761,NULL,6453,Logan Powell,NULL,24/11/2013
18278,NULL,13922,Lucas Powell,NULL,16/12/2013
20089,NULL,5438,Luis Powell,NULL,17/12/2013
12175,NULL,5642,Luke Powell,NULL,22/04/2014
24735,NULL,13082,Madison Powell,NULL,14/08/2013
20366,NULL,13828,Marcus Powell,NULL,27/07/2013
27832,NULL,3273,Margaret Powell,NULL,11/01/2014
20685,NULL,8087,Mariah Powell,NULL,27/01/2014
27677,NULL,7066,Marissa Powell,NULL,22/12/2013
13088,NULL,19147,Megan Powell,NULL,06/03/2014
26331,NULL,8126,Melanie Powell,NULL,08/09/2013
26680,NULL,7334,Melissa Powell,NULL,30/09/2013
22240,NULL,13554,Miguel Powell,NULL,04/11/2013
15304,NULL,7278,Miranda Powell,NULL,21/03/2014
26734,NULL,20726,Morgan Powell,NULL,12/12/2012
26607,NULL,2732,Natalie Powell,NULL,02/11/2013
28460,NULL,5946,Nathan Powell,NULL,15/08/2013
23895,NULL,19967,Nicole Powell,NULL,09/05/2014
11062,NULL,6096,Noah Powell,NULL,09/06/2013
25345,NULL,19352,Olivia Powell,NULL,09/02/2014
19863,NULL,7782,Paige Powell,NULL,09/06/2014
20818,NULL,19763,Rachel Powell,NULL,15/08/2013
24826,NULL,13781,Richard Powell,NULL,10/12/2013
22350,NULL,7370,Riley Powell,NULL,21/03/2014
27468,NULL,6146,Robert Powell,NULL,18/05/2013
29014,NULL,6550,Ryan Powell,NULL,07/07/2013
25390,NULL,12531,Samantha Powell,NULL,05/10/2013
28048,NULL,5996,Samuel Powell,NULL,02/04/2014
24641,NULL,12625,Sarah Powell,NULL,04/11/2013
29157,NULL,13961,Seth Powell,NULL,17/12/2011
14904,NULL,13149,Spencer Powell,NULL,03/05/2014
20210,NULL,3118,Stephanie Powell,NULL,20/07/2013
14886,NULL,2883,Sydney Powell,NULL,25/08/2013
20413,NULL,3590,Taylor Powell,NULL,23/08/2013
18218,NULL,5692,Thomas Powell,NULL,11/06/2013
26922,NULL,12828,Trevor Powell,NULL,05/05/2014
28280,NULL,12870,Tristan Powell,NULL,26/01/2014
26630,NULL,7404,Vanessa Powell,NULL,21/09/2011
23016,NULL,19448,Victoria Powell,NULL,05/01/2014
12066,NULL,13680,Wyatt Powell,NULL,18/02/2014
29238,NULL,13410,Xavier Powell,NULL,17/02/2014
25286,NULL,7017,Zachary Powell,NULL,10/11/2013
20050,NULL,3156,Adriana Prasad,NULL,04/07/2013
27307,NULL,16061,Andre Prasad,NULL,18/12/2013
24333,NULL,7253,Ann Prasad,NULL,04/05/2014
14275,NULL,10911,Arthur Prasad,NULL,26/02/2014
23744,NULL,3759,Barry Prasad,NULL,23/03/2014
25579,NULL,16008,Bobby Prasad,NULL,27/08/2013
14009,NULL,18851,Brandy Prasad,NULL,06/04/2014
22506,NULL,15364,Brenda Prasad,NULL,25/09/2013
20262,NULL,19508,Brett Prasad,NULL,01/12/2013
22833,NULL,10810,Bruce Prasad,NULL,25/03/2014
22148,NULL,15417,Candace Prasad,NULL,22/11/2013
14524,NULL,7544,Carla Prasad,NULL,05/01/2014
18928,NULL,8335,Carmen Prasad,NULL,24/09/2013
24390,NULL,9951,Carolyn Prasad,NULL,21/11/2013
18621,NULL,19624,Cassandra Prasad,NULL,09/08/2013
23411,NULL,3820,Cesar Prasad,NULL,03/07/2013
15709,NULL,18941,Chelsea Prasad,NULL,24/08/2013
26914,NULL,7314,Cindy Prasad,NULL,20/11/2013
15604,NULL,4084,Clifford Prasad,NULL,13/02/2014
19748,NULL,19335,Cory Prasad,NULL,10/02/2014
14808,NULL,19736,Cynthia Prasad,NULL,11/04/2014
12372,NULL,10178,Darren Prasad,NULL,19/12/2013
18009,NULL,9746,Deanna Prasad,NULL,01/03/2014
18294,NULL,16241,Denise Prasad,NULL,19/04/2014
19962,NULL,8240,Dominic Prasad,NULL,19/12/2013
11432,NULL,7484,Dominique Prasad,NULL,27/05/2014
15413,NULL,20038,Donald Prasad,NULL,02/02/2014
12832,NULL,19424,Douglas Prasad,NULL,23/08/2013
24368,NULL,9639,Ebony Prasad,NULL,14/04/2014
17306,NULL,8136,Edgar Prasad,NULL,24/10/2013
23675,NULL,7971,Emmanuel Prasad,NULL,19/02/2014
28786,NULL,2978,Erick Prasad,NULL,27/10/2013
21045,NULL,3108,Evelyn Prasad,NULL,05/05/2014
16628,NULL,16700,Francisco Prasad,NULL,24/05/2014
17810,NULL,7871,Frederick Prasad,NULL,27/10/2013
15767,NULL,20199,George Prasad,NULL,05/04/2014
12035,NULL,11846,Gerald Prasad,NULL,14/10/2013
19608,NULL,2872,Harold Prasad,NULL,31/12/2013
16197,NULL,15259,Heidi Prasad,NULL,02/04/2014
24364,NULL,15967,Henry Prasad,NULL,28/04/2014
23530,NULL,8182,Ivan Prasad,NULL,07/06/2014
15110,NULL,18369,Janelle Prasad,NULL,29/05/2014
11359,NULL,2917,Jarrod Prasad,NULL,06/05/2014
15284,NULL,10275,Jay Prasad,NULL,18/04/2014
27117,NULL,8018,Jermaine Prasad,NULL,26/03/2014
12860,NULL,15310,Jillian Prasad,NULL,25/12/2013
19923,NULL,11009,Joe Prasad,NULL,30/09/2013
12613,NULL,20079,Joel Prasad,NULL,10/03/2014
21112,NULL,15894,Johnathan Prasad,NULL,31/10/2013
19345,NULL,3219,Kaitlin Prasad,NULL,31/08/2013
17778,NULL,10495,Kari Prasad,NULL,10/05/2014
18182,NULL,10695,Kristi Prasad,NULL,09/09/2013
25705,NULL,7921,Levi Prasad,NULL,28/04/2014
17117,NULL,3442,Lydia Prasad,NULL,11/04/2014
26984,NULL,15930,Manuel Prasad,NULL,09/05/2014
15606,NULL,3866,Marco Prasad,NULL,18/01/2014
15089,NULL,16745,Martin Prasad,NULL,14/05/2014
11238,NULL,3392,Mayra Prasad,NULL,30/09/2013
19611,NULL,7202,Meagan Prasad,NULL,28/10/2013
11613,NULL,10595,Meredith Prasad,NULL,24/09/2013
21862,NULL,8963,Michele Prasad,NULL,23/10/2013
24392,NULL,16143,Molly Prasad,NULL,12/09/2013
21019,NULL,19546,Monica Prasad,NULL,02/04/2014
24709,NULL,15465,Nancy Prasad,NULL,29/01/2014
19908,NULL,15544,Pamela Prasad,NULL,26/05/2014
20642,NULL,19667,Patricia Prasad,NULL,18/03/2014
19077,NULL,11651,Pedro Prasad,NULL,14/11/2013
28442,NULL,20163,Phillip Prasad,NULL,27/08/2013
20812,NULL,3979,Preston Prasad,NULL,31/07/2013
22535,NULL,15504,Rachael Prasad,NULL,18/04/2014
17384,NULL,19464,Raymond Prasad,NULL,13/11/2013
15919,NULL,9846,Rebekah Prasad,NULL,26/05/2014
24192,NULL,7656,Regina Prasad,NULL,15/02/2014
24383,NULL,20126,Ronald Prasad,NULL,14/01/2014
28963,NULL,11761,Ross Prasad,NULL,21/09/2013
14501,NULL,11211,Ruben Prasad,NULL,13/12/2013
19290,NULL,7824,Sergio Prasad,NULL,29/04/2014
19491,NULL,4036,Stanley Prasad,NULL,21/06/2014
13356,NULL,7364,Stefanie Prasad,NULL,18/03/2014
22143,NULL,3041,Summer Prasad,NULL,18/07/2013
26761,NULL,10383,Tabitha Prasad,NULL,23/04/2014
19396,NULL,7425,Tammy Prasad,NULL,30/07/2013
21869,NULL,16198,Tina Prasad,NULL,03/05/2014
27900,NULL,3343,Toni Prasad,NULL,18/10/2013
22674,NULL,15805,Troy Prasad,NULL,02/12/2013
24199,NULL,18981,Veronica Prasad,NULL,23/03/2014
17933,NULL,7603,Virginia Prasad,NULL,17/12/2013
20064,NULL,18897,Whitney Prasad,NULL,18/11/2013
11089,NULL,3950,Abigail Price,NULL,20/04/2014
18558,NULL,2794,Alexandra Price,NULL,19/03/2014
25764,NULL,7598,Alexandria Price,NULL,14/11/2013
11202,NULL,7092,Alexia Price,NULL,21/02/2014
19210,NULL,12741,Alexis Price,NULL,19/05/2014
25877,NULL,20171,Alyssa Price,NULL,26/06/2014
17492,NULL,3023,Amanda Price,NULL,20/11/2013
11053,NULL,7430,Ana Price,NULL,19/06/2013
19714,NULL,7642,Angela Price,NULL,14/12/2013
14576,NULL,3653,Anna Price,NULL,11/12/2013
12433,NULL,13181,Antonio Price,NULL,30/08/2013
24662,NULL,7686,Arianna Price,NULL,16/07/2013
26087,NULL,12556,Ashley Price,NULL,13/03/2014
27018,NULL,13581,Blake Price,NULL,13/01/2014
17621,NULL,19234,Brianna Price,NULL,19/01/2014
12492,NULL,7170,Brittany Price,NULL,05/01/2014
18051,NULL,6772,Caroline Price,NULL,04/05/2014
21458,NULL,13233,Carson Price,NULL,15/11/2013
18773,NULL,6807,Cassidy Price,NULL,19/10/2013
28843,NULL,20278,Chloe Price,NULL,19/11/2011
24502,NULL,12938,Deb Price,NULL,17/12/2013
18983,NULL,20054,Destiny Price,NULL,17/11/2013
18758,NULL,14280,Devin Price,NULL,26/10/2013
22761,NULL,13725,Eduardo Price,NULL,18/02/2014
21438,NULL,13627,Edward Price,NULL,12/06/2013
14464,NULL,12652,Elizabeth Price,NULL,03/12/2013
25280,NULL,12980,Emily Price,NULL,25/05/2014
27639,NULL,19533,Emma Price,NULL,28/12/2013
21624,NULL,7805,Faith Price,NULL,10/10/2013
28127,NULL,13094,Fernando Price,NULL,07/09/2013
14751,NULL,3329,Gabrielle Price,NULL,30/11/2013
24259,NULL,13274,Gavin Price,NULL,10/06/2014
20135,NULL,19634,Grace Price,NULL,01/12/2013
24428,NULL,3177,Hailey Price,NULL,21/04/2014
18056,NULL,3407,Haley Price,NULL,06/02/2014
13168,NULL,13019,Hannah Price,NULL,26/02/2014
22401,NULL,13862,Ian Price,NULL,14/10/2013
15865,NULL,7467,Isabel Price,NULL,14/09/2013
17278,NULL,2472,Isabella Price,NULL,02/03/2014
20182,NULL,7499,Isabelle Price,NULL,07/04/2014
11194,NULL,7727,Jacqueline Price,NULL,10/05/2014
28900,NULL,19838,Jasmine Price,NULL,29/10/2013
24339,NULL,20487,Jennifer Price,NULL,30/05/2013
25989,NULL,13487,Jeremy Price,NULL,31/10/2013
25875,NULL,7216,Jocelyn Price,NULL,18/07/2012
16924,NULL,20381,Julia Price,NULL,21/09/2013
20357,NULL,12787,Julian Price,NULL,20/11/2013
22300,NULL,20598,Kaitlyn Price,NULL,25/07/2013
19544,NULL,2949,Katherine Price,NULL,17/07/2013
28188,NULL,12698,Kayla Price,NULL,06/05/2014
23765,NULL,7533,Kelly Price,NULL,24/08/2013
14079,NULL,19020,Lauren Price,NULL,28/06/2014
29410,NULL,13907,Lucas Price,NULL,28/10/2011
13282,NULL,13067,Madison Price,NULL,29/04/2014
24420,NULL,13810,Marcus Price,NULL,25/06/2013
19423,NULL,3256,Maria Price,NULL,12/08/2013
20745,NULL,8072,Mariah Price,NULL,26/06/2014
15826,NULL,7578,Marissa Price,NULL,23/06/2014
24907,NULL,19128,Megan Price,NULL,06/09/2013
19486,NULL,8112,Melanie Price,NULL,18/06/2014
17870,NULL,7846,Melissa Price,NULL,02/02/2014
27412,NULL,13537,Miguel Price,NULL,27/03/2014
26629,NULL,7262,Miranda Price,NULL,19/07/2011
19189,NULL,20703,Morgan Price,NULL,25/10/2013
17569,NULL,7300,Mya Price,NULL,29/07/2013
15815,NULL,19946,Nicole Price,NULL,27/05/2014
14687,NULL,19337,Olivia Price,NULL,08/02/2014
11833,NULL,13361,Oscar Price,NULL,30/04/2014
26178,NULL,7770,Paige Price,NULL,14/03/2014
25328,NULL,19737,Rachel Price,NULL,02/12/2013
21791,NULL,13765,Richard Price,NULL,29/08/2013
13909,NULL,7359,Riley Price,NULL,03/02/2014
11186,NULL,12608,Sarah Price,NULL,09/06/2014
28029,NULL,13943,Seth Price,NULL,24/01/2014
23059,NULL,13136,Spencer Price,NULL,10/01/2014
25892,NULL,3100,Stephanie Price,NULL,14/07/2012
20038,NULL,3578,Taylor Price,NULL,02/06/2013
15725,NULL,12814,Trevor Price,NULL,06/04/2014
17343,NULL,12855,Tristan Price,NULL,20/10/2013
23569,NULL,7392,Vanessa Price,NULL,19/12/2013
21338,NULL,19425,Victoria Price,NULL,13/01/2014
12336,NULL,13668,Wyatt Price,NULL,18/05/2014
25024,NULL,13998,Brad Pritchett,NULL,11/01/2014
26100,NULL,12514,James Ptaszynski,NULL,17/06/2014
18555,NULL,2867,Muniraju Pulipalyam,NULL,10/06/2014
21965,NULL,17296,Bethany Raheem,NULL,19/04/2014
21449,NULL,4337,Devon Raheem,NULL,19/10/2013
16196,NULL,4170,Kurt Raheem,NULL,27/01/2014
15674,NULL,4224,Tommy Raheem,NULL,05/04/2014
21990,NULL,12559,Alejandro Rai,NULL,06/09/2013
28914,NULL,19804,Alicia Rai,NULL,10/10/2013
26848,NULL,12029,Alisha Rai,NULL,19/11/2013
23017,NULL,16668,Alison Rai,NULL,13/01/2014
18328,NULL,5252,Alvin Rai,NULL,11/03/2014
22504,NULL,10628,Arturo Rai,NULL,29/01/2014
22451,NULL,11622,Barbara Rai,NULL,18/02/2014
28409,NULL,3722,Bonnie Rai,NULL,08/07/2013
18490,NULL,9416,Brad Rai,NULL,26/08/2013
19100,NULL,20309,Bradley Rai,NULL,28/05/2014
21569,NULL,9358,Brendan Rai,NULL,23/03/2014
17542,NULL,8595,Bridget Rai,NULL,16/04/2014
15229,NULL,9188,Calvin Rai,NULL,11/04/2014
18966,NULL,4514,Carly Rai,NULL,08/08/2013
11049,NULL,8749,Carol Rai,NULL,31/03/2014
19308,NULL,16312,Casey Rai,NULL,15/05/2014
14194,NULL,8912,Cassie Rai,NULL,27/02/2014
22838,NULL,4136,Cedric Rai,NULL,18/12/2013
20191,NULL,20353,Chad Rai,NULL,28/11/2013
16683,NULL,11420,Christy Rai,NULL,03/01/2014
11018,NULL,7394,Clarence Rai,NULL,26/03/2014
20446,NULL,12662,Clayton Rai,NULL,18/12/2013
24573,NULL,13506,Colin Rai,NULL,20/10/2013
28933,NULL,12340,Colleen Rai,NULL,24/03/2014
16044,NULL,19891,Connie Rai,NULL,17/08/2013
21739,NULL,5341,Dale Rai,NULL,04/09/2013
25043,NULL,14654,Damien Rai,NULL,23/01/2014
26906,NULL,8362,Darrell Rai,NULL,12/03/2014
12235,NULL,4668,Donna Rai,NULL,06/12/2013
14690,NULL,9243,Drew Rai,NULL,22/05/2014
26417,NULL,2572,Dustin Rai,NULL,03/11/2013
22424,NULL,13209,Edwin Rai,NULL,07/09/2013
16430,NULL,8484,Franklin Rai,NULL,09/10/2013
19384,NULL,9582,Gilbert Rai,NULL,23/05/2014
12573,NULL,9304,Grant Rai,NULL,31/01/2014
19275,NULL,2599,Gregory Rai,NULL,26/08/2013
20920,NULL,12993,Jaclyn Rai,NULL,15/06/2014
17667,NULL,9472,Jaime Rai,NULL,15/01/2014
11275,NULL,11516,Jenny Rai,NULL,14/06/2013
13376,NULL,16918,Jerry Rai,NULL,26/02/2014
27994,NULL,4717,Jodi Rai,NULL,23/01/2014
13135,NULL,17070,Johnny Rai,NULL,19/04/2014
25642,NULL,12452,Jon Rai,NULL,27/07/2013
26970,NULL,16570,Kara Rai,NULL,19/01/2014
25273,NULL,5162,Karl Rai,NULL,17/01/2014
16598,NULL,4617,Kate Rai,NULL,26/02/2014
14951,NULL,20632,Katie Rai,NULL,08/07/2013
16418,NULL,16356,Katrina Rai,NULL,16/07/2013
16396,NULL,20516,Keith Rai,NULL,04/09/2013
26392,NULL,12134,Kelli Rai,NULL,09/09/2013
19437,NULL,16528,Kelsey Rai,NULL,12/06/2013
26833,NULL,2977,Kelvin Rai,NULL,17/11/2013
13207,NULL,2622,Kenneth Rai,NULL,08/03/2014
12569,NULL,20589,Kristin Rai,NULL,21/12/2013
20666,NULL,11314,Lacey Rai,NULL,31/07/2013
20883,NULL,16402,Latoya Rai,NULL,18/04/2014
23221,NULL,5226,Leonard Rai,NULL,13/12/2013
19747,NULL,13108,Louis Rai,NULL,31/07/2013
14364,NULL,16824,Mario Rai,NULL,15/11/2013
25903,NULL,11649,Marshall Rai,NULL,05/11/2013
16328,NULL,9080,Maurice Rai,NULL,18/02/2014
24604,NULL,4403,Melvin Rai,NULL,01/06/2013
26567,NULL,8425,Michele Rai,NULL,03/05/2014
14176,NULL,4565,Mindy Rai,NULL,10/11/2013
12457,NULL,16481,Misty Rai,NULL,04/09/2013
18618,NULL,17153,Mitchell Rai,NULL,23/06/2014
21496,NULL,16618,Nichole Rai,NULL,26/07/2013
14601,NULL,5286,Nicolas Rai,NULL,11/12/2013
14018,NULL,4456,Nina Rai,NULL,27/03/2014
17893,NULL,12768,Omar Rai,NULL,16/12/2013
19990,NULL,20431,Peter Rai,NULL,13/04/2014
12619,NULL,8802,Priscilla Rai,NULL,10/03/2014
18715,NULL,12884,Rafael Rai,NULL,07/05/2014
15133,NULL,9533,Raul Rai,NULL,27/05/2014
17856,NULL,13320,Roger Rai,NULL,14/02/2014
16993,NULL,16874,Russell Rai,NULL,25/11/2013
20225,NULL,8539,Sharon Rai,NULL,16/11/2013
26431,NULL,17111,Shaun Rai,NULL,17/05/2014
11348,NULL,20395,Shawn Rai,NULL,31/08/2013
23898,NULL,3594,Shawna Rai,NULL,14/12/2013
29393,NULL,8699,Sheena Rai,NULL,01/07/2013
24405,NULL,20013,Tara Rai,NULL,24/06/2013
24301,NULL,8643,Tasha Rai,NULL,13/03/2014
25037,NULL,4284,Terrence Rai,NULL,22/11/2013
26089,NULL,17246,Terry Rai,NULL,21/01/2014
24077,NULL,17196,Tony Rai,NULL,12/02/2014
25243,NULL,8482,Tonya Rai,NULL,02/01/2014
17079,NULL,16435,Tracy Rai,NULL,10/11/2013
21534,NULL,4004,Warren Rai,NULL,04/06/2013
12489,NULL,9139,Wayne Rai,NULL,11/06/2014
14673,NULL,13409,Willie Rai,NULL,30/04/2014
27047,NULL,3650,Yolanda Rai,NULL,19/01/2013
21851,NULL,12552,Stuart Railson,NULL,25/08/2013
22801,NULL,19798,Alicia Raje,NULL,13/02/2014
24872,NULL,12021,Alisha Raje,NULL,15/08/2013
12345,NULL,16660,Alison Raje,NULL,14/06/2014
20710,NULL,5085,Andres Raje,NULL,26/09/2013
18744,NULL,20549,April Raje,NULL,25/05/2014
14228,NULL,10550,Arturo Raje,NULL,10/06/2014
16658,NULL,8962,Ashlee Raje,NULL,16/05/2014
22704,NULL,17289,Bethany Raje,NULL,15/11/2013
20629,NULL,3707,Bonnie Raje,NULL,31/12/2013
21547,NULL,9404,Brad Raje,NULL,30/01/2014
25574,NULL,20303,Bradley Raje,NULL,26/11/2013
16250,NULL,9352,Brendan Raje,NULL,30/05/2014
19433,NULL,8588,Bridget Raje,NULL,18/06/2013
13795,NULL,16963,Carl Raje,NULL,03/08/2013
15576,NULL,4512,Carly Raje,NULL,23/03/2014
14686,NULL,16305,Casey Raje,NULL,11/04/2014
29262,NULL,8902,Cassie Raje,NULL,26/06/2014
25295,NULL,20345,Chad Raje,NULL,16/06/2014
17203,NULL,19883,Christine Raje,NULL,18/04/2014
23100,NULL,11412,Christy Raje,NULL,12/12/2013
20888,NULL,12653,Clayton Raje,NULL,16/04/2014
26378,NULL,13502,Colin Raje,NULL,23/03/2014
19084,NULL,12334,Colleen Raje,NULL,06/09/2013
20431,NULL,20469,Corey Raje,NULL,26/02/2014
17917,NULL,8742,Cristina Raje,NULL,31/01/2014
27746,NULL,5332,Dale Raje,NULL,30/07/2013
25784,NULL,13859,Damien Raje,NULL,04/02/2014
20252,NULL,8353,Darrell Raje,NULL,01/02/2014
25694,NULL,12228,Dawn Raje,NULL,03/05/2014
23229,NULL,8858,Deborah Raje,NULL,10/03/2014
12574,NULL,20255,Derek Raje,NULL,20/02/2014
29289,NULL,4325,Devon Raje,NULL,03/09/2013
20607,NULL,4659,Donna Raje,NULL,17/05/2014
26831,NULL,9234,Drew Raje,NULL,15/06/2013
16323,NULL,2567,Dustin Raje,NULL,19/01/2014
19183,NULL,13199,Edwin Raje,NULL,07/02/2014
14361,NULL,8386,Franklin Raje,NULL,08/06/2014
11055,NULL,9489,Gilbert Raje,NULL,07/11/2013
24162,NULL,9295,Grant Raje,NULL,06/01/2014
22911,NULL,2594,Gregory Raje,NULL,26/01/2014
29474,NULL,9460,Jaime Raje,NULL,19/11/2011
20233,NULL,11508,Jenny Raje,NULL,03/10/2013
21848,NULL,16908,Jerry Raje,NULL,15/11/2013
19630,NULL,4711,Jodi Raje,NULL,25/10/2013
13975,NULL,17063,Johnny Raje,NULL,20/05/2014
21426,NULL,12439,Jon Raje,NULL,19/03/2014
12214,NULL,19962,Julie Raje,NULL,19/05/2014
19362,NULL,5155,Karl Raje,NULL,21/06/2013
28936,NULL,3515,Karla Raje,NULL,13/08/2013
17974,NULL,4606,Kate Raje,NULL,21/02/2014
17816,NULL,19921,Kathryn Raje,NULL,01/12/2013
14178,NULL,20626,Katie Raje,NULL,26/04/2014
20911,NULL,16347,Katrina Raje,NULL,14/04/2014
12119,NULL,20507,Keith Raje,NULL,07/04/2014
28136,NULL,12127,Kelli Raje,NULL,04/06/2013
12227,NULL,16517,Kelsey Raje,NULL,29/09/2013
20555,NULL,2893,Kelvin Raje,NULL,09/04/2014
23606,NULL,2619,Kenneth Raje,NULL,18/06/2013
15210,NULL,4162,Kurt Raje,NULL,04/03/2014
12358,NULL,11301,Lacey Raje,NULL,04/02/2014
17953,NULL,16394,Latoya Raje,NULL,19/01/2014
13723,NULL,5218,Leonard Raje,NULL,03/04/2014
20613,NULL,19839,Lindsay Raje,NULL,15/12/2013
24614,NULL,20667,Lindsey Raje,NULL,19/07/2013
25707,NULL,13102,Louis Raje,NULL,31/03/2014
20427,NULL,16818,Mario Raje,NULL,19/01/2014
19267,NULL,11574,Marshall Raje,NULL,17/05/2014
14821,NULL,9071,Maurice Raje,NULL,16/08/2013
11580,NULL,4387,Melvin Raje,NULL,16/09/2013
17120,NULL,8416,Michele Raje,NULL,22/10/2013
16083,NULL,4558,Mindy Raje,NULL,18/11/2013
23544,NULL,16475,Misty Raje,NULL,19/01/2014
12827,NULL,5279,Nicolas Raje,NULL,14/04/2014
25137,NULL,4448,Nina Raje,NULL,23/06/2014
12309,NULL,12758,Omar Raje,NULL,14/10/2013
20799,NULL,20425,Peter Raje,NULL,05/06/2014
17083,NULL,8793,Priscilla Raje,NULL,27/08/2013
13000,NULL,12877,Rafael Raje,NULL,25/03/2014
26785,NULL,9521,Raul Raje,NULL,17/10/2013
15923,NULL,17017,Ricardo Raje,NULL,14/05/2014
11596,NULL,13309,Roger Raje,NULL,03/03/2014
12830,NULL,16866,Russell Raje,NULL,29/05/2014
28707,NULL,8531,Sharon Raje,NULL,14/09/2012
15516,NULL,17104,Shaun Raje,NULL,03/12/2013
17054,NULL,20389,Shawn Raje,NULL,25/03/2014
19046,NULL,3588,Shawna Raje,NULL,19/03/2014
15736,NULL,8693,Sheena Raje,NULL,09/04/2014
19946,NULL,11911,Tamara Raje,NULL,15/09/2013
28483,NULL,20007,Tara Raje,NULL,22/10/2013
18246,NULL,4273,Terrence Raje,NULL,08/06/2013
28311,NULL,17241,Terry Raje,NULL,30/06/2013
17767,NULL,4216,Tommy Raje,NULL,17/05/2014
24212,NULL,17190,Tony Raje,NULL,07/02/2014
14707,NULL,8471,Tonya Raje,NULL,15/07/2013
24155,NULL,16429,Tracy Raje,NULL,25/03/2014
16203,NULL,3078,Warren Raje,NULL,20/03/2014
21372,NULL,9128,Wayne Raje,NULL,21/01/2014
12641,NULL,13401,Willie Raje,NULL,04/05/2014
20852,NULL,3643,Yolanda Raje,NULL,16/09/2013
16944,NULL,12567,Alejandro Raji,NULL,05/06/2013
18404,NULL,19808,Alicia Raji,NULL,13/02/2014
21347,NULL,12039,Alisha Raji,NULL,30/06/2014
24395,NULL,16674,Alison Raji,NULL,31/08/2013
26347,NULL,5345,Alvin Raji,NULL,24/03/2014
13955,NULL,5110,Andres Raji,NULL,17/05/2014
14981,NULL,20563,April Raji,NULL,23/10/2013
23998,NULL,10713,Arturo Raji,NULL,06/01/2014
15342,NULL,7788,Ashlee Raji,NULL,05/04/2014
24019,NULL,11629,Barbara Raji,NULL,15/11/2013
16186,NULL,16274,Bethany Raji,NULL,29/11/2013
12156,NULL,3730,Bonnie Raji,NULL,04/08/2013
23409,NULL,9424,Brad Raji,NULL,18/11/2013
17925,NULL,20314,Bradley Raji,NULL,25/03/2014
13103,NULL,9365,Brendan Raji,NULL,25/04/2014
15531,NULL,9196,Calvin Raji,NULL,21/05/2014
19595,NULL,16979,Carl Raji,NULL,12/09/2013
23346,NULL,4524,Carly Raji,NULL,20/09/2013
26523,NULL,16322,Casey Raji,NULL,20/03/2014
18032,NULL,8919,Cassie Raji,NULL,05/10/2013
17996,NULL,4227,Cedric Raji,NULL,01/03/2014
26062,NULL,20358,Chad Raji,NULL,18/10/2013
11390,NULL,19898,Christine Raji,NULL,09/04/2014
15584,NULL,11428,Christy Raji,NULL,28/05/2014
14733,NULL,7489,Clarence Raji,NULL,28/07/2013
16283,NULL,12671,Clayton Raji,NULL,05/03/2014
25801,NULL,13512,Colin Raji,NULL,03/07/2013
27707,NULL,12351,Colleen Raji,NULL,15/02/2014
25058,NULL,20481,Corey Raji,NULL,29/03/2014
25506,NULL,8758,Cristina Raji,NULL,14/04/2014
19265,NULL,5351,Dale Raji,NULL,27/04/2014
24282,NULL,15447,Damien Raji,NULL,28/03/2014
11592,NULL,8368,Darrell Raji,NULL,12/10/2013
20244,NULL,12244,Dawn Raji,NULL,13/11/2013
19591,NULL,20272,Derek Raji,NULL,28/11/2013
21898,NULL,4348,Devon Raji,NULL,04/04/2014
24906,NULL,4678,Donna Raji,NULL,04/09/2013
24394,NULL,9248,Drew Raji,NULL,01/12/2013
20568,NULL,2575,Dustin Raji,NULL,28/10/2013
11469,NULL,13219,Edwin Raji,NULL,09/01/2014
11400,NULL,8578,Franklin Raji,NULL,19/12/2013
23191,NULL,9659,Gilbert Raji,NULL,15/12/2013
16185,NULL,9309,Grant Raji,NULL,20/10/2013
14718,NULL,2605,Gregory Raji,NULL,06/08/2013
18289,NULL,12999,Jaclyn Raji,NULL,17/06/2014
15037,NULL,9483,Jaime Raji,NULL,20/01/2014
21870,NULL,11530,Jenny Raji,NULL,16/04/2014
12850,NULL,17076,Johnny Raji,NULL,31/03/2014
20854,NULL,16578,Kara Raji,NULL,16/02/2014
29103,NULL,5172,Karl Raji,NULL,01/09/2013
15929,NULL,3539,Karla Raji,NULL,10/02/2014
11903,NULL,4625,Kate Raji,NULL,13/12/2013
21995,NULL,19932,Kathryn Raji,NULL,17/01/2014
16517,NULL,16362,Katrina Raji,NULL,22/08/2013
15500,NULL,20522,Keith Raji,NULL,25/01/2014
13123,NULL,12142,Kelli Raji,NULL,31/03/2014
28885,NULL,3079,Kelvin Raji,NULL,03/05/2014
14297,NULL,20593,Kristin Raji,NULL,28/11/2013
14527,NULL,4180,Kurt Raji,NULL,12/04/2014
16341,NULL,11319,Lacey Raji,NULL,10/03/2014
19539,NULL,16408,Latoya Raji,NULL,12/08/2013
22134,NULL,5235,Leonard Raji,NULL,25/02/2014
22669,NULL,19855,Lindsay Raji,NULL,21/06/2013
18205,NULL,20680,Lindsey Raji,NULL,11/06/2013
28695,NULL,16834,Mario Raji,NULL,14/12/2013
27175,NULL,11742,Marshall Raji,NULL,18/04/2014
20619,NULL,9090,Maurice Raji,NULL,07/04/2014
22703,NULL,4408,Melvin Raji,NULL,09/06/2014
15183,NULL,8435,Michele Raji,NULL,20/03/2014
20560,NULL,4574,Mindy Raji,NULL,08/04/2014
16520,NULL,16488,Misty Raji,NULL,06/09/2013
15934,NULL,16626,Nichole Raji,NULL,08/02/2014
17301,NULL,5292,Nicolas Raji,NULL,30/04/2014
29480,NULL,4472,Nina Raji,NULL,17/12/2013
15643,NULL,12776,Omar Raji,NULL,27/03/2014
19162,NULL,20437,Peter Raji,NULL,30/09/2013
13832,NULL,8815,Priscilla Raji,NULL,20/08/2013
25619,NULL,12895,Rafael Raji,NULL,30/01/2014
21135,NULL,9543,Raul Raji,NULL,20/09/2013
27335,NULL,17029,Ricardo Raji,NULL,20/05/2014
22436,NULL,13329,Roger Raji,NULL,17/06/2013
22054,NULL,16879,Russell Raji,NULL,12/09/2013
23329,NULL,8547,Sharon Raji,NULL,23/01/2014
11336,NULL,17116,Shaun Raji,NULL,07/06/2013
12407,NULL,20402,Shawn Raji,NULL,28/03/2014
13961,NULL,3604,Shawna Raji,NULL,18/06/2014
18213,NULL,8707,Sheena Raji,NULL,18/06/2013
17071,NULL,11929,Tammy Raji,NULL,18/11/2013
12385,NULL,20020,Tara Raji,NULL,03/09/2013
17057,NULL,8651,Tasha Raji,NULL,11/06/2014
18023,NULL,4294,Terrence Raji,NULL,03/03/2014
15597,NULL,17256,Terry Raji,NULL,23/03/2014
25636,NULL,4233,Tommy Raji,NULL,12/05/2014
27332,NULL,17209,Tony Raji,NULL,11/02/2014
24804,NULL,8489,Tonya Raji,NULL,05/09/2013
22439,NULL,16440,Tracy Raji,NULL,28/03/2014
26796,NULL,4877,Warren Raji,NULL,14/04/2014
26161,NULL,9145,Wayne Raji,NULL,04/02/2014
11070,NULL,13417,Willie Raji,NULL,26/11/2013
18019,NULL,3660,Yolanda Raji,NULL,29/04/2014
15122,NULL,17950,Abby Raman,NULL,16/05/2014
29436,NULL,3173,Adriana Raman,NULL,30/09/2013
25129,NULL,15859,Allen Raman,NULL,24/07/2013
24079,NULL,16066,Andre Raman,NULL,21/10/2013
28990,NULL,7259,Ann Raman,NULL,19/11/2011
24001,NULL,10917,Arthur Raman,NULL,09/01/2014
24783,NULL,3769,Barry Raman,NULL,17/02/2014
21115,NULL,16014,Bobby Raman,NULL,21/09/2013
12247,NULL,18855,Brandy Raman,NULL,03/10/2013
22930,NULL,19511,Brett Raman,NULL,29/05/2014
20886,NULL,10815,Bruce Raman,NULL,05/10/2013
19048,NULL,3926,Bryant Raman,NULL,20/04/2014
11766,NULL,15424,Candace Raman,NULL,10/12/2013
11335,NULL,7551,Carla Raman,NULL,06/06/2013
18827,NULL,8344,Carmen Raman,NULL,29/05/2014
24067,NULL,9954,Carolyn Raman,NULL,02/03/2014
28718,NULL,19630,Cassandra Raman,NULL,26/01/2014
24004,NULL,3828,César Raman,NULL,07/01/2014
16135,NULL,18945,Chelsea Raman,NULL,06/04/2014
16157,NULL,7320,Cindy Raman,NULL,05/04/2014
23772,NULL,19340,Cory Raman,NULL,15/12/2013
27786,NULL,19741,Cynthia Raman,NULL,05/02/2014
22315,NULL,10184,Darren Raman,NULL,25/03/2014
17053,NULL,9753,Deanna Raman,NULL,13/02/2014
15455,NULL,16248,Denise Raman,NULL,15/03/2014
19443,NULL,8243,Dominic Raman,NULL,09/07/2013
13023,NULL,7491,Dominique Raman,NULL,01/06/2014
26393,NULL,20042,Donald Raman,NULL,13/11/2013
24545,NULL,19431,Douglas Raman,NULL,26/02/2014
19348,NULL,9645,Ebony Raman,NULL,30/07/2013
27596,NULL,8144,Edgar Raman,NULL,20/09/2013
19554,NULL,7978,Emmanuel Raman,NULL,24/02/2014
19310,NULL,3114,Evelyn Raman,NULL,05/11/2013
24020,NULL,16704,Francisco Raman,NULL,18/01/2014
28942,NULL,7878,Frederick Raman,NULL,16/09/2013
15435,NULL,8295,Geoffrey Raman,NULL,12/02/2014
26359,NULL,20208,George Raman,NULL,20/10/2013
22691,NULL,11854,Gerald Raman,NULL,19/03/2014
28484,NULL,2877,Harold Raman,NULL,28/10/2013
21800,NULL,15264,Heidi Raman,NULL,04/02/2014
24397,NULL,15973,Henry Raman,NULL,02/08/2013
25477,NULL,19587,Holly Raman,NULL,21/11/2013
11601,NULL,8185,Ivan Raman,NULL,07/11/2013
27442,NULL,18423,Janelle Raman,NULL,28/10/2013
12375,NULL,2925,Jarrod Raman,NULL,13/06/2014
13618,NULL,10280,Jay Raman,NULL,30/04/2014
15228,NULL,8025,Jermaine Raman,NULL,15/03/2014
20826,NULL,15316,Jillian Raman,NULL,31/12/2013
16511,NULL,11013,Joe Raman,NULL,15/12/2013
16317,NULL,20085,Joel Raman,NULL,15/02/2014
19103,NULL,15899,Johnathan Raman,NULL,27/01/2014
26823,NULL,3228,Kaitlin Raman,NULL,15/05/2014
16392,NULL,10500,Kari Raman,NULL,03/03/2014
21836,NULL,10701,Kristi Raman,NULL,26/12/2013
26932,NULL,19705,Kristina Raman,NULL,15/11/2013
29114,NULL,7927,Levi Raman,NULL,13/09/2013
26868,NULL,3450,Lydia Raman,NULL,11/11/2013
17709,NULL,16752,Martin Raman,NULL,01/04/2014
20990,NULL,3401,Mayra Raman,NULL,11/09/2013
15134,NULL,7207,Meagan Raman,NULL,01/05/2014
11381,NULL,10600,Meredith Raman,NULL,18/01/2014
17233,NULL,8971,Michele Raman,NULL,03/12/2013
12238,NULL,19554,Monica Raman,NULL,09/12/2013
20588,NULL,15471,Nancy Raman,NULL,22/07/2013
27369,NULL,15549,Pamela Raman,NULL,20/10/2013
16702,NULL,19671,Patricia Raman,NULL,07/06/2013
16041,NULL,11656,Pedro Raman,NULL,01/07/2013
21539,NULL,20168,Phillip Raman,NULL,27/02/2014
12330,NULL,3985,Preston Raman,NULL,26/05/2014
25216,NULL,15509,Rachael Raman,NULL,05/02/2014
19588,NULL,19471,Raymond Raman,NULL,02/09/2013
22454,NULL,9852,Rebekah Raman,NULL,09/04/2014
19363,NULL,7664,Regina Raman,NULL,16/10/2013
17077,NULL,20131,Ronald Raman,NULL,09/12/2013
22529,NULL,11768,Ross Raman,NULL,09/01/2014
16348,NULL,11118,Roy Raman,NULL,25/05/2014
15580,NULL,11217,Ruben Raman,NULL,15/05/2014
21199,NULL,3281,Ruth Raman,NULL,16/02/2014
27866,NULL,7830,Sergio Raman,NULL,06/12/2013
16661,NULL,19385,Shane Raman,NULL,11/05/2014
19420,NULL,4043,Stanley Raman,NULL,08/05/2014
14424,NULL,7372,Stefanie Raman,NULL,25/02/2014
25949,NULL,3044,Summer Raman,NULL,23/02/2014
12126,NULL,7437,Tammy Raman,NULL,15/01/2014
11321,NULL,8078,Terrance Raman,NULL,28/10/2013
21530,NULL,3349,Toni Raman,NULL,08/01/2014
21164,NULL,15811,Troy Raman,NULL,07/01/2014
12359,NULL,18988,Veronica Raman,NULL,09/03/2014
26159,NULL,7611,Virginia Raman,NULL,14/02/2014
28404,NULL,18904,Whitney Raman,NULL,13/03/2014
15859,NULL,3943,Abigail Ramirez,NULL,08/03/2014
12152,NULL,14568,Adrian Ramirez,NULL,07/08/2013
16066,NULL,14534,Alex Ramirez,NULL,12/02/2014
23832,NULL,2787,Alexandra Ramirez,NULL,04/04/2014
19725,NULL,8328,Alexandria Ramirez,NULL,20/08/2013
28440,NULL,8294,Allison Ramirez,NULL,23/01/2014
21150,NULL,20152,Alyssa Ramirez,NULL,06/02/2014
15017,NULL,3015,Amanda Ramirez,NULL,22/06/2013
24353,NULL,8297,Andrea Ramirez,NULL,05/10/2013
14003,NULL,14529,Angel Ramirez,NULL,02/03/2014
15514,NULL,8330,Angela Ramirez,NULL,27/10/2013
17682,NULL,3644,Anna Ramirez,NULL,08/12/2013
14600,NULL,8309,Ariana Ramirez,NULL,10/02/2014
22897,NULL,8332,Arianna Ramirez,NULL,08/10/2013
21499,NULL,8282,Bailey Ramirez,NULL,05/04/2014
11618,NULL,14550,Brian Ramirez,NULL,12/07/2013
11850,NULL,8313,Brooke Ramirez,NULL,03/11/2013
23894,NULL,14563,Bryan Ramirez,NULL,17/08/2013
16120,NULL,14553,Bryce Ramirez,NULL,01/04/2014
27912,NULL,8311,Caitlin Ramirez,NULL,21/05/2014
21322,NULL,14528,Carlos Ramirez,NULL,21/01/2014
28862,NULL,8298,Catherine Ramirez,NULL,28/07/2013
25956,NULL,14571,Charles Ramirez,NULL,27/12/2013
27439,NULL,14557,Chase Ramirez,NULL,14/03/2014
26520,NULL,20264,Chloe Ramirez,NULL,03/11/2013
14288,NULL,8308,Christina Ramirez,NULL,17/11/2013
19148,NULL,14569,Cody Ramirez,NULL,16/05/2014
13616,NULL,14561,Cole Ramirez,NULL,09/04/2014
15256,NULL,14584,Dalton Ramirez,NULL,19/04/2014
22894,NULL,8300,Danielle Ramirez,NULL,07/08/2013
20392,NULL,20043,Destiny Ramirez,NULL,30/03/2014
20315,NULL,14572,Devin Ramirez,NULL,15/11/2013
13939,NULL,14573,Eduardo Ramirez,NULL,09/08/2013
29072,NULL,19519,Emma Ramirez,NULL,26/05/2014
19737,NULL,8324,Erin Ramirez,NULL,25/12/2013
17436,NULL,14537,Evan Ramirez,NULL,08/12/2013
29198,NULL,8338,Faith Ramirez,NULL,17/12/2011
13146,NULL,8286,Gabriella Ramirez,NULL,18/10/2013
16000,NULL,3319,Gabrielle Ramirez,NULL,07/05/2014
17388,NULL,14564,Garrett Ramirez,NULL,03/02/2014
16864,NULL,19621,Grace Ramirez,NULL,28/03/2014
17413,NULL,3170,Hailey Ramirez,NULL,15/04/2014
23367,NULL,3400,Haley Ramirez,NULL,16/11/2013
16678,NULL,14576,Ian Ramirez,NULL,26/01/2014
17531,NULL,14542,Isaac Ramirez,NULL,13/11/2013
11905,NULL,14533,Isaiah Ramirez,NULL,06/12/2013
21487,NULL,8334,Jacqueline Ramirez,NULL,18/06/2013
13740,NULL,8288,Jada Ramirez,NULL,29/01/2014
19838,NULL,14562,Jared Ramirez,NULL,03/02/2014
27237,NULL,19824,Jasmine Ramirez,NULL,29/09/2013
21311,NULL,20475,Jennifer Ramirez,NULL,28/05/2014
16017,NULL,14587,Jeremy Ramirez,NULL,31/12/2013
15487,NULL,14543,Jesse Ramirez,NULL,07/08/2013
29192,NULL,3493,Jessica Ramirez,NULL,23/09/2013
21700,NULL,14558,Juan Ramirez,NULL,01/04/2014
22759,NULL,20368,Julia Ramirez,NULL,18/11/2013
16715,NULL,8290,Katelyn Ramirez,NULL,24/01/2014
17395,NULL,2939,Katherine Ramirez,NULL,25/01/2014
24128,NULL,8315,Kimberly Ramirez,NULL,24/12/2013
26450,NULL,3717,Lauren Ramirez,NULL,17/03/2014
15528,NULL,14578,Lucas Ramirez,NULL,02/05/2014
15116,NULL,8283,Mackenzie Ramirez,NULL,09/12/2013
17509,NULL,8317,Makayla Ramirez,NULL,12/05/2014
13428,NULL,14575,Marcus Ramirez,NULL,11/10/2013
21767,NULL,8326,Mariah Ramirez,NULL,03/01/2014
25107,NULL,14538,Mason Ramirez,NULL,30/10/2013
11387,NULL,19112,Megan Ramirez,NULL,01/09/2013
16363,NULL,8327,Melanie Ramirez,NULL,19/08/2013
28019,NULL,8341,Melissa Ramirez,NULL,23/05/2014
25198,NULL,8312,Michelle Ramirez,NULL,21/08/2013
19228,NULL,20695,Morgan Ramirez,NULL,20/02/2014
20649,NULL,2711,Natalie Ramirez,NULL,19/05/2014
23190,NULL,14554,Nathaniel Ramirez,NULL,28/04/2014
11141,NULL,19930,Nicole Ramirez,NULL,28/02/2014
19785,NULL,19330,Olivia Ramirez,NULL,27/10/2013
26580,NULL,8336,Paige Ramirez,NULL,05/06/2014
18602,NULL,14548,Patrick Ramirez,NULL,10/09/2013
24742,NULL,19724,Rachel Ramirez,NULL,28/08/2013
28239,NULL,14574,Richard Ramirez,NULL,01/08/2013
26544,NULL,8342,Riley Ramirez,NULL,08/10/2013
12757,NULL,8287,Sara Ramirez,NULL,03/09/2013
24736,NULL,8291,Savannah Ramirez,NULL,31/10/2013
21775,NULL,14545,Sean Ramirez,NULL,31/08/2013
28226,NULL,14560,Sebastian Ramirez,NULL,04/07/2013
20778,NULL,14581,Seth Ramirez,NULL,29/05/2014
16141,NULL,8322,Shelby Ramirez,NULL,01/04/2014
12758,NULL,3092,Stephanie Ramirez,NULL,26/10/2013
20688,NULL,14565,Steven Ramirez,NULL,19/06/2014
26700,NULL,2859,Sydney Ramirez,NULL,26/09/2013
29032,NULL,3568,Taylor Ramirez,NULL,11/11/2013
20310,NULL,14546,Timothy Ramirez,NULL,19/11/2013
24811,NULL,8323,Trinity Ramirez,NULL,03/03/2014
17418,NULL,19414,Victoria Ramirez,NULL,03/10/2013
25396,NULL,14582,Xavier Ramirez,NULL,28/11/2013
11710,NULL,8301,Zoe Ramirez,NULL,14/05/2014
28216,NULL,7132,Adrienne Ramos,NULL,02/08/2013
27716,NULL,14924,Albert Ramos,NULL,29/11/2013
12239,NULL,6640,Alberto Ramos,NULL,19/05/2014
20456,NULL,2824,Alfredo Ramos,NULL,27/12/2013
11351,NULL,14384,Anne Ramos,NULL,28/01/2014
27959,NULL,6971,Armando Ramos,NULL,01/01/2014
11976,NULL,6046,Audrey Ramos,NULL,25/01/2014
14303,NULL,13745,Briana Ramos,NULL,20/02/2014
28475,NULL,10882,Bruce Ramos,NULL,25/08/2013
14306,NULL,19802,Byron Ramos,NULL,03/03/2014
17926,NULL,10021,Carolyn Ramos,NULL,24/04/2014
14528,NULL,19167,Casey Ramos,NULL,27/12/2013
25682,NULL,6206,Cheryl Ramos,NULL,27/10/2013
11361,NULL,18498,Cindy Ramos,NULL,26/04/2014
14209,NULL,19082,Craig Ramos,NULL,12/04/2014
14552,NULL,6189,Daisy Ramos,NULL,23/04/2014
25919,NULL,17831,Dana Ramos,NULL,30/04/2014
23121,NULL,14774,Danny Ramos,NULL,23/10/2013
25470,NULL,10243,Darren Ramos,NULL,08/10/2013
11332,NULL,9820,Deanna Ramos,NULL,08/06/2013
18449,NULL,19127,Derrick Ramos,NULL,04/12/2013
28733,NULL,18674,Diana Ramos,NULL,12/02/2014
18300,NULL,15711,Diane Ramos,NULL,14/01/2014
13949,NULL,20619,Dwayne Ramos,NULL,29/11/2013
12270,NULL,9708,Ebony Ramos,NULL,10/12/2013
13954,NULL,6701,Eddie Ramos,NULL,06/03/2014
25312,NULL,19295,Erik Ramos,NULL,11/04/2014
11557,NULL,14296,Felicia Ramos,NULL,08/01/2014
16345,NULL,2558,Francis Ramos,NULL,19/03/2014
13671,NULL,18351,Frank Ramos,NULL,30/06/2014
22248,NULL,19043,Gary Ramos,NULL,03/05/2014
27787,NULL,10785,Gerald Ramos,NULL,28/07/2013
21365,NULL,16599,Gloria Ramos,NULL,27/09/2013
15667,NULL,14732,Hector Ramos,NULL,16/04/2014
17836,NULL,6371,Jacquelyn Ramos,NULL,19/01/2014
15720,NULL,7083,Jaime Ramos,NULL,27/04/2014
27852,NULL,14672,Jamie Ramos,NULL,11/02/2014
20596,NULL,6265,Janet Ramos,NULL,29/08/2013
23460,NULL,13654,Javier Ramos,NULL,25/03/2014
21882,NULL,10351,Jay Ramos,NULL,25/03/2014
29187,NULL,7722,Jerome Ramos,NULL,25/03/2014
11764,NULL,5718,Jessie Ramos,NULL,07/12/2013
28519,NULL,18396,Jésus Ramos,NULL,23/07/2012
21039,NULL,15109,Jill Ramos,NULL,25/06/2013
16843,NULL,15664,Jimmy Ramos,NULL,29/03/2014
19057,NULL,13996,Joanna Ramos,NULL,08/03/2014
12353,NULL,11073,Joe Ramos,NULL,29/01/2014
27385,NULL,14500,Jonathon Ramos,NULL,16/02/2014
13129,NULL,14247,Joy Ramos,NULL,21/04/2014
13633,NULL,12680,Juan Ramos,NULL,13/05/2014
12551,NULL,7021,Julio Ramos,NULL,19/06/2014
24702,NULL,10567,Kari Ramos,NULL,04/04/2014
17216,NULL,18585,Kathleen Ramos,NULL,27/02/2014
28472,NULL,16145,Kellie Ramos,NULL,25/11/2013
24896,NULL,15167,Kendra Ramos,NULL,20/04/2014
28490,NULL,14237,Krista Ramos,NULL,07/12/2013
15176,NULL,9606,Kristi Ramos,NULL,25/03/2014
17479,NULL,6323,Kristine Ramos,NULL,05/11/2013
16682,NULL,14341,Kristy Ramos,NULL,11/04/2014
28949,NULL,14871,Lance Ramos,NULL,15/08/2013
18446,NULL,18455,Larry Ramos,NULL,22/02/2014
22540,NULL,6156,Latasha Ramos,NULL,24/09/2013
26493,NULL,14462,Lawrence Ramos,NULL,20/07/2013
22483,NULL,14421,Lee Ramos,NULL,06/05/2014
15733,NULL,18536,Leslie Ramos,NULL,13/04/2014
23598,NULL,13829,Linda Ramos,NULL,10/02/2014
13559,NULL,14127,Lori Ramos,NULL,02/12/2013
18878,NULL,5977,Mallory Ramos,NULL,03/05/2014
18212,NULL,15715,Marc Ramos,NULL,05/06/2013
14308,NULL,10123,Marie Ramos,NULL,06/02/2014
28138,NULL,6925,Marvin Ramos,NULL,27/06/2014
15019,NULL,18814,Mary Ramos,NULL,25/01/2014
28961,NULL,14541,Mathew Ramos,NULL,12/09/2013
29220,NULL,14081,Melinda Ramos,NULL,05/01/2014
11606,NULL,17081,Melody Ramos,NULL,28/11/2013
23307,NULL,10661,Meredith Ramos,NULL,11/10/2013
28545,NULL,14597,Micheal Ramos,NULL,23/11/2013
19574,NULL,9032,Michele Ramos,NULL,11/10/2013
16495,NULL,13787,Monique Ramos,NULL,07/05/2014
23656,NULL,17534,Naomi Ramos,NULL,11/02/2014
26230,NULL,18767,Natasha Ramos,NULL,11/03/2014
20918,NULL,6869,Neil Ramos,NULL,23/02/2014
14990,NULL,19404,Nelson Ramos,NULL,20/11/2013
24154,NULL,18970,Orlando Ramos,NULL,31/08/2013
21376,NULL,15224,Paula Ramos,NULL,25/01/2014
29416,NULL,11728,Pedro Ramos,NULL,14/12/2013
12906,NULL,19210,Philip Ramos,NULL,19/07/2013
21572,NULL,14982,Randall Ramos,NULL,25/03/2014
27984,NULL,9920,Rebekah Ramos,NULL,30/04/2014
12813,NULL,6590,Reginald Ramos,NULL,25/04/2014
18005,NULL,15023,Renee Ramos,NULL,21/04/2014
19853,NULL,15608,Ricky Ramos,NULL,13/03/2014
13159,NULL,14824,Roberto Ramos,NULL,17/05/2014
11345,NULL,13748,Robin Ramos,NULL,02/06/2013
15828,NULL,13224,Robyn Ramos,NULL,15/04/2014
14059,NULL,13702,Rodney Ramos,NULL,04/12/2013
20390,NULL,11823,Ross Ramos,NULL,25/01/2014
24482,NULL,11174,Roy Ramos,NULL,17/05/2014
23762,NULL,11285,Ruben Ramos,NULL,21/09/2013
29082,NULL,14189,Sabrina Ramos,NULL,30/11/2013
15076,NULL,14734,Sheila Ramos,NULL,20/05/2014
18261,NULL,18628,Stacy Ramos,NULL,02/02/2014
20147,NULL,10457,Tabitha Ramos,NULL,19/11/2013
14045,NULL,14041,Tanya Ramos,NULL,27/05/2014
13689,NULL,15221,Teresa Ramos,NULL,24/01/2014
16400,NULL,6760,Theodore Ramos,NULL,29/06/2013
11031,NULL,13917,Theresa Ramos,NULL,15/04/2014
27231,NULL,6820,Tyrone Ramos,NULL,06/03/2013
24246,NULL,19252,Victor Ramos,NULL,09/10/2013
29397,NULL,13612,Walter Ramos,NULL,08/01/2013
12256,NULL,13957,Wendy Ramos,NULL,16/01/2014
14534,NULL,17935,Abby Rana,NULL,06/04/2014
21675,NULL,3166,Adriana Rana,NULL,17/06/2014
19036,NULL,15857,Allen Rana,NULL,12/03/2014
27904,NULL,16065,Andre Rana,NULL,27/07/2013
25793,NULL,7256,Ann Rana,NULL,02/06/2013
17819,NULL,10914,Arthur Rana,NULL,14/06/2014
14832,NULL,3766,Barry Rana,NULL,12/04/2014
15710,NULL,18854,Brandy Rana,NULL,22/12/2013
20794,NULL,15371,Brenda Rana,NULL,03/04/2014
20943,NULL,19510,Brett Rana,NULL,27/02/2014
21125,NULL,10813,Bruce Rana,NULL,01/02/2014
21878,NULL,3924,Bryant Rana,NULL,03/03/2014
25429,NULL,15421,Candace Rana,NULL,19/11/2013
19593,NULL,7548,Carla Rana,NULL,28/10/2013
14940,NULL,8340,Carmen Rana,NULL,16/12/2013
21829,NULL,9953,Carolyn Rana,NULL,14/03/2014
13407,NULL,19628,Cassandra Rana,NULL,25/10/2013
19044,NULL,3826,Cesar Rana,NULL,12/04/2014
21367,NULL,7317,Cindy Rana,NULL,24/07/2013
16173,NULL,19338,Cory Rana,NULL,02/11/2013
28397,NULL,19740,Cynthia Rana,NULL,08/10/2013
17257,NULL,10182,Darren Rana,NULL,23/02/2014
14519,NULL,16245,Denise Rana,NULL,13/08/2013
26925,NULL,8242,Dominic Rana,NULL,18/04/2014
24401,NULL,19428,Douglas Rana,NULL,30/12/2013
17190,NULL,9643,Ebony Rana,NULL,16/06/2014
28379,NULL,8141,Edgar Rana,NULL,10/09/2013
16398,NULL,7975,Emmanuel Rana,NULL,11/08/2013
19679,NULL,2983,Erick Rana,NULL,10/08/2013
18262,NULL,3113,Evelyn Rana,NULL,25/05/2014
19754,NULL,16702,Francisco Rana,NULL,23/03/2014
13807,NULL,7876,Frederick Rana,NULL,02/09/2013
28745,NULL,8293,Geoffrey Rana,NULL,27/04/2014
23504,NULL,20204,George Rana,NULL,28/10/2013
14788,NULL,11851,Gerald Rana,NULL,03/08/2013
22475,NULL,15263,Heidi Rana,NULL,10/09/2013
27342,NULL,15972,Henry Rana,NULL,16/10/2013
19743,NULL,19584,Holly Rana,NULL,10/09/2013
18196,NULL,8184,Ivan Rana,NULL,22/01/2014
20853,NULL,2921,Jarrod Rana,NULL,18/01/2014
19421,NULL,10278,Jay Rana,NULL,11/08/2013
28927,NULL,8022,Jermaine Rana,NULL,05/08/2013
20044,NULL,15314,Jillian Rana,NULL,11/11/2013
11916,NULL,11011,Joe Rana,NULL,21/01/2014
26477,NULL,20082,Joel Rana,NULL,10/03/2014
27497,NULL,15898,Johnathan Rana,NULL,13/11/2013
17634,NULL,3227,Kaitlin Rana,NULL,22/09/2013
27847,NULL,19704,Kristina Rana,NULL,18/11/2013
22550,NULL,16109,Kristopher Rana,NULL,17/01/2014
13607,NULL,7925,Levi Rana,NULL,11/05/2014
29395,NULL,3448,Lydia Rana,NULL,07/05/2014
21075,NULL,15932,Manuel Rana,NULL,16/09/2013
24473,NULL,3872,Marco Rana,NULL,29/01/2014
27308,NULL,10058,Marie Rana,NULL,07/09/2013
24213,NULL,16750,Martin Rana,NULL,19/02/2014
11914,NULL,7205,Meagan Rana,NULL,23/01/2014
25032,NULL,10599,Meredith Rana,NULL,02/01/2014
21554,NULL,16149,Molly Rana,NULL,25/01/2014
26150,NULL,15469,Nancy Rana,NULL,30/04/2014
17446,NULL,15548,Pamela Rana,NULL,30/04/2014
13970,NULL,11654,Pedro Rana,NULL,12/05/2014
13543,NULL,20166,Phillip Rana,NULL,26/05/2014
18270,NULL,15508,Rachael Rana,NULL,11/12/2013
25115,NULL,19469,Raymond Rana,NULL,16/11/2013
26256,NULL,20129,Ronald Rana,NULL,11/03/2014
25240,NULL,11767,Ross Rana,NULL,14/01/2014
22667,NULL,11116,Roy Rana,NULL,05/06/2013
27696,NULL,11214,Ruben Rana,NULL,09/05/2014
19387,NULL,3279,Ruth Rana,NULL,21/05/2014
19391,NULL,7827,Sergio Rana,NULL,24/02/2014
26853,NULL,19383,Shane Rana,NULL,08/10/2013
22919,NULL,4041,Stanley Rana,NULL,12/01/2014
19616,NULL,7369,Stefanie Rana,NULL,12/11/2013
25703,NULL,3043,Summer Rana,NULL,29/07/2013
16601,NULL,10388,Tabitha Rana,NULL,18/04/2014
28134,NULL,8076,Terrance Rana,NULL,10/05/2014
15105,NULL,16201,Tina Rana,NULL,02/08/2013
19508,NULL,15810,Troy Rana,NULL,07/02/2014
19453,NULL,18986,Veronica Rana,NULL,16/05/2014
24706,NULL,7610,Virginia Rana,NULL,27/03/2014
13006,NULL,18902,Whitney Rana,NULL,01/03/2014
13665,NULL,10699,Kristi Randall,NULL,16/06/2014
27909,NULL,3398,Mayra Randall,NULL,12/03/2014
13798,NULL,7431,Tammy Randall,NULL,07/06/2014
16605,NULL,3348,Toni Randall,NULL,25/05/2014
23575,NULL,16012,Bobby Ray,NULL,21/10/2013
20717,NULL,18943,Chelsea Ray,NULL,28/11/2013
13516,NULL,2876,Harold Ray,NULL,16/01/2014
25591,NULL,3983,Preston Ray,NULL,27/05/2014
25142,NULL,7661,Regina Ray,NULL,04/09/2013
23838,NULL,9126,Ariana Ready,NULL,22/04/2014
27296,NULL,15453,Rodrigo Ready,NULL,06/03/2014
21478,NULL,3918,Abigail Reed,NULL,15/03/2014
28865,NULL,15418,Alex Reed,NULL,14/11/2013
23685,NULL,9123,Alexa Reed,NULL,04/02/2014
27683,NULL,2763,Alexandra Reed,NULL,01/02/2014
26805,NULL,9150,Alexandria Reed,NULL,08/12/2012
26599,NULL,9116,Allison Reed,NULL,14/07/2013
29128,NULL,20116,Alyssa Reed,NULL,01/11/2013
29125,NULL,9117,Andrea Reed,NULL,13/04/2014
16898,NULL,15414,Angel Reed,NULL,26/08/2013
20190,NULL,9156,Angela Reed,NULL,20/11/2013
27271,NULL,3620,Anna Reed,NULL,25/04/2013
28673,NULL,9158,Arianna Reed,NULL,12/07/2013
22069,NULL,9103,Bailey Reed,NULL,29/12/2013
20377,NULL,15434,Brian Reed,NULL,27/10/2013
17419,NULL,19193,Brianna Reed,NULL,07/08/2013
24828,NULL,9131,Brooke Reed,NULL,19/04/2014
18884,NULL,15444,Bryan Reed,NULL,22/03/2014
14476,NULL,15435,Bryce Reed,NULL,26/01/2014
13344,NULL,9129,Caitlin Reed,NULL,02/10/2013
21750,NULL,15412,Carlos Reed,NULL,02/09/2013
20380,NULL,9119,Catherine Reed,NULL,21/09/2013
14756,NULL,15455,Charles Reed,NULL,03/02/2014
11064,NULL,15436,Chase Reed,NULL,27/06/2013
15258,NULL,20238,Chloe Reed,NULL,25/02/2014
21592,NULL,9125,Christina Reed,NULL,29/03/2014
21358,NULL,15454,Cody Reed,NULL,25/08/2013
12603,NULL,15441,Cole Reed,NULL,24/02/2014
24432,NULL,15468,Dalton Reed,NULL,10/10/2013
11271,NULL,9120,Danielle Reed,NULL,24/06/2013
15385,NULL,20005,Destiny Reed,NULL,14/09/2013
14395,NULL,15457,Devin Reed,NULL,19/03/2014
27038,NULL,15458,Eduardo Reed,NULL,11/04/2014
21936,NULL,19491,Emma Reed,NULL,01/02/2014
14353,NULL,9142,Erin Reed,NULL,05/09/2013
16797,NULL,15419,Evan Reed,NULL,10/06/2013
11849,NULL,9164,Faith Reed,NULL,13/06/2014
27437,NULL,9105,Gabriella Reed,NULL,02/09/2013
16818,NULL,3300,Gabrielle Reed,NULL,09/03/2014
21121,NULL,15450,Garrett Reed,NULL,16/09/2013
28228,NULL,19589,Gloria Reed,NULL,04/02/2014
17453,NULL,3151,Hailey Reed,NULL,27/04/2014
18937,NULL,15462,Ian Reed,NULL,03/05/2014
26074,NULL,15422,Isaac Reed,NULL,25/01/2014
13311,NULL,20759,Isabella Reed,NULL,27/05/2014
15196,NULL,15415,Isaiah Reed,NULL,04/01/2014
14002,NULL,9159,Jacqueline Reed,NULL,15/08/2013
16384,NULL,9111,Jada Reed,NULL,03/07/2013
25185,NULL,9144,Jade Reed,NULL,14/10/2013
28531,NULL,15443,Jared Reed,NULL,02/02/2014
24967,NULL,19796,Jasmine Reed,NULL,01/06/2014
24324,NULL,20445,Jennifer Reed,NULL,22/05/2014
26531,NULL,15470,Jeremy Reed,NULL,23/10/2013
22429,NULL,15423,Jesse Reed,NULL,31/01/2014
22258,NULL,3467,Jessica Reed,NULL,16/11/2013
25014,NULL,15439,Juan Reed,NULL,12/05/2014
25347,NULL,20344,Judith Reed,NULL,14/09/2013
27413,NULL,20553,Kaitlyn Reed,NULL,30/10/2013
24033,NULL,2920,Katherine Reed,NULL,23/02/2014
17371,NULL,9114,Kaylee Reed,NULL,12/05/2014
17311,NULL,9134,Kimberly Reed,NULL,20/06/2014
27016,NULL,3693,Lauren Reed,NULL,07/08/2013
16786,NULL,15464,Lucas Reed,NULL,28/03/2014
19735,NULL,9104,Mackenzie Reed,NULL,13/12/2013
25838,NULL,9135,Makayla Reed,NULL,01/06/2014
14582,NULL,15460,Marcus Reed,NULL,26/04/2014
11208,NULL,3225,Maria Reed,NULL,17/02/2014
26373,NULL,9146,Mariah Reed,NULL,08/01/2014
18118,NULL,19080,Megan Reed,NULL,01/05/2014
28160,NULL,9149,Melanie Reed,NULL,28/04/2014
28046,NULL,9130,Michelle Reed,NULL,15/05/2014
28779,NULL,20655,Morgan Reed,NULL,24/02/2014
23062,NULL,2686,Natalie Reed,NULL,15/03/2014
17021,NULL,19892,Nicole Reed,NULL,21/10/2013
29058,NULL,19297,Olivia Reed,NULL,06/11/2011
22112,NULL,9161,Paige Reed,NULL,23/07/2013
18782,NULL,15431,Patrick Reed,NULL,20/05/2014
12644,NULL,19695,Rachel Reed,NULL,20/09/2013
20485,NULL,15459,Richard Reed,NULL,08/12/2013
20157,NULL,9165,Riley Reed,NULL,10/07/2013
12170,NULL,9110,Sara Reed,NULL,08/08/2013
11846,NULL,9112,Savannah Reed,NULL,10/12/2013
14597,NULL,15426,Sean Reed,NULL,23/03/2014
13170,NULL,15440,Sebastian Reed,NULL,24/09/2013
27190,NULL,9138,Shelby Reed,NULL,06/06/2014
22253,NULL,3069,Stephanie Reed,NULL,30/05/2014
24373,NULL,15452,Steven Reed,NULL,30/12/2013
23038,NULL,2837,Sydney Reed,NULL,13/10/2013
23983,NULL,3544,Taylor Reed,NULL,19/10/2013
16890,NULL,15428,Timothy Reed,NULL,14/08/2013
18357,NULL,9140,Trinity Reed,NULL,02/04/2014
25088,NULL,19384,Victoria Reed,NULL,15/06/2013
23339,NULL,9122,Zoe Reed,NULL,09/01/2014
14236,NULL,3934,Abigail Richardson,NULL,28/03/2014
13984,NULL,14731,Adrian Richardson,NULL,09/08/2013
22160,NULL,14697,Alex Richardson,NULL,03/11/2013
16812,NULL,8461,Alexa Richardson,NULL,19/07/2013
12761,NULL,2776,Alexandra Richardson,NULL,09/01/2014
18366,NULL,8480,Alexandria Richardson,NULL,17/03/2014
12442,NULL,8453,Allison Richardson,NULL,02/01/2014
24810,NULL,20133,Alyssa Richardson,NULL,28/03/2014
15888,NULL,3006,Amanda Richardson,NULL,15/02/2014
14879,NULL,8454,Andrea Richardson,NULL,23/03/2014
12640,NULL,14691,Angel Richardson,NULL,27/09/2013
15533,NULL,3635,Anna Richardson,NULL,19/01/2014
18847,NULL,8464,Ariana Richardson,NULL,19/01/2014
12055,NULL,8483,Arianna Richardson,NULL,18/06/2014
23871,NULL,8436,Bailey Richardson,NULL,12/05/2014
28608,NULL,14710,Brian Richardson,NULL,14/04/2014
12415,NULL,19208,Brianna Richardson,NULL,24/04/2014
11705,NULL,8469,Brooke Richardson,NULL,27/10/2013
11169,NULL,14713,Bryce Richardson,NULL,24/02/2014
23057,NULL,8465,Caitlin Richardson,NULL,24/05/2014
22190,NULL,14689,Carlos Richardson,NULL,24/03/2014
15330,NULL,8457,Catherine Richardson,NULL,12/07/2013
12114,NULL,14738,Charles Richardson,NULL,28/11/2013
16232,NULL,14718,Chase Richardson,NULL,20/07/2013
12115,NULL,20254,Chloe Richardson,NULL,21/11/2013
12199,NULL,8462,Christina Richardson,NULL,15/04/2014
23922,NULL,14733,Cody Richardson,NULL,29/09/2013
28620,NULL,14723,Cole Richardson,NULL,11/01/2012
11679,NULL,14759,Dalton Richardson,NULL,01/05/2014
22884,NULL,8458,Danielle Richardson,NULL,28/05/2014
27288,NULL,20027,Destiny Richardson,NULL,28/03/2014
21318,NULL,14739,Devin Richardson,NULL,28/02/2014
15990,NULL,14741,Eduardo Richardson,NULL,20/02/2014
16989,NULL,19505,Emma Richardson,NULL,28/04/2014
16331,NULL,8475,Erin Richardson,NULL,23/06/2014
15488,NULL,14698,Evan Richardson,NULL,19/03/2014
29046,NULL,8441,Gabriella Richardson,NULL,17/12/2013
16315,NULL,14728,Garrett Richardson,NULL,24/03/2014
17028,NULL,19609,Grace Richardson,NULL,20/10/2013
15873,NULL,3161,Hailey Richardson,NULL,16/02/2014
11296,NULL,3390,Haley Richardson,NULL,01/07/2013
11414,NULL,14749,Ian Richardson,NULL,15/02/2014
15414,NULL,14704,Isaac Richardson,NULL,12/07/2013
13933,NULL,20774,Isabella Richardson,NULL,29/07/2013
20970,NULL,14693,Isaiah Richardson,NULL,01/04/2014
20289,NULL,8444,Jada Richardson,NULL,22/01/2014
19540,NULL,8476,Jade Richardson,NULL,03/04/2014
23579,NULL,14724,Jared Richardson,NULL,04/04/2014
20026,NULL,19810,Jasmine Richardson,NULL,20/10/2013
12780,NULL,14760,Jeremy Richardson,NULL,17/02/2014
25895,NULL,14705,Jesse Richardson,NULL,09/01/2014
20184,NULL,3479,Jessica Richardson,NULL,26/09/2013
23215,NULL,14719,Juan Richardson,NULL,23/02/2014
27331,NULL,20356,Julia Richardson,NULL,05/07/2013
18930,NULL,8446,Katelyn Richardson,NULL,22/09/2013
14901,NULL,2932,Katherine Richardson,NULL,13/07/2013
17560,NULL,8451,Kaylee Richardson,NULL,15/01/2014
11980,NULL,8470,Kimberly Richardson,NULL,30/04/2014
14867,NULL,3708,Lauren Richardson,NULL,12/12/2013
21144,NULL,14753,Lucas Richardson,NULL,09/02/2014
25276,NULL,8437,Mackenzie Richardson,NULL,09/01/2014
19899,NULL,14748,Marcus Richardson,NULL,29/03/2014
22157,NULL,3236,Maria Richardson,NULL,10/03/2014
12410,NULL,8477,Mariah Richardson,NULL,18/06/2014
22887,NULL,14699,Mason Richardson,NULL,27/09/2013
15662,NULL,19099,Megan Richardson,NULL,13/05/2014
13858,NULL,8479,Melanie Richardson,NULL,10/01/2014
11132,NULL,8490,Melissa Richardson,NULL,09/09/2013
14021,NULL,8466,Michelle Richardson,NULL,10/10/2013
26645,NULL,20679,Morgan Richardson,NULL,10/05/2014
19114,NULL,2700,Natalie Richardson,NULL,26/05/2014
12089,NULL,14716,Nathaniel Richardson,NULL,19/11/2013
16652,NULL,19911,Nicole Richardson,NULL,24/12/2013
20468,NULL,19313,Olivia Richardson,NULL,20/04/2014
18080,NULL,8486,Paige Richardson,NULL,04/02/2014
28233,NULL,14708,Patrick Richardson,NULL,16/10/2013
14571,NULL,19713,Rachel Richardson,NULL,21/01/2014
23025,NULL,14744,Richard Richardson,NULL,28/01/2014
23379,NULL,8492,Riley Richardson,NULL,27/10/2013
11312,NULL,8443,Sara Richardson,NULL,02/11/2013
23177,NULL,8447,Savannah Richardson,NULL,11/11/2013
24238,NULL,14706,Sean Richardson,NULL,21/05/2014
22365,NULL,14721,Sebastian Richardson,NULL,10/07/2013
16359,NULL,8472,Shelby Richardson,NULL,13/01/2014
13763,NULL,3082,Stephanie Richardson,NULL,10/02/2014
17149,NULL,14730,Steven Richardson,NULL,10/11/2013
19408,NULL,3556,Taylor Richardson,NULL,23/07/2013
11263,NULL,8473,Trinity Richardson,NULL,12/05/2014
24817,NULL,19399,Victoria Richardson,NULL,18/06/2012
11700,NULL,14757,Xavier Richardson,NULL,09/11/2013
19900,NULL,8460,Zoe Richardson,NULL,27/01/2014
26732,NULL,15195,Martin Rienstra,NULL,20/02/2014
20919,NULL,8931,Gretchen Rivas,NULL,10/06/2014
14717,NULL,3928,Abigail Rivera,NULL,09/10/2013
25339,NULL,15226,Adrian Rivera,NULL,19/08/2013
28165,NULL,8909,Alexa Rivera,NULL,12/01/2012
11222,NULL,2773,Alexandra Rivera,NULL,30/04/2014
13751,NULL,8900,Allison Rivera,NULL,29/05/2014
26195,NULL,20130,Alyssa Rivera,NULL,05/07/2013
11131,NULL,3003,Amanda Rivera,NULL,25/06/2014
13316,NULL,15193,Angel Rivera,NULL,11/10/2013
15659,NULL,8933,Angela Rivera,NULL,20/03/2014
24293,NULL,3630,Anna Rivera,NULL,30/06/2013
26173,NULL,8911,Ariana Rivera,NULL,30/09/2013
24973,NULL,8934,Arianna Rivera,NULL,04/11/2013
18610,NULL,8886,Bailey Rivera,NULL,28/05/2014
16416,NULL,15207,Brian Rivera,NULL,19/09/2013
21234,NULL,19203,Brianna Rivera,NULL,21/07/2013
26698,NULL,8917,Brooke Rivera,NULL,09/02/2014
18160,NULL,15220,Bryan Rivera,NULL,15/05/2014
19871,NULL,15209,Bryce Rivera,NULL,25/01/2014
26113,NULL,8913,Caitlin Rivera,NULL,20/12/2013
18690,NULL,15192,Carlos Rivera,NULL,19/03/2014
18064,NULL,8903,Catherine Rivera,NULL,22/08/2013
15383,NULL,14608,Charles Rivera,NULL,21/06/2014
28511,NULL,15211,Chase Rivera,NULL,23/05/2014
11865,NULL,20251,Chloe Rivera,NULL,08/03/2014
22521,NULL,8910,Christina Rivera,NULL,04/06/2014
16887,NULL,14607,Cody Rivera,NULL,23/07/2013
13736,NULL,15215,Cole Rivera,NULL,21/05/2014
28366,NULL,14627,Dalton Rivera,NULL,14/03/2014
26726,NULL,8904,Danielle Rivera,NULL,20/12/2012
11204,NULL,20019,Destiny Rivera,NULL,12/04/2014
25109,NULL,14612,Devin Rivera,NULL,27/10/2013
27373,NULL,14614,Eduardo Rivera,NULL,24/10/2013
28844,NULL,19500,Emma Rivera,NULL,23/08/2013
16856,NULL,8925,Erin Rivera,NULL,28/01/2014
26757,NULL,15196,Evan Rivera,NULL,22/08/2013
25771,NULL,8889,Gabriella Rivera,NULL,15/03/2014
27674,NULL,3306,Gabrielle Rivera,NULL,20/01/2014
22642,NULL,15222,Garrett Rivera,NULL,17/07/2013
14468,NULL,19603,Grace Rivera,NULL,14/07/2013
20792,NULL,3159,Hailey Rivera,NULL,01/03/2014
24754,NULL,3387,Haley Rivera,NULL,11/01/2014
28152,NULL,14618,Ian Rivera,NULL,22/05/2014
11771,NULL,15199,Isaac Rivera,NULL,24/12/2013
23011,NULL,15194,Isaiah Rivera,NULL,30/11/2013
16212,NULL,8935,Jacqueline Rivera,NULL,18/05/2014
21970,NULL,8894,Jada Rivera,NULL,17/04/2014
17139,NULL,8926,Jade Rivera,NULL,09/04/2014
21781,NULL,15219,Jared Rivera,NULL,06/04/2014
27025,NULL,19805,Jasmine Rivera,NULL,17/08/2013
15545,NULL,20456,Jennifer Rivera,NULL,16/12/2013
16978,NULL,14629,Jeremy Rivera,NULL,12/08/2013
16249,NULL,15200,Jesse Rivera,NULL,29/09/2013
27542,NULL,3476,Jessica Rivera,NULL,30/04/2014
23015,NULL,15212,Juan Rivera,NULL,13/01/2014
15490,NULL,20568,Kaitlyn Rivera,NULL,16/04/2014
23948,NULL,8897,Katelyn Rivera,NULL,17/04/2014
21636,NULL,2930,Katherine Rivera,NULL,25/12/2013
24419,NULL,8899,Kaylee Rivera,NULL,27/09/2013
12401,NULL,8920,Kimberly Rivera,NULL,19/02/2014
21317,NULL,3705,Lauren Rivera,NULL,24/11/2013
24275,NULL,14619,Lucas Rivera,NULL,29/07/2013
21285,NULL,8888,Mackenzie Rivera,NULL,16/10/2013
28783,NULL,8921,Makayla Rivera,NULL,28/09/2013
14147,NULL,14616,Marcus Rivera,NULL,07/01/2014
19741,NULL,3233,María Rivera,NULL,18/03/2014
20261,NULL,8927,Mariah Rivera,NULL,30/12/2013
20473,NULL,15197,Mason Rivera,NULL,28/06/2014
15527,NULL,19092,Megan Rivera,NULL,19/05/2014
13334,NULL,8929,Melanie Rivera,NULL,31/12/2013
28759,NULL,8938,Melissa Rivera,NULL,29/05/2014
23058,NULL,8916,Michelle Rivera,NULL,31/12/2013
12949,NULL,20674,Morgan Rivera,NULL,06/03/2014
27991,NULL,2698,Natalie Rivera,NULL,15/02/2014
14051,NULL,15210,Nathaniel Rivera,NULL,12/01/2014
23457,NULL,19906,Nicole Rivera,NULL,07/02/2014
17669,NULL,19310,Olivia Rivera,NULL,22/11/2013
16974,NULL,8937,Paige Rivera,NULL,09/09/2013
28996,NULL,19712,Rachel Rivera,NULL,16/01/2014
25998,NULL,14615,Richard Rivera,NULL,04/04/2014
17944,NULL,8940,Riley Rivera,NULL,19/01/2014
18785,NULL,8891,Sara Rivera,NULL,30/04/2014
23182,NULL,8898,Savannah Rivera,NULL,11/06/2014
29175,NULL,15202,Sean Rivera,NULL,06/12/2013
17879,NULL,14624,Seth Rivera,NULL,03/04/2014
18984,NULL,8922,Shelby Rivera,NULL,23/08/2013
26828,NULL,3077,Stephanie Rivera,NULL,06/04/2014
19083,NULL,15223,Steven Rivera,NULL,11/09/2013
23736,NULL,2849,Sydney Rivera,NULL,04/10/2013
17519,NULL,3552,Taylor Rivera,NULL,22/08/2013
21737,NULL,15203,Timothy Rivera,NULL,05/04/2014
20040,NULL,19395,Victoria Rivera,NULL,11/10/2013
27255,NULL,14626,Xavier Rivera,NULL,12/03/2013
25413,NULL,8907,Zoe Rivera,NULL,26/11/2013
25042,NULL,8923,Arif Rizaldy,NULL,23/05/2014
19025,NULL,15964,Aaron Roberts,NULL,14/08/2013
11941,NULL,15979,Adam Roberts,NULL,04/04/2014
18553,NULL,15992,Alex Roberts,NULL,07/03/2014
11962,NULL,9537,Alexandra Roberts,NULL,16/01/2014
29011,NULL,9575,Allison Roberts,NULL,22/11/2013
17175,NULL,9542,Amanda Roberts,NULL,09/02/2014
21582,NULL,9555,Amber Roberts,NULL,02/10/2013
25965,NULL,9576,Andrea Roberts,NULL,14/10/2013
29245,NULL,15987,Angel Roberts,NULL,06/05/2014
21627,NULL,9562,Bailey Roberts,NULL,25/11/2013
12656,NULL,4208,Blake Roberts,NULL,17/10/2013
16074,NULL,15966,Caleb Roberts,NULL,16/10/2013
23196,NULL,15984,Carlos Roberts,NULL,06/11/2013
14913,NULL,10083,Chloe Roberts,NULL,20/03/2014
21606,NULL,15968,Connor Roberts,NULL,08/04/2014
26387,NULL,4517,Dalton Roberts,NULL,20/04/2014
21718,NULL,4983,Devin Roberts,NULL,26/01/2014
18478,NULL,5064,Eduardo Roberts,NULL,09/05/2014
25882,NULL,3741,Edward Roberts,NULL,29/10/2013
26728,NULL,15959,Elijah Roberts,NULL,31/01/2014
24926,NULL,15981,Eric Roberts,NULL,26/05/2014
28612,NULL,15954,Gabriel Roberts,NULL,13/11/2013
16553,NULL,9566,Gabriella Roberts,NULL,30/10/2013
29432,NULL,9549,Gabrielle Roberts,NULL,07/09/2013
12985,NULL,9545,Hailey Roberts,NULL,23/12/2013
28260,NULL,15941,Hunter Roberts,NULL,28/11/2013
25424,NULL,4759,Ian Roberts,NULL,31/03/2014
14268,NULL,10089,Isabella Roberts,NULL,29/03/2014
27211,NULL,15991,Isaiah Roberts,NULL,10/03/2013
14736,NULL,15976,Jack Roberts,NULL,01/08/2013
21816,NULL,15983,Jackson Roberts,NULL,01/12/2013
20496,NULL,9569,Jada Roberts,NULL,22/12/2013
23757,NULL,15927,James Roberts,NULL,29/09/2013
18970,NULL,15961,Jason Roberts,NULL,19/04/2014
21587,NULL,9556,Jenna Roberts,NULL,30/03/2014
11447,NULL,10086,Jennifer Roberts,NULL,31/10/2013
24676,NULL,4045,Jeremy Roberts,NULL,06/12/2013
16211,NULL,15998,Jesse Roberts,NULL,04/05/2014
18417,NULL,15929,Jonathan Roberts,NULL,03/01/2014
23432,NULL,15974,Jordan Roberts,NULL,15/12/2013
16800,NULL,9559,Jordan Roberts,NULL,07/06/2014
21942,NULL,10084,Julia Roberts,NULL,04/08/2013
23616,NULL,10087,Karen Roberts,NULL,20/02/2014
18348,NULL,9570,Katelyn Roberts,NULL,28/07/2013
23371,NULL,9541,Katherine Roberts,NULL,05/02/2014
20490,NULL,9573,Kaylee Roberts,NULL,01/06/2014
20705,NULL,15953,Kevin Roberts,NULL,01/09/2013
12217,NULL,15950,Kyle Roberts,NULL,07/12/2013
21463,NULL,15933,Logan Roberts,NULL,07/01/2014
21802,NULL,4278,Lucas Roberts,NULL,01/09/2013
27664,NULL,15963,Luis Roberts,NULL,15/09/2013
13755,NULL,15969,Luke Roberts,NULL,05/05/2014
23599,NULL,9564,Mackenzie Roberts,NULL,18/05/2014
26878,NULL,9551,Madeline Roberts,NULL,09/10/2013
21593,NULL,4669,Marcus Roberts,NULL,08/04/2014
11156,NULL,9548,Maria Roberts,NULL,10/06/2013
29147,NULL,9554,Mary Roberts,NULL,27/12/2011
11176,NULL,15994,Mason Roberts,NULL,29/06/2014
13662,NULL,4129,Miguel Roberts,NULL,19/06/2013
28176,NULL,9536,Natalie Roberts,NULL,13/01/2012
29470,NULL,15936,Nathan Roberts,NULL,07/05/2014
27042,NULL,15942,Noah Roberts,NULL,13/05/2014
28000,NULL,9550,Rebecca Roberts,NULL,07/02/2014
13416,NULL,4585,Richard Roberts,NULL,10/08/2013
18986,NULL,15943,Robert Roberts,NULL,13/07/2013
15400,NULL,15939,Samuel Roberts,NULL,01/10/2013
26125,NULL,9567,Sara Roberts,NULL,03/11/2013
20347,NULL,9572,Savannah Roberts,NULL,20/09/2013
23468,NULL,15999,Sean Roberts,NULL,26/05/2014
11510,NULL,4361,Seth Roberts,NULL,28/05/2014
11775,NULL,9561,Sierra Roberts,NULL,03/11/2013
27212,NULL,9553,Sophia Roberts,NULL,14/03/2013
18373,NULL,9544,Stephanie Roberts,NULL,15/03/2014
26080,NULL,9540,Sydney Roberts,NULL,09/11/2013
21939,NULL,15949,Thomas Roberts,NULL,09/09/2013
15900,NULL,3817,Wyatt Roberts,NULL,08/08/2013
28062,NULL,4438,Xavier Roberts,NULL,29/04/2014
11377,NULL,1699,David Robinett,NULL,31/07/2013
18379,NULL,12064,Abigail Robinson,NULL,27/03/2014
15737,NULL,18310,Alexander Robinson,NULL,29/01/2014
27304,NULL,10732,Alexandra Robinson,NULL,02/03/2014
17507,NULL,12019,Alexis Robinson,NULL,01/01/2014
23134,NULL,11552,Alyssa Robinson,NULL,11/04/2014
13745,NULL,18894,Andrew Robinson,NULL,11/06/2013
25955,NULL,11606,Anna Robinson,NULL,06/02/2014
26524,NULL,18379,Anthony Robinson,NULL,21/05/2014
23003,NULL,12442,Ashley Robinson,NULL,22/09/2013
17623,NULL,17576,Austin Robinson,NULL,07/04/2014
17536,NULL,18196,Benjamin Robinson,NULL,26/04/2014
12876,NULL,4173,Blake Robinson,NULL,14/06/2014
15661,NULL,18450,Brandon Robinson,NULL,05/05/2014
24446,NULL,11733,Brianna Robinson,NULL,16/11/2013
22984,NULL,17530,Cameron Robinson,NULL,22/05/2014
16003,NULL,11509,Carol Robinson,NULL,03/09/2013
25066,NULL,4869,Charles Robinson,NULL,28/06/2014
11715,NULL,11016,Chloe Robinson,NULL,01/06/2014
20499,NULL,17983,Christian Robinson,NULL,13/06/2014
12767,NULL,18253,Christopher Robinson,NULL,23/01/2014
21413,NULL,4479,Dalton Robinson,NULL,24/11/2013
19229,NULL,18140,David Robinson,NULL,29/03/2014
17664,NULL,4941,Devin Robinson,NULL,04/11/2013
11952,NULL,1701,Dorothy Robinson,NULL,07/01/2014
14724,NULL,18526,Dylan Robinson,NULL,13/06/2014
16263,NULL,5031,Eduardo Robinson,NULL,19/02/2014
14256,NULL,11930,Elizabeth Robinson,NULL,10/11/2013
12183,NULL,12253,Emily Robinson,NULL,09/12/2013
16844,NULL,11883,Emma Robinson,NULL,24/03/2014
18034,NULL,17851,Ethan Robinson,NULL,21/10/2013
23479,NULL,3865,Fernando Robinson,NULL,16/03/2014
25924,NULL,12298,Hannah Robinson,NULL,24/12/2013
11155,NULL,17211,Hunter Robinson,NULL,08/06/2013
13852,NULL,4722,Ian Robinson,NULL,30/04/2014
20641,NULL,11240,Isabella Robinson,NULL,17/02/2014
18349,NULL,18704,Jacob Robinson,NULL,25/08/2013
23335,NULL,17637,James Robinson,NULL,21/03/2014
26886,NULL,11414,Jasmine Robinson,NULL,21/11/2013
26504,NULL,11104,Jennifer Robinson,NULL,14/11/2012
14470,NULL,4007,Jeremy Robinson,NULL,10/12/2013
20012,NULL,12111,Jessica Robinson,NULL,10/05/2014
19531,NULL,18250,John Robinson,NULL,11/07/2013
13235,NULL,17712,Jonathan Robinson,NULL,21/07/2013
28141,NULL,18957,Joseph Robinson,NULL,25/07/2013
28827,NULL,18798,Joshua Robinson,NULL,02/11/2011
28121,NULL,11066,Julia Robinson,NULL,08/04/2014
23289,NULL,18087,Justin Robinson,NULL,16/07/2013
26576,NULL,11148,Kaitlyn Robinson,NULL,31/10/2013
15483,NULL,10837,Katherine Robinson,NULL,07/01/2014
27196,NULL,11655,Lauren Robinson,NULL,20/08/2013
20508,NULL,17797,Logan Robinson,NULL,02/06/2014
25018,NULL,4801,Lucas Robinson,NULL,30/10/2013
18377,NULL,12344,Madison Robinson,NULL,08/03/2014
19326,NULL,4633,Marcus Robinson,NULL,26/06/2013
29376,NULL,18849,Matthew Robinson,NULL,01/01/2014
16490,NULL,11698,Megan Robinson,NULL,19/10/2013
15294,NULL,18747,Michael Robinson,NULL,22/09/2013
25463,NULL,4095,Miguel Robinson,NULL,28/05/2014
21753,NULL,11195,Morgan Robinson,NULL,30/09/2013
15380,NULL,17681,Nathan Robinson,NULL,16/01/2014
11174,NULL,19012,Nicholas Robinson,NULL,25/12/2013
28730,NULL,11465,Nicole Robinson,NULL,06/07/2013
17604,NULL,17324,Noah Robinson,NULL,01/04/2014
16472,NULL,11778,Olivia Robinson,NULL,03/04/2014
28014,NULL,11367,Rachel Robinson,NULL,07/07/2011
11913,NULL,1700,Rebecca Robinson,NULL,28/05/2014
26614,NULL,4545,Richard Robinson,NULL,12/11/2013
12071,NULL,17259,Robert Robinson,NULL,20/07/2013
26079,NULL,18012,Ryan Robinson,NULL,14/12/2013
25848,NULL,17747,Samuel Robinson,NULL,08/09/2013
27028,NULL,12486,Sarah Robinson,NULL,20/09/2013
18789,NULL,4326,Seth Robinson,NULL,23/05/2014
15404,NULL,10782,Sydney Robinson,NULL,11/01/2014
24836,NULL,12159,Taylor Robinson,NULL,26/03/2014
26637,NULL,17314,Thomas Robinson,NULL,04/06/2014
26325,NULL,18593,Tyler Robinson,NULL,24/01/2014
20103,NULL,18362,William Robinson,NULL,04/10/2013
19659,NULL,3780,Wyatt Robinson,NULL,16/11/2013
24438,NULL,4401,Xavier Robinson,NULL,18/06/2014
13709,NULL,18583,Zachary Robinson,NULL,13/04/2014
20164,NULL,1702,Carol Ann Rockne,NULL,18/02/2014
20211,NULL,1703,Scott Rodgers,NULL,01/11/2013
20562,NULL,1704,Jim Rodman,NULL,24/05/2014
22301,NULL,12067,Abigail Rodriguez,NULL,09/07/2013
24563,NULL,3191,Adriana Rodriguez,NULL,26/12/2013
23064,NULL,18190,Alexander Rodriguez,NULL,11/09/2013
21642,NULL,10736,Alexandra Rodriguez,NULL,19/03/2014
15244,NULL,12022,Alexis Rodriguez,NULL,29/03/2014
17732,NULL,15874,Allen Rodriguez,NULL,16/12/2013
23472,NULL,11557,Alyssa Rodriguez,NULL,08/08/2013
11812,NULL,18898,Andrew Rodriguez,NULL,18/11/2013
12315,NULL,7275,Ann Rodriguez,NULL,14/08/2013
13480,NULL,11609,Anna Rodriguez,NULL,20/10/2013
23829,NULL,18393,Anthony Rodriguez,NULL,04/12/2013
15438,NULL,10931,Arthur Rodriguez,NULL,21/03/2014
20324,NULL,12445,Ashley Rodriguez,NULL,29/08/2013
18873,NULL,17594,Austin Rodriguez,NULL,11/01/2014
12554,NULL,3793,Barry Rodriguez,NULL,20/03/2014
20399,NULL,18202,Benjamin Rodriguez,NULL,21/12/2013
28060,NULL,4176,Blake Rodriguez,NULL,08/01/2014
15752,NULL,16030,Bobby Rodriguez,NULL,26/04/2014
13287,NULL,18454,Brandon Rodriguez,NULL,17/10/2013
26311,NULL,15388,Brenda Rodriguez,NULL,18/06/2013
25134,NULL,19529,Brett Rodriguez,NULL,15/05/2014
22267,NULL,11737,Brianna Rodriguez,NULL,03/03/2014
28473,NULL,10832,Bruce Rodriguez,NULL,17/02/2014
29360,NULL,3946,Bryant Rodriguez,NULL,04/04/2014
11301,NULL,17545,Cameron Rodriguez,NULL,13/03/2014
21230,NULL,7569,Carla Rodriguez,NULL,21/02/2014
21002,NULL,9970,Carolyn Rodriguez,NULL,28/10/2013
25335,NULL,3842,Cesar Rodriguez,NULL,08/07/2013
15346,NULL,4872,Charles Rodriguez,NULL,11/01/2014
12525,NULL,18961,Chelsea Rodriguez,NULL,25/10/2013
14017,NULL,11020,Chloe Rodriguez,NULL,31/08/2013
21346,NULL,18060,Christian Rodriguez,NULL,14/12/2013
25171,NULL,18256,Christopher Rodriguez,NULL,26/09/2013
26379,NULL,7339,Cindy Rodriguez,NULL,17/12/2013
17104,NULL,4111,Clifford Rodriguez,NULL,29/08/2013
25739,NULL,19356,Cory Rodriguez,NULL,19/08/2013
22206,NULL,19755,Cynthia Rodriguez,NULL,12/01/2014
26109,NULL,4482,Dalton Rodriguez,NULL,24/03/2014
16889,NULL,18660,Daniel Rodriguez,NULL,10/08/2013
18499,NULL,10193,Darren Rodriguez,NULL,20/06/2014
11168,NULL,18143,David Rodriguez,NULL,18/04/2014
25611,NULL,9767,Deanna Rodriguez,NULL,11/06/2013
26912,NULL,16266,Denise Rodriguez,NULL,10/12/2013
22739,NULL,11512,Destiny Rodriguez,NULL,16/07/2013
22658,NULL,4945,Devin Rodriguez,NULL,08/04/2014
28525,NULL,8256,Dominic Rodriguez,NULL,25/05/2014
28351,NULL,20059,Donald Rodriguez,NULL,19/12/2013
19652,NULL,19443,Douglas Rodriguez,NULL,10/11/2013
16611,NULL,18539,Dylan Rodriguez,NULL,30/04/2014
14517,NULL,9660,Ebony Rodriguez,NULL,22/03/2014
25486,NULL,8163,Edgar Rodriguez,NULL,13/04/2014
17396,NULL,5034,Eduardo Rodriguez,NULL,30/11/2013
13490,NULL,4259,Edward Rodriguez,NULL,11/08/2013
18129,NULL,11932,Elizabeth Rodriguez,NULL,05/11/2013
27559,NULL,12259,Emily Rodriguez,NULL,26/05/2013
13191,NULL,11886,Emma Rodriguez,NULL,30/01/2014
28768,NULL,7993,Emmanuel Rodriguez,NULL,03/04/2014
27209,NULL,3005,Erick Rodriguez,NULL,30/12/2013
21695,NULL,17876,Ethan Rodriguez,NULL,29/04/2014
13117,NULL,3127,Evelyn Rodriguez,NULL,11/04/2014
12967,NULL,3868,Fernando Rodriguez,NULL,09/11/2013
24361,NULL,16718,Francisco Rodriguez,NULL,18/10/2013
24458,NULL,7893,Frederick Rodriguez,NULL,06/04/2014
20817,NULL,8307,Geoffrey Rodriguez,NULL,15/08/2013
19059,NULL,20220,George Rodriguez,NULL,16/06/2014
12216,NULL,10747,Gerald Rodriguez,NULL,19/05/2014
23200,NULL,11328,Grace Rodriguez,NULL,06/11/2013
13286,NULL,12303,Hannah Rodriguez,NULL,26/10/2013
21184,NULL,2895,Harold Rodriguez,NULL,27/01/2014
25120,NULL,15284,Heidi Rodriguez,NULL,16/11/2013
11307,NULL,17232,Hunter Rodriguez,NULL,11/07/2013
12709,NULL,4725,Ian Rodriguez,NULL,24/09/2013
28221,NULL,11243,Isabella Rodriguez,NULL,15/09/2011
25305,NULL,8207,Ivan Rodriguez,NULL,13/09/2013
14394,NULL,18708,Jacob Rodriguez,NULL,22/12/2013
18974,NULL,17644,James Rodriguez,NULL,28/07/2013
26887,NULL,18572,Janelle Rodriguez,NULL,17/11/2013
13636,NULL,2945,Jarrod Rodriguez,NULL,01/05/2014
23684,NULL,11418,Jasmine Rodriguez,NULL,25/06/2014
28411,NULL,10296,Jay Rodriguez,NULL,28/07/2013
27067,NULL,11106,Jennifer Rodriguez,NULL,20/01/2013
17464,NULL,4010,Jeremy Rodriguez,NULL,22/11/2013
16431,NULL,8037,Jermaine Rodriguez,NULL,07/10/2013
21669,NULL,12115,Jessica Rodriguez,NULL,23/12/2013
20940,NULL,15341,Jillian Rodriguez,NULL,15/07/2013
16488,NULL,20100,Joel Rodriguez,NULL,09/06/2014
18528,NULL,18365,John Rodriguez,NULL,07/05/2014
17973,NULL,15907,Johnathan Rodriguez,NULL,07/02/2014
13046,NULL,17717,Jonathan Rodriguez,NULL,02/12/2013
12527,NULL,17414,José Rodriguez,NULL,19/05/2014
28832,NULL,18962,Joseph Rodriguez,NULL,06/07/2012
23511,NULL,18802,Joshua Rodriguez,NULL,18/11/2013
26488,NULL,11069,Julia Rodriguez,NULL,26/07/2013
11838,NULL,18096,Justin Rodriguez,NULL,28/01/2014
21107,NULL,3247,Kaitlin Rodriguez,NULL,10/02/2014
21159,NULL,11151,Kaitlyn Rodriguez,NULL,23/07/2013
19514,NULL,10517,Kari Rodriguez,NULL,23/12/2013
28181,NULL,10840,Katherine Rodriguez,NULL,04/08/2011
28197,NULL,11980,Kayla Rodriguez,NULL,11/01/2012
14345,NULL,10720,Kristi Rodriguez,NULL,19/05/2014
28998,NULL,19717,Kristina Rodriguez,NULL,23/07/2013
14569,NULL,16121,Kristopher Rodriguez,NULL,24/03/2014
27037,NULL,11659,Lauren Rodriguez,NULL,13/08/2013
28911,NULL,7943,Levi Rodriguez,NULL,04/01/2014
15959,NULL,17803,Logan Rodriguez,NULL,09/02/2014
15942,NULL,4804,Lucas Rodriguez,NULL,21/02/2014
24697,NULL,15946,Manuel Rodriguez,NULL,10/03/2014
25932,NULL,4635,Marcus Rodriguez,NULL,23/06/2014
17960,NULL,10078,Marie Rodriguez,NULL,22/03/2014
19678,NULL,15778,Martin Rodriguez,NULL,21/08/2013
22629,NULL,18856,Matthew Rodriguez,NULL,06/11/2013
11620,NULL,11700,Megan Rodriguez,NULL,27/12/2013
25679,NULL,10618,Meredith Rodriguez,NULL,06/02/2014
16810,NULL,18752,Michael Rodriguez,NULL,31/03/2014
15387,NULL,4099,Miguel Rodriguez,NULL,27/04/2014
11179,NULL,16169,Molly Rodriguez,NULL,11/06/2014
28951,NULL,19565,Monica Rodriguez,NULL,15/12/2013
23730,NULL,11198,Morgan Rodriguez,NULL,04/12/2013
20773,NULL,11284,Natalie Rodriguez,NULL,09/05/2014
23173,NULL,17704,Nathan Rodriguez,NULL,01/11/2013
14604,NULL,18331,Nicholas Rodriguez,NULL,05/10/2013
20803,NULL,11467,Nicole Rodriguez,NULL,13/02/2014
22325,NULL,17328,Noah Rodriguez,NULL,29/12/2013
15285,NULL,11785,Olivia Rodriguez,NULL,16/08/2013
29065,NULL,15567,Pamela Rodriguez,NULL,13/11/2013
22273,NULL,19683,Patricia Rodriguez,NULL,19/06/2013
17911,NULL,11676,Pedro Rodriguez,NULL,30/01/2014
20548,NULL,20179,Phillip Rodriguez,NULL,23/04/2014
13849,NULL,4006,Preston Rodriguez,NULL,12/06/2013
11944,NULL,15521,Rachael Rodriguez,NULL,22/05/2014
17762,NULL,11375,Rachel Rodriguez,NULL,09/10/2013
11352,NULL,19484,Raymond Rodriguez,NULL,01/10/2013
24082,NULL,7679,Regina Rodriguez,NULL,03/02/2014
12969,NULL,4553,Richard Rodriguez,NULL,14/03/2014
14998,NULL,17274,Robert Rodriguez,NULL,07/01/2014
28757,NULL,20145,Ronald Rodriguez,NULL,25/06/2013
19045,NULL,11783,Ross Rodriguez,NULL,27/10/2013
12589,NULL,11229,Ruben Rodriguez,NULL,10/04/2014
26179,NULL,3299,Ruth Rodriguez,NULL,26/08/2013
26492,NULL,18018,Ryan Rodriguez,NULL,23/09/2013
21245,NULL,12399,Samantha Rodriguez,NULL,22/11/2013
22751,NULL,17807,Samuel Rodriguez,NULL,13/11/2013
21369,NULL,12490,Sarah Rodriguez,NULL,01/03/2014
15239,NULL,7848,Sergio Rodriguez,NULL,05/01/2014
14203,NULL,4329,Seth Rodriguez,NULL,31/01/2014
20704,NULL,19401,Shane Rodriguez,NULL,03/03/2014
29435,NULL,4060,Stanley Rodriguez,NULL,22/09/2013
12459,NULL,7393,Stefanie Rodriguez,NULL,16/11/2013
29390,NULL,3062,Summer Rodriguez,NULL,12/08/2013
28001,NULL,10786,Sydney Rodriguez,NULL,15/03/2014
21785,NULL,10406,Tabitha Rodriguez,NULL,24/04/2014
15233,NULL,7453,Tammy Rodriguez,NULL,19/02/2014
16071,NULL,12164,Taylor Rodriguez,NULL,06/06/2014
12333,NULL,8097,Terrance Rodriguez,NULL,05/11/2013
12073,NULL,17404,Thomas Rodriguez,NULL,25/09/2013
27888,NULL,16222,Tina Rodriguez,NULL,19/05/2014
25251,NULL,3367,Toni Rodriguez,NULL,05/05/2014
28758,NULL,15828,Troy Rodriguez,NULL,07/06/2013
12085,NULL,18637,Tyler Rodriguez,NULL,24/01/2014
27159,NULL,19002,Veronica Rodriguez,NULL,30/01/2014
28837,NULL,11835,Victoria Rodriguez,NULL,11/07/2012
17211,NULL,7626,Virginia Rodriguez,NULL,17/07/2013
24714,NULL,18921,Whitney Rodriguez,NULL,22/06/2014
28274,NULL,18368,William Rodriguez,NULL,02/07/2013
21218,NULL,3782,Wyatt Rodriguez,NULL,04/02/2014
27462,NULL,4407,Xavier Rodriguez,NULL,07/04/2014
14748,NULL,18588,Don Roessler,NULL,31/12/2013
18815,NULL,3917,Abigail Rogers,NULL,20/02/2014
23450,NULL,15358,Alex Rogers,NULL,05/02/2014
26463,NULL,9058,Alexa Rogers,NULL,26/02/2014
24693,NULL,2768,Alexandra Rogers,NULL,12/09/2013
12161,NULL,9087,Alexandria Rogers,NULL,27/04/2014
25487,NULL,9051,Allison Rogers,NULL,06/02/2014
21773,NULL,20113,Alyssa Rogers,NULL,27/10/2013
13920,NULL,2994,Amanda Rogers,NULL,31/03/2014
14328,NULL,9052,Andrea Rogers,NULL,05/03/2014
21147,NULL,15354,Angel Rogers,NULL,24/02/2014
13913,NULL,9089,Angela Rogers,NULL,08/12/2013
21201,NULL,3618,Anna Rogers,NULL,15/01/2014
11486,NULL,9063,Ariana Rogers,NULL,26/04/2014
12438,NULL,9037,Bailey Rogers,NULL,06/09/2013
29079,NULL,15372,Brian Rogers,NULL,30/06/2013
22536,NULL,19191,Brianna Rogers,NULL,19/04/2014
18476,NULL,9072,Brooke Rogers,NULL,04/12/2013
26890,NULL,15389,Bryan Rogers,NULL,23/11/2013
17402,NULL,15373,Bryce Rogers,NULL,19/02/2014
25899,NULL,9064,Caitlin Rogers,NULL,11/08/2013
19645,NULL,15352,Carlos Rogers,NULL,21/11/2013
16076,NULL,9053,Catherine Rogers,NULL,17/06/2014
16770,NULL,15396,Charles Rogers,NULL,07/02/2014
27648,NULL,15379,Chase Rogers,NULL,12/12/2013
20439,NULL,20236,Chloe Rogers,NULL,27/07/2013
21668,NULL,9060,Christina Rogers,NULL,21/11/2013
26892,NULL,15395,Cody Rogers,NULL,24/12/2013
28235,NULL,15383,Cole Rogers,NULL,16/08/2013
22115,NULL,15410,Dalton Rogers,NULL,07/10/2013
14511,NULL,9055,Danielle Rogers,NULL,05/09/2013
11626,NULL,20004,Destiny Rogers,NULL,07/09/2013
17544,NULL,15400,Eduardo Rogers,NULL,07/04/2014
13072,NULL,19487,Emma Rogers,NULL,09/06/2014
12364,NULL,9079,Erin Rogers,NULL,31/08/2013
24327,NULL,15361,Evan Rogers,NULL,27/05/2014
24682,NULL,9097,Faith Rogers,NULL,26/03/2014
24635,NULL,3298,Gabrielle Rogers,NULL,27/06/2014
15739,NULL,15391,Garrett Rogers,NULL,30/01/2014
13861,NULL,3149,Hailey Rogers,NULL,30/12/2013
16860,NULL,3375,Haley Rogers,NULL,12/08/2013
19004,NULL,15404,Ian Rogers,NULL,29/05/2014
25364,NULL,15365,Isaac Rogers,NULL,15/04/2014
18588,NULL,20758,Isabella Rogers,NULL,05/03/2014
29235,NULL,15356,Isaiah Rogers,NULL,16/01/2014
25015,NULL,9093,Jacqueline Rogers,NULL,07/09/2013
13884,NULL,9042,Jada Rogers,NULL,14/07/2013
14332,NULL,9081,Jade Rogers,NULL,30/01/2014
12166,NULL,15385,Jared Rogers,NULL,13/04/2014
23243,NULL,19794,Jasmine Rogers,NULL,06/06/2014
22780,NULL,20442,Jennifer Rogers,NULL,21/09/2013
19323,NULL,15411,Jeremy Rogers,NULL,28/12/2013
17462,NULL,15367,Jesse Rogers,NULL,15/04/2014
23026,NULL,3465,Jessica Rogers,NULL,20/01/2014
14926,NULL,15381,Juan Rogers,NULL,14/08/2013
26305,NULL,20341,Julia Rogers,NULL,18/05/2014
16979,NULL,20552,Kaitlyn Rogers,NULL,15/04/2014
13479,NULL,9046,Katelyn Rogers,NULL,23/01/2014
20395,NULL,2919,Katherine Rogers,NULL,14/12/2013
14388,NULL,9049,Kaylee Rogers,NULL,28/10/2013
22740,NULL,9073,Kimberly Rogers,NULL,09/04/2014
22051,NULL,3692,Lauren Rogers,NULL,24/05/2014
25085,NULL,15406,Lucas Rogers,NULL,22/06/2013
20589,NULL,9038,Mackenzie Rogers,NULL,12/04/2014
17141,NULL,9074,Makayla Rogers,NULL,30/04/2014
13415,NULL,15403,Marcus Rogers,NULL,26/10/2013
14735,NULL,3223,Maria Rogers,NULL,18/08/2013
23851,NULL,9082,Mariah Rogers,NULL,04/04/2014
12779,NULL,15363,Mason Rogers,NULL,22/01/2014
19857,NULL,19079,Megan Rogers,NULL,22/09/2013
19140,NULL,9084,Melanie Rogers,NULL,10/10/2013
28415,NULL,9099,Melissa Rogers,NULL,17/10/2013
11674,NULL,20654,Morgan Rogers,NULL,18/01/2014
14577,NULL,2685,Natalie Rogers,NULL,09/12/2013
18473,NULL,15378,Nathaniel Rogers,NULL,06/01/2014
22255,NULL,19890,Nicole Rogers,NULL,26/11/2013
12020,NULL,19296,Olivia Rogers,NULL,14/03/2014
17125,NULL,9094,Paige Rogers,NULL,10/03/2014
18578,NULL,15370,Patrick Rogers,NULL,12/05/2014
25886,NULL,19693,Rachel Rogers,NULL,16/01/2014
13382,NULL,15402,Richard Rogers,NULL,23/10/2013
26648,NULL,9100,Riley Rogers,NULL,07/04/2014
19874,NULL,9041,Sara Rogers,NULL,09/12/2013
18685,NULL,15368,Sean Rogers,NULL,16/05/2014
12911,NULL,15382,Sebastian Rogers,NULL,08/06/2014
14318,NULL,15407,Seth Rogers,NULL,25/01/2014
11712,NULL,9076,Shelby Rogers,NULL,31/03/2014
16077,NULL,3068,Stephanie Rogers,NULL,19/02/2014
12940,NULL,15393,Steven Rogers,NULL,25/03/2014
27601,NULL,2835,Sydney Rogers,NULL,04/06/2011
13177,NULL,3542,Taylor Rogers,NULL,21/09/2013
17180,NULL,15369,Timothy Rogers,NULL,12/04/2014
15174,NULL,9077,Trinity Rogers,NULL,23/02/2014
15658,NULL,19381,Victoria Rogers,NULL,01/02/2014
11793,NULL,15408,Xavier Rogers,NULL,13/07/2013
28578,NULL,9057,Zoe Rogers,NULL,17/06/2014
16131,NULL,14910,Albert Romero,NULL,07/04/2014
11586,NULL,6624,Alberto Romero,NULL,30/03/2014
11196,NULL,2800,Alfredo Romero,NULL,24/02/2014
28750,NULL,2740,Andy Romero,NULL,25/05/2014
18514,NULL,14370,Anne Romero,NULL,09/05/2014
12596,NULL,6950,Armando Romero,NULL,12/06/2014
12712,NULL,10962,Arthur Romero,NULL,25/02/2014
22387,NULL,6019,Audrey Romero,NULL,17/03/2014
20726,NULL,6083,Beth Romero,NULL,01/11/2013
20419,NULL,15747,Billy Romero,NULL,07/09/2013
19381,NULL,18479,Brandi Romero,NULL,17/07/2013
19284,NULL,13549,Briana Romero,NULL,31/03/2014
17999,NULL,19663,Byron Romero,NULL,04/03/2014
22257,NULL,17864,Carrie Romero,NULL,06/11/2013
25786,NULL,6185,Cheryl Romero,NULL,19/05/2014
28132,NULL,14621,Clinton Romero,NULL,07/05/2014
20981,NULL,19065,Craig Romero,NULL,09/07/2013
14198,NULL,5983,Daisy Romero,NULL,07/11/2013
23741,NULL,17819,Dana Romero,NULL,21/03/2014
26867,NULL,14756,Danny Romero,NULL,05/05/2014
19195,NULL,10225,Darren Romero,NULL,28/03/2014
23570,NULL,9798,Deanna Romero,NULL,29/09/2013
29168,NULL,19111,Derrick Romero,NULL,23/12/2013
17239,NULL,13850,Desiree Romero,NULL,23/06/2014
17760,NULL,18654,Diana Romero,NULL,19/05/2014
21947,NULL,15529,Diane Romero,NULL,07/04/2014
28314,NULL,20480,Dwayne Romero,NULL,11/10/2013
27717,NULL,9688,Ebony Romero,NULL,06/05/2014
28883,NULL,6683,Eddie Romero,NULL,15/03/2014
29403,NULL,19279,Erik Romero,NULL,03/09/2013
19958,NULL,18700,Erika Romero,NULL,28/11/2013
27392,NULL,14279,Felicia Romero,NULL,29/06/2014
22196,NULL,2459,Francis Romero,NULL,06/05/2014
15209,NULL,18339,Frank Romero,NULL,28/02/2014
22181,NULL,19028,Gary Romero,NULL,10/04/2014
19322,NULL,10768,Gerald Romero,NULL,11/05/2014
14234,NULL,15053,Gina Romero,NULL,22/02/2014
13189,NULL,16433,Gloria Romero,NULL,14/09/2013
25299,NULL,14715,Hector Romero,NULL,06/09/2013
25815,NULL,6357,Jacquelyn Romero,NULL,17/07/2013
28508,NULL,7060,Jaime Romero,NULL,13/05/2014
26612,NULL,6241,Janet Romero,NULL,22/03/2014
13099,NULL,10330,Jay Romero,NULL,16/03/2014
11337,NULL,7701,Jerome Romero,NULL,19/12/2013
25030,NULL,5525,Jessie Romero,NULL,21/01/2014
16326,NULL,18382,Jésus Romero,NULL,09/09/2013
27704,NULL,15642,Jimmy Romero,NULL,09/08/2013
21521,NULL,13978,Joanna Romero,NULL,16/01/2014
17943,NULL,11052,Joe Romero,NULL,16/01/2014
26268,NULL,14483,Jonathon Romero,NULL,04/10/2013
24886,NULL,14059,Joy Romero,NULL,29/11/2013
16324,NULL,12496,Juan Romero,NULL,12/07/2013
22857,NULL,7001,Julio Romero,NULL,08/05/2014
21861,NULL,10544,Kari Romero,NULL,03/07/2013
14019,NULL,18569,Kathleen Romero,NULL,06/06/2014
24544,NULL,15989,Kellie Romero,NULL,08/08/2013
26826,NULL,15149,Kendra Romero,NULL,01/06/2013
14956,NULL,14221,Krista Romero,NULL,18/08/2013
16965,NULL,9589,Kristi Romero,NULL,18/08/2013
16306,NULL,6306,Kristine Romero,NULL,25/03/2014
18310,NULL,14856,Lance Romero,NULL,12/11/2013
12600,NULL,18428,Larry Romero,NULL,08/02/2014
14220,NULL,6135,Latasha Romero,NULL,20/01/2014
16687,NULL,14446,Lawrence Romero,NULL,18/06/2013
20389,NULL,14407,Lee Romero,NULL,06/04/2014
21017,NULL,18523,Leslie Romero,NULL,14/06/2013
20725,NULL,13812,Linda Romero,NULL,17/05/2014
28738,NULL,14109,Lori Romero,NULL,26/01/2014
26434,NULL,7162,Mallory Romero,NULL,21/11/2013
27448,NULL,15697,Marc Romero,NULL,21/04/2013
20424,NULL,10106,Marie Romero,NULL,16/08/2013
16043,NULL,14525,Mathew Romero,NULL,08/05/2014
29316,NULL,2689,Max Romero,NULL,13/10/2013
12260,NULL,14060,Melinda Romero,NULL,29/12/2013
18134,NULL,16904,Melody Romero,NULL,14/02/2014
29452,NULL,10643,Meredith Romero,NULL,10/01/2014
23763,NULL,14570,Micheal Romero,NULL,21/08/2013
24214,NULL,9014,Michele Romero,NULL,11/03/2014
22712,NULL,13768,Monique Romero,NULL,22/03/2014
21543,NULL,17377,Naomi Romero,NULL,28/12/2013
13202,NULL,18749,Natasha Romero,NULL,05/09/2013
28424,NULL,6851,Neil Romero,NULL,15/04/2014
25728,NULL,19240,Nelson Romero,NULL,08/08/2013
22654,NULL,18810,Orlando Romero,NULL,16/02/2014
16691,NULL,15047,Paula Romero,NULL,13/08/2013
17123,NULL,11702,Pedro Romero,NULL,16/11/2013
22195,NULL,19195,Philip Romero,NULL,05/05/2014
17742,NULL,14967,Randall Romero,NULL,31/08/2013
22916,NULL,6461,Raquel Romero,NULL,10/02/2014
26413,NULL,9900,Rebekah Romero,NULL,24/03/2014
12854,NULL,7757,Reginald Romero,NULL,05/11/2013
16639,NULL,15007,Renee Romero,NULL,21/05/2014
21361,NULL,15592,Ricky Romero,NULL,30/09/2013
18285,NULL,14810,Roberto Romero,NULL,18/01/2014
11435,NULL,13722,Robin Romero,NULL,06/06/2014
27802,NULL,13040,Robyn Romero,NULL,17/02/2014
14521,NULL,13681,Rodney Romero,NULL,15/04/2014
20859,NULL,11159,Roy Romero,NULL,17/10/2013
16632,NULL,11264,Ruben Romero,NULL,16/03/2014
28534,NULL,14174,Sabrina Romero,NULL,17/12/2013
26381,NULL,20067,Shannon Romero,NULL,22/06/2013
20577,NULL,14551,Sheila Romero,NULL,06/05/2014
22416,NULL,10438,Tabitha Romero,NULL,06/01/2014
18481,NULL,14024,Tanya Romero,NULL,06/05/2014
26834,NULL,15204,Teresa Romero,NULL,31/12/2013
23747,NULL,6731,Theodore Romero,NULL,25/09/2013
25665,NULL,13897,Theresa Romero,NULL,29/09/2013
12211,NULL,19237,Victor Romero,NULL,15/12/2013
25020,NULL,14700,Walter Romero,NULL,03/03/2014
11372,NULL,13938,Wendy Romero,NULL,16/05/2014
11888,NULL,5483,Aaron Ross,NULL,18/08/2013
20855,NULL,3957,Abigail Ross,NULL,04/01/2014
27450,NULL,12796,Abigail Ross,NULL,14/03/2014
11099,NULL,5231,Adam Ross,NULL,01/12/2013
11541,NULL,12902,Aidan Ross,NULL,13/09/2013
26623,NULL,2802,Alexandra Ross,NULL,07/01/2014
24670,NULL,7605,Alexandria Ross,NULL,26/08/2013
13231,NULL,7099,Alexia Ross,NULL,17/02/2014
15983,NULL,12748,Alexis Ross,NULL,30/01/2014
16248,NULL,20182,Alyssa Ross,NULL,02/10/2013
12727,NULL,3029,Amanda Ross,NULL,25/11/2013
12899,NULL,7435,Ana Ross,NULL,19/05/2014
18393,NULL,7649,Angela Ross,NULL,04/05/2014
22878,NULL,7134,Angelica Ross,NULL,09/09/2013
15494,NULL,3659,Anna Ross,NULL,24/04/2014
18322,NULL,13190,Antonio Ross,NULL,22/05/2014
26774,NULL,7694,Arianna Ross,NULL,17/08/2013
21421,NULL,12566,Ashley Ross,NULL,22/12/2013
13742,NULL,6695,Benjamin Ross,NULL,28/06/2013
13370,NULL,13587,Blake Ross,NULL,20/04/2014
14132,NULL,6894,Brandon Ross,NULL,09/10/2013
12875,NULL,19239,Brianna Ross,NULL,14/05/2014
20305,NULL,5535,Caleb Ross,NULL,08/03/2014
17573,NULL,6776,Caroline Ross,NULL,13/01/2014
15909,NULL,6815,Cassidy Ross,NULL,19/12/2013
29404,NULL,20289,Chloe Ross,NULL,05/01/2013
11831,NULL,6749,Christian Ross,NULL,13/07/2013
20816,NULL,5589,Connor Ross,NULL,16/08/2013
11537,NULL,12944,Dakota Ross,NULL,24/08/2013
23826,NULL,13451,Dalton Ross,NULL,11/09/2013
17143,NULL,6651,David Ross,NULL,06/12/2013
25436,NULL,20065,Destiny Ross,NULL,23/12/2013
11411,NULL,14287,Devin Ross,NULL,04/01/2014
27988,NULL,6948,Dylan Ross,NULL,21/03/2014
15245,NULL,13731,Eduardo Ross,NULL,30/12/2013
22368,NULL,13632,Edward Ross,NULL,22/08/2013
11325,NULL,5887,Elijah Ross,NULL,03/07/2013
14118,NULL,12658,Elizabeth Ross,NULL,18/02/2014
20639,NULL,12988,Emily Ross,NULL,19/01/2014
18350,NULL,19539,Emma Ross,NULL,22/03/2014
29244,NULL,5274,Eric Ross,NULL,08/06/2014
23884,NULL,6488,Ethan Ross,NULL,30/05/2014
20672,NULL,13100,Fernando Ross,NULL,06/10/2013
16314,NULL,5837,Gabriel Ross,NULL,02/12/2013
19253,NULL,3335,Gabrielle Ross,NULL,22/03/2014
16114,NULL,13281,Gavin Ross,NULL,19/03/2014
28579,NULL,19640,Grace Ross,NULL,05/05/2014
13612,NULL,3185,Hailey Ross,NULL,28/05/2014
25361,NULL,3414,Haley Ross,NULL,04/07/2012
18472,NULL,13027,Hannah Ross,NULL,06/06/2014
24722,NULL,6034,Hunter Ross,NULL,17/02/2014
23029,NULL,13868,Ian Ross,NULL,03/09/2013
27379,NULL,7471,Isabel Ross,NULL,05/01/2014
14292,NULL,2532,Isabella Ross,NULL,26/11/2013
18554,NULL,7506,Isabelle Ross,NULL,03/09/2013
14662,NULL,5182,Jack Ross,NULL,11/01/2014
27546,NULL,5325,Jackson Ross,NULL,23/05/2013
18918,NULL,7734,Jacqueline Ross,NULL,18/01/2014
14270,NULL,6340,James Ross,NULL,11/10/2013
28838,NULL,19845,Jasmine Ross,NULL,11/11/2011
27081,NULL,5381,Jason Ross,NULL,10/02/2013
28897,NULL,20504,Jennifer Ross,NULL,08/06/2014
15403,NULL,13498,Jeremiah Ross,NULL,22/11/2013
14880,NULL,3509,Jessica Ross,NULL,21/11/2013
24687,NULL,7177,Joan Ross,NULL,09/11/2013
21911,NULL,7811,Joan Ross,NULL,08/12/2013
21451,NULL,7225,Jocelyn Ross,NULL,24/11/2013
21715,NULL,6399,Jonathan Ross,NULL,15/07/2013
24768,NULL,5137,Jordan Ross,NULL,23/09/2013
23781,NULL,6857,Jordyn Ross,NULL,17/03/2014
27441,NULL,6194,Jose Ross,NULL,09/07/2013
16839,NULL,20390,Julia Ross,NULL,12/03/2014
11363,NULL,13323,Julian Ross,NULL,20/05/2014
14076,NULL,6597,Justin Ross,NULL,03/10/2013
16121,NULL,20607,Kaitlyn Ross,NULL,25/04/2014
20292,NULL,2955,Katherine Ross,NULL,01/04/2014
14664,NULL,12708,Kayla Ross,NULL,19/12/2013
26076,NULL,7542,Kelly Ross,NULL,21/11/2013
18993,NULL,5793,Kevin Ross,NULL,10/05/2014
22057,NULL,5737,Kyle Ross,NULL,13/06/2014
11794,NULL,19035,Lauren Ross,NULL,30/06/2014
13398,NULL,6445,Logan Ross,NULL,23/04/2014
26181,NULL,13913,Lucas Ross,NULL,11/09/2013
20865,NULL,5427,Luis Ross,NULL,01/01/2014
12070,NULL,5632,Luke Ross,NULL,28/05/2014
23163,NULL,13073,Madison Ross,NULL,17/02/2014
26508,NULL,13819,Marcus Ross,NULL,10/10/2013
27530,NULL,3261,Maria Ross,NULL,24/08/2013
12104,NULL,8079,Mariah Ross,NULL,08/08/2013
27092,NULL,7058,Marissa Ross,NULL,08/02/2014
21712,NULL,19136,Megan Ross,NULL,06/10/2013
25872,NULL,8118,Melanie Ross,NULL,24/11/2013
15405,NULL,13545,Miguel Ross,NULL,29/09/2013
14598,NULL,7269,Miranda Ross,NULL,15/03/2014
21937,NULL,20711,Morgan Ross,NULL,07/05/2014
27715,NULL,7304,Mya Ross,NULL,09/05/2014
12916,NULL,2724,Natalie Ross,NULL,09/05/2014
23148,NULL,5934,Nathan Ross,NULL,18/11/2013
15958,NULL,19954,Nicole Ross,NULL,23/10/2013
14773,NULL,6085,Noah Ross,NULL,29/11/2013
20702,NULL,13370,Oscar Ross,NULL,20/12/2013
28026,NULL,7775,Paige Ross,NULL,29/04/2014
20669,NULL,19746,Rachel Ross,NULL,06/05/2014
20877,NULL,13772,Richard Ross,NULL,18/02/2014
28225,NULL,6139,Robert Ross,NULL,05/12/2013
16428,NULL,6544,Ryan Ross,NULL,07/03/2014
27918,NULL,12522,Samantha Ross,NULL,28/04/2014
15957,NULL,5989,Samuel Ross,NULL,22/12/2013
22307,NULL,12617,Sarah Ross,NULL,03/03/2014
18433,NULL,13955,Seth Ross,NULL,14/03/2014
25471,NULL,13141,Spencer Ross,NULL,20/04/2014
29211,NULL,3106,Stephanie Ross,NULL,07/05/2014
11226,NULL,2873,Sydney Ross,NULL,31/08/2013
26545,NULL,3583,Taylor Ross,NULL,04/11/2013
26249,NULL,5684,Thomas Ross,NULL,10/06/2012
28071,NULL,12820,Trevor Ross,NULL,12/05/2014
12072,NULL,12863,Tristan Ross,NULL,12/08/2013
13299,NULL,7397,Vanessa Ross,NULL,02/10/2013
17545,NULL,13672,Wyatt Ross,NULL,19/04/2014
12202,NULL,13395,Xavier Ross,NULL,06/03/2014
18406,NULL,7007,Zachary Ross,NULL,26/05/2014
20668,NULL,1705,Eric Rothenberg,NULL,27/09/2013
20813,NULL,1706,Michael Rothkugel,NULL,15/06/2014
21279,NULL,1708,Linda Rousey,NULL,01/01/2014
21190,NULL,1707,Pablo Rovira Diez,NULL,11/07/2013
26973,NULL,6647,Alberto Rowe,NULL,12/10/2013
20938,NULL,10028,Carolyn Rowe,NULL,10/06/2014
20967,NULL,19139,Casey Rowe,NULL,02/11/2013
13615,NULL,6381,Jacquelyn Rowe,NULL,25/03/2014
28692,NULL,10729,Kristi Rowe,NULL,12/05/2014
25595,NULL,18414,Larry Rowe,NULL,23/05/2014
28774,NULL,6125,Latasha Rowe,NULL,07/10/2011
18521,NULL,18820,Meghan Rowe,NULL,18/08/2013
28388,NULL,14809,Sheila Rowe,NULL,18/11/2013
17794,NULL,6770,Theodore Rowe,NULL,15/11/2013
14586,NULL,19433,Todd Rowe,NULL,22/05/2014
21403,NULL,1710,Lisa Roy,NULL,20/02/2014
21286,NULL,1709,Luke Roy,NULL,17/04/2014
27846,NULL,14933,Albert Rubio,NULL,05/05/2014
17929,NULL,2833,Alfredo Rubio,NULL,08/01/2014
22551,NULL,2771,Andy Rubio,NULL,31/03/2014
13567,NULL,14393,Anne Rubio,NULL,24/05/2014
25526,NULL,6980,Armando Rubio,NULL,16/08/2013
13297,NULL,10980,Arthur Rubio,NULL,26/12/2013
15482,NULL,6054,Audrey Rubio,NULL,03/01/2014
20240,NULL,6117,Beth Rubio,NULL,18/03/2014
21536,NULL,15771,Billy Rubio,NULL,18/02/2014
23149,NULL,18504,Brandi Rubio,NULL,30/01/2014
23343,NULL,10893,Bruce Rubio,NULL,05/11/2013
18622,NULL,19872,Byron Rubio,NULL,26/04/2014
12828,NULL,9719,Carol Rubio,NULL,18/08/2013
23595,NULL,17882,Carrie Rubio,NULL,31/03/2014
24152,NULL,19173,Casey Rubio,NULL,25/04/2014
25612,NULL,14642,Clinton Rubio,NULL,10/07/2013
16937,NULL,19089,Craig Rubio,NULL,18/06/2013
16181,NULL,6284,Daisy Rubio,NULL,24/05/2014
19311,NULL,17839,Dana Rubio,NULL,30/04/2014
11490,NULL,14781,Danny Rubio,NULL,04/09/2013
16548,NULL,10254,Darren Rubio,NULL,22/04/2014
19573,NULL,9826,Deanna Rubio,NULL,20/06/2014
23525,NULL,19133,Derrick Rubio,NULL,24/08/2013
21189,NULL,13883,Desiree Rubio,NULL,11/01/2014
16310,NULL,18681,Diana Rubio,NULL,23/03/2014
24818,NULL,15788,Diane Rubio,NULL,26/09/2013
28527,NULL,20689,Dwayne Rubio,NULL,23/05/2014
11552,NULL,6707,Eddie Rubio,NULL,08/06/2014
15064,NULL,19302,Erik Rubio,NULL,27/01/2014
11452,NULL,18727,Erika Rubio,NULL,12/11/2013
24131,NULL,14303,Felicia Rubio,NULL,27/06/2014
28764,NULL,18360,Frank Rubio,NULL,11/07/2013
20150,NULL,19050,Gary Rubio,NULL,07/09/2013
25769,NULL,10790,Gerald Rubio,NULL,24/06/2013
14729,NULL,16673,Gloria Rubio,NULL,13/12/2013
15007,NULL,7089,Jaime Rubio,NULL,15/04/2014
27179,NULL,14683,Jamie Rubio,NULL,22/01/2014
19726,NULL,13662,Javier Rubio,NULL,29/07/2013
15179,NULL,10360,Jay Rubio,NULL,22/03/2014
14792,NULL,7732,Jerome Rubio,NULL,30/03/2014
27868,NULL,5804,Jessie Rubio,NULL,01/03/2014
25616,NULL,18406,Jésus Rubio,NULL,13/07/2013
13838,NULL,15118,Jill Rubio,NULL,26/05/2014
20837,NULL,15672,Jimmy Rubio,NULL,28/06/2013
28251,NULL,11080,Joe Rubio,NULL,14/11/2013
16170,NULL,12767,Juan Rubio,NULL,30/06/2014
17945,NULL,7028,Julio Rubio,NULL,31/01/2014
20820,NULL,18591,Kathleen Rubio,NULL,13/08/2013
27653,NULL,16231,Kellie Rubio,NULL,18/10/2013
17047,NULL,15175,Kendra Rubio,NULL,02/09/2013
12243,NULL,14348,Kristy Rubio,NULL,19/11/2013
19477,NULL,14880,Lance Rubio,NULL,02/07/2013
14223,NULL,18463,Larry Rubio,NULL,17/11/2013
11246,NULL,6162,Latasha Rubio,NULL,22/05/2014
24761,NULL,14470,Lawrence Rubio,NULL,27/01/2014
29364,NULL,14427,Lee Rubio,NULL,23/12/2012
19081,NULL,18544,Leslie Rubio,NULL,08/04/2014
11600,NULL,13837,Linda Rubio,NULL,06/10/2013
17883,NULL,14138,Lori Rubio,NULL,26/01/2014
11098,NULL,5986,Mallory Rubio,NULL,18/03/2014
27854,NULL,15721,Marc Rubio,NULL,04/05/2014
20618,NULL,10130,Marie Rubio,NULL,05/08/2013
22077,NULL,6928,Marvin Rubio,NULL,06/09/2013
11933,NULL,14552,Mathew Rubio,NULL,27/11/2013
19578,NULL,2718,Max Rubio,NULL,08/05/2014
12738,NULL,14088,Melinda Rubio,NULL,08/10/2013
12622,NULL,14603,Micheal Rubio,NULL,03/04/2014
21769,NULL,9039,Michele Rubio,NULL,03/08/2013
29101,NULL,13794,Monique Rubio,NULL,02/04/2014
13627,NULL,18775,Natasha Rubio,NULL,22/04/2014
20953,NULL,6879,Neil Rubio,NULL,20/04/2014
26433,NULL,19468,Nelson Rubio,NULL,31/03/2014
19910,NULL,19037,Orlando Rubio,NULL,09/03/2014
13727,NULL,15302,Paula Rubio,NULL,12/05/2014
23098,NULL,11736,Pedro Rubio,NULL,26/12/2013
21876,NULL,19217,Philip Rubio,NULL,05/03/2014
17286,NULL,14987,Randall Rubio,NULL,03/11/2013
24699,NULL,9927,Rebekah Rubio,NULL,12/05/2014
26827,NULL,15036,Renee Rubio,NULL,31/03/2014
24562,NULL,15616,Ricky Rubio,NULL,05/03/2014
25485,NULL,14834,Roberto Rubio,NULL,13/08/2013
15707,NULL,13754,Robin Rubio,NULL,12/02/2014
18469,NULL,13314,Robyn Rubio,NULL,17/07/2013
12368,NULL,13708,Rodney Rubio,NULL,29/04/2014
21540,NULL,11828,Ross Rubio,NULL,09/12/2013
26953,NULL,11184,Roy Rubio,NULL,11/11/2013
18871,NULL,10155,Ruben Rubio,NULL,22/07/2013
20984,NULL,14195,Sabrina Rubio,NULL,01/09/2013
21473,NULL,18633,Stacy Rubio,NULL,16/02/2014
15598,NULL,14049,Tanya Rubio,NULL,02/05/2014
27121,NULL,15230,Teresa Rubio,NULL,14/12/2013
21743,NULL,13924,Theresa Rubio,NULL,29/09/2013
15624,NULL,6830,Tyrone Rubio,NULL,23/02/2014
16193,NULL,19260,Victor Rubio,NULL,26/09/2013
25912,NULL,13619,Walter Rubio,NULL,27/11/2013
21867,NULL,1711,Michael Ruggiero,NULL,09/02/2014
13523,NULL,7096,Adrienne Ruiz,NULL,26/11/2013
25212,NULL,6602,Alberto Ruiz,NULL,17/04/2014
21975,NULL,2781,Alfredo Ruiz,NULL,30/05/2014
22708,NULL,14357,Anne Ruiz,NULL,10/02/2014
18020,NULL,6936,Armando Ruiz,NULL,23/01/2014
23920,NULL,10940,Arthur Ruiz,NULL,19/09/2013
12645,NULL,5997,Audrey Ruiz,NULL,14/09/2013
14342,NULL,6062,Beth Ruiz,NULL,20/10/2013
26500,NULL,15728,Billy Ruiz,NULL,07/02/2014
12221,NULL,18469,Brandi Ruiz,NULL,20/12/2013
20906,NULL,13385,Briana Ruiz,NULL,08/05/2014
16171,NULL,10844,Bruce Ruiz,NULL,10/10/2013
27863,NULL,9983,Carolyn Ruiz,NULL,20/05/2014
18644,NULL,17849,Carrie Ruiz,NULL,09/12/2013
12719,NULL,6173,Cheryl Ruiz,NULL,10/12/2013
27432,NULL,19056,Craig Ruiz,NULL,14/04/2014
14819,NULL,18827,Dana Ruiz,NULL,23/04/2014
24456,NULL,14745,Danny Ruiz,NULL,23/12/2013
27835,NULL,10204,Darren Ruiz,NULL,26/07/2013
24833,NULL,9779,Deanna Ruiz,NULL,17/02/2014
12634,NULL,19096,Derrick Ruiz,NULL,24/09/2013
12736,NULL,18640,Diana Ruiz,NULL,08/03/2014
14818,NULL,15387,Diane Ruiz,NULL,04/05/2014
26323,NULL,20350,Dwayne Ruiz,NULL,18/04/2014
25683,NULL,9669,Ebony Ruiz,NULL,17/04/2014
23937,NULL,6659,Eddie Ruiz,NULL,22/07/2013
25613,NULL,19266,Erik Ruiz,NULL,23/01/2014
19192,NULL,18689,Erika Ruiz,NULL,21/02/2014
18914,NULL,14261,Felicia Ruiz,NULL,14/05/2014
21381,NULL,20765,Francis Ruiz,NULL,15/04/2014
14260,NULL,19308,Frank Ruiz,NULL,01/02/2014
21097,NULL,19013,Gary Ruiz,NULL,19/01/2014
21838,NULL,10758,Gerald Ruiz,NULL,11/11/2013
27153,NULL,15041,Gina Ruiz,NULL,26/08/2013
12343,NULL,16299,Gloria Ruiz,NULL,20/02/2014
27592,NULL,14701,Hector Ruiz,NULL,10/01/2014
25738,NULL,6343,Jacquelyn Ruiz,NULL,24/11/2013
25609,NULL,7037,Jaime Ruiz,NULL,02/06/2013
22818,NULL,6224,Janet Ruiz,NULL,01/07/2013
24013,NULL,10310,Jay Ruiz,NULL,13/10/2013
21549,NULL,7691,Jerome Ruiz,NULL,04/08/2013
14423,NULL,15079,Jill Ruiz,NULL,15/10/2013
22486,NULL,15625,Jimmy Ruiz,NULL,21/08/2013
14137,NULL,13903,Joy Ruiz,NULL,29/11/2013
28746,NULL,2843,Juan Ruiz,NULL,08/09/2013
11005,NULL,6990,Julio Ruiz,NULL,02/10/2013
12695,NULL,10527,Kari Ruiz,NULL,14/03/2014
17159,NULL,15863,Kellie Ruiz,NULL,05/11/2013
25598,NULL,15129,Kendra Ruiz,NULL,06/05/2014
13081,NULL,14202,Krista Ruiz,NULL,19/04/2014
24607,NULL,6285,Kristine Ruiz,NULL,05/02/2014
22484,NULL,14311,Kristy Ruiz,NULL,30/12/2013
22779,NULL,14842,Lance Ruiz,NULL,16/06/2014
26032,NULL,18509,Leslie Ruiz,NULL,08/07/2013
12545,NULL,15680,Marc Ruiz,NULL,31/03/2014
27498,NULL,10093,Marie Ruiz,NULL,17/11/2013
18796,NULL,6884,Marvin Ruiz,NULL,11/03/2014
22867,NULL,2641,Max Ruiz,NULL,31/12/2013
15629,NULL,18780,Meghan Ruiz,NULL,02/06/2014
13621,NULL,16749,Melody Ruiz,NULL,09/02/2014
11598,NULL,10626,Meredith Ruiz,NULL,24/08/2013
16458,NULL,8999,Michele Ruiz,NULL,27/08/2013
23649,NULL,17230,Naomi Ruiz,NULL,26/01/2014
21994,NULL,18736,Natasha Ruiz,NULL,23/04/2014
29477,NULL,6836,Neil Ruiz,NULL,18/11/2013
23638,NULL,19102,Nelson Ruiz,NULL,24/02/2014
14377,NULL,14885,Paula Ruiz,NULL,06/11/2013
24034,NULL,11685,Pedro Ruiz,NULL,17/11/2013
18077,NULL,19178,Philip Ruiz,NULL,11/06/2014
26171,NULL,14943,Randall Ruiz,NULL,05/11/2013
15393,NULL,9884,Rebekah Ruiz,NULL,27/05/2014
23931,NULL,7740,Reginald Ruiz,NULL,24/06/2014
26499,NULL,14995,Renee Ruiz,NULL,02/10/2013
20718,NULL,15575,Ricky Ruiz,NULL,02/04/2014
15918,NULL,14787,Roberto Ruiz,NULL,25/02/2014
13894,NULL,12859,Robyn Ruiz,NULL,16/11/2013
12257,NULL,11795,Ross Ruiz,NULL,07/05/2014
28704,NULL,11144,Roy Ruiz,NULL,29/01/2014
20055,NULL,11245,Ruben Ruiz,NULL,26/11/2013
22214,NULL,15237,Sabrina Ruiz,NULL,01/03/2014
20822,NULL,19931,Shannon Ruiz,NULL,09/08/2013
26603,NULL,14397,Sheila Ruiz,NULL,18/02/2014
16823,NULL,18600,Stacy Ruiz,NULL,24/02/2014
28498,NULL,10417,Tabitha Ruiz,NULL,20/07/2013
13666,NULL,15185,Teresa Ruiz,NULL,07/05/2014
20052,NULL,6719,Theodore Ruiz,NULL,19/08/2013
25768,NULL,6780,Tyrone Ruiz,NULL,18/09/2013
22831,NULL,19225,Victor Ruiz,NULL,01/10/2013
21945,NULL,1712,Pearlie Rusek,NULL,21/03/2014
22552,NULL,1713,Andrea Rusko,NULL,28/11/2013
25599,NULL,5509,Aaron Russell,NULL,13/05/2014
21826,NULL,3984,Abigail Russell,NULL,16/04/2014
17427,NULL,5254,Adam Russell,NULL,26/04/2014
14467,NULL,12930,Aidan Russell,NULL,10/10/2013
26288,NULL,2825,Alexandra Russell,NULL,15/06/2014
18234,NULL,7636,Alexandria Russell,NULL,09/03/2014
19742,NULL,7121,Alexia Russell,NULL,23/03/2014
13634,NULL,12780,Alexis Russell,NULL,26/05/2014
17434,NULL,20218,Alyssa Russell,NULL,21/11/2013
14094,NULL,3059,Amanda Russell,NULL,26/09/2013
14245,NULL,7460,Ana Russell,NULL,02/07/2013
12049,NULL,7680,Angela Russell,NULL,11/04/2014
14403,NULL,7165,Angelica Russell,NULL,15/05/2014
20386,NULL,3685,Anna Russell,NULL,08/10/2013
14432,NULL,13226,Antonio Russell,NULL,12/02/2014
22728,NULL,7721,Arianna Russell,NULL,27/07/2013
12000,NULL,12599,Ashley Russell,NULL,15/01/2014
22362,NULL,6267,Austin Russell,NULL,10/02/2014
14296,NULL,6727,Benjamin Russell,NULL,28/10/2013
20657,NULL,13618,Blake Russell,NULL,19/01/2014
15278,NULL,6921,Brandon Russell,NULL,06/07/2013
20360,NULL,19278,Brianna Russell,NULL,22/01/2014
18817,NULL,7212,Brittany Russell,NULL,26/05/2014
23552,NULL,5563,Caleb Russell,NULL,27/04/2014
19125,NULL,6316,Cameron Russell,NULL,03/05/2014
11130,NULL,6801,Caroline Russell,NULL,11/05/2014
21116,NULL,13270,Carson Russell,NULL,30/03/2014
26144,NULL,6845,Cassidy Russell,NULL,05/10/2013
12763,NULL,20326,Chloe Russell,NULL,03/11/2013
22826,NULL,6217,Christian Russell,NULL,15/08/2013
27624,NULL,5611,Connor Russell,NULL,04/07/2013
27076,NULL,12974,Dakota Russell,NULL,18/01/2013
19024,NULL,13479,Dalton Russell,NULL,25/08/2013
23363,NULL,6677,David Russell,NULL,08/06/2014
22072,NULL,13719,Devin Russell,NULL,31/08/2013
19658,NULL,6976,Dylan Russell,NULL,16/11/2013
28346,NULL,13758,Eduardo Russell,NULL,20/06/2014
24642,NULL,13660,Edward Russell,NULL,29/01/2014
11835,NULL,5912,Elijah Russell,NULL,18/10/2013
26624,NULL,12692,Elizabeth Russell,NULL,25/01/2014
17030,NULL,13013,Emily Russell,NULL,06/10/2013
21512,NULL,19579,Emma Russell,NULL,24/02/2014
19137,NULL,5305,Eric Russell,NULL,14/05/2014
15522,NULL,6514,Ethan Russell,NULL,17/01/2014
24806,NULL,7841,Faith Russell,NULL,02/09/2013
27084,NULL,13130,Fernando Russell,NULL,30/08/2012
20516,NULL,5865,Gabriel Russell,NULL,14/03/2014
28671,NULL,3362,Gabrielle Russell,NULL,20/06/2013
21263,NULL,12210,Gail Russell,NULL,06/11/2013
28232,NULL,13310,Gavin Russell,NULL,04/12/2013
23465,NULL,19676,Grace Russell,NULL,26/08/2013
24772,NULL,6065,Greg Russell,NULL,10/09/2013
16313,NULL,3212,Hailey Russell,NULL,30/05/2013
22707,NULL,3446,Haley Russell,NULL,11/01/2014
22187,NULL,13062,Hannah Russell,NULL,03/06/2014
24746,NULL,13900,Ian Russell,NULL,06/07/2013
22549,NULL,7494,Isabel Russell,NULL,02/08/2013
11507,NULL,2661,Isabella Russell,NULL,22/06/2014
13327,NULL,7530,Isabelle Russell,NULL,20/12/2013
29050,NULL,5206,Jack Russell,NULL,12/05/2014
23883,NULL,5356,Jackson Russell,NULL,26/05/2014
18391,NULL,7762,Jacqueline Russell,NULL,05/09/2013
15890,NULL,6376,James Russell,NULL,23/10/2013
14888,NULL,19875,Jasmine Russell,NULL,08/05/2014
27949,NULL,5408,Jason Russell,NULL,06/06/2013
11036,NULL,20539,Jennifer Russell,NULL,24/06/2013
29257,NULL,13532,Jeremiah Russell,NULL,21/03/2014
26572,NULL,3531,Jessica Russell,NULL,02/04/2013
22879,NULL,7252,Jocelyn Russell,NULL,14/09/2013
18896,NULL,6423,Jonathan Russell,NULL,19/09/2013
24426,NULL,5164,Jordan Russell,NULL,23/03/2014
16129,NULL,6888,Jordyn Russell,NULL,14/04/2014
23292,NULL,5662,Jose Russell,NULL,30/12/2013
18388,NULL,20430,Julia Russell,NULL,21/05/2014
28585,NULL,13347,Julian Russell,NULL,19/01/2014
16504,NULL,6629,Justin Russell,NULL,05/09/2013
24491,NULL,20643,Kaitlyn Russell,NULL,18/05/2012
28771,NULL,2985,Katherine Russell,NULL,28/05/2014
15189,NULL,12735,Kayla Russell,NULL,17/03/2014
19981,NULL,7570,Kelly Russell,NULL,04/09/2013
17269,NULL,5816,Kevin Russell,NULL,02/11/2013
11852,NULL,5763,Kyle Russell,NULL,02/02/2014
23130,NULL,19070,Lauren Russell,NULL,19/07/2013
21805,NULL,13937,Lucas Russell,NULL,15/09/2013
12045,NULL,5459,Luis Russell,NULL,04/04/2014
15344,NULL,5113,Luke Russell,NULL,17/09/2013
28184,NULL,12509,Madison Russell,NULL,22/08/2011
18532,NULL,13852,Marcus Russell,NULL,18/05/2014
16357,NULL,7086,Margaret Russell,NULL,26/01/2014
20779,NULL,3290,Maria Russell,NULL,19/07/2013
13882,NULL,8105,Mariah Russell,NULL,08/07/2013
16220,NULL,19177,Megan Russell,NULL,24/12/2013
15478,NULL,7593,Melanie Russell,NULL,23/01/2014
19021,NULL,7351,Melissa Russell,NULL,18/08/2013
13098,NULL,13576,Miguel Russell,NULL,08/10/2013
19165,NULL,7295,Miranda Russell,NULL,29/10/2013
24424,NULL,20744,Morgan Russell,NULL,21/08/2013
28025,NULL,7326,Mya Russell,NULL,23/06/2014
20900,NULL,2755,Natalie Russell,NULL,26/02/2014
19993,NULL,5966,Nathan Russell,NULL,06/09/2013
18237,NULL,19991,Nicole Russell,NULL,02/03/2014
26447,NULL,6115,Noah Russell,NULL,28/05/2014
19723,NULL,19372,Olivia Russell,NULL,17/12/2013
12140,NULL,12808,Oscar Russell,NULL,31/03/2014
25045,NULL,7800,Paige Russell,NULL,04/07/2013
21581,NULL,19785,Rachel Russell,NULL,09/07/2013
27633,NULL,13804,Richard Russell,NULL,12/12/2013
18539,NULL,7386,Riley Russell,NULL,28/05/2014
22875,NULL,6166,Robert Russell,NULL,13/09/2013
26799,NULL,6572,Ryan Russell,NULL,16/04/2014
11211,NULL,12549,Samantha Russell,NULL,09/06/2014
11652,NULL,6017,Samuel Russell,NULL,20/05/2014
16775,NULL,12647,Sarah Russell,NULL,19/02/2014
25138,NULL,13989,Seth Russell,NULL,19/12/2013
11302,NULL,13173,Spencer Russell,NULL,05/07/2013
20255,NULL,3141,Stephanie Russell,NULL,13/07/2013
19760,NULL,2906,Sydney Russell,NULL,26/10/2013
16255,NULL,3606,Taylor Russell,NULL,17/09/2013
22338,NULL,5714,Thomas Russell,NULL,05/07/2013
16719,NULL,12849,Trevor Russell,NULL,21/03/2014
25003,NULL,12888,Tristan Russell,NULL,16/11/2013
12917,NULL,7422,Vanessa Russell,NULL,19/09/2013
11317,NULL,19474,Victoria Russell,NULL,21/07/2013
28598,NULL,13695,Wyatt Russell,NULL,02/09/2011
12964,NULL,13434,Xavier Russell,NULL,18/04/2014
18498,NULL,7038,Zachary Russell,NULL,08/02/2014
22706,NULL,1714,Andy Ruth,NULL,18/06/2014
23079,NULL,1715,Justine Ryan,NULL,07/12/2013
23605,NULL,1716,Deanna Sabella,NULL,01/05/2014
23746,NULL,1717,Lane Sacksteder,NULL,02/03/2014
24075,NULL,1718,Peter Saddow,NULL,23/03/2014
11101,NULL,17810,Abby Sai,NULL,29/11/2013
16405,NULL,3147,Adriana Sai,NULL,16/07/2013
27781,NULL,15846,Allen Sai,NULL,27/01/2014
27372,NULL,16052,Andre Sai,NULL,01/06/2014
27339,NULL,7244,Ann Sai,NULL,03/09/2013
20896,NULL,10902,Arthur Sai,NULL,13/03/2014
22907,NULL,3745,Barry Sai,NULL,25/04/2014
21694,NULL,16001,Bobby Sai,NULL,14/02/2014
12851,NULL,18842,Brandy Sai,NULL,28/04/2014
12393,NULL,15357,Brenda Sai,NULL,27/02/2014
19251,NULL,19498,Brett Sai,NULL,06/01/2014
22194,NULL,10804,Bruce Sai,NULL,28/04/2014
22577,NULL,3915,Bryant Sai,NULL,29/11/2013
17975,NULL,15405,Candace Sai,NULL,12/07/2013
28110,NULL,19613,Cassandra Sai,NULL,12/08/2013
18243,NULL,3808,Cesar Sai,NULL,09/06/2013
14845,NULL,18935,Chelsea Sai,NULL,19/07/2013
11547,NULL,7298,Cindy Sai,NULL,28/12/2013
25128,NULL,4080,Clifford Sai,NULL,24/01/2014
12501,NULL,19326,Cory Sai,NULL,09/02/2014
14924,NULL,19729,Cynthia Sai,NULL,13/08/2013
25457,NULL,10171,Darren Sai,NULL,12/05/2014
18008,NULL,9736,Deanna Sai,NULL,08/03/2014
26223,NULL,8227,Dominic Sai,NULL,25/02/2014
28908,NULL,7473,Dominique Sai,NULL,04/07/2013
20833,NULL,19416,Douglas Sai,NULL,02/11/2013
16259,NULL,9632,Ebony Sai,NULL,10/05/2014
11879,NULL,8124,Edgar Sai,NULL,04/04/2014
23417,NULL,7960,Emmanuel Sai,NULL,28/08/2013
11484,NULL,2965,Erick Sai,NULL,30/08/2013
20415,NULL,3096,Evelyn Sai,NULL,13/01/2014
18766,NULL,16690,Francisco Sai,NULL,19/05/2014
20991,NULL,7861,Frederick Sai,NULL,27/09/2013
23549,NULL,20192,George Sai,NULL,29/10/2013
27894,NULL,11839,Gerald Sai,NULL,20/03/2014
11026,NULL,2857,Harold Sai,NULL,17/03/2014
22737,NULL,15250,Heidi Sai,NULL,13/11/2013
26769,NULL,19577,Holly Sai,NULL,02/02/2014
17300,NULL,8177,Ivan Sai,NULL,04/11/2013
27838,NULL,18276,Janelle Sai,NULL,26/04/2014
23427,NULL,10270,Jay Sai,NULL,06/05/2014
14934,NULL,8010,Jermaine Sai,NULL,22/04/2014
22518,NULL,15301,Jillian Sai,NULL,17/04/2014
11571,NULL,20074,Joel Sai,NULL,20/08/2013
24812,NULL,15889,Johnathan Sai,NULL,03/11/2013
14529,NULL,3213,Kaitlin Sai,NULL,24/05/2014
14231,NULL,10485,Kari Sai,NULL,25/12/2013
15665,NULL,10686,Kristi Sai,NULL,31/03/2014
26957,NULL,19694,Kristina Sai,NULL,13/05/2014
17761,NULL,16098,Kristopher Sai,NULL,21/10/2013
16349,NULL,7910,Levi Sai,NULL,20/05/2014
13968,NULL,3435,Lydia Sai,NULL,24/05/2014
25661,NULL,15923,Manuel Sai,NULL,12/04/2014
24840,NULL,3858,Marco Sai,NULL,13/05/2014
24582,NULL,10042,Marie Sai,NULL,12/11/2013
21221,NULL,16737,Martin Sai,NULL,29/12/2013
20897,NULL,3384,Mayra Sai,NULL,22/03/2014
14140,NULL,7194,Meagan Sai,NULL,03/12/2013
14139,NULL,10588,Meredith Sai,NULL,26/11/2013
22836,NULL,10147,Michele Sai,NULL,10/05/2014
14683,NULL,16135,Molly Sai,NULL,27/02/2014
29055,NULL,19541,Monica Sai,NULL,31/10/2013
23440,NULL,15456,Nancy Sai,NULL,20/12/2013
23848,NULL,15536,Pamela Sai,NULL,03/04/2014
28444,NULL,11644,Pedro Sai,NULL,20/08/2013
13563,NULL,20158,Phillip Sai,NULL,08/01/2014
17046,NULL,3969,Preston Sai,NULL,28/09/2013
11912,NULL,15494,Rachael Sai,NULL,24/04/2014
13750,NULL,19460,Raymond Sai,NULL,08/11/2013
25536,NULL,9840,Rebekah Sai,NULL,16/06/2014
21192,NULL,7648,Regina Sai,NULL,20/01/2014
13643,NULL,20115,Ronald Sai,NULL,04/05/2014
21966,NULL,11753,Ross Sai,NULL,28/04/2014
16038,NULL,11100,Roy Sai,NULL,12/05/2014
19276,NULL,11199,Ruben Sai,NULL,28/05/2014
24461,NULL,3266,Ruth Sai,NULL,02/11/2013
12473,NULL,7810,Sergio Sai,NULL,30/11/2013
29374,NULL,19370,Shane Sai,NULL,04/05/2014
13675,NULL,4029,Stanley Sai,NULL,10/04/2014
22855,NULL,3031,Summer Sai,NULL,30/04/2014
25741,NULL,10371,Tabitha Sai,NULL,04/08/2013
12718,NULL,7416,Tammy Sai,NULL,14/04/2014
19106,NULL,8056,Terrance Sai,NULL,12/10/2013
15425,NULL,16189,Tina Sai,NULL,15/02/2014
18459,NULL,3328,Toni Sai,NULL,01/11/2013
16515,NULL,15798,Troy Sai,NULL,18/08/2013
16509,NULL,18975,Veronica Sai,NULL,09/04/2014
27222,NULL,7591,Virginia Sai,NULL,18/07/2013
12636,NULL,18890,Tamer Salah,NULL,14/12/2013
11964,NULL,1719,Sharon Salavaria,NULL,09/01/2014
12741,NULL,1721,Raymond Sam,NULL,10/09/2013
12873,NULL,1722,Mandar Samant,NULL,19/03/2014
19966,NULL,18123,Abby Sanchez,NULL,07/11/2013
28192,NULL,3913,Abigail Sanchez,NULL,23/03/2014
13179,NULL,15272,Adrian Sanchez,NULL,15/05/2014
27908,NULL,3193,Adriana Sanchez,NULL,28/10/2013
13101,NULL,15235,Alex Sanchez,NULL,18/12/2013
19127,NULL,9512,Alexa Sanchez,NULL,17/09/2013
12905,NULL,2760,Alexandra Sanchez,NULL,14/01/2014
27644,NULL,9532,Alexandria Sanchez,NULL,18/02/2014
16667,NULL,9505,Allison Sanchez,NULL,23/06/2014
20037,NULL,20110,Alyssa Sanchez,NULL,29/06/2013
15595,NULL,16084,Andre Sanchez,NULL,07/03/2014
22787,NULL,9506,Andrea Sanchez,NULL,05/12/2013
25431,NULL,7277,Ann Sanchez,NULL,05/04/2014
23710,NULL,3613,Anna Sanchez,NULL,16/01/2014
11654,NULL,9515,Ariana Sanchez,NULL,24/09/2013
27809,NULL,8973,Arianna Sanchez,NULL,18/12/2013
23912,NULL,10933,Arthur Sanchez,NULL,04/04/2014
19115,NULL,9494,Bailey Sanchez,NULL,08/04/2014
25479,NULL,16033,Bobby Sanchez,NULL,19/03/2014
12522,NULL,18873,Brandy Sanchez,NULL,13/03/2014
25656,NULL,15390,Brenda Sanchez,NULL,17/09/2013
12608,NULL,19531,Brett Sanchez,NULL,25/02/2014
20931,NULL,15253,Brian Sanchez,NULL,10/05/2014
12378,NULL,19183,Brianna Sanchez,NULL,25/12/2013
21162,NULL,9519,Brooke Sanchez,NULL,25/02/2014
18036,NULL,10834,Bruce Sanchez,NULL,28/08/2013
14936,NULL,15267,Bryan Sanchez,NULL,15/01/2014
13113,NULL,3948,Bryant Sanchez,NULL,06/04/2014
22080,NULL,9516,Caitlin Sanchez,NULL,30/04/2014
21567,NULL,15437,Candace Sanchez,NULL,28/03/2014
18274,NULL,7571,Carla Sanchez,NULL,28/03/2014
17570,NULL,15231,Carlos Sanchez,NULL,29/07/2013
24105,NULL,9973,Carolyn Sanchez,NULL,16/08/2013
13508,NULL,19648,Cassandra Sanchez,NULL,07/07/2013
13698,NULL,9507,Catherine Sanchez,NULL,23/07/2013
14112,NULL,15274,Charles Sanchez,NULL,03/11/2013
17336,NULL,15257,Chase Sanchez,NULL,28/07/2013
22086,NULL,18963,Chelsea Sanchez,NULL,12/11/2013
16151,NULL,20228,Chloe Sanchez,NULL,03/04/2014
14546,NULL,9514,Christina Sanchez,NULL,03/06/2014
11288,NULL,7340,Cindy Sanchez,NULL,21/01/2014
21188,NULL,4116,Clifford Sanchez,NULL,30/10/2013
24794,NULL,15273,Cody Sanchez,NULL,19/03/2014
12405,NULL,15262,Cole Sanchez,NULL,09/06/2014
23662,NULL,19756,Cynthia Sanchez,NULL,03/03/2014
15986,NULL,15290,Dalton Sanchez,NULL,14/12/2013
23809,NULL,9509,Danielle Sanchez,NULL,12/02/2014
12502,NULL,10196,Darren Sanchez,NULL,07/02/2014
16703,NULL,16269,Denise Sanchez,NULL,06/07/2013
27600,NULL,19999,Destiny Sanchez,NULL,19/03/2014
14369,NULL,15277,Devin Sanchez,NULL,06/12/2013
21072,NULL,8258,Dominic Sanchez,NULL,14/08/2013
12208,NULL,7512,Dominique Sanchez,NULL,16/09/2013
22598,NULL,20060,Donald Sanchez,NULL,26/10/2013
25521,NULL,19444,Douglas Sanchez,NULL,18/07/2013
11604,NULL,8166,Edgar Sanchez,NULL,18/03/2014
13715,NULL,15279,Eduardo Sanchez,NULL,14/02/2014
11774,NULL,19480,Emma Sanchez,NULL,13/11/2013
21856,NULL,7995,Emmanuel Sanchez,NULL,22/03/2014
11732,NULL,3007,Erick Sanchez,NULL,15/01/2014
29254,NULL,9527,Erin Sanchez,NULL,17/12/2011
18563,NULL,15236,Evan Sanchez,NULL,27/04/2014
27049,NULL,8980,Faith Sanchez,NULL,03/10/2013
21172,NULL,16721,Francisco Sanchez,NULL,12/08/2013
23406,NULL,7894,Frederick Sanchez,NULL,19/07/2013
25492,NULL,9496,Gabriella Sanchez,NULL,23/12/2013
15885,NULL,15269,Garrett Sanchez,NULL,27/09/2013
18398,NULL,8310,Geoffrey Sanchez,NULL,12/05/2014
12680,NULL,20221,George Sanchez,NULL,17/02/2014
24144,NULL,10749,Gerald Sanchez,NULL,16/03/2014
12080,NULL,19585,Grace Sanchez,NULL,31/08/2013
20276,NULL,3372,Haley Sanchez,NULL,07/06/2014
25257,NULL,2898,Harold Sanchez,NULL,06/12/2013
28438,NULL,15287,Heidi Sanchez,NULL,06/05/2014
26968,NULL,15990,Henry Sanchez,NULL,16/02/2014
14329,NULL,19601,Holly Sanchez,NULL,30/06/2013
17399,NULL,15282,Ian Sanchez,NULL,02/04/2014
23007,NULL,15245,Isaac Sanchez,NULL,06/09/2013
27055,NULL,20752,Isabella Sanchez,NULL,20/08/2013
12947,NULL,15233,Isaiah Sanchez,NULL,28/03/2014
23703,NULL,8975,Jacqueline Sanchez,NULL,14/03/2014
26540,NULL,9499,Jada Sanchez,NULL,05/02/2014
15319,NULL,9528,Jade Sanchez,NULL,01/07/2013
12281,NULL,18590,Janelle Sanchez,NULL,03/09/2013
25850,NULL,15266,Jared Sanchez,NULL,25/10/2013
18880,NULL,2948,Jarrod Sanchez,NULL,16/03/2014
28047,NULL,10298,Jay Sanchez,NULL,18/07/2011
27203,NULL,20440,Jennifer Sanchez,NULL,19/03/2014
22265,NULL,15292,Jeremiah Sanchez,NULL,10/08/2013
25684,NULL,8040,Jermaine Sanchez,NULL,12/03/2014
12623,NULL,15247,Jesse Sanchez,NULL,07/03/2014
27667,NULL,3462,Jessica Sanchez,NULL,30/04/2014
16552,NULL,11032,Joe Sanchez,NULL,18/04/2014
18468,NULL,20104,Joel Sanchez,NULL,05/06/2013
24411,NULL,15909,Johnathan Sanchez,NULL,22/08/2013
19867,NULL,15258,Juan Sanchez,NULL,29/09/2013
28003,NULL,20338,Julia Sanchez,NULL,23/07/2013
12261,NULL,3250,Kaitlin Sanchez,NULL,21/01/2014
26497,NULL,20550,Karen Sanchez,NULL,02/03/2014
19262,NULL,10521,Kari Sanchez,NULL,15/07/2013
11290,NULL,9500,Katelyn Sanchez,NULL,29/06/2013
24399,NULL,2914,Katherine Sanchez,NULL,28/08/2013
28362,NULL,9504,Kaylee Sanchez,NULL,19/09/2011
13935,NULL,9520,Kimberly Sanchez,NULL,02/08/2013
27074,NULL,10721,Kristi Sanchez,NULL,05/02/2014
17759,NULL,16122,Kristopher Sanchez,NULL,11/11/2013
12082,NULL,3690,Lauren Sanchez,NULL,25/08/2013
27745,NULL,7944,Levi Sanchez,NULL,08/06/2013
23351,NULL,15285,Lucas Sanchez,NULL,16/10/2013
12579,NULL,3458,Lydia Sanchez,NULL,13/03/2014
19007,NULL,9495,Mackenzie Sanchez,NULL,04/02/2014
13020,NULL,1724,Madalena Sanchez,NULL,18/05/2014
22140,NULL,9522,Makayla Sanchez,NULL,27/05/2014
15126,NULL,15947,Manuel Sanchez,NULL,30/03/2014
19220,NULL,9530,Mariah Sanchez,NULL,15/06/2014
22924,NULL,10080,Marie Sanchez,NULL,14/07/2013
21631,NULL,15780,Martin Sanchez,NULL,14/12/2013
28800,NULL,15240,Mason Sanchez,NULL,09/04/2014
26882,NULL,3417,Mayra Sanchez,NULL,25/09/2013
14188,NULL,7228,Meagan Sanchez,NULL,20/12/2013
11042,NULL,19075,Megan Sanchez,NULL,19/03/2014
13264,NULL,9531,Melanie Sanchez,NULL,09/03/2014
11880,NULL,8983,Melissa Sanchez,NULL,05/04/2014
19920,NULL,10620,Meredith Sanchez,NULL,22/07/2013
23543,NULL,8989,Michele Sanchez,NULL,20/01/2014
26569,NULL,9518,Michelle Sanchez,NULL,14/05/2014
12118,NULL,19567,Miguel Sanchez,NULL,28/12/2013
14811,NULL,16171,Molly Sanchez,NULL,17/08/2013
12262,NULL,20649,Morgan Sanchez,NULL,31/08/2013
22207,NULL,15485,Nancy Sanchez,NULL,29/05/2014
18958,NULL,2680,Natalie Sanchez,NULL,07/06/2013
22810,NULL,15256,Nathaniel Sanchez,NULL,24/05/2014
14874,NULL,19885,Nicole Sanchez,NULL,08/02/2014
14278,NULL,19292,Olivia Sanchez,NULL,24/01/2014
22384,NULL,8979,Paige Sanchez,NULL,25/11/2013
20879,NULL,15569,Pamela Sanchez,NULL,22/02/2014
24382,NULL,15252,Patrick Sanchez,NULL,26/12/2013
12506,NULL,4008,Preston Sanchez,NULL,14/07/2013
26811,NULL,15523,Rachael Sanchez,NULL,11/12/2012
26730,NULL,19681,Rachel Sanchez,NULL,09/03/2014
11548,NULL,19486,Raymond Sanchez,NULL,13/04/2014
24933,NULL,7682,Regina Sanchez,NULL,31/08/2013
27406,NULL,15280,Richard Sanchez,NULL,09/03/2014
26491,NULL,8985,Riley Sanchez,NULL,22/01/2014
20671,NULL,20146,Ronald Sanchez,NULL,19/09/2013
28310,NULL,11784,Ross Sanchez,NULL,09/04/2014
21035,NULL,11136,Roy Sanchez,NULL,06/04/2014
13688,NULL,11231,Ruben Sanchez,NULL,29/11/2013
20581,NULL,3303,Ruth Sanchez,NULL,03/04/2014
28378,NULL,9497,Sara Sanchez,NULL,23/05/2014
12927,NULL,9502,Savannah Sanchez,NULL,23/12/2013
12452,NULL,15248,Sean Sanchez,NULL,31/12/2013
11736,NULL,15260,Sebastian Sanchez,NULL,06/05/2014
17093,NULL,15286,Seth Sanchez,NULL,30/04/2014
17183,NULL,19405,Shane Sanchez,NULL,16/01/2014
16021,NULL,9524,Shelby Sanchez,NULL,27/11/2013
16411,NULL,4062,Stanley Sanchez,NULL,02/10/2013
17867,NULL,3066,Stephanie Sanchez,NULL,04/06/2014
18082,NULL,15270,Steven Sanchez,NULL,10/04/2014
17553,NULL,3065,Summer Sanchez,NULL,24/04/2014
21415,NULL,2831,Sydney Sanchez,NULL,13/03/2014
27408,NULL,10408,Tabitha Sanchez,NULL,03/02/2014
28518,NULL,7455,Tammy Sanchez,NULL,31/12/2013
19584,NULL,8102,Terrance Sanchez,NULL,04/09/2013
13228,NULL,1725,Thomas Sanchez,NULL,26/12/2013
13932,NULL,15251,Timothy Sanchez,NULL,08/04/2014
27527,NULL,16224,Tina Sanchez,NULL,22/03/2014
12660,NULL,3369,Toni Sanchez,NULL,02/05/2014
26279,NULL,9525,Trinity Sanchez,NULL,26/04/2013
25559,NULL,15829,Troy Sanchez,NULL,17/03/2014
12458,NULL,19005,Veronica Sanchez,NULL,04/02/2014
15306,NULL,19378,Victoria Sanchez,NULL,04/06/2014
16899,NULL,18923,Whitney Sanchez,NULL,16/11/2013
22993,NULL,15288,Xavier Sanchez,NULL,25/01/2014
14396,NULL,9510,Zoe Sanchez,NULL,17/12/2013
17655,NULL,9534,Angela Sánchez,NULL,26/04/2014
23988,NULL,3843,Cesar Sánchez,NULL,05/11/2013
13512,NULL,1726,Ken Sánchez,NULL,06/01/2014
15670,NULL,7850,Sergio Sánchez,NULL,19/05/2014
12494,NULL,17913,Abby Sandberg,NULL,24/03/2014
11956,NULL,8063,Alexandria Sandberg,NULL,01/11/2013
21535,NULL,2832,Alfredo Sandberg,NULL,15/04/2014
15628,NULL,19232,Brianna Sandberg,NULL,19/03/2014
21904,NULL,14245,Chase Sandberg,NULL,06/02/2014
21009,NULL,14641,Clinton Sandberg,NULL,07/05/2014
14616,NULL,19530,Emma Sandberg,NULL,07/12/2013
13350,NULL,14231,Isaac Sandberg,NULL,30/06/2014
21429,NULL,2465,Isabella Sandberg,NULL,20/05/2014
12241,NULL,6330,Kristine Sandberg,NULL,20/11/2013
13566,NULL,1727,Mikael Sandberg,NULL,23/11/2013
12077,NULL,19942,Nicole Sandberg,NULL,20/06/2014
23075,NULL,9924,Rebekah Sandberg,NULL,05/10/2013
21701,NULL,3949,Abigail Sanders,NULL,08/11/2013
19283,NULL,14256,Adrian Sanders,NULL,24/04/2014
21247,NULL,14227,Alex Sanders,NULL,06/03/2014
21741,NULL,8044,Alexa Sanders,NULL,02/08/2013
25911,NULL,2793,Alexandra Sanders,NULL,29/08/2012
18852,NULL,8033,Allison Sanders,NULL,07/02/2014
25007,NULL,20169,Alyssa Sanders,NULL,25/09/2013
20180,NULL,3021,Amanda Sanders,NULL,03/06/2013
27917,NULL,8038,Andrea Sanders,NULL,21/07/2011
16219,NULL,14223,Angel Sanders,NULL,09/11/2013
13309,NULL,8065,Angela Sanders,NULL,19/09/2013
20017,NULL,3652,Anna Sanders,NULL,27/05/2014
27525,NULL,8047,Ariana Sanders,NULL,08/08/2013
22859,NULL,8067,Arianna Sanders,NULL,15/12/2013
16809,NULL,8017,Bailey Sanders,NULL,18/03/2014
18668,NULL,14241,Brian Sanders,NULL,26/06/2014
11198,NULL,8052,Brooke Sanders,NULL,16/07/2013
17592,NULL,14252,Bryan Sanders,NULL,25/04/2014
16088,NULL,14242,Bryce Sanders,NULL,21/10/2013
29233,NULL,8050,Caitlin Sanders,NULL,25/03/2014
20127,NULL,14222,Carlos Sanders,NULL,12/09/2013
19889,NULL,8039,Catherine Sanders,NULL,26/03/2014
21967,NULL,14260,Charles Sanders,NULL,02/05/2014
23137,NULL,20277,Chloe Sanders,NULL,24/08/2013
22310,NULL,8046,Christina Sanders,NULL,24/11/2013
28016,NULL,14258,Cody Sanders,NULL,12/03/2014
23969,NULL,14250,Cole Sanders,NULL,14/12/2013
24739,NULL,14277,Dalton Sanders,NULL,07/01/2014
15358,NULL,8041,Danielle Sanders,NULL,09/05/2014
24308,NULL,20053,Destiny Sanders,NULL,28/05/2014
12014,NULL,14263,Devin Sanders,NULL,29/10/2013
20011,NULL,14264,Eduardo Sanders,NULL,25/05/2014
11310,NULL,8059,Erin Sanders,NULL,26/05/2014
15506,NULL,14229,Evan Sanders,NULL,07/05/2014
11906,NULL,8021,Gabriella Sanders,NULL,12/12/2013
17878,NULL,3327,Gabrielle Sanders,NULL,09/04/2014
13737,NULL,14253,Garrett Sanders,NULL,01/12/2013
19647,NULL,3176,Hailey Sanders,NULL,18/05/2014
25900,NULL,3406,Haley Sanders,NULL,18/10/2013
17275,NULL,14272,Ian Sanders,NULL,10/08/2013
25873,NULL,14224,Isaiah Sanders,NULL,05/04/2014
23198,NULL,8068,Jacqueline Sanders,NULL,01/09/2013
12759,NULL,8024,Jada Sanders,NULL,26/11/2013
21798,NULL,8060,Jade Sanders,NULL,13/04/2014
25529,NULL,14251,Jared Sanders,NULL,27/07/2013
22046,NULL,19837,Jasmine Sanders,NULL,05/09/2013
12922,NULL,20486,Jennifer Sanders,NULL,29/03/2014
23061,NULL,14278,Jeremiah Sanders,NULL,10/08/2013
20758,NULL,14233,Jesse Sanders,NULL,19/09/2013
17650,NULL,3500,Jessica Sanders,NULL,11/04/2014
20432,NULL,14246,Juan Sanders,NULL,09/04/2014
27553,NULL,20379,Julia Sanders,NULL,01/05/2013
27479,NULL,20596,Kaitlyn Sanders,NULL,28/08/2013
12181,NULL,8027,Katelyn Sanders,NULL,12/08/2013
23205,NULL,2947,Katherine Sanders,NULL,09/10/2013
20221,NULL,8031,Kaylee Sanders,NULL,15/11/2013
13196,NULL,8053,Kimberly Sanders,NULL,10/03/2014
24994,NULL,19019,Lauren Sanders,NULL,30/06/2013
26802,NULL,14273,Lucas Sanders,NULL,01/12/2013
13703,NULL,8020,Mackenzie Sanders,NULL,06/10/2013
21761,NULL,8054,Makayla Sanders,NULL,16/12/2013
13186,NULL,14266,Marcus Sanders,NULL,09/10/2013
25152,NULL,3254,Maria Sanders,NULL,17/08/2013
13468,NULL,8061,Mariah Sanders,NULL,19/11/2013
23459,NULL,14230,Mason Sanders,NULL,20/02/2014
15376,NULL,19121,Megan Sanders,NULL,03/04/2014
16205,NULL,8062,Melanie Sanders,NULL,13/04/2014
24284,NULL,8071,Melissa Sanders,NULL,09/04/2014
20769,NULL,8051,Michelle Sanders,NULL,13/10/2013
22226,NULL,20701,Morgan Sanders,NULL,18/08/2013
28554,NULL,2720,Natalie Sanders,NULL,01/03/2014
14619,NULL,14243,Nathaniel Sanders,NULL,24/03/2014
25287,NULL,8069,Paige Sanders,NULL,28/10/2013
14444,NULL,14239,Patrick Sanders,NULL,24/11/2013
22266,NULL,19734,Rachel Sanders,NULL,26/11/2013
21511,NULL,14265,Richard Sanders,NULL,16/12/2013
24410,NULL,8023,Sara Sanders,NULL,10/04/2014
14892,NULL,8029,Savannah Sanders,NULL,16/03/2014
14341,NULL,14236,Sean Sanders,NULL,24/06/2014
18857,NULL,14249,Sebastian Sanders,NULL,22/05/2014
16750,NULL,14275,Seth Sanders,NULL,21/08/2013
27735,NULL,8057,Shelby Sanders,NULL,26/06/2014
19746,NULL,3099,Stephanie Sanders,NULL,12/04/2014
29152,NULL,14254,Steven Sanders,NULL,18/08/2012
27073,NULL,2866,Sydney Sanders,NULL,10/02/2014
24655,NULL,3576,Taylor Sanders,NULL,20/02/2014
22073,NULL,14238,Timothy Sanders,NULL,23/10/2013
26804,NULL,8058,Trinity Sanders,NULL,24/11/2013
29078,NULL,19422,Victoria Sanders,NULL,18/01/2014
16721,NULL,14276,Xavier Sanders,NULL,24/06/2014
24825,NULL,8042,Zoe Sanders,NULL,15/02/2014
14016,NULL,1728,Mary Sandidge,NULL,05/02/2014
19197,NULL,13800,Briana Sandoval,NULL,17/04/2014
22634,NULL,14390,Giraldo Sandoval,NULL,25/05/2014
14143,NULL,15117,Jill Sandoval,NULL,19/06/2014
14063,NULL,1729,Patrick Sands,NULL,02/01/2014
12903,NULL,1723,John Sandstone,NULL,08/12/2013
16298,NULL,7137,Adrienne Sanz,NULL,03/03/2014
20161,NULL,14931,Albert Sanz,NULL,26/11/2013
20924,NULL,6646,Alberto Sanz,NULL,28/11/2013
27688,NULL,10979,Arthur Sanz,NULL,30/06/2013
21315,NULL,6050,Audrey Sanz,NULL,12/11/2013
14462,NULL,6111,Beth Sanz,NULL,17/02/2014
12812,NULL,18503,Brandi Sanz,NULL,16/10/2013
23117,NULL,10888,Bruce Sanz,NULL,20/09/2013
24799,NULL,19854,Byron Sanz,NULL,27/03/2014
25023,NULL,10026,Carolyn Sanz,NULL,17/09/2013
25534,NULL,19171,Casey Sanz,NULL,14/01/2014
14046,NULL,6215,Cheryl Sanz,NULL,16/01/2014
21993,NULL,19088,Craig Sanz,NULL,08/08/2013
29372,NULL,6262,Daisy Sanz,NULL,22/11/2013
20518,NULL,13881,Desiree Sanz,NULL,14/01/2014
15098,NULL,18680,Diana Sanz,NULL,25/12/2013
20153,NULL,15768,Diane Sanz,NULL,30/12/2013
22493,NULL,20673,Dwayne Sanz,NULL,26/06/2014
20711,NULL,9717,Ebony Sanz,NULL,26/10/2013
19580,NULL,6704,Eddie Sanz,NULL,08/05/2014
22464,NULL,19301,Erik Sanz,NULL,27/09/2013
22670,NULL,18726,Erika Sanz,NULL,14/08/2013
12577,NULL,2591,Francis Sanz,NULL,20/02/2014
20851,NULL,18356,Frank Sanz,NULL,17/09/2013
17060,NULL,10789,Gerald Sanz,NULL,14/02/2014
19179,NULL,16654,Gloria Sanz,NULL,08/04/2014
27344,NULL,14737,Hector Sanz,NULL,21/10/2013
19928,NULL,7088,Jaime Sanz,NULL,03/10/2013
26549,NULL,14681,Jamie Sanz,NULL,07/05/2014
17898,NULL,6273,Janet Sanz,NULL,19/12/2013
19932,NULL,13659,Javier Sanz,NULL,16/06/2014
28503,NULL,10359,Jay Sanz,NULL,13/05/2014
28538,NULL,7728,Jerome Sanz,NULL,24/01/2014
26933,NULL,5789,Jessie Sanz,NULL,01/09/2013
29313,NULL,18403,Jésus Sanz,NULL,09/04/2014
25810,NULL,15671,Jimmy Sanz,NULL,12/11/2013
25732,NULL,14002,Joanna Sanz,NULL,07/08/2013
12981,NULL,11078,Joe Sanz,NULL,25/09/2013
14983,NULL,12742,Juan Sanz,NULL,18/04/2014
21404,NULL,7026,Julio Sanz,NULL,03/02/2014
27341,NULL,10575,Kari Sanz,NULL,15/10/2013
16708,NULL,16209,Kellie Sanz,NULL,25/09/2013
17753,NULL,15173,Kendra Sanz,NULL,21/10/2013
27806,NULL,14248,Krista Sanz,NULL,22/07/2013
22284,NULL,14347,Kristy Sanz,NULL,30/06/2013
22573,NULL,14876,Lance Sanz,NULL,09/11/2013
14067,NULL,18460,Larry Sanz,NULL,16/01/2014
29384,NULL,6160,Latasha Sanz,NULL,14/11/2013
14030,NULL,14467,Lawrence Sanz,NULL,12/05/2014
13180,NULL,18543,Leslie Sanz,NULL,26/01/2014
22945,NULL,13835,Linda Sanz,NULL,20/08/2013
23865,NULL,14136,Lori Sanz,NULL,20/02/2014
14938,NULL,5984,Mallory Sanz,NULL,28/02/2014
13600,NULL,10129,Marie Sanz,NULL,03/12/2013
19612,NULL,6927,Marvin Sanz,NULL,23/10/2013
14557,NULL,14549,Mathew Sanz,NULL,25/06/2014
23908,NULL,2715,Max Sanz,NULL,29/04/2014
28352,NULL,18819,Meghan Sanz,NULL,08/12/2013
27381,NULL,14087,Miguel Sanz,NULL,20/04/2014
24273,NULL,13791,Monique Sanz,NULL,23/03/2014
12840,NULL,17597,Naomi Sanz,NULL,29/07/2013
14839,NULL,18774,Natasha Sanz,NULL,08/11/2013
22622,NULL,6878,Neil Sanz,NULL,27/01/2014
14056,NULL,19452,Nelson Sanz,NULL,20/06/2014
14309,NULL,19024,Orlando Sanz,NULL,06/04/2014
26430,NULL,15283,Paula Sanz,NULL,22/02/2014
18168,NULL,11734,Pedro Sanz,NULL,20/05/2014
17807,NULL,19216,Philip Sanz,NULL,03/03/2014
22539,NULL,14985,Randall Sanz,NULL,26/10/2013
17522,NULL,6595,Reginald Sanz,NULL,12/04/2014
14319,NULL,15033,Renee Sanz,NULL,07/05/2014
18251,NULL,15614,Ricky Sanz,NULL,06/07/2013
12510,NULL,14832,Roberto Sanz,NULL,20/02/2014
15087,NULL,13753,Robin Sanz,NULL,29/05/2014
22440,NULL,13292,Robyn Sanz,NULL,18/11/2013
16926,NULL,13707,Rodney Sanz,NULL,22/05/2014
11455,NULL,11827,Ross Sanz,NULL,31/10/2013
11917,NULL,11181,Roy Sanz,NULL,19/01/2014
19650,NULL,14193,Sabrina Sanz,NULL,17/05/2014
27950,NULL,20265,Shannon Sanz,NULL,08/04/2014
18438,NULL,14784,Sheila Sanz,NULL,25/03/2014
17496,NULL,10465,Tabitha Sanz,NULL,15/06/2014
18161,NULL,14046,Tanya Sanz,NULL,24/10/2013
16492,NULL,6768,Theodore Sanz,NULL,24/06/2014
28431,NULL,6829,Tyrone Sanz,NULL,21/01/2014
17295,NULL,19258,Victor Sanz,NULL,31/03/2014
18195,NULL,13617,Walter Sanz,NULL,29/04/2014
25389,NULL,13964,Wendy Sanz,NULL,16/10/2013
15146,NULL,3162,Adriana Sara,NULL,13/12/2013
13661,NULL,16063,Andre Sara,NULL,06/01/2014
23576,NULL,7254,Ann Sara,NULL,21/10/2013
23753,NULL,10912,Arthur Sara,NULL,24/09/2013
13965,NULL,3764,Barry Sara,NULL,22/05/2014
22311,NULL,10812,Bruce Sara,NULL,15/12/2013
21117,NULL,3922,Bryant Sara,NULL,21/01/2014
21380,NULL,15420,Candace Sara,NULL,02/10/2013
12582,NULL,8337,Carmen Sara,NULL,04/04/2014
20989,NULL,19625,Cassandra Sara,NULL,27/09/2013
22172,NULL,3824,Cesar Sara,NULL,24/10/2013
14204,NULL,18942,Chelsea Sara,NULL,30/06/2013
14930,NULL,7315,Cindy Sara,NULL,30/08/2013
24178,NULL,4087,Clifford Sara,NULL,04/02/2014
21105,NULL,19336,Cory Sara,NULL,10/10/2013
22316,NULL,9750,Deanna Sara,NULL,29/10/2013
13836,NULL,8241,Dominic Sara,NULL,24/11/2013
25114,NULL,20040,Donald Sara,NULL,16/01/2014
27170,NULL,19426,Douglas Sara,NULL,13/03/2014
24923,NULL,9641,Ebony Sara,NULL,19/10/2013
11104,NULL,8139,Edgar Sara,NULL,15/11/2013
25448,NULL,2980,Erick Sara,NULL,21/04/2014
16045,NULL,3111,Evelyn Sara,NULL,20/05/2014
12296,NULL,16701,Francisco Sara,NULL,27/03/2014
22651,NULL,7875,Frederick Sara,NULL,22/02/2014
26188,NULL,8292,Geoffrey Sara,NULL,19/02/2014
24247,NULL,20200,George Sara,NULL,01/02/2014
21716,NULL,11849,Gerald Sara,NULL,09/02/2014
22697,NULL,2874,Harold Sara,NULL,06/08/2013
19472,NULL,15261,Heidi Sara,NULL,11/08/2013
20892,NULL,15971,Henry Sara,NULL,09/03/2014
25090,NULL,8183,Ivan Sara,NULL,12/05/2014
20626,NULL,2918,Jarrod Sara,NULL,15/01/2014
13462,NULL,10276,Jay Sara,NULL,07/05/2014
25602,NULL,8019,Jermaine Sara,NULL,13/01/2014
26972,NULL,16107,Kristopher Sara,NULL,27/08/2013
12540,NULL,7922,Levi Sara,NULL,18/01/2014
14037,NULL,3444,Lydia Sara,NULL,23/09/2013
12611,NULL,15931,Manuel Sara,NULL,06/05/2014
15641,NULL,3870,Marco Sara,NULL,24/09/2013
22809,NULL,16748,Martin Sara,NULL,01/06/2014
19451,NULL,11653,Pedro Sara,NULL,15/07/2013
25116,NULL,20164,Phillip Sara,NULL,30/10/2013
16558,NULL,3980,Preston Sara,NULL,24/08/2013
25652,NULL,15506,Rachael Sara,NULL,02/02/2014
28455,NULL,19465,Raymond Sara,NULL,12/10/2013
27257,NULL,9847,Rebekah Sara,NULL,29/03/2013
25496,NULL,7659,Regina Sara,NULL,11/01/2014
19901,NULL,20128,Ronald Sara,NULL,15/03/2014
24367,NULL,11765,Ross Sara,NULL,15/04/2014
19566,NULL,11213,Ruben Sara,NULL,16/11/2013
25715,NULL,10386,Tabitha Sara,NULL,28/04/2014
13463,NULL,7429,Tammy Sara,NULL,15/04/2014
19255,NULL,8074,Terrance Sara,NULL,13/04/2014
24307,NULL,16200,Tina Sara,NULL,27/03/2014
14146,NULL,3346,Toni Sara,NULL,18/03/2014
22583,NULL,15807,Troy Sara,NULL,13/12/2013
27138,NULL,18983,Veronica Sara,NULL,21/02/2014
12220,NULL,7607,Virginia Sara,NULL,29/12/2013
21437,NULL,18900,Whitney Sara,NULL,25/05/2014
14207,NULL,1730,José Saraiva,NULL,17/11/2013
14974,NULL,1733,K. Saravan,NULL,23/05/2014
21089,NULL,10579,Yiroyuki Sato,NULL,12/09/2013
22205,NULL,16010,Bobby Saunders,NULL,20/12/2013
11946,NULL,18853,Brandy Saunders,NULL,24/05/2014
27954,NULL,15366,Brenda Saunders,NULL,21/01/2014
17983,NULL,14302,Carol Saunders,NULL,10/03/2014
24537,NULL,19738,Cynthia Saunders,NULL,01/08/2013
16221,NULL,10180,Darren Saunders,NULL,18/07/2013
29469,NULL,7486,Dominique Saunders,NULL,16/11/2013
16146,NULL,6378,Jacquelyn Saunders,NULL,19/03/2014
21178,NULL,15313,Jillian Saunders,NULL,12/01/2014
28684,NULL,9616,Kristi Saunders,NULL,02/02/2014
14689,NULL,1731,Lloyd Saunders,NULL,31/05/2014
14835,NULL,17132,Melody Saunders,NULL,09/11/2013
17513,NULL,14602,Micheal Saunders,NULL,13/06/2013
19565,NULL,19668,Patricia Saunders,NULL,28/10/2013
15107,NULL,11113,Roy Saunders,NULL,26/08/2013
27983,NULL,11290,Ruben Saunders,NULL,02/04/2014
14847,NULL,1732,Vadim Sazanovich,NULL,21/04/2014
15096,NULL,1734,Gary Schare,NULL,18/02/2014
15622,NULL,1735,Yvonne Schleger,NULL,02/03/2014
24704,NULL,15856,Allen Schmidt,NULL,30/06/2014
24813,NULL,6979,Armando Schmidt,NULL,13/09/2013
22434,NULL,15769,Billy Schmidt,NULL,20/03/2014
14406,NULL,17881,Carrie Schmidt,NULL,08/11/2013
25641,NULL,17836,Dana Schmidt,NULL,01/06/2013
28926,NULL,14779,Danny Schmidt,NULL,15/04/2014
20884,NULL,10252,Darren Schmidt,NULL,10/04/2014
25936,NULL,9823,Deanna Schmidt,NULL,28/04/2014
22605,NULL,19131,Derrick Schmidt,NULL,14/05/2014
16260,NULL,15074,Gina Schmidt,NULL,07/01/2014
12669,NULL,1720,Irving Schmidt,NULL,19/02/2014
22905,NULL,11010,Joe Schmidt,NULL,27/05/2014
22099,NULL,20080,Joel Schmidt,NULL,13/10/2013
26366,NULL,15897,Johnathan Schmidt,NULL,07/04/2014
13628,NULL,3224,Kaitlin Schmidt,NULL,26/02/2014
18751,NULL,10496,Kari Schmidt,NULL,18/07/2013
11733,NULL,10698,Kristi Schmidt,NULL,09/06/2014
12318,NULL,19703,Kristina Schmidt,NULL,08/08/2013
12808,NULL,15720,Marc Schmidt,NULL,29/05/2014
17884,NULL,3396,Mayra Schmidt,NULL,03/01/2014
18183,NULL,7204,Meagan Schmidt,NULL,09/02/2014
25499,NULL,10598,Meredith Schmidt,NULL,05/05/2014
21545,NULL,8965,Michele Schmidt,NULL,04/12/2013
20584,NULL,16146,Molly Schmidt,NULL,27/04/2014
12012,NULL,19550,Monica Schmidt,NULL,12/01/2014
11403,NULL,15467,Nancy Schmidt,NULL,28/10/2013
24375,NULL,15547,Pamela Schmidt,NULL,08/09/2013
28506,NULL,3277,Ruth Schmidt,NULL,30/03/2014
17922,NULL,19379,Shane Schmidt,NULL,07/03/2014
19035,NULL,4039,Stanley Schmidt,NULL,23/03/2014
20697,NULL,7366,Stefanie Schmidt,NULL,13/05/2014
15789,NULL,1736,Steve Schmidt,NULL,23/04/2014
21854,NULL,13923,Theresa Schmidt,NULL,01/04/2014
15807,NULL,1737,Scot Schulte,NULL,15/05/2014
15811,NULL,1738,Barbara Schultz,NULL,17/12/2013
16751,NULL,16591,Aaron Scott,NULL,20/12/2013
15863,NULL,16757,Adam Scott,NULL,14/12/2013
14348,NULL,16781,Alex Scott,NULL,23/12/2013
17386,NULL,10140,Alexandra Scott,NULL,13/11/2013
14497,NULL,10191,Allison Scott,NULL,01/11/2013
20652,NULL,10146,Amanda Scott,NULL,18/01/2014
17673,NULL,10164,Amber Scott,NULL,14/06/2014
13245,NULL,16776,Angel Scott,NULL,07/12/2013
12149,NULL,10173,Bailey Scott,NULL,10/06/2014
14638,NULL,4192,Blake Scott,NULL,20/05/2014
24936,NULL,16631,Caleb Scott,NULL,12/04/2014
17830,NULL,16770,Carlos Scott,NULL,25/12/2013
18505,NULL,10150,Carol Scott,NULL,23/06/2014
18863,NULL,4888,Charles Scott,NULL,22/05/2014
27078,NULL,10131,Chloe Scott,NULL,04/01/2013
21312,NULL,16652,Connor Scott,NULL,30/12/2013
14975,NULL,4500,Dalton Scott,NULL,06/04/2014
14253,NULL,5053,Eduardo Scott,NULL,11/11/2013
24315,NULL,3727,Edward Scott,NULL,16/10/2013
29035,NULL,16541,Elijah Scott,NULL,18/05/2014
28248,NULL,16763,Eric Scott,NULL,24/07/2013
23251,NULL,16783,Evan Scott,NULL,17/08/2013
22254,NULL,3887,Fernando Scott,NULL,15/06/2013
24321,NULL,16537,Gabriel Scott,NULL,08/05/2014
25378,NULL,10177,Gabriella Scott,NULL,24/07/2013
27061,NULL,10154,Gabrielle Scott,NULL,30/12/2013
13701,NULL,10156,Haley Scott,NULL,20/06/2014
25326,NULL,16720,Hunter Scott,NULL,06/12/2013
13856,NULL,4745,Ian Scott,NULL,19/07/2013
20365,NULL,16788,Isaac Scott,NULL,28/06/2014
26123,NULL,10137,Isabella Scott,NULL,13/07/2013
12051,NULL,16779,Isaiah Scott,NULL,31/10/2013
26510,NULL,16740,Jack Scott,NULL,29/10/2013
13759,NULL,16769,Jackson Scott,NULL,03/09/2013
29278,NULL,10181,Janet Scott,NULL,21/03/2014
22557,NULL,16558,Jason Scott,NULL,31/12/2013
14740,NULL,10166,Jenna Scott,NULL,04/02/2014
16154,NULL,10132,Jennifer Scott,NULL,11/12/2013
19402,NULL,4027,Jeremiah Scott,NULL,13/07/2013
14453,NULL,16549,Jesse Scott,NULL,24/12/2013
23224,NULL,16703,Jonathan Scott,NULL,05/07/2013
25420,NULL,10168,Jordan Scott,NULL,20/12/2013
15535,NULL,16736,Jordan Scott,NULL,02/02/2014
15250,NULL,16742,Jose Scott,NULL,05/10/2013
12159,NULL,10134,Kaitlyn Scott,NULL,17/06/2014
13446,NULL,10183,Katelyn Scott,NULL,19/11/2013
13380,NULL,10144,Katherine Scott,NULL,20/04/2014
21793,NULL,10189,Kaylee Scott,NULL,28/04/2014
11648,NULL,16534,Kevin Scott,NULL,02/02/2014
11419,NULL,16758,Kyle Scott,NULL,27/11/2013
26064,NULL,16708,Logan Scott,NULL,28/11/2013
11866,NULL,4821,Lucas Scott,NULL,27/09/2013
22280,NULL,16586,Luis Scott,NULL,17/10/2013
25676,NULL,10175,Mackenzie Scott,NULL,13/10/2013
23125,NULL,10159,Madeline Scott,NULL,01/01/2014
20700,NULL,4655,Marcus Scott,NULL,04/01/2014
18639,NULL,10153,Maria Scott,NULL,28/04/2014
25624,NULL,10162,Mary Scott,NULL,14/10/2013
23551,NULL,16785,Mason Scott,NULL,19/02/2014
18866,NULL,4115,Miguel Scott,NULL,14/05/2014
22163,NULL,10135,Morgan Scott,NULL,07/07/2013
18764,NULL,10138,Natalie Scott,NULL,20/12/2013
13887,NULL,16709,Nathan Scott,NULL,11/11/2013
12198,NULL,16732,Noah Scott,NULL,09/12/2013
21087,NULL,10157,Rebecca Scott,NULL,06/02/2014
20438,NULL,16738,Robert Scott,NULL,11/09/2013
23161,NULL,16719,Samuel Scott,NULL,31/01/2014
19317,NULL,10179,Sara Scott,NULL,16/09/2013
16929,NULL,10187,Savannah Scott,NULL,24/11/2013
24755,NULL,16554,Sean Scott,NULL,10/01/2014
21274,NULL,4347,Seth Scott,NULL,14/02/2014
23353,NULL,10160,Sophia Scott,NULL,02/03/2014
18518,NULL,10148,Stephanie Scott,NULL,24/05/2014
25187,NULL,10142,Sydney Scott,NULL,23/06/2014
19631,NULL,16561,Timothy Scott,NULL,03/11/2013
23039,NULL,3802,Wyatt Scott,NULL,16/10/2013
14764,NULL,4424,Xavier Scott,NULL,09/05/2014
16130,NULL,1739,Mike Seamans,NULL,11/02/2014
16603,NULL,1740,Scott Seely,NULL,12/01/2014
16621,NULL,1741,Birgit Seidel,NULL,12/02/2014
16737,NULL,1742,Steven Selikoff,NULL,17/02/2014
15084,NULL,7131,Adrienne Serrano,NULL,27/12/2013
13328,NULL,14921,Albert Serrano,NULL,07/12/2013
15800,NULL,6638,Alberto Serrano,NULL,29/04/2014
21258,NULL,2820,Alfredo Serrano,NULL,16/03/2014
22495,NULL,2756,Andy Serrano,NULL,04/01/2014
24244,NULL,14382,Anne Serrano,NULL,24/10/2013
18337,NULL,6043,Audrey Serrano,NULL,05/05/2014
24304,NULL,6104,Beth Serrano,NULL,18/03/2014
24080,NULL,15763,Billy Serrano,NULL,28/12/2013
21436,NULL,18496,Brandi Serrano,NULL,28/05/2014
23727,NULL,10881,Bruce Serrano,NULL,26/11/2013
17084,NULL,19784,Byron Serrano,NULL,10/03/2014
21918,NULL,9707,Carol Serrano,NULL,02/07/2013
17222,NULL,10019,Carolyn Serrano,NULL,14/12/2013
23786,NULL,17874,Carrie Serrano,NULL,10/12/2013
28887,NULL,19166,Casey Serrano,NULL,29/01/2014
24145,NULL,6204,Cheryl Serrano,NULL,04/06/2014
25154,NULL,14636,Clinton Serrano,NULL,25/05/2014
24187,NULL,6172,Daisy Serrano,NULL,13/01/2014
12678,NULL,17830,Dana Serrano,NULL,27/10/2013
24381,NULL,14772,Danny Serrano,NULL,28/04/2014
29196,NULL,10242,Darren Serrano,NULL,09/09/2013
15144,NULL,9819,Deanna Serrano,NULL,10/03/2014
16707,NULL,19126,Derrick Serrano,NULL,06/09/2013
19898,NULL,13871,Desiree Serrano,NULL,22/05/2014
28345,NULL,18671,Diana Serrano,NULL,10/11/2013
14857,NULL,15688,Diane Serrano,NULL,25/10/2013
16695,NULL,20603,Dwayne Serrano,NULL,01/04/2014
21041,NULL,6700,Eddie Serrano,NULL,07/07/2013
26976,NULL,19293,Erik Serrano,NULL,20/12/2013
12394,NULL,18718,Erika Serrano,NULL,14/11/2013
23547,NULL,2547,Francis Serrano,NULL,29/09/2013
23232,NULL,18350,Frank Serrano,NULL,06/09/2013
21021,NULL,19042,Gary Serrano,NULL,08/07/2013
27591,NULL,10783,Gerald Serrano,NULL,23/05/2014
22700,NULL,15068,Gina Serrano,NULL,18/12/2013
21556,NULL,16577,Gloria Serrano,NULL,13/02/2014
28308,NULL,14729,Hector Serrano,NULL,03/10/2013
21963,NULL,6366,Jacquelyn Serrano,NULL,05/10/2013
18159,NULL,7081,Jaime Serrano,NULL,25/06/2014
21457,NULL,14671,Jamie Serrano,NULL,27/02/2014
11577,NULL,6264,Janet Serrano,NULL,12/08/2013
20256,NULL,13650,Javier Serrano,NULL,17/12/2013
16474,NULL,10349,Jay Serrano,NULL,28/08/2013
17722,NULL,7720,Jerome Serrano,NULL,12/08/2013
20168,NULL,5697,Jessie Serrano,NULL,02/06/2014
12991,NULL,18395,Jésus Serrano,NULL,17/02/2014
24026,NULL,15108,Jill Serrano,NULL,10/11/2013
17632,NULL,15661,Jimmy Serrano,NULL,12/12/2013
26663,NULL,13994,Joanna Serrano,NULL,28/03/2014
20167,NULL,11071,Joe Serrano,NULL,25/02/2014
23954,NULL,14499,Jonathon Serrano,NULL,08/09/2013
14069,NULL,14225,Joy Serrano,NULL,26/05/2014
22334,NULL,12661,Juan Serrano,NULL,26/07/2013
20992,NULL,7019,Julio Serrano,NULL,05/09/2013
26905,NULL,10565,Kari Serrano,NULL,24/10/2013
15350,NULL,18584,Kathleen Serrano,NULL,23/01/2014
20722,NULL,16129,Kellie Serrano,NULL,17/10/2013
28462,NULL,15165,Kendra Serrano,NULL,26/08/2013
20616,NULL,9604,Kristi Serrano,NULL,03/12/2013
28940,NULL,6322,Kristine Serrano,NULL,25/08/2013
23355,NULL,14870,Lance Serrano,NULL,07/01/2014
21516,NULL,18452,Larry Serrano,NULL,13/05/2014
27268,NULL,6153,Latasha Serrano,NULL,06/04/2013
23915,NULL,14461,Lawrence Serrano,NULL,02/05/2014
25787,NULL,14420,Lee Serrano,NULL,08/12/2013
14014,NULL,18534,Leslie Serrano,NULL,04/04/2014
11071,NULL,13827,Linda Serrano,NULL,03/05/2014
17066,NULL,14125,Lori Serrano,NULL,03/03/2014
26751,NULL,5974,Mallory Serrano,NULL,16/03/2014
12811,NULL,15713,Marc Serrano,NULL,27/03/2014
14201,NULL,10122,Marie Serrano,NULL,16/04/2014
17316,NULL,6922,Marvin Serrano,NULL,30/04/2014
29186,NULL,14540,Mathew Serrano,NULL,17/02/2014
12010,NULL,2707,Max Serrano,NULL,06/01/2014
20391,NULL,18813,Meghan Serrano,NULL,11/07/2013
25681,NULL,14079,Melinda Serrano,NULL,31/07/2013
12016,NULL,10660,Meredith Serrano,NULL,01/11/2013
25629,NULL,14594,Micheal Serrano,NULL,22/09/2013
19483,NULL,9029,Michele Serrano,NULL,26/01/2014
28555,NULL,13784,Monique Serrano,NULL,01/03/2014
25916,NULL,17519,Naomi Serrano,NULL,16/02/2014
25563,NULL,18764,Natasha Serrano,NULL,07/03/2014
17076,NULL,6865,Neil Serrano,NULL,28/05/2014
26354,NULL,19382,Nelson Serrano,NULL,26/04/2014
19561,NULL,18951,Orlando Serrano,NULL,10/09/2013
26189,NULL,11726,Pedro Serrano,NULL,03/03/2014
27973,NULL,14980,Randall Serrano,NULL,26/04/2014
14130,NULL,9916,Rebekah Serrano,NULL,28/09/2013
13025,NULL,6588,Reginald Serrano,NULL,27/05/2014
15324,NULL,15022,Renee Serrano,NULL,19/05/2014
27938,NULL,15606,Ricky Serrano,NULL,12/12/2013
14979,NULL,13701,Rodney Serrano,NULL,02/11/2013
19767,NULL,11822,Ross Serrano,NULL,09/03/2014
16604,NULL,11173,Roy Serrano,NULL,27/03/2014
23916,NULL,11282,Ruben Serrano,NULL,30/01/2014
28553,NULL,14188,Sabrina Serrano,NULL,01/04/2014
18303,NULL,20194,Shannon Serrano,NULL,22/07/2013
21018,NULL,14714,Sheila Serrano,NULL,30/10/2013
24613,NULL,18625,Stacy Serrano,NULL,06/07/2013
28327,NULL,10455,Tabitha Serrano,NULL,18/07/2013
23750,NULL,14040,Tanya Serrano,NULL,10/07/2013
20759,NULL,15218,Teresa Serrano,NULL,20/11/2013
22631,NULL,6756,Theodore Serrano,NULL,08/06/2013
11284,NULL,13914,Theresa Serrano,NULL,02/10/2013
11360,NULL,6819,Tyrone Serrano,NULL,24/05/2014
12299,NULL,13609,Walter Serrano,NULL,11/04/2014
28465,NULL,13953,Wendy Serrano,NULL,10/08/2013
16936,NULL,1743,Alice Serventi,NULL,21/07/2013
17166,NULL,1744,Joshua Several,NULL,28/03/2014
18872,NULL,19250,Miguel Severino,NULL,22/03/2014
17326,NULL,1745,Paul Shakespear,NULL,01/04/2014
20730,NULL,5531,Aaron Shan,NULL,03/11/2013
28496,NULL,5272,Adam Shan,NULL,10/01/2014
27438,NULL,12541,Alejandro Shan,NULL,21/10/2013
27964,NULL,19789,Alicia Shan,NULL,04/10/2013
12276,NULL,12011,Alisha Shan,NULL,16/12/2013
16056,NULL,16651,Alison Shan,NULL,25/02/2014
13560,NULL,5074,Andres Shan,NULL,24/01/2014
11566,NULL,20542,April Shan,NULL,09/06/2014
22465,NULL,10464,Arturo Shan,NULL,21/09/2013
15633,NULL,8956,Ashlee Shan,NULL,21/10/2013
21465,NULL,6287,Austin Shan,NULL,12/06/2013
23566,NULL,6746,Benjamin Shan,NULL,05/03/2012
13973,NULL,17277,Bethany Shan,NULL,11/05/2014
12329,NULL,3697,Bonnie Shan,NULL,26/02/2014
19605,NULL,9393,Brad Shan,NULL,24/11/2013
21032,NULL,9343,Brendan Shan,NULL,14/04/2014
29338,NULL,8581,Bridget Shan,NULL,24/12/2013
15467,NULL,5584,Caleb Shan,NULL,29/05/2014
20811,NULL,9171,Calvin Shan,NULL,01/11/2013
24070,NULL,6337,Cameron Shan,NULL,10/03/2014
24919,NULL,16958,Carl Shan,NULL,02/10/2013
18631,NULL,4502,Carly Shan,NULL,06/05/2014
17782,NULL,16294,Casey Shan,NULL,15/12/2013
26838,NULL,8895,Cassie Shan,NULL,20/07/2013
23775,NULL,3959,Cedric Shan,NULL,18/09/2013
24621,NULL,20337,Chad Shan,NULL,22/10/2013
23084,NULL,6237,Christian Shan,NULL,19/11/2013
26895,NULL,19877,Christine Shan,NULL,27/11/2013
16551,NULL,11403,Christy Shan,NULL,27/04/2014
22408,NULL,7220,Clarence Shan,NULL,06/11/2013
13659,NULL,12645,Clayton Shan,NULL,05/11/2013
25921,NULL,13495,Colin Shan,NULL,02/04/2014
15150,NULL,12324,Colleen Shan,NULL,03/03/2014
18901,NULL,5628,Connor Shan,NULL,15/11/2013
14783,NULL,8735,Cristina Shan,NULL,22/02/2014
11362,NULL,13039,Damien Shan,NULL,24/02/2014
27345,NULL,9568,Darrell Shan,NULL,29/03/2014
18680,NULL,6693,David Shan,NULL,05/04/2014
19635,NULL,12220,Dawn Shan,NULL,28/04/2014
20624,NULL,8852,Deborah Shan,NULL,26/01/2014
19782,NULL,20247,Derek Shan,NULL,05/10/2013
25297,NULL,4321,Devon Shan,NULL,27/04/2014
17426,NULL,4654,Donna Shan,NULL,24/11/2013
23659,NULL,9221,Drew Shan,NULL,19/02/2014
23965,NULL,2563,Dustin Shan,NULL,30/09/2013
19677,NULL,7004,Dylan Shan,NULL,19/09/2013
12268,NULL,13194,Edwin Shan,NULL,16/09/2013
26795,NULL,5379,Elijah Shan,NULL,12/04/2014
26771,NULL,5322,Eric Shan,NULL,15/08/2013
12178,NULL,6536,Ethan Shan,NULL,02/08/2013
27718,NULL,8302,Franklin Shan,NULL,11/11/2013
27731,NULL,5884,Gabriel Shan,NULL,14/05/2014
22652,NULL,9392,Gilbert Shan,NULL,18/11/2013
26215,NULL,9283,Grant Shan,NULL,28/05/2014
20614,NULL,2587,Gregory Shan,NULL,11/12/2013
13031,NULL,6082,Hunter Shan,NULL,25/08/2013
24819,NULL,5227,Jack Shan,NULL,14/09/2013
27405,NULL,4832,Jackson Shan,NULL,01/04/2013
20828,NULL,12979,Jaclyn Shan,NULL,26/11/2013
22020,NULL,9452,Jaime Shan,NULL,26/02/2014
23495,NULL,6396,James Shan,NULL,14/03/2014
28971,NULL,5423,Jason Shan,NULL,09/07/2013
16706,NULL,11498,Jenny Shan,NULL,02/03/2014
19382,NULL,16898,Jerry Shan,NULL,22/06/2013
15095,NULL,4703,Jodi Shan,NULL,11/05/2014
11999,NULL,17056,Johnny Shan,NULL,02/01/2014
24151,NULL,12433,Jon Shan,NULL,30/01/2014
28299,NULL,6440,Jonathan Shan,NULL,15/09/2011
16207,NULL,5180,Jordan Shan,NULL,02/02/2014
20843,NULL,5682,Jose Shan,NULL,11/02/2014
13789,NULL,19956,Julie Shan,NULL,09/06/2013
11934,NULL,6648,Justin Shan,NULL,10/11/2013
11389,NULL,5144,Karl Shan,NULL,19/04/2014
19493,NULL,3503,Karla Shan,NULL,07/07/2013
12524,NULL,4599,Kate Shan,NULL,13/11/2013
28916,NULL,19917,Kathryn Shan,NULL,28/09/2013
12534,NULL,20616,Katie Shan,NULL,08/02/2014
27814,NULL,16340,Katrina Shan,NULL,16/08/2013
20996,NULL,20502,Keith Shan,NULL,12/09/2013
17843,NULL,12120,Kelli Shan,NULL,28/09/2013
12909,NULL,16513,Kelsey Shan,NULL,20/03/2014
24106,NULL,2795,Kelvin Shan,NULL,07/02/2014
18386,NULL,5833,Kevin Shan,NULL,12/05/2014
23416,NULL,20580,Kristin Shan,NULL,01/08/2013
18017,NULL,4152,Kurt Shan,NULL,20/07/2013
17261,NULL,5784,Kyle Shan,NULL,19/11/2013
14957,NULL,11291,Lacey Shan,NULL,16/11/2013
11397,NULL,16386,Latoya Shan,NULL,07/12/2013
25617,NULL,5207,Leonard Shan,NULL,21/01/2014
27186,NULL,19830,Lindsay Shan,NULL,11/04/2014
17852,NULL,20663,Lindsey Shan,NULL,08/09/2013
18677,NULL,5931,Logan Shan,NULL,09/10/2013
15295,NULL,13095,Louis Shan,NULL,12/11/2013
15841,NULL,5479,Luis Shan,NULL,02/02/2014
13365,NULL,5135,Luke Shan,NULL,11/02/2014
25271,NULL,16808,Mario Shan,NULL,28/01/2014
22803,NULL,11487,Marshall Shan,NULL,22/05/2014
11433,NULL,9067,Maurice Shan,NULL,14/02/2014
27323,NULL,8402,Michele Shan,NULL,06/07/2013
25117,NULL,4550,Mindy Shan,NULL,01/06/2014
20868,NULL,16468,Misty Shan,NULL,04/09/2013
27793,NULL,17138,Mitchell Shan,NULL,07/06/2014
27999,NULL,5987,Nathan Shan,NULL,12/04/2014
19461,NULL,16606,Nichole Shan,NULL,08/02/2014
28544,NULL,5266,Nicolas Shan,NULL,22/03/2014
18765,NULL,6136,Noah Shan,NULL,04/03/2014
26367,NULL,12750,Omar Shan,NULL,23/11/2013
24280,NULL,20418,Peter Shan,NULL,17/12/2013
13219,NULL,12864,Rafael Shan,NULL,07/03/2014
19485,NULL,9513,Raul Shan,NULL,11/05/2014
24210,NULL,17007,Ricardo Shan,NULL,25/08/2013
25068,NULL,6191,Robert Shan,NULL,15/03/2014
19500,NULL,16857,Russell Shan,NULL,23/08/2013
23068,NULL,6591,Ryan Shan,NULL,13/04/2014
21455,NULL,6032,Samuel Shan,NULL,12/10/2013
24211,NULL,8523,Sharon Shan,NULL,17/03/2014
24274,NULL,17094,Shaun Shan,NULL,30/03/2014
15101,NULL,20380,Shawn Shan,NULL,19/12/2013
27869,NULL,3574,Shawna Shan,NULL,25/03/2014
21565,NULL,8681,Sheena Shan,NULL,20/07/2013
22447,NULL,19996,Tara Shan,NULL,10/04/2014
15192,NULL,8628,Tasha Shan,NULL,10/03/2014
20907,NULL,4260,Terrence Shan,NULL,13/01/2014
27483,NULL,5735,Thomas Shan,NULL,17/05/2014
22614,NULL,4206,Tommy Shan,NULL,20/06/2013
16175,NULL,17184,Tony Shan,NULL,28/06/2014
14173,NULL,8463,Tonya Shan,NULL,25/10/2013
22661,NULL,16423,Tracy Shan,NULL,02/04/2014
21971,NULL,17282,Warren Shan,NULL,12/12/2013
19365,NULL,9118,Wayne Shan,NULL,23/05/2014
17098,NULL,13396,Willie Shan,NULL,18/06/2013
12702,NULL,3631,Yolanda Shan,NULL,09/03/2014
24359,NULL,6484,Zachary Shan,NULL,05/10/2013
11801,NULL,5529,Aaron Sharma,NULL,02/06/2014
15433,NULL,5270,Adam Sharma,NULL,03/05/2014
21940,NULL,12540,Alejandro Sharma,NULL,21/08/2013
19440,NULL,19787,Alicia Sharma,NULL,24/07/2013
21094,NULL,16650,Alison Sharma,NULL,07/04/2014
19586,NULL,5029,Alvin Sharma,NULL,02/09/2013
24230,NULL,5073,Andres Sharma,NULL,19/01/2014
17997,NULL,20540,April Sharma,NULL,18/09/2013
13648,NULL,10441,Arturo Sharma,NULL,24/05/2014
28664,NULL,8954,Ashlee Sharma,NULL,12/03/2014
29204,NULL,6286,Austin Sharma,NULL,07/12/2013
22421,NULL,11603,Barbara Sharma,NULL,06/11/2013
25856,NULL,6745,Benjamin Sharma,NULL,18/05/2014
25562,NULL,3696,Bonnie Sharma,NULL,28/03/2014
13545,NULL,9391,Brad Sharma,NULL,14/05/2014
23233,NULL,20295,Bradley Sharma,NULL,28/05/2014
22220,NULL,6944,Brandon Sharma,NULL,28/05/2014
22472,NULL,8579,Bridget Sharma,NULL,07/12/2013
19120,NULL,5582,Caleb Sharma,NULL,14/05/2014
25754,NULL,9167,Calvin Sharma,NULL,07/02/2014
17832,NULL,6336,Cameron Sharma,NULL,13/01/2014
21375,NULL,16954,Carl Sharma,NULL,02/08/2013
20777,NULL,4499,Carly Sharma,NULL,11/06/2014
12814,NULL,16291,Casey Sharma,NULL,28/09/2013
26978,NULL,8893,Cassie Sharma,NULL,12/02/2014
14060,NULL,3932,Cedric Sharma,NULL,26/03/2014
23847,NULL,20336,Chad Sharma,NULL,04/04/2014
15809,NULL,6233,Christian Sharma,NULL,20/12/2013
27930,NULL,7196,Clarence Sharma,NULL,01/09/2013
12240,NULL,12643,Clayton Sharma,NULL,03/11/2013
13215,NULL,12323,Colleen Sharma,NULL,12/01/2014
23505,NULL,5627,Connor Sharma,NULL,03/04/2014
17495,NULL,20462,Corey Sharma,NULL,10/03/2014
20309,NULL,8733,Cristina Sharma,NULL,06/06/2014
23987,NULL,12218,Dawn Sharma,NULL,24/10/2013
13497,NULL,8850,Deborah Sharma,NULL,27/07/2013
27126,NULL,20246,Derek Sharma,NULL,29/07/2013
19315,NULL,4317,Devon Sharma,NULL,04/05/2014
11998,NULL,4653,Donna Sharma,NULL,28/01/2014
13606,NULL,9220,Drew Sharma,NULL,29/05/2014
18484,NULL,2562,Dustin Sharma,NULL,08/07/2013
19066,NULL,7003,Dylan Sharma,NULL,03/03/2014
25021,NULL,13193,Edwin Sharma,NULL,10/03/2014
19894,NULL,5378,Elijah Sharma,NULL,30/10/2013
19809,NULL,5321,Eric Sharma,NULL,22/09/2013
20092,NULL,6535,Ethan Sharma,NULL,26/10/2013
17195,NULL,8284,Franklin Sharma,NULL,02/01/2014
15618,NULL,5883,Gabriel Sharma,NULL,01/09/2013
17648,NULL,9373,Gilbert Sharma,NULL,18/04/2014
23966,NULL,9279,Grant Sharma,NULL,30/08/2013
28607,NULL,6081,Hunter Sharma,NULL,01/07/2013
28826,NULL,5224,Jack Sharma,NULL,28/11/2011
16876,NULL,4830,Jackson Sharma,NULL,07/05/2014
28403,NULL,12977,Jaclyn Sharma,NULL,27/10/2013
21049,NULL,6395,James Sharma,NULL,16/12/2013
15332,NULL,5422,Jason Sharma,NULL,29/04/2014
13651,NULL,16895,Jerry Sharma,NULL,22/05/2014
18260,NULL,4702,Jodi Sharma,NULL,29/07/2013
19834,NULL,17054,Johnny Sharma,NULL,15/11/2013
18327,NULL,12432,Jon Sharma,NULL,28/08/2013
17393,NULL,5178,Jordan Sharma,NULL,17/04/2014
13244,NULL,5680,Jose Sharma,NULL,12/03/2014
18191,NULL,19955,Julie Sharma,NULL,10/04/2014
15609,NULL,5141,Karl Sharma,NULL,15/01/2014
24016,NULL,3501,Karla Sharma,NULL,21/12/2013
20740,NULL,19915,Kathryn Sharma,NULL,11/02/2014
21106,NULL,20614,Katie Sharma,NULL,04/10/2013
11614,NULL,16339,Katrina Sharma,NULL,05/09/2013
15728,NULL,20500,Keith Sharma,NULL,05/04/2014
26672,NULL,12118,Kelli Sharma,NULL,28/03/2014
17219,NULL,16511,Kelsey Sharma,NULL,27/01/2014
26655,NULL,2770,Kelvin Sharma,NULL,08/06/2013
19549,NULL,5830,Kevin Sharma,NULL,18/08/2013
11885,NULL,4150,Kurt Sharma,NULL,07/07/2013
18662,NULL,5782,Kyle Sharma,NULL,11/04/2014
29472,NULL,12426,Lacey Sharma,NULL,01/02/2014
19260,NULL,16384,Latoya Sharma,NULL,20/04/2014
24478,NULL,19829,Lindsay Sharma,NULL,26/12/2013
29418,NULL,20662,Lindsey Sharma,NULL,24/05/2014
21699,NULL,5928,Logan Sharma,NULL,01/04/2014
16861,NULL,5477,Luis Sharma,NULL,15/06/2014
23005,NULL,5134,Luke Sharma,NULL,20/09/2013
25928,NULL,16807,Mario Sharma,NULL,06/04/2014
28778,NULL,9065,Maurice Sharma,NULL,02/01/2012
21350,NULL,4549,Mindy Sharma,NULL,26/07/2013
25708,NULL,16465,Misty Sharma,NULL,28/04/2014
20434,NULL,5985,Nathan Sharma,NULL,06/12/2013
14692,NULL,16604,Nichole Sharma,NULL,13/06/2014
13517,NULL,5265,Nicolas Sharma,NULL,04/04/2014
23760,NULL,4441,Nina Sharma,NULL,14/09/2013
13610,NULL,12747,Omar Sharma,NULL,21/08/2013
23600,NULL,20416,Peter Sharma,NULL,13/08/2013
23911,NULL,8786,Priscilla Sharma,NULL,08/02/2014
12200,NULL,12861,Rafael Sharma,NULL,09/08/2013
16347,NULL,9511,Raul Sharma,NULL,24/05/2014
16512,NULL,17006,Ricardo Sharma,NULL,14/10/2013
19454,NULL,13300,Roger Sharma,NULL,28/05/2014
15637,NULL,16856,Russell Sharma,NULL,10/03/2014
27725,NULL,6030,Samuel Sharma,NULL,26/03/2014
25294,NULL,8521,Sharon Sharma,NULL,26/01/2014
14148,NULL,17092,Shaun Sharma,NULL,08/01/2014
27054,NULL,20378,Shawn Sharma,NULL,31/12/2012
22627,NULL,3571,Shawna Sharma,NULL,25/11/2013
11655,NULL,11900,Tamara Sharma,NULL,04/05/2014
24137,NULL,19994,Tara Sharma,NULL,30/10/2013
20942,NULL,8626,Tasha Sharma,NULL,25/08/2013
17351,NULL,4257,Terrence Sharma,NULL,14/12/2013
14000,NULL,17235,Terry Sharma,NULL,27/12/2013
18637,NULL,5733,Thomas Sharma,NULL,28/03/2014
16532,NULL,4203,Tommy Sharma,NULL,21/02/2014
18241,NULL,17180,Tony Sharma,NULL,20/06/2013
23914,NULL,8459,Tonya Sharma,NULL,05/02/2014
17731,NULL,16422,Tracy Sharma,NULL,07/05/2014
21705,NULL,15446,Warren Sharma,NULL,07/05/2014
19175,NULL,9115,Wayne Sharma,NULL,17/12/2013
22427,NULL,13394,Willie Sharma,NULL,29/01/2014
25048,NULL,3629,Yolanda Sharma,NULL,21/08/2013
17562,NULL,7054,Zachary Sharma,NULL,21/11/2013
11825,NULL,5842,Aimee She,NULL,15/07/2013
25597,NULL,17346,Alan She,NULL,19/05/2014
17873,NULL,12520,Alejandro She,NULL,15/12/2013
17250,NULL,19767,Alicia She,NULL,03/06/2014
24757,NULL,11985,Alisha She,NULL,30/05/2014
16657,NULL,4809,Alvin She,NULL,08/05/2014
19196,NULL,20525,April She,NULL,11/04/2014
28319,NULL,8928,Ashlee She,NULL,21/11/2013
12823,NULL,17258,Bethany She,NULL,26/05/2014
19431,NULL,3667,Bonnie She,NULL,22/02/2014
12307,NULL,9369,Brad She,NULL,19/04/2014
16016,NULL,20274,Bradley She,NULL,16/03/2014
18151,NULL,9313,Brendan She,NULL,23/08/2013
19557,NULL,8552,Bridget She,NULL,15/09/2013
22942,NULL,17584,Brittney She,NULL,04/05/2014
18154,NULL,9148,Calvin She,NULL,27/10/2013
29178,NULL,16777,Candice She,NULL,24/09/2013
22646,NULL,4883,Cara She,NULL,19/07/2013
12317,NULL,16934,Carl She,NULL,24/08/2013
28458,NULL,16277,Casey She,NULL,08/02/2012
21031,NULL,8874,Cassie She,NULL,17/07/2013
12580,NULL,3711,Cedric She,NULL,22/03/2014
16184,NULL,19860,Christine She,NULL,05/04/2014
24901,NULL,6995,Clarence She,NULL,05/08/2013
27188,NULL,5902,Claudia She,NULL,09/03/2014
13785,NULL,12624,Clayton She,NULL,17/11/2013
15139,NULL,13477,Colin She,NULL,24/09/2013
29312,NULL,12300,Colleen She,NULL,15/10/2013
21214,NULL,20443,Corey She,NULL,04/02/2014
23342,NULL,8714,Cristina She,NULL,10/03/2014
12818,NULL,18279,Curtis She,NULL,29/04/2014
19441,NULL,5298,Dale She,NULL,02/04/2014
25576,NULL,8820,Deborah She,NULL,14/04/2014
11339,NULL,17934,Dennis She,NULL,27/06/2013
15036,NULL,20232,Derek She,NULL,14/01/2014
19346,NULL,4629,Donna She,NULL,05/07/2013
25453,NULL,9198,Drew She,NULL,23/03/2014
18542,NULL,2551,Dustin She,NULL,08/12/2013
27417,NULL,13174,Edwin She,NULL,23/03/2014
15510,NULL,6498,Ernest She,NULL,22/01/2014
20998,NULL,5499,Eugene She,NULL,24/09/2013
24530,NULL,8064,Franklin She,NULL,01/10/2013
19505,NULL,9151,Gilbert She,NULL,17/11/2013
29117,NULL,5725,Glenn She,NULL,03/11/2013
19996,NULL,9253,Grant She,NULL,17/02/2014
18458,NULL,2578,Gregory She,NULL,15/05/2014
17376,NULL,12959,Jaclyn She,NULL,08/11/2013
28482,NULL,9429,Jaime She,NULL,12/10/2013
17781,NULL,5437,Jake She,NULL,02/04/2014
27149,NULL,18079,Jeffery She,NULL,08/03/2014
27586,NULL,11478,Jenny She,NULL,18/04/2014
14277,NULL,16881,Jerry She,NULL,06/02/2014
13650,NULL,5552,Jessie She,NULL,30/05/2014
22727,NULL,4683,Jodi She,NULL,06/09/2013
20056,NULL,17035,Johnny She,NULL,23/04/2014
22492,NULL,18330,Jorge She,NULL,22/07/2013
16570,NULL,19937,Julie She,NULL,20/06/2013
23617,NULL,16536,Kara She,NULL,09/05/2014
26852,NULL,17435,Karen She,NULL,05/07/2013
12215,NULL,3475,Karla She,NULL,23/05/2014
16852,NULL,4576,Kate She,NULL,17/03/2014
26443,NULL,19900,Kathryn She,NULL,19/04/2014
11965,NULL,20597,Katie She,NULL,03/05/2014
26563,NULL,20485,Keith She,NULL,22/03/2014
24889,NULL,12092,Kelli She,NULL,18/08/2013
24617,NULL,16493,Kelsey She,NULL,03/10/2013
27002,NULL,20281,Kelvin She,NULL,13/07/2013
16096,NULL,2607,Kenneth She,NULL,27/03/2014
19961,NULL,20565,Kristin She,NULL,10/05/2014
25254,NULL,17388,Krystal She,NULL,31/12/2013
26206,NULL,4126,Kurt She,NULL,25/05/2014
21823,NULL,12404,Lacey She,NULL,25/02/2014
11750,NULL,16366,Latoya She,NULL,03/03/2014
11621,NULL,17479,Leah She,NULL,01/04/2014
22797,NULL,5176,Leonard She,NULL,22/05/2014
29456,NULL,19812,Lindsay She,NULL,08/02/2014
14136,NULL,13068,Louis She,NULL,23/10/2013
21972,NULL,5785,Mandy She,NULL,28/10/2013
21760,NULL,17738,Margaret She,NULL,07/03/2014
11407,NULL,16780,Mario She,NULL,23/11/2013
18707,NULL,11258,Marshall She,NULL,15/02/2014
22251,NULL,4940,Martha She,NULL,24/01/2014
22917,NULL,9040,Maurice She,NULL,03/08/2013
16516,NULL,4351,Melvin She,NULL,13/08/2013
29051,NULL,8373,Michele She,NULL,03/02/2014
13009,NULL,4531,Mindy She,NULL,23/05/2014
19078,NULL,16442,Misty She,NULL,22/08/2013
11909,NULL,16581,Nichole She,NULL,01/01/2014
22961,NULL,4415,Nina She,NULL,24/08/2013
15448,NULL,12724,Omar She,NULL,04/06/2014
20046,NULL,20404,Peter She,NULL,29/10/2013
18630,NULL,8765,Priscilla She,NULL,18/05/2014
20152,NULL,12837,Rafael She,NULL,08/07/2013
18000,NULL,6444,Ramon She,NULL,19/03/2014
11415,NULL,18184,Randy She,NULL,16/01/2014
19497,NULL,9486,Raul She,NULL,17/01/2014
14233,NULL,16982,Ricardo She,NULL,26/12/2013
15724,NULL,13278,Roger She,NULL,24/04/2014
18931,NULL,4993,Rosa She,NULL,16/09/2013
17200,NULL,16838,Russell She,NULL,24/09/2013
22017,NULL,8493,Sharon She,NULL,05/11/2013
28445,NULL,17078,Shaun She,NULL,12/04/2014
16902,NULL,20364,Shawn She,NULL,11/06/2014
14989,NULL,3543,Shawna She,NULL,22/11/2013
23008,NULL,8655,Sheena She,NULL,16/10/2013
26748,NULL,17633,Stacey She,NULL,23/07/2013
19956,NULL,17786,Susan She,NULL,25/11/2013
28902,NULL,5049,Suzanne She,NULL,28/12/2013
14224,NULL,11881,Tamara She,NULL,02/01/2014
24185,NULL,19975,Tara She,NULL,07/06/2014
15680,NULL,8606,Tasha She,NULL,05/12/2013
17928,NULL,4237,Terrence She,NULL,25/12/2013
25454,NULL,17213,Terry She,NULL,10/03/2014
23442,NULL,18236,Todd She,NULL,04/08/2013
14269,NULL,17161,Tony She,NULL,23/02/2014
16521,NULL,8440,Tonya She,NULL,01/09/2013
21698,NULL,16410,Tracy She,NULL,17/08/2013
18021,NULL,4764,Trisha She,NULL,30/03/2014
20226,NULL,17529,Valerie She,NULL,05/11/2013
21824,NULL,12282,Warren She,NULL,12/05/2014
23607,NULL,9092,Wayne She,NULL,16/06/2013
17055,NULL,13372,Willie She,NULL,20/10/2013
18304,NULL,3610,Yolanda She,NULL,03/06/2014
24257,NULL,1746,Alan Shen,NULL,09/03/2014
15442,NULL,12525,Alejandro Shen,NULL,03/12/2013
13575,NULL,19769,Alicia Shen,NULL,03/01/2014
26438,NULL,11994,Alisha Shen,NULL,08/04/2014
16614,NULL,16636,Alison Shen,NULL,19/04/2014
17850,NULL,4849,Alvin Shen,NULL,19/07/2013
20045,NULL,5052,Andres Shen,NULL,03/09/2013
28547,NULL,20527,April Shen,NULL,10/07/2012
16389,NULL,10269,Arturo Shen,NULL,15/09/2013
16566,NULL,8932,Ashlee Shen,NULL,30/04/2014
22030,NULL,11586,Barbara Shen,NULL,29/04/2014
17903,NULL,17262,Bethany Shen,NULL,26/03/2014
21405,NULL,3673,Bonnie Shen,NULL,27/11/2013
28059,NULL,20279,Bradley Shen,NULL,23/12/2013
14305,NULL,9320,Brendan Shen,NULL,07/03/2014
17237,NULL,8556,Bridget Shen,NULL,05/06/2014
26145,NULL,9153,Calvin Shen,NULL,07/12/2013
19190,NULL,16938,Carl Shen,NULL,07/02/2014
22915,NULL,4481,Carly Shen,NULL,27/11/2013
12503,NULL,16279,Casey Shen,NULL,25/02/2014
22209,NULL,3763,Cedric Shen,NULL,03/10/2013
18143,NULL,20322,Chad Shen,NULL,07/02/2014
19074,NULL,12305,Colleen Shen,NULL,23/02/2014
26739,NULL,20447,Corey Shen,NULL,04/08/2013
26768,NULL,8719,Cristina Shen,NULL,21/08/2013
12716,NULL,5301,Dale Shen,NULL,15/07/2013
14964,NULL,11152,Damien Shen,NULL,30/04/2014
29167,NULL,12205,Dawn Shen,NULL,29/12/2013
28433,NULL,8828,Deborah Shen,NULL,24/05/2014
22586,NULL,20233,Derek Shen,NULL,28/04/2014
27358,NULL,4300,Devon Shen,NULL,27/09/2013
13674,NULL,9202,Drew Shen,NULL,05/10/2013
27974,NULL,2553,Dustin Shen,NULL,18/04/2014
16288,NULL,13178,Edwin Shen,NULL,12/05/2014
27144,NULL,8115,Franklin Shen,NULL,09/02/2014
12005,NULL,9190,Gilbert Shen,NULL,17/01/2014
26763,NULL,9262,Grant Shen,NULL,06/04/2014
22149,NULL,2579,Gregory Shen,NULL,01/06/2014
12575,NULL,12960,Jaclyn Shen,NULL,27/02/2014
13765,NULL,9435,Jaime Shen,NULL,30/05/2014
20132,NULL,11483,Jenny Shen,NULL,10/11/2013
16068,NULL,16883,Jerry Shen,NULL,18/02/2014
22028,NULL,4687,Jodi Shen,NULL,05/07/2013
19330,NULL,17038,Johnny Shen,NULL,01/02/2014
13510,NULL,13578,Jon Shen,NULL,05/07/2013
22505,NULL,19940,Julie Shen,NULL,02/04/2014
23628,NULL,16542,Kara Shen,NULL,18/10/2013
15151,NULL,5119,Karl Shen,NULL,24/03/2014
22925,NULL,3481,Karla Shen,NULL,03/02/2014
21957,NULL,19903,Kathryn Shen,NULL,30/04/2014
20283,NULL,20601,Katie Shen,NULL,19/01/2014
15801,NULL,16327,Katrina Shen,NULL,29/04/2014
25907,NULL,12098,Kelli Shen,NULL,16/06/2014
22921,NULL,16495,Kelsey Shen,NULL,26/05/2014
22406,NULL,20602,Kelvin Shen,NULL,05/11/2013
17443,NULL,20569,Kristin Shen,NULL,31/10/2013
11884,NULL,16373,Latoya Shen,NULL,31/05/2014
24271,NULL,5183,Leonard Shen,NULL,25/03/2014
26560,NULL,20648,Lindsey Shen,NULL,03/05/2014
21778,NULL,13074,Louis Shen,NULL,20/03/2014
18802,NULL,16784,Mario Shen,NULL,28/04/2014
13388,NULL,11300,Marshall Shen,NULL,05/08/2013
26938,NULL,9047,Maurice Shen,NULL,06/11/2013
29381,NULL,4358,Melvin Shen,NULL,25/05/2014
27985,NULL,8376,Michele Shen,NULL,19/04/2014
25019,NULL,16446,Misty Shen,NULL,24/04/2014
22904,NULL,17125,Mitchell Shen,NULL,25/05/2014
12999,NULL,16584,Nichole Shen,NULL,21/03/2014
27775,NULL,4420,Nina Shen,NULL,24/11/2013
28215,NULL,8769,Priscilla Shen,NULL,04/09/2013
16689,NULL,12842,Rafael Shen,NULL,20/01/2014
19507,NULL,9491,Raul Shen,NULL,12/12/2013
14905,NULL,16988,Ricardo Shen,NULL,19/02/2014
14011,NULL,13282,Roger Shen,NULL,16/07/2013
11150,NULL,16842,Russell Shen,NULL,15/12/2013
12684,NULL,17080,Shaun Shen,NULL,21/03/2014
19270,NULL,20366,Shawn Shen,NULL,10/06/2013
21771,NULL,8658,Sheena Shen,NULL,11/12/2013
22935,NULL,11882,Tamara Shen,NULL,05/05/2014
28882,NULL,8608,Tasha Shen,NULL,12/10/2013
19397,NULL,17216,Terry Shen,NULL,07/02/2014
25645,NULL,4187,Tommy Shen,NULL,11/07/2013
29099,NULL,17167,Tony Shen,NULL,22/02/2014
18004,NULL,8445,Tonya Shen,NULL,01/10/2013
27503,NULL,12328,Warren Shen,NULL,03/01/2014
23647,NULL,9096,Wayne Shen,NULL,21/02/2014
18450,NULL,13378,Willie Shen,NULL,31/03/2014
24535,NULL,1747,David Shepard,NULL,14/12/2013
24541,NULL,1748,Janet Sheperdigian,NULL,20/05/2014
24561,NULL,1749,Megan Sherman,NULL,10/07/2013
24598,NULL,1750,Irma Sherwood,NULL,11/05/2014
24705,NULL,1751,Daniel Shimshoni,NULL,20/03/2014
24869,NULL,1752,Misty Shock,NULL,23/02/2014
25139,NULL,1753,Carlos Short,NULL,20/03/2014
25761,NULL,1754,Shish Shridhar,NULL,02/09/2013
13891,NULL,5501,Aaron Simmons,NULL,07/10/2013
18113,NULL,12198,Abigail Simmons,NULL,09/04/2014
17617,NULL,3974,Abigail Simmons,NULL,07/01/2014
25327,NULL,5248,Adam Simmons,NULL,21/11/2013
23456,NULL,12922,Aidan Simmons,NULL,23/10/2013
17506,NULL,7629,Alexandria Simmons,NULL,06/07/2013
23849,NULL,12770,Alexis Simmons,NULL,11/04/2014
19213,NULL,3052,Amanda Simmons,NULL,21/06/2013
25180,NULL,7454,Ana Simmons,NULL,21/10/2013
15825,NULL,7673,Angela Simmons,NULL,16/06/2014
12451,NULL,3677,Anna Simmons,NULL,20/11/2013
26490,NULL,13214,Antonio Simmons,NULL,07/01/2014
29070,NULL,7714,Arianna Simmons,NULL,29/11/2011
26898,NULL,12591,Ashley Simmons,NULL,03/08/2013
20290,NULL,6255,Austin Simmons,NULL,09/09/2013
14625,NULL,6717,Benjamin Simmons,NULL,31/03/2014
12951,NULL,13608,Blake Simmons,NULL,29/08/2013
18946,NULL,6911,Brandon Simmons,NULL,12/01/2014
25878,NULL,19269,Brianna Simmons,NULL,17/01/2014
29231,NULL,7203,Brittany Simmons,NULL,08/04/2014
12193,NULL,5556,Caleb Simmons,NULL,07/12/2013
16777,NULL,6305,Cameron Simmons,NULL,27/07/2013
25343,NULL,13052,Carol Simmons,NULL,07/09/2013
13912,NULL,6794,Caroline Simmons,NULL,30/10/2013
19129,NULL,13261,Carson Simmons,NULL,03/09/2013
21707,NULL,6837,Cassidy Simmons,NULL,24/03/2014
20752,NULL,6209,Christian Simmons,NULL,13/03/2014
19119,NULL,5604,Connor Simmons,NULL,16/05/2014
14110,NULL,12964,Dakota Simmons,NULL,23/09/2013
26313,NULL,13471,Dalton Simmons,NULL,17/01/2014
12017,NULL,6671,David Simmons,NULL,20/08/2013
20287,NULL,20094,Destiny Simmons,NULL,11/02/2014
12102,NULL,13714,Devin Simmons,NULL,31/07/2013
16133,NULL,6969,Dylan Simmons,NULL,06/06/2014
24350,NULL,13749,Eduardo Simmons,NULL,03/10/2013
21461,NULL,12684,Elizabeth Simmons,NULL,01/04/2014
27023,NULL,13006,Emily Simmons,NULL,13/09/2013
13940,NULL,19569,Emma Simmons,NULL,08/01/2014
14643,NULL,5295,Eric Simmons,NULL,20/01/2014
13210,NULL,6503,Ethan Simmons,NULL,12/04/2014
15614,NULL,7829,Faith Simmons,NULL,11/05/2014
15705,NULL,5852,Gabriel Simmons,NULL,20/10/2013
29183,NULL,3353,Gabrielle Simmons,NULL,13/09/2013
26296,NULL,19664,Grace Simmons,NULL,26/05/2014
17894,NULL,3206,Hailey Simmons,NULL,23/01/2014
26202,NULL,3436,Haley Simmons,NULL,09/12/2013
16981,NULL,6057,Hunter Simmons,NULL,19/04/2014
21733,NULL,13888,Ian Simmons,NULL,17/05/2014
26432,NULL,7485,Isabel Simmons,NULL,26/09/2013
11669,NULL,2601,Isabella Simmons,NULL,19/01/2014
25730,NULL,7524,Isabelle Simmons,NULL,05/10/2013
25773,NULL,5198,Jack Simmons,NULL,22/01/2014
18829,NULL,5343,Jackson Simmons,NULL,05/05/2014
13137,NULL,7755,Jacqueline Simmons,NULL,19/11/2013
19884,NULL,6370,James Simmons,NULL,24/12/2013
26647,NULL,19866,Jasmine Simmons,NULL,07/05/2014
20396,NULL,5401,Jason Simmons,NULL,04/03/2014
11262,NULL,20532,Jennifer Simmons,NULL,24/06/2014
13902,NULL,13523,Jeremiah Simmons,NULL,12/12/2013
24796,NULL,3525,Jessica Simmons,NULL,05/03/2014
23304,NULL,5156,Jordan Simmons,NULL,01/03/2014
16494,NULL,6880,Jordyn Simmons,NULL,18/05/2014
24647,NULL,5656,Jose Simmons,NULL,03/04/2014
16218,NULL,20419,Julia Simmons,NULL,14/06/2013
15501,NULL,6619,Justin Simmons,NULL,17/01/2014
28845,NULL,20635,Kaitlyn Simmons,NULL,28/09/2013
26738,NULL,2976,Katherine Simmons,NULL,02/05/2014
19745,NULL,12728,Kayla Simmons,NULL,03/09/2013
29049,NULL,7559,Kelly Simmons,NULL,05/09/2013
12630,NULL,5810,Kevin Simmons,NULL,26/09/2013
18599,NULL,5754,Kyle Simmons,NULL,10/10/2013
16246,NULL,13931,Lucas Simmons,NULL,07/11/2013
24433,NULL,5449,Luis Simmons,NULL,27/06/2013
16330,NULL,5107,Luke Simmons,NULL,20/10/2013
17696,NULL,12500,Madison Simmons,NULL,09/12/2013
18361,NULL,13843,Marcus Simmons,NULL,09/03/2014
28087,NULL,3282,Maria Simmons,NULL,29/10/2013
26683,NULL,8099,Mariah Simmons,NULL,17/02/2014
22039,NULL,7078,Marissa Simmons,NULL,15/05/2014
24449,NULL,7585,Melanie Simmons,NULL,14/10/2013
24328,NULL,7345,Melissa Simmons,NULL,19/05/2014
26250,NULL,13569,Miguel Simmons,NULL,17/07/2013
21906,NULL,7286,Miranda Simmons,NULL,20/01/2014
15912,NULL,7319,Mya Simmons,NULL,06/11/2013
25182,NULL,2748,Natalie Simmons,NULL,20/11/2013
11043,NULL,5960,Nathan Simmons,NULL,18/01/2014
26177,NULL,19984,Nicole Simmons,NULL,07/02/2014
27239,NULL,6108,Noah Simmons,NULL,18/03/2013
21689,NULL,19363,Olivia Simmons,NULL,15/04/2014
19139,NULL,13390,Oscar Simmons,NULL,21/10/2013
24654,NULL,7792,Paige Simmons,NULL,10/12/2013
16320,NULL,19774,Rachel Simmons,NULL,01/08/2013
24149,NULL,13793,Richard Simmons,NULL,14/02/2014
14801,NULL,7381,Riley Simmons,NULL,12/04/2014
25148,NULL,6564,Ryan Simmons,NULL,31/07/2013
29232,NULL,12542,Samantha Simmons,NULL,01/09/2013
26289,NULL,6007,Samuel Simmons,NULL,25/11/2013
11500,NULL,12637,Sarah Simmons,NULL,12/06/2014
14283,NULL,13979,Seth Simmons,NULL,23/10/2013
28279,NULL,13162,Spencer Simmons,NULL,10/10/2013
23582,NULL,3132,Stephanie Simmons,NULL,02/03/2014
11554,NULL,2894,Sydney Simmons,NULL,08/10/2013
18531,NULL,5707,Thomas Simmons,NULL,09/02/2014
12441,NULL,12841,Trevor Simmons,NULL,22/12/2013
28659,NULL,7414,Vanessa Simmons,NULL,25/06/2012
21935,NULL,19459,Victoria Simmons,NULL,04/06/2014
22604,NULL,13688,Wyatt Simmons,NULL,14/05/2014
12120,NULL,13426,Xavier Simmons,NULL,29/12/2013
22718,NULL,7032,Zachary Simmons,NULL,28/12/2013
25946,NULL,1755,Britta Simon,NULL,05/01/2014
26717,NULL,1757,David Simpson,NULL,07/12/2012
16419,NULL,12411,Lacey Simpson,NULL,31/03/2014
25746,NULL,19814,Lindsay Simpson,NULL,25/08/2013
26292,NULL,1756,Marty Simpson,NULL,05/01/2014
15200,NULL,4535,Mindy Simpson,NULL,08/01/2014
25123,NULL,8502,Sharon Simpson,NULL,11/02/2014
28454,NULL,3551,Shawna Simpson,NULL,28/11/2013
28107,NULL,19977,Tara Simpson,NULL,17/07/2013
18805,NULL,16412,Tracy Simpson,NULL,29/06/2014
19447,NULL,3615,Yolanda Simpson,NULL,04/05/2014
26869,NULL,1758,Anne Sims,NULL,26/11/2013
26952,NULL,1759,Mircea Singer,NULL,14/11/2013
27040,NULL,1760,Paul Singh,NULL,05/07/2013
27505,NULL,1761,Bonnie Skelly,NULL,28/01/2014
27858,NULL,1762,Anders Skjønaa,NULL,20/12/2013
27928,NULL,1763,Dianne Slattengren,NULL,27/01/2014
27934,NULL,1764,Lanna Slaven,NULL,15/05/2014
27948,NULL,1765,Cathy Sloan,NULL,30/10/2013
19405,NULL,12032,Abigail Smith,NULL,12/07/2013
18702,NULL,3155,Adriana Smith,NULL,28/07/2013
18351,NULL,18069,Alexander Smith,NULL,25/04/2014
28292,NULL,11294,Alexandra Smith,NULL,29/09/2013
26725,NULL,11990,Alexis Smith,NULL,18/12/2012
14072,NULL,15854,Allen Smith,NULL,18/01/2014
26083,NULL,11521,Alyssa Smith,NULL,27/01/2014
21174,NULL,16058,Andre Smith,NULL,19/02/2014
14723,NULL,18863,Andrew Smith,NULL,20/11/2013
18240,NULL,10909,Arthur Smith,NULL,10/06/2013
29142,NULL,12406,Ashley Smith,NULL,06/12/2011
13707,NULL,18118,Austin Smith,NULL,25/06/2014
26733,NULL,18151,Benjamin Smith,NULL,24/03/2014
18825,NULL,18421,Brandon Smith,NULL,09/02/2014
15777,NULL,11707,Brianna Smith,NULL,20/09/2013
13589,NULL,17612,Cameron Smith,NULL,20/01/2014
27302,NULL,4836,Charles Smith,NULL,15/05/2014
17619,NULL,11564,Chloe Smith,NULL,23/04/2014
14313,NULL,17956,Christian Smith,NULL,23/04/2014
21233,NULL,18651,Christopher Smith,NULL,04/09/2013
28875,NULL,1771,Denise Smith,NULL,14/05/2014
22428,NULL,11477,Destiny Smith,NULL,22/02/2014
28655,NULL,4910,Devin Smith,NULL,08/10/2011
20691,NULL,4996,Eduardo Smith,NULL,23/08/2013
27041,NULL,4218,Edward Smith,NULL,26/03/2014
17692,NULL,12216,Emily Smith,NULL,04/02/2014
13976,NULL,7968,Emmanuel Smith,NULL,15/11/2013
14530,NULL,17787,Ethan Smith,NULL,16/04/2014
26534,NULL,3830,Fernando Smith,NULL,30/01/2014
13919,NULL,11897,Grace Smith,NULL,06/06/2014
25265,NULL,12267,Hannah Smith,NULL,19/08/2013
21507,NULL,17879,Hunter Smith,NULL,07/07/2013
17264,NULL,4684,Ian Smith,NULL,23/04/2014
21434,NULL,11206,Isabella Smith,NULL,28/05/2014
22418,NULL,18673,Jacob Smith,NULL,09/01/2014
18474,NULL,17578,James Smith,NULL,04/03/2014
28891,NULL,11383,Jasmine Smith,NULL,21/01/2014
29283,NULL,1772,Jeff Smith,NULL,01/11/2013
21337,NULL,11077,Jennifer Smith,NULL,20/01/2014
18522,NULL,4529,Jeremiah Smith,NULL,24/08/2013
20069,NULL,12076,Jessica Smith,NULL,03/03/2014
19855,NULL,18222,John Smith,NULL,23/04/2014
12762,NULL,17670,Jonathan Smith,NULL,29/05/2014
23386,NULL,17341,Jose Smith,NULL,23/02/2014
20513,NULL,18907,Joseph Smith,NULL,29/08/2013
16362,NULL,18757,Joshua Smith,NULL,18/09/2013
21282,NULL,11028,Julia Smith,NULL,11/03/2014
19827,NULL,18025,Justin Smith,NULL,02/01/2014
18133,NULL,11115,Karen Smith,NULL,09/02/2014
14164,NULL,10493,Kari Smith,NULL,07/05/2014
13197,NULL,10798,Katherine Smith,NULL,12/04/2014
21962,NULL,10692,Kristi Smith,NULL,30/07/2013
19490,NULL,19699,Kristina Smith,NULL,04/09/2013
27972,NULL,1766,Leonard Smith,NULL,25/04/2014
18090,NULL,4770,Lucas Smith,NULL,21/10/2013
15963,NULL,12313,Madison Smith,NULL,03/09/2013
15835,NULL,4600,Marcus Smith,NULL,08/05/2014
28437,NULL,1767,Mary Smith,NULL,02/05/2014
28830,NULL,18808,Matthew Smith,NULL,16/11/2011
26716,NULL,11665,Megan Smith,NULL,30/04/2014
23788,NULL,18714,Michael Smith,NULL,22/01/2014
25174,NULL,19545,Monica Smith,NULL,24/10/2013
17082,NULL,11164,Morgan Smith,NULL,19/07/2013
17661,NULL,11250,Natalie Smith,NULL,06/01/2014
21764,NULL,17689,Nathan Smith,NULL,24/08/2013
13175,NULL,17278,Noah Smith,NULL,29/06/2014
18687,NULL,11745,Olivia Smith,NULL,12/07/2013
28560,NULL,1768,Peggy Smith,NULL,03/08/2012
26101,NULL,20162,Phillip Smith,NULL,08/12/2013
27409,NULL,3977,Preston Smith,NULL,19/11/2013
23461,NULL,15503,Rachael Smith,NULL,09/06/2014
22967,NULL,11335,Rachel Smith,NULL,24/01/2014
25355,NULL,5076,Richard Smith,NULL,03/01/2014
15113,NULL,17347,Robert Smith,NULL,21/06/2014
28584,NULL,1769,Rolando Smith,NULL,16/09/2011
11624,NULL,17967,Ryan Smith,NULL,24/09/2013
29407,NULL,1773,Samantha Smith,NULL,27/11/2013
14479,NULL,12357,Samantha Smith,NULL,14/05/2014
23083,NULL,17734,Samuel Smith,NULL,04/01/2014
24099,NULL,12455,Sarah Smith,NULL,02/03/2014
26786,NULL,4291,Seth Smith,NULL,08/12/2012
18053,NULL,7363,Stefanie Smith,NULL,14/07/2013
12843,NULL,3040,Summer Smith,NULL,06/05/2014
29110,NULL,10742,Sydney Smith,NULL,17/11/2011
14787,NULL,10379,Tabitha Smith,NULL,01/05/2014
13555,NULL,7424,Tammy Smith,NULL,04/03/2014
18816,NULL,12124,Taylor Smith,NULL,31/07/2013
19424,NULL,8070,Terrance Smith,NULL,22/06/2013
17068,NULL,17333,Thomas Smith,NULL,10/06/2014
19793,NULL,16196,Tina Smith,NULL,08/10/2013
20341,NULL,18458,Tyler Smith,NULL,28/12/2013
15388,NULL,11791,Victoria Smith,NULL,31/12/2013
17555,NULL,18376,William Smith,NULL,31/03/2014
23147,NULL,3752,Wyatt Smith,NULL,16/04/2014
21081,NULL,4375,Xavier Smith,NULL,02/05/2014
23783,NULL,18553,Zachary Smith,NULL,03/08/2013
17641,NULL,1774,Lorrin Smith-Bates,NULL,16/10/2013
17708,NULL,1775,Timothy Sneath,NULL,21/06/2014
17900,NULL,1776,Victoria Snowden,NULL,12/01/2014
18145,NULL,1777,David So,NULL,13/07/2013
18295,NULL,1778,Ajay Solanki,NULL,12/10/2013
19068,NULL,1779,Alma Son,NULL,05/01/2014
19073,NULL,1780,Lolan Song,NULL,29/04/2014
19154,NULL,1781,William Sotelo,NULL,23/05/2014
19254,NULL,1782,Anibal Sousa,NULL,26/04/2014
19960,NULL,1784,Phil Spencer,NULL,14/11/2013
19303,NULL,1783,Sylvia Spencer,NULL,13/06/2014
17932,NULL,3758,Barry Srini,NULL,24/01/2014
25913,NULL,16007,Beth Srini,NULL,16/04/2014
26988,NULL,18850,Brandy Srini,NULL,10/10/2013
25553,NULL,19506,Brett Srini,NULL,09/04/2014
20978,NULL,10809,Bruce Srini,NULL,01/01/2014
12186,NULL,3920,Bryant Srini,NULL,08/08/2013
15437,NULL,15416,Candace Srini,NULL,18/06/2014
27506,NULL,7540,Carla Srini,NULL,15/12/2013
27371,NULL,9947,Carolyn Srini,NULL,10/11/2013
20520,NULL,19622,Cassandra Srini,NULL,29/08/2013
11563,NULL,3819,Cesar Srini,NULL,05/12/2013
17930,NULL,18940,Chelsea Srini,NULL,18/02/2014
26026,NULL,7312,Cindy Srini,NULL,07/08/2013
14703,NULL,4083,Clifford Srini,NULL,20/07/2013
14080,NULL,19735,Cynthia Srini,NULL,06/09/2013
15591,NULL,10176,Darren Srini,NULL,18/03/2014
15182,NULL,9745,Deanna Srini,NULL,29/03/2014
14737,NULL,8237,Dominic Srini,NULL,14/10/2013
14149,NULL,20035,Donald Srini,NULL,23/01/2014
16733,NULL,19423,Douglas Srini,NULL,06/01/2014
17959,NULL,9638,Ebony Srini,NULL,25/01/2014
27328,NULL,8134,Edgar Srini,NULL,23/06/2014
17947,NULL,2974,Erick Srini,NULL,09/02/2014
16855,NULL,3105,Evelyn Srini,NULL,19/05/2014
12602,NULL,16697,Francisco Srini,NULL,28/05/2014
18757,NULL,7867,Frederick Srini,NULL,11/07/2013
16136,NULL,20197,George Srini,NULL,29/04/2014
28406,NULL,11843,Gerald Srini,NULL,26/06/2014
25525,NULL,15255,Heidi Srini,NULL,27/04/2014
14952,NULL,19581,Holly Srini,NULL,19/08/2013
27182,NULL,2916,Jarrod Srini,NULL,24/11/2013
18326,NULL,10273,Jay Srini,NULL,11/06/2014
25650,NULL,15308,Jillian Srini,NULL,23/02/2014
22180,NULL,11008,Joe Srini,NULL,07/04/2014
14097,NULL,15893,Johnathan Srini,NULL,25/12/2013
22648,NULL,3217,Kaitlin Srini,NULL,06/02/2014
23997,NULL,16103,Kristopher Srini,NULL,17/09/2013
28499,NULL,3439,Lydia Srini,NULL,09/12/2013
24168,NULL,15928,Manuel Srini,NULL,23/02/2014
28288,NULL,3864,Marco Srini,NULL,29/05/2014
18629,NULL,16743,Martin Srini,NULL,20/01/2014
22666,NULL,3391,Mayra Srini,NULL,16/11/2013
24882,NULL,10594,Meredith Srini,NULL,11/08/2013
27790,NULL,16140,Molly Srini,NULL,05/02/2014
19329,NULL,15463,Nancy Srini,NULL,01/05/2014
15892,NULL,15543,Pamela Srini,NULL,27/11/2013
14028,NULL,19666,Patricia Srini,NULL,19/12/2013
19316,NULL,19463,Raymond Srini,NULL,01/05/2014
28335,NULL,9845,Rebekah Srini,NULL,09/03/2014
16467,NULL,20123,Ronald Srini,NULL,17/06/2014
17636,NULL,11759,Ross Srini,NULL,06/03/2014
24888,NULL,11109,Roy Srini,NULL,25/08/2013
18078,NULL,11207,Ruben Srini,NULL,22/02/2014
26506,NULL,3270,Ruth Srini,NULL,26/07/2013
26225,NULL,7821,Sergio Srini,NULL,02/08/2013
12469,NULL,19377,Shane Srini,NULL,19/02/2014
18042,NULL,4032,Stanley Srini,NULL,01/09/2013
23072,NULL,3339,Toni Srini,NULL,21/09/2013
15627,NULL,15803,Troy Srini,NULL,27/01/2014
11996,NULL,18980,Veronica Srini,NULL,02/01/2014
20048,NULL,7600,Virginia Srini,NULL,28/12/2013
11560,NULL,18895,Whitney Srini,NULL,05/05/2014
17267,NULL,3912,Abigail Stewart,NULL,11/04/2014
11229,NULL,15841,Adrian Stewart,NULL,27/06/2014
20084,NULL,15806,Alex Stewart,NULL,01/05/2014
27107,NULL,9458,Alexa Stewart,NULL,24/03/2014
28096,NULL,2759,Alexandra Stewart,NULL,15/08/2011
17476,NULL,9479,Alexandria Stewart,NULL,02/03/2014
18826,NULL,9449,Allison Stewart,NULL,19/04/2014
22990,NULL,20107,Alyssa Stewart,NULL,24/09/2013
15310,NULL,2989,Amanda Stewart,NULL,14/02/2014
27252,NULL,9451,Andrea Stewart,NULL,27/11/2012
11235,NULL,15802,Angel Stewart,NULL,07/06/2014
13301,NULL,9480,Angela Stewart,NULL,15/02/2014
18589,NULL,3611,Anna Stewart,NULL,17/04/2014
16743,NULL,9463,Ariana Stewart,NULL,29/08/2013
17465,NULL,9482,Arianna Stewart,NULL,28/11/2013
14485,NULL,9437,Bailey Stewart,NULL,12/12/2013
19426,NULL,15822,Brian Stewart,NULL,10/09/2013
20558,NULL,19182,Brianna Stewart,NULL,14/05/2014
24759,NULL,9467,Brooke Stewart,NULL,04/05/2014
16928,NULL,15837,Bryan Stewart,NULL,18/11/2013
14562,NULL,15823,Bryce Stewart,NULL,19/10/2013
25353,NULL,9464,Caitlin Stewart,NULL,06/02/2014
27995,NULL,15799,Carlos Stewart,NULL,02/08/2013
15247,NULL,9453,Catherine Stewart,NULL,09/10/2013
23257,NULL,15843,Charles Stewart,NULL,13/12/2013
12810,NULL,15824,Chase Stewart,NULL,03/05/2014
25296,NULL,9459,Christina Stewart,NULL,22/06/2014
14496,NULL,20224,Cindy Stewart,NULL,04/11/2013
21284,NULL,15842,Cody Stewart,NULL,26/05/2014
13595,NULL,15834,Cole Stewart,NULL,15/01/2014
25933,NULL,15228,Dalton Stewart,NULL,28/01/2014
20707,NULL,9454,Danielle Stewart,NULL,19/01/2014
13144,NULL,19997,Destiny Stewart,NULL,06/02/2014
13237,NULL,15845,Devin Stewart,NULL,01/10/2013
16920,NULL,15848,Eduardo Stewart,NULL,24/08/2013
17671,NULL,19478,Emma Stewart,NULL,13/11/2013
18575,NULL,9473,Erin Stewart,NULL,17/03/2014
27426,NULL,15808,Evan Stewart,NULL,04/01/2014
26058,NULL,9487,Faith Stewart,NULL,15/12/2013
28034,NULL,9440,Gabriella Stewart,NULL,06/05/2014
18748,NULL,3293,Gabrielle Stewart,NULL,16/06/2014
15762,NULL,15838,Garrett Stewart,NULL,25/11/2013
24773,NULL,19583,Grace Stewart,NULL,16/09/2013
22903,NULL,3145,Hailey Stewart,NULL,29/09/2013
19108,NULL,3370,Haley Stewart,NULL,10/05/2014
28012,NULL,15853,Ian Stewart,NULL,23/01/2014
20742,NULL,20750,Isabella Stewart,NULL,07/03/2014
26631,NULL,15804,Isaiah Stewart,NULL,20/02/2014
27528,NULL,9474,Jade Stewart,NULL,10/02/2014
16905,NULL,9442,Janet Stewart,NULL,03/01/2014
19003,NULL,15836,Jared Stewart,NULL,24/05/2014
11423,NULL,19791,Jasmine Stewart,NULL,22/03/2014
11806,NULL,20438,Jennifer Stewart,NULL,05/03/2014
12728,NULL,15229,Jeremiah Stewart,NULL,07/09/2013
18913,NULL,15812,Jesse Stewart,NULL,07/03/2014
16097,NULL,3460,Jessica Stewart,NULL,17/12/2013
12902,NULL,20335,Julia Stewart,NULL,23/12/2013
20663,NULL,20547,Kaitlyn Stewart,NULL,25/07/2013
20109,NULL,9443,Katelyn Stewart,NULL,17/10/2013
22901,NULL,2911,Katherine Stewart,NULL,08/04/2014
24978,NULL,9447,Kaylee Stewart,NULL,14/12/2013
12427,NULL,9468,Kimberly Stewart,NULL,04/11/2013
29341,NULL,15855,Lucas Stewart,NULL,07/02/2014
25160,NULL,9438,Mackenzie Stewart,NULL,15/11/2013
16649,NULL,9469,Makayla Stewart,NULL,25/05/2014
20632,NULL,15852,Marcus Stewart,NULL,25/02/2014
29096,NULL,9476,Margaret Stewart,NULL,07/01/2014
20080,NULL,3221,Maria Stewart,NULL,04/04/2014
23780,NULL,15809,Mason Stewart,NULL,28/08/2013
11413,NULL,19074,Megan Stewart,NULL,05/02/2014
26810,NULL,9477,Melanie Stewart,NULL,17/06/2014
25173,NULL,9492,Melissa Stewart,NULL,18/11/2013
19713,NULL,20647,Morgan Stewart,NULL,04/07/2013
17710,NULL,2677,Natalie Stewart,NULL,26/12/2013
20129,NULL,19882,Nicole Stewart,NULL,04/09/2013
18749,NULL,19283,Olivia Stewart,NULL,30/06/2014
18471,NULL,9484,Paige Stewart,NULL,18/12/2013
11882,NULL,15819,Patrick Stewart,NULL,12/12/2013
18420,NULL,9493,Riley Stewart,NULL,09/05/2014
17347,NULL,9441,Sara Stewart,NULL,10/04/2014
16947,NULL,9446,Savannah Stewart,NULL,16/09/2013
23886,NULL,15815,Sean Stewart,NULL,06/05/2014
12167,NULL,15831,Sebastian Stewart,NULL,13/08/2013
18088,NULL,15858,Seth Stewart,NULL,12/02/2014
25073,NULL,9470,Shelby Stewart,NULL,25/05/2014
23052,NULL,15840,Steven Stewart,NULL,04/01/2014
18097,NULL,2830,Sydney Stewart,NULL,22/08/2013
13728,NULL,3538,Taylor Stewart,NULL,28/05/2014
13199,NULL,15816,Timothy Stewart,NULL,09/03/2014
11259,NULL,19376,Victoria Stewart,NULL,22/05/2014
20645,NULL,15227,Xavier Stewart,NULL,09/01/2014
13324,NULL,20206,Florian Stiller,NULL,09/10/2013
12697,NULL,15362,Brenda Stone,NULL,17/04/2014
22811,NULL,18030,Brent Stone,NULL,19/04/2014
28722,NULL,8333,Carmen Stone,NULL,24/12/2013
25948,NULL,19863,Christine Stone,NULL,14/01/2014
18434,NULL,12628,Clayton Stone,NULL,29/05/2014
12673,NULL,13481,Colin Stone,NULL,05/02/2014
15524,NULL,4453,Dalton Stone,NULL,21/10/2013
20858,NULL,10757,Damien Stone,NULL,30/01/2014
25736,NULL,9546,Darrell Stone,NULL,04/11/2013
28558,NULL,12201,Dawn Stone,NULL,02/05/2014
11032,NULL,16240,Denise Stone,NULL,10/04/2014
16718,NULL,13303,Gavin Stone,NULL,20/04/2014
28792,NULL,15965,Henry Stone,NULL,06/10/2011
16451,NULL,5115,Karl Stone,NULL,25/01/2014
17331,NULL,20489,Keith Stone,NULL,04/02/2014
13313,NULL,19164,Megan Stone,NULL,13/08/2013
13307,NULL,9465,Michelle Stone,NULL,04/11/2013
25013,NULL,17120,Mitchell Stone,NULL,12/04/2014
21265,NULL,15850,Richard Stone,NULL,04/02/2014
19060,NULL,3064,Stephanie Stone,NULL,13/08/2013
13605,NULL,17980,Gerrit Straatsma,NULL,01/01/2014
24559,NULL,7136,Adrienne Suarez,NULL,02/03/2014
20950,NULL,14930,Albert Suarez,NULL,06/10/2013
18719,NULL,6644,Alberto Suarez,NULL,11/06/2014
19601,NULL,2829,Alfredo Suarez,NULL,12/11/2013
22485,NULL,2765,Andy Suarez,NULL,23/03/2014
28430,NULL,6978,Armando Suarez,NULL,05/01/2014
26981,NULL,6048,Audrey Suarez,NULL,22/08/2013
24867,NULL,6107,Beth Suarez,NULL,05/01/2014
17287,NULL,15767,Billy Suarez,NULL,12/02/2014
21874,NULL,18500,Brandi Suarez,NULL,25/03/2014
15266,NULL,13779,Briana Suarez,NULL,17/04/2014
27579,NULL,10887,Bruce Suarez,NULL,20/03/2014
16403,NULL,19834,Byron Suarez,NULL,12/05/2014
18222,NULL,10024,Carolyn Suarez,NULL,21/06/2013
26548,NULL,19169,Casey Suarez,NULL,21/05/2014
28419,NULL,6210,Cheryl Suarez,NULL,15/02/2014
22657,NULL,14640,Clinton Suarez,NULL,08/02/2014
24146,NULL,19086,Craig Suarez,NULL,27/09/2013
18288,NULL,6235,Daisy Suarez,NULL,08/07/2013
23541,NULL,17835,Dana Suarez,NULL,26/09/2013
20995,NULL,14776,Danny Suarez,NULL,23/09/2013
19481,NULL,10250,Darren Suarez,NULL,04/02/2014
11354,NULL,9822,Deanna Suarez,NULL,05/05/2014
21061,NULL,13877,Desiree Suarez,NULL,13/07/2013
27834,NULL,18678,Diana Suarez,NULL,09/12/2013
22445,NULL,15752,Diane Suarez,NULL,26/06/2013
24490,NULL,20659,Dwayne Suarez,NULL,18/02/2014
26361,NULL,9715,Ebony Suarez,NULL,29/06/2014
24109,NULL,6703,Eddie Suarez,NULL,13/09/2013
15194,NULL,19298,Erik Suarez,NULL,18/01/2014
15120,NULL,18724,Erika Suarez,NULL,08/04/2014
28703,NULL,14299,Felicia Suarez,NULL,09/02/2014
25321,NULL,2580,Francis Suarez,NULL,20/03/2014
19309,NULL,18354,Frank Suarez,NULL,18/05/2014
20248,NULL,15072,Gina Suarez,NULL,28/05/2014
15034,NULL,14736,Hector Suarez,NULL,26/04/2014
11010,NULL,6377,Jacquelyn Suarez,NULL,23/10/2013
15056,NULL,7085,Jaime Suarez,NULL,03/05/2014
22623,NULL,14677,Jamie Suarez,NULL,28/11/2013
16600,NULL,6272,Janet Suarez,NULL,16/10/2013
11470,NULL,10358,Jay Suarez,NULL,24/07/2013
20622,NULL,7726,Jerome Suarez,NULL,11/01/2014
13702,NULL,5768,Jessie Suarez,NULL,06/05/2014
13225,NULL,18401,Jésus Suarez,NULL,30/04/2014
12314,NULL,15114,Jill Suarez,NULL,30/05/2014
20143,NULL,15669,Jimmy Suarez,NULL,28/12/2013
22063,NULL,14001,Joanna Suarez,NULL,17/06/2014
19944,NULL,14504,Jonathon Suarez,NULL,19/04/2014
12665,NULL,14294,Joy Suarez,NULL,27/02/2014
16763,NULL,12721,Juan Suarez,NULL,11/09/2013
15058,NULL,7025,Julio Suarez,NULL,06/05/2014
17559,NULL,10572,Kari Suarez,NULL,09/12/2013
23615,NULL,15171,Kendra Suarez,NULL,03/03/2014
25468,NULL,14244,Krista Suarez,NULL,21/04/2014
23099,NULL,9613,Kristi Suarez,NULL,14/12/2013
16282,NULL,6327,Kristine Suarez,NULL,29/11/2013
21984,NULL,14343,Kristy Suarez,NULL,04/04/2014
17230,NULL,14874,Lance Suarez,NULL,21/01/2014
28694,NULL,18459,Larry Suarez,NULL,17/06/2013
11471,NULL,6159,Latasha Suarez,NULL,17/10/2013
26131,NULL,14466,Lawrence Suarez,NULL,09/02/2014
22680,NULL,14426,Lee Suarez,NULL,20/04/2014
22955,NULL,18541,Leslie Suarez,NULL,26/01/2014
16665,NULL,13833,Linda Suarez,NULL,01/04/2014
12484,NULL,14134,Lori Suarez,NULL,21/01/2014
26980,NULL,15719,Marc Suarez,NULL,31/05/2014
29429,NULL,10127,Marie Suarez,NULL,14/05/2014
22443,NULL,6926,Marvin Suarez,NULL,02/11/2013
12279,NULL,14547,Mathew Suarez,NULL,13/01/2014
14809,NULL,2714,Max Suarez,NULL,02/01/2014
22177,NULL,18816,Meghan Suarez,NULL,13/12/2013
29181,NULL,14085,Melinda Suarez,NULL,23/02/2014
14276,NULL,17115,Melody Suarez,NULL,29/01/2014
15032,NULL,10666,Meredith Suarez,NULL,28/12/2013
24063,NULL,14600,Micheal Suarez,NULL,01/07/2013
12526,NULL,9036,Michele Suarez,NULL,03/03/2014
17833,NULL,13790,Monique Suarez,NULL,19/03/2014
13834,NULL,17581,Naomi Suarez,NULL,11/04/2014
14679,NULL,18771,Natasha Suarez,NULL,17/06/2014
15242,NULL,6875,Neil Suarez,NULL,23/01/2014
27355,NULL,19437,Nelson Suarez,NULL,09/11/2013
11121,NULL,19001,Orlando Suarez,NULL,06/04/2014
24611,NULL,11731,Pedro Suarez,NULL,01/07/2013
26974,NULL,19215,Philip Suarez,NULL,21/12/2013
28211,NULL,14984,Randall Suarez,NULL,11/09/2013
13649,NULL,9922,Rebekah Suarez,NULL,17/05/2014
18177,NULL,6593,Reginald Suarez,NULL,11/05/2014
12703,NULL,15029,Renee Suarez,NULL,05/03/2014
29066,NULL,15612,Ricky Suarez,NULL,17/12/2013
18128,NULL,14828,Roberto Suarez,NULL,15/09/2013
26696,NULL,13266,Robyn Suarez,NULL,28/09/2013
27940,NULL,11826,Ross Suarez,NULL,11/10/2013
14031,NULL,11288,Ruben Suarez,NULL,12/05/2014
20882,NULL,14191,Sabrina Suarez,NULL,14/04/2014
12633,NULL,20240,Shannon Suarez,NULL,02/03/2014
28884,NULL,14765,Sheila Suarez,NULL,20/05/2014
14506,NULL,18630,Stacy Suarez,NULL,15/04/2014
25110,NULL,10461,Tabitha Suarez,NULL,26/12/2013
17745,NULL,14045,Tanya Suarez,NULL,10/11/2013
12817,NULL,6764,Theodore Suarez,NULL,10/04/2014
27803,NULL,13921,Theresa Suarez,NULL,13/10/2013
15684,NULL,6826,Tyrone Suarez,NULL,01/12/2013
24071,NULL,19255,Victor Suarez,NULL,21/10/2013
13730,NULL,13616,Walter Suarez,NULL,17/05/2014
22511,NULL,13962,Wendy Suarez,NULL,29/12/2013
13256,NULL,17972,Abby Subram,NULL,27/05/2014
23424,NULL,3175,Adriana Subram,NULL,18/09/2013
17895,NULL,15860,Allen Subram,NULL,14/09/2013
28752,NULL,16068,Andre Subram,NULL,15/05/2014
18693,NULL,7260,Ann Subram,NULL,18/08/2013
27350,NULL,10919,Arthur Subram,NULL,01/09/2013
26057,NULL,3770,Barry Subram,NULL,23/12/2013
29373,NULL,16016,Bobby Subram,NULL,10/10/2013
25693,NULL,18857,Brandy Subram,NULL,15/05/2014
22565,NULL,15374,Brenda Subram,NULL,21/04/2014
16917,NULL,19512,Brett Subram,NULL,11/05/2014
21850,NULL,10817,Bruce Subram,NULL,23/02/2014
24843,NULL,3929,Bryant Subram,NULL,21/02/2014
27585,NULL,15425,Candace Subram,NULL,14/01/2014
29473,NULL,8346,Carmen Subram,NULL,03/11/2013
26052,NULL,9957,Carolyn Subram,NULL,19/10/2013
16618,NULL,19632,Cassandra Subram,NULL,03/05/2014
11475,NULL,3829,Cesar Subram,NULL,23/09/2013
16645,NULL,18947,Chelsea Subram,NULL,12/03/2014
23943,NULL,7323,Cindy Subram,NULL,30/04/2014
28175,NULL,4092,Clifford Subram,NULL,27/07/2013
27599,NULL,19342,Cory Subram,NULL,11/02/2014
20965,NULL,19743,Cynthia Subram,NULL,07/12/2013
25614,NULL,9754,Deanna Subram,NULL,22/01/2014
26003,NULL,16251,Denise Subram,NULL,06/04/2014
15620,NULL,7493,Dominique Subram,NULL,09/05/2014
27184,NULL,20044,Donald Subram,NULL,04/07/2013
27352,NULL,19432,Douglas Subram,NULL,30/10/2013
26216,NULL,9648,Ebony Subram,NULL,15/12/2013
19496,NULL,8147,Edgar Subram,NULL,21/08/2013
20795,NULL,7980,Emmanuel Subram,NULL,09/12/2013
20458,NULL,2987,Erick Subram,NULL,29/09/2013
21257,NULL,3115,Evelyn Subram,NULL,15/03/2014
21897,NULL,16705,Francisco Subram,NULL,06/03/2014
11559,NULL,7880,Frederick Subram,NULL,01/05/2014
25451,NULL,8296,Geoffrey Subram,NULL,28/04/2014
20974,NULL,20210,George Subram,NULL,02/12/2013
21517,NULL,11859,Gerald Subram,NULL,03/05/2014
23903,NULL,2880,Harold Subram,NULL,06/01/2014
11605,NULL,15265,Heidi Subram,NULL,31/07/2013
28552,NULL,19588,Holly Subram,NULL,18/04/2014
26147,NULL,8188,Ivan Subram,NULL,24/05/2014
25672,NULL,18448,Janelle Subram,NULL,18/07/2013
24876,NULL,2926,Jarrod Subram,NULL,20/09/2013
28731,NULL,8026,Jermaine Subram,NULL,21/09/2013
13631,NULL,11015,Joe Subram,NULL,23/05/2014
20873,NULL,20086,Joel Subram,NULL,05/10/2013
12682,NULL,10503,Kari Subram,NULL,27/04/2014
15025,NULL,10703,Kristi Subram,NULL,30/01/2014
13587,NULL,19707,Kristina Subram,NULL,30/03/2014
12824,NULL,16111,Kristopher Subram,NULL,12/05/2014
15619,NULL,7930,Levi Subram,NULL,20/05/2014
28549,NULL,3451,Lydia Subram,NULL,09/12/2013
25680,NULL,15934,Manuel Subram,NULL,15/11/2013
28174,NULL,3877,Marco Subram,NULL,17/06/2014
24157,NULL,10061,Marie Subram,NULL,24/10/2013
19590,NULL,16753,Martin Subram,NULL,01/08/2013
28446,NULL,3403,Mayra Subram,NULL,29/11/2013
11573,NULL,7211,Meagan Subram,NULL,27/12/2013
14261,NULL,10603,Meredith Subram,NULL,18/04/2014
25586,NULL,16153,Molly Subram,NULL,27/11/2013
15814,NULL,19556,Monica Subram,NULL,12/03/2014
29291,NULL,15472,Nancy Subram,NULL,01/03/2014
14167,NULL,15552,Pamela Subram,NULL,07/01/2014
13775,NULL,19673,Patricia Subram,NULL,21/05/2014
17688,NULL,11658,Pedro Subram,NULL,24/01/2014
21033,NULL,3989,Preston Subram,NULL,14/07/2013
23994,NULL,19473,Raymond Subram,NULL,20/01/2014
26030,NULL,9854,Rebekah Subram,NULL,15/11/2013
20720,NULL,7665,Regina Subram,NULL,24/10/2013
27733,NULL,20134,Ronald Subram,NULL,14/05/2014
23085,NULL,11770,Ross Subram,NULL,19/03/2014
21896,NULL,11119,Roy Subram,NULL,06/11/2013
12187,NULL,11218,Ruben Subram,NULL,11/08/2013
28386,NULL,7832,Sergio Subram,NULL,05/04/2014
20902,NULL,19386,Shane Subram,NULL,17/06/2014
15925,NULL,4046,Stanley Subram,NULL,19/01/2014
12371,NULL,7374,Stefanie Subram,NULL,27/04/2014
17511,NULL,10390,Tabitha Subram,NULL,22/06/2013
27771,NULL,8080,Terrance Subram,NULL,07/03/2014
13802,NULL,16205,Tina Subram,NULL,25/07/2013
19607,NULL,15813,Troy Subram,NULL,06/10/2013
12485,NULL,18989,Veronica Subram,NULL,23/02/2014
13036,NULL,7612,Virginia Subram,NULL,06/05/2014
15072,NULL,18905,Whitney Subram,NULL,23/02/2014
20611,NULL,7554,Carla Sullivan,NULL,28/12/2013
22840,NULL,8245,Dominic Sullivan,NULL,23/03/2014
20603,NULL,15975,Henry Sullivan,NULL,22/09/2013
16919,NULL,3234,Kaitlin Sullivan,NULL,24/05/2014
28471,NULL,20170,Phillip Sullivan,NULL,21/02/2012
22425,NULL,11179,Roy Sullivan,NULL,26/03/2014
27723,NULL,3283,Ruth Sullivan,NULL,22/05/2014
21181,NULL,3046,Summer Sullivan,NULL,14/02/2014
29083,NULL,3351,Toni Sullivan,NULL,26/02/2014
18319,NULL,5811,Aimee Sun,NULL,24/09/2013
12802,NULL,17320,Alan Sun,NULL,14/06/2014
23923,NULL,12497,Alejandro Sun,NULL,16/11/2013
18048,NULL,11960,Alisha Sun,NULL,20/04/2014
18252,NULL,4589,Alvin Sun,NULL,11/07/2013
11421,NULL,20718,Amy Sun,NULL,11/03/2014
11498,NULL,10006,Arturo Sun,NULL,11/06/2014
22564,NULL,5933,Autumn Sun,NULL,04/03/2014
25585,NULL,18008,Brent Sun,NULL,28/05/2014
11365,NULL,17557,Brittney Sun,NULL,24/05/2014
19568,NULL,17811,Candice Sun,NULL,26/09/2013
17987,NULL,4850,Cara Sun,NULL,01/03/2014
17985,NULL,3441,Cedric Sun,NULL,20/03/2014
25218,NULL,11357,Christy Sun,NULL,11/12/2013
14525,NULL,5874,Claudia Sun,NULL,28/03/2014
28533,NULL,12602,Clayton Sun,NULL,06/07/2013
28566,NULL,13452,Colin Sun,NULL,26/06/2014
21064,NULL,12277,Colleen Sun,NULL,20/08/2013
22806,NULL,20767,Crystal Sun,NULL,17/03/2014
15696,NULL,8385,Damien Sun,NULL,27/11/2013
28708,NULL,5639,Darryl Sun,NULL,07/09/2012
18418,NULL,12177,Dawn Sun,NULL,30/05/2014
24481,NULL,17910,Dennis Sun,NULL,18/05/2014
21170,NULL,13159,Edwin Sun,NULL,12/03/2014
26135,NULL,2486,Erica Sun,NULL,01/03/2014
22868,NULL,6476,Ernest Sun,NULL,15/05/2014
19040,NULL,5473,Eugene Sun,NULL,02/03/2014
19615,NULL,7849,Franklin Sun,NULL,11/11/2013
12878,NULL,8914,Gilbert Sun,NULL,26/07/2013
20556,NULL,5701,Glenn Sun,NULL,04/04/2014
28729,NULL,2640,Heather Sun,NULL,07/09/2013
18211,NULL,12932,Jaclyn Sun,NULL,22/12/2013
21389,NULL,2454,Jamie Sun,NULL,02/10/2013
24864,NULL,18057,Jeffery Sun,NULL,19/12/2013
12253,NULL,11457,Jenny Sun,NULL,16/12/2013
12100,NULL,13555,Jon Sun,NULL,17/02/2014
16025,NULL,18313,Jorge Sun,NULL,08/05/2014
28208,NULL,17411,Karen Sun,NULL,26/07/2013
16307,NULL,12074,Kelli Sun,NULL,23/03/2014
16560,NULL,18402,Kelvin Sun,NULL,26/05/2014
13813,NULL,2511,Kristen Sun,NULL,03/08/2013
18908,NULL,17373,Krystal Sun,NULL,11/08/2013
15131,NULL,12382,Lacey Sun,NULL,19/01/2014
17734,NULL,17461,Leah Sun,NULL,02/12/2013
16182,NULL,13044,Louis Sun,NULL,21/05/2014
16694,NULL,5761,Mandy Sun,NULL,27/02/2014
25519,NULL,17721,Margaret Sun,NULL,06/04/2014
12956,NULL,11025,Marshall Sun,NULL,28/03/2014
26394,NULL,4918,Martha Sun,NULL,09/03/2014
24887,NULL,5355,Micah Sun,NULL,11/08/2013
25783,NULL,12702,Omar Sun,NULL,30/07/2013
26749,NULL,12815,Rafael Sun,NULL,01/07/2013
11974,NULL,18164,Randy Sun,NULL,07/05/2014
25237,NULL,13251,Roger Sun,NULL,19/06/2014
21648,NULL,5583,Ronnie Sun,NULL,16/07/2013
26900,NULL,4971,Rosa Sun,NULL,24/02/2014
27312,NULL,17666,Sandra Sun,NULL,11/03/2014
12007,NULL,2538,Shannon Sun,NULL,21/02/2014
19361,NULL,17610,Stacey Sun,NULL,27/06/2013
23333,NULL,6527,Steve Sun,NULL,12/12/2013
21835,NULL,17767,Susan Sun,NULL,11/05/2014
24587,NULL,5026,Suzanne Sun,NULL,16/05/2014
19976,NULL,11863,Tamara Sun,NULL,29/11/2013
17989,NULL,2671,Tiffany Sun,NULL,02/03/2014
22018,NULL,18217,Todd Sun,NULL,12/11/2013
22442,NULL,4744,Trisha Sun,NULL,29/03/2014
18590,NULL,17509,Valerie Sun,NULL,22/10/2013
16585,NULL,17959,Vincent Sun,NULL,21/02/2014
24863,NULL,18110,Wesley Sun,NULL,09/08/2013
19278,NULL,13356,Willie Sun,NULL,05/04/2014
18463,NULL,3131,Adriana Suri,NULL,04/05/2014
21553,NULL,15832,Allen Suri,NULL,05/02/2014
24189,NULL,16038,Andre Suri,NULL,29/01/2014
26873,NULL,7230,Ann Suri,NULL,19/07/2013
26190,NULL,10894,Arthur Suri,NULL,17/03/2014
15253,NULL,3733,Barry Suri,NULL,19/04/2014
14333,NULL,15995,Bobby Suri,NULL,29/04/2014
14339,NULL,19759,Brandy Suri,NULL,15/07/2013
22643,NULL,15346,Brenda Suri,NULL,25/07/2013
29398,NULL,10793,Bruce Suri,NULL,11/07/2013
18152,NULL,3903,Bryant Suri,NULL,29/07/2013
25547,NULL,7515,Carla Suri,NULL,13/07/2013
24250,NULL,8316,Carmen Suri,NULL,22/02/2014
12972,NULL,9928,Carolyn Suri,NULL,07/04/2014
18717,NULL,19605,Cassandra Suri,NULL,06/04/2014
17512,NULL,3799,Cesar Suri,NULL,06/06/2013
26273,NULL,18927,Chelsea Suri,NULL,30/11/2013
18989,NULL,7281,Cindy Suri,NULL,30/01/2014
19369,NULL,4065,Clifford Suri,NULL,31/08/2013
15010,NULL,20225,Cory Suri,NULL,25/05/2014
22589,NULL,19720,Cynthia Suri,NULL,27/01/2014
17964,NULL,10158,Darren Suri,NULL,30/03/2014
28507,NULL,9721,Deanna Suri,NULL,20/01/2014
27524,NULL,16226,Denise Suri,NULL,25/05/2013
26950,NULL,8209,Dominic Suri,NULL,25/11/2013
25584,NULL,7459,Dominique Suri,NULL,14/05/2014
15456,NULL,20023,Donald Suri,NULL,24/02/2014
19096,NULL,19407,Douglas Suri,NULL,25/09/2013
22808,NULL,9620,Ebony Suri,NULL,21/06/2013
24443,NULL,8107,Edgar Suri,NULL,08/06/2014
26346,NULL,7946,Emmanuel Suri,NULL,23/11/2013
16635,NULL,2954,Erick Suri,NULL,23/06/2014
21223,NULL,3075,Evelyn Suri,NULL,25/08/2013
22828,NULL,16678,Francisco Suri,NULL,16/06/2013
28390,NULL,7852,Frederick Suri,NULL,26/06/2011
26419,NULL,8265,Geoffrey Suri,NULL,24/11/2013
27336,NULL,20183,George Suri,NULL,12/09/2013
13617,NULL,11829,Gerald Suri,NULL,22/06/2014
18480,NULL,15238,Heidi Suri,NULL,20/05/2014
21683,NULL,15951,Henry Suri,NULL,01/12/2013
18286,NULL,19570,Holly Suri,NULL,06/05/2014
29481,NULL,8168,Ivan Suri,NULL,13/01/2012
27903,NULL,18169,Janelle Suri,NULL,28/08/2013
12004,NULL,2900,Jarrod Suri,NULL,08/01/2014
15687,NULL,10255,Jay Suri,NULL,28/05/2014
15180,NULL,15291,Jillian Suri,NULL,24/03/2014
21028,NULL,10983,Joe Suri,NULL,18/02/2014
12291,NULL,15881,Johnathan Suri,NULL,22/04/2014
29190,NULL,3196,Kaitlin Suri,NULL,17/09/2013
25266,NULL,10471,Kari Suri,NULL,05/12/2013
22650,NULL,19686,Kristina Suri,NULL,07/11/2013
22849,NULL,16088,Kristopher Suri,NULL,11/05/2014
12462,NULL,7897,Levi Suri,NULL,09/10/2013
13126,NULL,3421,Lydia Suri,NULL,25/04/2014
20469,NULL,15913,Manuel Suri,NULL,19/05/2014
16454,NULL,3848,Marco Suri,NULL,23/09/2013
24281,NULL,10029,Marie Suri,NULL,13/10/2013
16589,NULL,16725,Martin Suri,NULL,17/02/2014
15729,NULL,3373,Mayra Suri,NULL,26/04/2014
22394,NULL,7187,Meagan Suri,NULL,27/06/2014
21058,NULL,10577,Meredith Suri,NULL,23/11/2013
18007,NULL,10133,Michele Suri,NULL,27/12/2013
17503,NULL,16125,Molly Suri,NULL,28/05/2014
19509,NULL,15442,Nancy Suri,NULL,04/04/2014
16034,NULL,15525,Pamela Suri,NULL,27/04/2014
15436,NULL,19651,Patricia Suri,NULL,23/02/2014
26422,NULL,11634,Pedro Suri,NULL,22/04/2014
17914,NULL,20149,Phillip Suri,NULL,13/02/2014
20971,NULL,3954,Preston Suri,NULL,04/04/2014
18279,NULL,15487,Rachael Suri,NULL,13/05/2014
17416,NULL,19447,Raymond Suri,NULL,31/03/2014
19373,NULL,9827,Rebekah Suri,NULL,05/12/2013
27800,NULL,7635,Regina Suri,NULL,05/07/2013
18214,NULL,20106,Ronald Suri,NULL,13/06/2013
18001,NULL,11738,Ross Suri,NULL,13/04/2014
17253,NULL,11082,Roy Suri,NULL,23/06/2014
12461,NULL,3255,Ruth Suri,NULL,21/10/2013
16391,NULL,7794,Sergio Suri,NULL,20/06/2013
25126,NULL,19360,Shane Suri,NULL,17/11/2013
27496,NULL,4013,Stanley Suri,NULL,29/09/2013
22620,NULL,7343,Stefanie Suri,NULL,12/07/2013
26219,NULL,3017,Summer Suri,NULL,17/10/2013
27957,NULL,10362,Tabitha Suri,NULL,31/08/2013
24031,NULL,7402,Tammy Suri,NULL,02/11/2013
21046,NULL,8045,Terrance Suri,NULL,16/01/2014
26691,NULL,16176,Tina Suri,NULL,22/07/2013
18464,NULL,3311,Toni Suri,NULL,19/05/2014
12251,NULL,15784,Troy Suri,NULL,19/12/2013
23967,NULL,18967,Veronica Suri,NULL,07/12/2013
16807,NULL,7574,Virginia Suri,NULL,16/06/2013
21974,NULL,18875,Whitney Suri,NULL,22/04/2014
25504,NULL,9155,Calvin Sutton,NULL,12/04/2014
16613,NULL,8881,Cassie Sutton,NULL,20/01/2014
26864,NULL,19864,Christine Sutton,NULL,31/05/2013
16630,NULL,9439,Jaime Sutton,NULL,07/05/2014
26660,NULL,5059,Kern Sutton,NULL,01/03/2014
20862,NULL,11353,Marshall Sutton,NULL,21/12/2013
25633,NULL,19981,Tara Sutton,NULL,17/12/2013
15669,NULL,3464,Paul Suurs,NULL,17/05/2014
28334,NULL,19775,Marco Tanara,NULL,07/02/2014
11542,NULL,12528,Alejandro Tang,NULL,11/10/2013
12869,NULL,11998,Alisha Tang,NULL,16/07/2013
16299,NULL,16640,Alison Tang,NULL,24/09/2013
21678,NULL,4903,Alvin Tang,NULL,09/08/2013
25935,NULL,20531,April Tang,NULL,30/04/2014
17637,NULL,10307,Arturo Tang,NULL,15/07/2013
11369,NULL,8939,Ashlee Tang,NULL,29/05/2014
27711,NULL,11589,Barbara Tang,NULL,02/03/2014
28492,NULL,17265,Bethany Tang,NULL,10/04/2012
27856,NULL,3678,Bonnie Tang,NULL,26/02/2014
25489,NULL,9378,Brad Tang,NULL,28/05/2014
28521,NULL,20283,Bradley Tang,NULL,04/02/2014
17730,NULL,8563,Bridget Tang,NULL,03/12/2013
21238,NULL,16942,Carl Tang,NULL,20/06/2014
22470,NULL,4486,Carly Tang,NULL,04/04/2014
15046,NULL,16281,Casey Tang,NULL,19/05/2014
28381,NULL,3811,Cedric Tang,NULL,14/02/2014
24041,NULL,20325,Chad Tang,NULL,01/04/2014
23660,NULL,11390,Christy Tang,NULL,12/02/2014
21821,NULL,12632,Clayton Tang,NULL,27/12/2013
14323,NULL,13484,Colin Tang,NULL,24/02/2014
25731,NULL,12307,Colleen Tang,NULL,25/08/2013
22649,NULL,20455,Corey Tang,NULL,20/02/2014
19623,NULL,8724,Cristina Tang,NULL,09/05/2014
25638,NULL,5303,Dale Tang,NULL,30/08/2013
28677,NULL,11573,Damien Tang,NULL,14/06/2014
16496,NULL,12207,Dawn Tang,NULL,27/05/2014
22858,NULL,8835,Deborah Tang,NULL,18/06/2014
12820,NULL,20235,Derek Tang,NULL,31/03/2014
24132,NULL,4303,Devon Tang,NULL,17/03/2014
20554,NULL,4637,Donna Tang,NULL,27/09/2013
15178,NULL,9206,Drew Tang,NULL,15/03/2014
20450,NULL,13183,Edwin Tang,NULL,10/12/2013
26940,NULL,8165,Franklin Tang,NULL,25/10/2013
21533,NULL,9237,Gilbert Tang,NULL,04/12/2013
11466,NULL,9266,Grant Tang,NULL,21/01/2014
24048,NULL,2582,Gregory Tang,NULL,20/12/2013
21060,NULL,12965,Jaclyn Tang,NULL,25/12/2013
14210,NULL,11486,Jenny Tang,NULL,28/01/2014
27765,NULL,16886,Jerry Tang,NULL,22/06/2013
17659,NULL,4690,Jodi Tang,NULL,04/01/2014
15119,NULL,17041,Johnny Tang,NULL,14/05/2014
14440,NULL,13582,Jon Tang,NULL,19/12/2013
26589,NULL,19943,Julie Tang,NULL,06/05/2014
20591,NULL,16546,Kara Tang,NULL,29/07/2013
15397,NULL,5127,Karl Tang,NULL,21/07/2013
14851,NULL,3486,Karla Tang,NULL,26/07/2013
20036,NULL,4586,Kate Tang,NULL,18/06/2013
14186,NULL,16329,Katrina Tang,NULL,12/01/2014
17901,NULL,20492,Keith Tang,NULL,03/04/2014
26964,NULL,12104,Kelli Tang,NULL,04/11/2013
12616,NULL,16499,Kelsey Tang,NULL,20/10/2013
20832,NULL,2493,Kelvin Tang,NULL,26/06/2013
28477,NULL,2610,Kenneth Tang,NULL,06/05/2014
25794,NULL,20571,Kristin Tang,NULL,05/04/2014
13847,NULL,4134,Kurt Tang,NULL,02/02/2014
22910,NULL,16377,Latoya Tang,NULL,19/04/2014
28109,NULL,5188,Leonard Tang,NULL,12/08/2013
24934,NULL,19817,Lindsay Tang,NULL,05/05/2014
25308,NULL,20652,Lindsey Tang,NULL,07/03/2014
18292,NULL,13077,Louis Tang,NULL,04/03/2014
13167,NULL,16790,Mario Tang,NULL,08/04/2014
11160,NULL,9050,Maurice Tang,NULL,24/07/2013
13663,NULL,4364,Melvin Tang,NULL,05/07/2013
16469,NULL,8382,Michele Tang,NULL,16/09/2013
27129,NULL,4538,Mindy Tang,NULL,04/10/2013
14248,NULL,16452,Misty Tang,NULL,24/02/2014
15630,NULL,16589,Nichole Tang,NULL,13/02/2014
12282,NULL,5249,Nicolas Tang,NULL,07/09/2013
27485,NULL,4425,Nina Tang,NULL,01/05/2014
24027,NULL,12730,Omar Tang,NULL,09/02/2014
25184,NULL,20411,Peter Tang,NULL,11/10/2013
12479,NULL,8770,Priscilla Tang,NULL,19/01/2014
11908,NULL,12848,Rafael Tang,NULL,23/01/2014
22466,NULL,9498,Raul Tang,NULL,30/11/2013
23619,NULL,16992,Ricardo Tang,NULL,16/02/2014
20945,NULL,13285,Roger Tang,NULL,14/03/2014
18632,NULL,16848,Russell Tang,NULL,23/07/2013
15823,NULL,8507,Sharon Tang,NULL,16/04/2014
27445,NULL,17083,Shaun Tang,NULL,28/03/2014
25832,NULL,20369,Shawn Tang,NULL,26/02/2014
18031,NULL,3555,Shawna Tang,NULL,16/10/2013
28470,NULL,11889,Tamara Tang,NULL,04/02/2012
28467,NULL,8613,Tasha Tang,NULL,09/03/2014
17303,NULL,4244,Terrence Tang,NULL,09/02/2014
14790,NULL,17219,Terry Tang,NULL,17/11/2013
29479,NULL,4191,Tommy Tang,NULL,04/02/2013
19930,NULL,17170,Tony Tang,NULL,27/04/2014
20917,NULL,8449,Tonya Tang,NULL,25/03/2014
17851,NULL,2380,Warren Tang,NULL,28/06/2014
13090,NULL,9101,Wayne Tang,NULL,20/04/2014
25939,NULL,13380,Willie Tang,NULL,09/04/2014
20504,NULL,12045,Rakesh Tangirala,NULL,05/02/2014
14588,NULL,18275,Alexander Taylor,NULL,20/02/2014
20079,NULL,10715,Alexandra Taylor,NULL,21/04/2014
20105,NULL,12007,Alexis Taylor,NULL,20/01/2014
26198,NULL,11533,Alyssa Taylor,NULL,02/02/2014
28985,NULL,18882,Andrew Taylor,NULL,23/08/2013
23028,NULL,12183,Anna Taylor,NULL,24/01/2014
22335,NULL,18614,Anthony Taylor,NULL,11/08/2013
18215,NULL,12421,Ashley Taylor,NULL,02/04/2014
19799,NULL,18233,Austin Taylor,NULL,08/03/2014
11727,NULL,18039,Benjamin Taylor,NULL,04/10/2013
17889,NULL,4155,Blake Taylor,NULL,24/12/2013
27737,NULL,18221,Brandon Taylor,NULL,22/10/2013
17027,NULL,11719,Brianna Taylor,NULL,04/11/2013
12445,NULL,17653,Cameron Taylor,NULL,08/01/2014
13792,NULL,4852,Charles Taylor,NULL,24/05/2014
20433,NULL,11583,Chloe Taylor,NULL,10/05/2014
20764,NULL,18108,Christian Taylor,NULL,01/01/2014
21171,NULL,18109,Christopher Taylor,NULL,06/10/2013
26626,NULL,4466,Dalton Taylor,NULL,24/02/2014
25208,NULL,18489,Daniel Taylor,NULL,21/10/2013
15991,NULL,17926,David Taylor,NULL,04/02/2014
16655,NULL,11492,Destiny Taylor,NULL,13/02/2014
12248,NULL,4921,Devin Taylor,NULL,10/12/2013
27992,NULL,18476,Dylan Taylor,NULL,21/04/2014
17796,NULL,5014,Eduardo Taylor,NULL,13/11/2013
17442,NULL,4240,Edward Taylor,NULL,23/05/2014
21901,NULL,11914,Elizabeth Taylor,NULL,04/06/2014
17169,NULL,12236,Emily Taylor,NULL,19/08/2013
14912,NULL,11860,Emma Taylor,NULL,15/03/2014
22555,NULL,17921,Ethan Taylor,NULL,15/02/2014
12135,NULL,3849,Fernando Taylor,NULL,01/12/2013
24073,NULL,11308,Grace Taylor,NULL,17/02/2014
11683,NULL,17902,Greg Taylor,NULL,10/07/2013
20785,NULL,11224,Isabella Taylor,NULL,05/02/2014
15331,NULL,18691,Jacob Taylor,NULL,23/09/2013
11137,NULL,11395,Jasmine Taylor,NULL,22/06/2014
18470,NULL,11091,Jennifer Taylor,NULL,02/07/2013
29012,NULL,3991,Jeremiah Taylor,NULL,25/03/2014
11935,NULL,12095,Jessica Taylor,NULL,06/11/2013
23259,NULL,18329,John Taylor,NULL,12/04/2014
17549,NULL,17663,Jonathan Taylor,NULL,07/06/2014
27201,NULL,17322,Jose Taylor,NULL,27/03/2014
12289,NULL,18925,Joseph Taylor,NULL,22/10/2013
28130,NULL,18776,Joshua Taylor,NULL,14/01/2012
15838,NULL,11048,Julia Taylor,NULL,29/09/2013
28066,NULL,18064,Justin Taylor,NULL,26/04/2014
18574,NULL,11131,Kaitlyn Taylor,NULL,29/08/2013
18607,NULL,10816,Katherine Taylor,NULL,28/04/2014
27248,NULL,11961,Kayla Taylor,NULL,11/01/2014
14594,NULL,11632,Lauren Taylor,NULL,28/09/2013
13522,NULL,17753,Logan Taylor,NULL,25/11/2013
11523,NULL,4785,Lucas Taylor,NULL,18/07/2013
11802,NULL,12326,Madison Taylor,NULL,03/05/2014
18944,NULL,4615,Marcus Taylor,NULL,21/05/2014
20511,NULL,18832,Matthew Taylor,NULL,20/04/2014
11404,NULL,11679,Megan Taylor,NULL,13/07/2013
27907,NULL,18730,Michael Taylor,NULL,26/03/2014
23491,NULL,4077,Miguel Taylor,NULL,26/12/2013
16879,NULL,11180,Morgan Taylor,NULL,29/07/2013
14338,NULL,11265,Natalie Taylor,NULL,17/10/2013
26521,NULL,17815,Nathan Taylor,NULL,09/11/2013
15386,NULL,18995,Nicholas Taylor,NULL,27/01/2014
11538,NULL,11443,Nicole Taylor,NULL,01/08/2013
18979,NULL,17165,Noah Taylor,NULL,11/05/2014
26341,NULL,11762,Olivia Taylor,NULL,13/11/2013
13886,NULL,11347,Rachel Taylor,NULL,20/11/2013
22789,NULL,5092,Richard Taylor,NULL,17/12/2013
21146,NULL,17179,Robert Taylor,NULL,05/02/2014
17025,NULL,17995,Ryan Taylor,NULL,15/12/2013
12773,NULL,12375,Samantha Taylor,NULL,09/01/2014
16872,NULL,17817,Samuel Taylor,NULL,18/03/2014
23856,NULL,12469,Sarah Taylor,NULL,03/04/2014
26509,NULL,4309,Seth Taylor,NULL,26/10/2013
15905,NULL,12143,Taylor Taylor,NULL,06/05/2014
23493,NULL,17412,Thomas Taylor,NULL,24/04/2014
12032,NULL,18598,Tyler Taylor,NULL,23/07/2013
26013,NULL,11808,Victoria Taylor,NULL,17/12/2012
15839,NULL,18409,William Taylor,NULL,06/10/2013
27295,NULL,3765,Wyatt Taylor,NULL,09/03/2014
27082,NULL,18451,Zachary Taylor,NULL,22/09/2012
26507,NULL,12047,Abhijit Thakur,NULL,02/11/2013
23803,NULL,18290,Bernard Thames,NULL,05/11/2013
27232,NULL,18623,Ram Thirunavukkarasu,NULL,12/03/2013
23172,NULL,10718,Alexandra Thomas,NULL,12/07/2013
26107,NULL,12009,Alexis Thomas,NULL,20/01/2014
20894,NULL,11539,Alyssa Thomas,NULL,26/04/2014
29004,NULL,18886,Andrew Thomas,NULL,27/10/2013
14624,NULL,11595,Anna Thomas,NULL,30/03/2014
12188,NULL,12425,Ashley Thomas,NULL,10/08/2013
21295,NULL,18077,Benjamin Thomas,NULL,10/04/2014
29242,NULL,4158,Blake Thomas,NULL,09/02/2014
21770,NULL,18278,Brandon Thomas,NULL,19/12/2013
15302,NULL,11722,Brianna Thomas,NULL,09/01/2014
29325,NULL,17446,Cameron Thomas,NULL,18/01/2014
25094,NULL,4854,Charles Thomas,NULL,13/06/2012
11282,NULL,18134,Christian Thomas,NULL,04/06/2013
20242,NULL,18137,Christopher Thomas,NULL,13/11/2013
23009,NULL,4468,Dalton Thomas,NULL,08/05/2014
24262,NULL,18624,Daniel Thomas,NULL,24/11/2013
16836,NULL,17938,David Thomas,NULL,20/05/2014
24317,NULL,4927,Devin Thomas,NULL,23/07/2013
19873,NULL,18497,Dylan Thomas,NULL,07/09/2013
14249,NULL,5017,Eduardo Thomas,NULL,30/10/2013
19147,NULL,4242,Edward Thomas,NULL,03/03/2014
15282,NULL,11918,Elizabeth Thomas,NULL,08/03/2014
21803,NULL,12242,Emily Thomas,NULL,28/03/2014
18904,NULL,11864,Emma Thomas,NULL,17/02/2014
25259,NULL,17939,Ethan Thomas,NULL,13/09/2013
23671,NULL,3852,Fernando Thomas,NULL,26/02/2014
17031,NULL,11311,Grace Thomas,NULL,09/09/2013
14295,NULL,12287,Hannah Thomas,NULL,28/10/2013
22863,NULL,17911,Hunter Thomas,NULL,19/09/2013
19118,NULL,4705,Ian Thomas,NULL,05/11/2013
27265,NULL,11227,Isabella Thomas,NULL,03/11/2012
19991,NULL,18694,Jacob Thomas,NULL,17/04/2014
19243,NULL,17614,James Thomas,NULL,04/11/2013
13424,NULL,11400,Jasmine Thomas,NULL,24/10/2013
21273,NULL,11094,Jennifer Thomas,NULL,21/12/2013
18372,NULL,3994,Jeremiah Thomas,NULL,14/05/2014
16848,NULL,12099,Jessica Thomas,NULL,21/06/2014
14657,NULL,18344,John Thomas,NULL,08/12/2013
19777,NULL,17686,Jonathan Thomas,NULL,28/12/2013
26960,NULL,17345,Jose Thomas,NULL,17/12/2013
27989,NULL,18929,Joseph Thomas,NULL,09/06/2014
18643,NULL,18782,Joshua Thomas,NULL,13/05/2014
13400,NULL,11050,Julia Thomas,NULL,09/04/2014
25860,NULL,17872,Justin Thomas,NULL,26/02/2014
19896,NULL,11133,Kaitlyn Thomas,NULL,28/08/2013
26536,NULL,10820,Katherine Thomas,NULL,27/02/2014
19444,NULL,11963,Kayla Thomas,NULL,14/03/2014
27640,NULL,11637,Lauren Thomas,NULL,29/06/2014
14091,NULL,17758,Logan Thomas,NULL,05/01/2014
13315,NULL,4787,Lucas Thomas,NULL,04/10/2013
13389,NULL,12330,Madison Thomas,NULL,02/05/2014
29268,NULL,4618,Marcus Thomas,NULL,22/07/2013
13239,NULL,18835,Matthew Thomas,NULL,23/05/2014
29071,NULL,11683,Megan Thomas,NULL,16/10/2013
25183,NULL,18734,Michael Thomas,NULL,14/11/2013
25480,NULL,4081,Miguel Thomas,NULL,20/04/2014
12771,NULL,11183,Morgan Thomas,NULL,07/01/2014
23350,NULL,11270,Natalie Thomas,NULL,05/06/2014
20330,NULL,17826,Nathan Thomas,NULL,02/06/2014
11795,NULL,11448,Nicole Thomas,NULL,27/04/2014
18352,NULL,17181,Noah Thomas,NULL,11/04/2014
23688,NULL,11764,Olivia Thomas,NULL,14/06/2013
20767,NULL,11351,Rachel Thomas,NULL,25/02/2014
27557,NULL,5094,Richard Thomas,NULL,04/04/2013
15499,NULL,17195,Robert Thomas,NULL,27/01/2014
22532,NULL,17998,Ryan Thomas,NULL,05/05/2014
21690,NULL,12377,Samantha Thomas,NULL,18/09/2013
25004,NULL,17844,Samuel Thomas,NULL,23/06/2014
11173,NULL,12474,Sarah Thomas,NULL,26/05/2014
14567,NULL,4311,Seth Thomas,NULL,08/05/2014
14322,NULL,10769,Sydney Thomas,NULL,09/02/2014
29275,NULL,12146,Taylor Thomas,NULL,02/03/2014
21629,NULL,17422,Thomas Thomas,NULL,22/03/2014
15536,NULL,11810,Victoria Thomas,NULL,31/05/2014
21614,NULL,18413,William Thomas,NULL,18/11/2013
12431,NULL,3768,Wyatt Thomas,NULL,10/06/2014
12146,NULL,4390,Xavier Thomas,NULL,10/04/2014
28045,NULL,18556,Zachary Thomas,NULL,07/02/2014
24332,NULL,12057,Abigail Thompson,NULL,07/05/2014
27114,NULL,18305,Alexander Thompson,NULL,01/03/2014
28638,NULL,10728,Alexandra Thompson,NULL,07/09/2013
19002,NULL,12015,Alexis Thompson,NULL,12/05/2014
18638,NULL,11545,Alyssa Thompson,NULL,24/04/2014
27200,NULL,11602,Anna Thompson,NULL,18/04/2014
13850,NULL,18316,Anthony Thompson,NULL,03/11/2013
15104,NULL,12436,Ashley Thompson,NULL,20/12/2013
12513,NULL,17419,Austin Thompson,NULL,13/03/2014
19435,NULL,18183,Benjamin Thompson,NULL,29/06/2013
18390,NULL,4169,Blake Thompson,NULL,04/04/2014
15311,NULL,18391,Brandon Thompson,NULL,06/04/2014
18642,NULL,11729,Brianna Thompson,NULL,07/06/2014
16620,NULL,17515,Cameron Thompson,NULL,05/05/2014
13724,NULL,4863,Charles Thompson,NULL,10/05/2014
15743,NULL,11012,Chloe Thompson,NULL,26/04/2014
19815,NULL,18192,Christian Thompson,NULL,22/02/2014
13028,NULL,4475,Dalton Thompson,NULL,24/05/2014
21776,NULL,18488,Daniel Thompson,NULL,02/10/2013
20067,NULL,11503,Destiny Thompson,NULL,21/10/2013
20708,NULL,4937,Devin Thompson,NULL,09/05/2014
26108,NULL,18512,Dylan Thompson,NULL,07/06/2014
19157,NULL,5023,Eduardo Thompson,NULL,28/05/2014
15290,NULL,4253,Edward Thompson,NULL,07/04/2014
11864,NULL,11924,Elizabeth Thompson,NULL,06/11/2013
15489,NULL,12249,Emily Thompson,NULL,05/05/2014
19445,NULL,11874,Emma Thompson,NULL,29/03/2014
19989,NULL,17957,Ethan Thompson,NULL,01/01/2014
16350,NULL,3860,Fernando Thompson,NULL,25/05/2014
15742,NULL,11320,Grace Thompson,NULL,19/07/2013
26262,NULL,12294,Hannah Thompson,NULL,17/11/2013
12976,NULL,17150,Hunter Thompson,NULL,02/02/2014
18756,NULL,11236,Isabella Thompson,NULL,29/01/2014
21153,NULL,17628,James Thompson,NULL,10/02/2014
18659,NULL,11409,Jasmine Thompson,NULL,11/10/2013
23063,NULL,11101,Jennifer Thompson,NULL,18/05/2014
14592,NULL,12107,Jessica Thompson,NULL,02/11/2013
21316,NULL,18359,John Thompson,NULL,15/03/2014
27017,NULL,17700,Jonathan Thompson,NULL,26/02/2014
23731,NULL,17379,Jose Thompson,NULL,04/12/2013
20114,NULL,18948,Joseph Thompson,NULL,31/10/2013
25999,NULL,18793,Joshua Thompson,NULL,25/11/2012
29350,NULL,11059,Julia Thompson,NULL,15/01/2012
22954,NULL,18074,Justin Thompson,NULL,23/08/2013
12430,NULL,11142,Kaitlyn Thompson,NULL,12/06/2014
27990,NULL,10829,Katherine Thompson,NULL,14/01/2014
12363,NULL,11974,Kayla Thompson,NULL,03/03/2014
12088,NULL,11648,Lauren Thompson,NULL,27/06/2014
26522,NULL,17770,Logan Thompson,NULL,06/01/2014
21277,NULL,4795,Lucas Thompson,NULL,14/03/2014
18788,NULL,12338,Madison Thompson,NULL,23/04/2014
22127,NULL,4628,Marcus Thompson,NULL,09/10/2013
17578,NULL,11692,Megan Thompson,NULL,09/11/2013
26148,NULL,18743,Michael Thompson,NULL,13/04/2014
25179,NULL,4091,Miguel Thompson,NULL,25/02/2014
24011,NULL,11192,Morgan Thompson,NULL,17/11/2013
13904,NULL,11278,Natalie Thompson,NULL,25/11/2013
25523,NULL,17841,Nathan Thompson,NULL,17/01/2014
11252,NULL,19006,Nicholas Thompson,NULL,20/05/2014
16150,NULL,11460,Nicole Thompson,NULL,13/04/2014
14547,NULL,17307,Noah Thompson,NULL,25/05/2014
15408,NULL,11774,Olivia Thompson,NULL,31/01/2014
27108,NULL,11363,Rachel Thompson,NULL,11/02/2013
14368,NULL,4539,Richard Thompson,NULL,16/06/2014
21065,NULL,17222,Robert Thompson,NULL,14/05/2014
11330,NULL,17961,Ryan Thompson,NULL,24/06/2014
25075,NULL,12389,Samantha Thompson,NULL,03/10/2013
15970,NULL,17690,Samuel Thompson,NULL,28/10/2013
12423,NULL,12482,Sarah Thompson,NULL,20/04/2014
21809,NULL,10777,Sydney Thompson,NULL,13/03/2014
21736,NULL,17433,Thomas Thompson,NULL,18/04/2014
27502,NULL,18515,Tyler Thompson,NULL,02/07/2013
13857,NULL,11818,Victoria Thompson,NULL,12/05/2014
22866,NULL,18249,William Thompson,NULL,25/08/2013
17194,NULL,3775,Wyatt Thompson,NULL,23/12/2013
15761,NULL,4397,Xavier Thompson,NULL,28/06/2014
26018,NULL,18568,Zachary Thompson,NULL,06/12/2013
12890,NULL,4320,Steven Thorpe,NULL,07/06/2014
25367,NULL,3940,Abigail Torres,NULL,31/05/2014
19534,NULL,14356,Adrian Torres,NULL,10/07/2013
11482,NULL,7115,Adrienne Torres,NULL,10/02/2014
18512,NULL,14324,Alex Torres,NULL,08/05/2014
27685,NULL,2810,Alfredo Torres,NULL,15/05/2014
21244,NULL,8683,Allison Torres,NULL,04/11/2013
14036,NULL,3011,Amanda Torres,NULL,02/09/2013
22441,NULL,8685,Andrea Torres,NULL,25/06/2013
24102,NULL,2744,Andy Torres,NULL,27/06/2013
21290,NULL,14321,Angel Torres,NULL,19/04/2014
12845,NULL,8151,Angela Torres,NULL,22/10/2013
28571,NULL,3641,Anna Torres,NULL,22/05/2014
18623,NULL,14373,Anne Torres,NULL,10/01/2014
22277,NULL,8152,Arianna Torres,NULL,27/06/2014
23241,NULL,6957,Armando Torres,NULL,13/11/2013
20594,NULL,10966,Arthur Torres,NULL,30/08/2013
16571,NULL,6027,Audrey Torres,NULL,16/05/2014
18259,NULL,8673,Bailey Torres,NULL,30/11/2013
24623,NULL,6093,Beth Torres,NULL,15/06/2014
16286,NULL,15755,Billy Torres,NULL,04/05/2014
13747,NULL,14334,Brian Torres,NULL,22/06/2013
13685,NULL,13614,Briana Torres,NULL,25/01/2014
14116,NULL,19214,Brianna Torres,NULL,21/11/2013
12552,NULL,10870,Bruce Torres,NULL,15/03/2014
21607,NULL,14335,Bryce Torres,NULL,14/04/2014
18561,NULL,9694,Carol Torres,NULL,29/05/2014
15261,NULL,10011,Carolyn Torres,NULL,28/12/2013
25372,NULL,17869,Carrie Torres,NULL,03/09/2013
26792,NULL,19159,Casey Torres,NULL,31/08/2013
13171,NULL,8686,Catherine Torres,NULL,06/11/2013
11644,NULL,14361,Charles Torres,NULL,07/06/2014
25727,NULL,6193,Cheryl Torres,NULL,20/08/2013
21504,NULL,20261,Chloe Torres,NULL,18/03/2014
20746,NULL,8691,Christina Torres,NULL,09/12/2013
11687,NULL,14358,Cody Torres,NULL,21/11/2013
13302,NULL,14345,Cole Torres,NULL,01/08/2013
23503,NULL,14386,Dalton Torres,NULL,21/08/2013
26907,NULL,17824,Dana Torres,NULL,25/04/2014
22947,NULL,8687,Danielle Torres,NULL,03/08/2013
16994,NULL,9805,Deanna Torres,NULL,31/01/2014
11550,NULL,6061,Deb Torres,NULL,16/08/2013
14691,NULL,19115,Derrick Torres,NULL,02/02/2014
23852,NULL,13858,Desiree Torres,NULL,15/04/2014
25385,NULL,20037,Destiny Torres,NULL,02/09/2013
23752,NULL,14363,Devin Torres,NULL,06/09/2013
17685,NULL,18662,Diana Torres,NULL,04/07/2013
25211,NULL,15585,Diane Torres,NULL,23/03/2014
17288,NULL,20528,Dwayne Torres,NULL,03/03/2014
21985,NULL,6690,Eddie Torres,NULL,12/04/2014
15314,NULL,14367,Eduardo Torres,NULL,17/04/2014
11730,NULL,19515,Emma Torres,NULL,10/06/2014
14919,NULL,19285,Erik Torres,NULL,30/09/2013
26994,NULL,18705,Erika Torres,NULL,07/06/2013
12182,NULL,8145,Erin Torres,NULL,24/03/2014
19543,NULL,14325,Evan Torres,NULL,01/10/2013
14376,NULL,8156,Faith Torres,NULL,30/12/2013
17223,NULL,2494,Francis Torres,NULL,31/01/2014
16582,NULL,18343,Frank Torres,NULL,25/07/2013
12142,NULL,8676,Gabriella Torres,NULL,02/08/2013
21417,NULL,3316,Gabrielle Torres,NULL,23/03/2014
26954,NULL,10774,Gerald Torres,NULL,18/11/2013
17904,NULL,15058,Gina Torres,NULL,05/01/2014
26041,NULL,16487,Gloria Torres,NULL,18/12/2013
21615,NULL,19616,Grace Torres,NULL,06/04/2014
18648,NULL,3167,Hailey Torres,NULL,17/01/2014
23283,NULL,3397,Haley Torres,NULL,17/09/2013
17700,NULL,14722,Hector Torres,NULL,20/06/2013
17207,NULL,14377,Ian Torres,NULL,24/04/2014
25441,NULL,2408,Isabella Torres,NULL,18/09/2013
23277,NULL,14323,Isaiah Torres,NULL,07/07/2013
21976,NULL,8153,Jacqueline Torres,NULL,19/03/2014
27464,NULL,6360,Jacquelyn Torres,NULL,18/02/2014
25358,NULL,8146,Jade Torres,NULL,17/12/2013
23295,NULL,7067,Jaime Torres,NULL,13/02/2014
26542,NULL,14661,Jamie Torres,NULL,13/09/2013
16354,NULL,8678,Janet Torres,NULL,09/08/2013
23985,NULL,6253,Janet Torres,NULL,26/01/2014
29243,NULL,14349,Jared Torres,NULL,27/03/2014
11216,NULL,19820,Jasmine Torres,NULL,08/07/2013
12274,NULL,13639,Javier Torres,NULL,09/03/2014
16388,NULL,10337,Jay Torres,NULL,12/06/2013
15472,NULL,20471,Jennifer Torres,NULL,18/05/2014
13205,NULL,7706,Jerome Torres,NULL,21/09/2013
25181,NULL,14328,Jesse Torres,NULL,04/08/2013
27015,NULL,3488,Jessica Torres,NULL,06/04/2014
24464,NULL,13984,Joanna Torres,NULL,14/11/2013
11816,NULL,11061,Joe Torres,NULL,23/07/2013
17273,NULL,14490,Jonathon Torres,NULL,12/05/2014
26362,NULL,14124,Joy Torres,NULL,18/03/2014
26783,NULL,14339,Juan Torres,NULL,05/06/2014
12746,NULL,12558,Juan Torres,NULL,01/04/2014
23565,NULL,20362,Julia Torres,NULL,29/05/2014
22460,NULL,7009,Julio Torres,NULL,13/03/2014
18806,NULL,20584,Kaitlyn Torres,NULL,02/05/2014
18486,NULL,10551,Kari Torres,NULL,03/08/2013
20804,NULL,8679,Katelyn Torres,NULL,23/12/2013
21709,NULL,2937,Katherine Torres,NULL,05/04/2014
15260,NULL,18576,Kathleen Torres,NULL,04/09/2013
19569,NULL,16043,Kellie Torres,NULL,20/04/2014
14585,NULL,8137,Kimberly Torres,NULL,23/12/2013
17004,NULL,14228,Krista Torres,NULL,03/04/2014
14884,NULL,9593,Kristi Torres,NULL,02/04/2014
13035,NULL,14333,Kristy Torres,NULL,03/05/2014
16897,NULL,3714,Lauren Torres,NULL,01/08/2013
15671,NULL,14452,Lawrence Torres,NULL,23/01/2014
18818,NULL,14381,Lucas Torres,NULL,22/05/2014
28153,NULL,8675,Mackenzie Torres,NULL,05/04/2014
16065,NULL,8138,Makayla Torres,NULL,10/02/2014
11765,NULL,15703,Marc Torres,NULL,26/12/2013
25497,NULL,14375,Marcus Torres,NULL,23/01/2014
16792,NULL,3241,Maria Torres,NULL,19/06/2013
16380,NULL,8148,Mariah Torres,NULL,04/05/2014
23925,NULL,10116,Marie Torres,NULL,02/10/2013
27885,NULL,6907,Marvin Torres,NULL,28/02/2014
18900,NULL,14531,Mathew Torres,NULL,23/06/2013
25797,NULL,2695,Max Torres,NULL,12/03/2014
23854,NULL,19107,Megan Torres,NULL,12/04/2014
21256,NULL,18800,Meghan Torres,NULL,23/03/2014
19171,NULL,8149,Melanie Torres,NULL,13/06/2013
14033,NULL,14070,Melinda Torres,NULL,17/05/2014
17804,NULL,16969,Melody Torres,NULL,27/11/2013
17472,NULL,10649,Meredith Torres,NULL,25/05/2014
16176,NULL,9019,Michele Torres,NULL,06/05/2014
25235,NULL,13775,Monique Torres,NULL,25/01/2014
21719,NULL,20688,Morgan Torres,NULL,02/04/2014
14061,NULL,17425,Naomi Torres,NULL,30/08/2013
18383,NULL,2708,Natalie Torres,NULL,02/01/2014
26889,NULL,18755,Natasha Torres,NULL,14/09/2013
20690,NULL,14336,Nathaniel Torres,NULL,16/05/2014
17305,NULL,6858,Neil Torres,NULL,27/06/2014
25804,NULL,19290,Nelson Torres,NULL,05/08/2013
26014,NULL,19321,Olivia Torres,NULL,14/04/2014
27896,NULL,18859,Orlando Torres,NULL,29/03/2014
15055,NULL,14332,Patrick Torres,NULL,19/12/2013
16958,NULL,11710,Pedro Torres,NULL,03/09/2013
18941,NULL,19202,Philip Torres,NULL,27/05/2014
25646,NULL,14973,Randall Torres,NULL,20/07/2013
29394,NULL,6519,Raquel Torres,NULL,22/08/2013
28711,NULL,9906,Rebekah Torres,NULL,04/09/2012
19510,NULL,15014,Renee Torres,NULL,11/10/2013
12040,NULL,14369,Richard Torres,NULL,08/06/2014
21680,NULL,15599,Ricky Torres,NULL,06/08/2013
20535,NULL,8158,Riley Torres,NULL,22/03/2014
13864,NULL,13735,Robin Torres,NULL,06/12/2013
25570,NULL,13105,Robyn Torres,NULL,03/06/2014
22520,NULL,13690,Rodney Torres,NULL,16/03/2014
25551,NULL,11814,Ross Torres,NULL,16/05/2014
27951,NULL,11163,Roy Torres,NULL,16/05/2014
11002,NULL,11269,Ruben Torres,NULL,26/07/2013
20425,NULL,14179,Sabrina Torres,NULL,04/08/2013
18399,NULL,8677,Sara Torres,NULL,05/05/2014
23669,NULL,14329,Sean Torres,NULL,21/05/2014
25831,NULL,14344,Sebastian Torres,NULL,13/02/2014
28006,NULL,14383,Seth Torres,NULL,09/11/2013
12612,NULL,20118,Shannon Torres,NULL,04/02/2014
13683,NULL,14622,Sheila Torres,NULL,15/03/2014
17954,NULL,8142,Shelby Torres,NULL,20/10/2013
14772,NULL,18616,Stacy Torres,NULL,26/03/2014
11182,NULL,3087,Stephanie Torres,NULL,07/06/2014
17666,NULL,14354,Steven Torres,NULL,27/01/2014
17629,NULL,10443,Tabitha Torres,NULL,07/07/2013
23986,NULL,14032,Tanya Torres,NULL,16/10/2013
16666,NULL,3564,Taylor Torres,NULL,26/12/2013
16188,NULL,15208,Teresa Torres,NULL,09/06/2014
13577,NULL,6741,Theodore Torres,NULL,16/01/2014
21202,NULL,13904,Theresa Torres,NULL,27/01/2014
18030,NULL,19242,Victor Torres,NULL,06/08/2013
17551,NULL,19406,Victoria Torres,NULL,22/01/2014
26784,NULL,13598,Walter Torres,NULL,18/08/2013
18269,NULL,13947,Wendy Torres,NULL,17/02/2014
16840,NULL,14385,Xavier Torres,NULL,27/11/2013
22348,NULL,8688,Zoe Torres,NULL,26/10/2013
14077,NULL,14350,Bryan Townsend,NULL,21/03/2014
18467,NULL,10232,Darren Townsend,NULL,02/06/2013
23621,NULL,14285,Felicia Townsend,NULL,19/05/2014
26503,NULL,14387,Jeremiah Townsend,NULL,03/11/2012
11134,NULL,18439,Larry Townsend,NULL,05/04/2014
12864,NULL,8133,Michelle Townsend,NULL,16/05/2014
19359,NULL,14815,Roberto Townsend,NULL,09/06/2013
12367,NULL,8143,Trinity Townsend,NULL,12/04/2014
24466,NULL,8690,Alexa Travers,NULL,04/11/2013
19406,NULL,8135,Brooke Travers,NULL,29/07/2013
12587,NULL,14763,Danny Travers,NULL,27/05/2014
11836,NULL,14352,Garrett Travers,NULL,22/09/2013
13828,NULL,5585,Jessie Travers,NULL,02/04/2014
16602,NULL,15097,Jill Travers,NULL,03/02/2014
12674,NULL,15651,Jimmy Travers,NULL,04/02/2014
22830,NULL,14412,Lee Travers,NULL,29/05/2014
29420,NULL,13818,Linda Travers,NULL,16/02/2014
26397,NULL,14583,Micheal Travers,NULL,10/04/2014
19462,NULL,8155,Paige Travers,NULL,10/08/2013
28488,NULL,7766,Reginald Travers,NULL,17/11/2013
28363,NULL,8680,Savannah Travers,NULL,06/01/2012
28265,NULL,16029,Shirleen Travers,NULL,30/04/2014
19656,NULL,2855,Sydney Travers,NULL,29/01/2014
14558,NULL,2784,Marcel Truempy,NULL,11/11/2013
16109,NULL,16039,Adam Turner,NULL,27/03/2014
23033,NULL,16050,Alex Turner,NULL,18/01/2014
14513,NULL,9588,Alexandra Turner,NULL,22/03/2014
25000,NULL,9630,Allison Turner,NULL,15/05/2014
20318,NULL,9595,Amanda Turner,NULL,29/03/2014
11230,NULL,9612,Amber Turner,NULL,11/05/2014
20209,NULL,9633,Andrea Turner,NULL,12/03/2014
16278,NULL,16046,Angel Turner,NULL,08/05/2014
18101,NULL,9619,Bailey Turner,NULL,20/04/2014
12136,NULL,4209,Blake Turner,NULL,25/06/2014
18344,NULL,16031,Caleb Turner,NULL,21/03/2014
20033,NULL,16045,Carlos Turner,NULL,11/05/2014
24188,NULL,4900,Charles Turner,NULL,11/12/2013
27050,NULL,9578,Chloe Turner,NULL,11/01/2013
17008,NULL,16032,Connor Turner,NULL,17/04/2014
22975,NULL,9614,Courtney Turner,NULL,06/12/2011
18658,NULL,4518,Dalton Turner,NULL,26/12/2013
23464,NULL,4985,Devin Turner,NULL,16/04/2014
15876,NULL,5065,Eduardo Turner,NULL,03/05/2014
20474,NULL,3742,Edward Turner,NULL,29/12/2013
19428,NULL,16040,Eric Turner,NULL,11/06/2013
24038,NULL,16051,Evan Turner,NULL,14/05/2014
28182,NULL,3899,Fernando Turner,NULL,05/08/2011
13402,NULL,16027,Gabriel Turner,NULL,31/03/2014
11645,NULL,9621,Gabriella Turner,NULL,05/06/2014
28063,NULL,9603,Gabrielle Turner,NULL,03/04/2014
29279,NULL,9598,Hailey Turner,NULL,16/03/2014
11804,NULL,9605,Haley Turner,NULL,12/01/2014
18854,NULL,16013,Hunter Turner,NULL,21/05/2014
19885,NULL,16054,Isaac Turner,NULL,31/05/2014
25673,NULL,16048,Isaiah Turner,NULL,22/02/2014
24734,NULL,16037,Jack Turner,NULL,17/08/2013
16969,NULL,16041,Jackson Turner,NULL,19/04/2014
16841,NULL,16004,James Turner,NULL,29/10/2013
17130,NULL,9625,Janet Turner,NULL,05/08/2013
28570,NULL,9615,Jenna Turner,NULL,04/12/2013
25435,NULL,9581,Jennifer Turner,NULL,22/07/2013
19207,NULL,4049,Jeremiah Turner,NULL,17/10/2013
28099,NULL,16056,Jesse Turner,NULL,28/05/2014
15390,NULL,16005,Jonathan Turner,NULL,05/02/2014
13420,NULL,9617,Jordan Turner,NULL,04/10/2013
11420,NULL,16035,Jordan Turner,NULL,01/05/2014
11784,NULL,16021,Jose Turner,NULL,19/05/2014
26552,NULL,9579,Judith Turner,NULL,21/11/2013
26239,NULL,9583,Kaitlyn Turner,NULL,11/04/2014
18996,NULL,9591,Katherine Turner,NULL,29/05/2014
16213,NULL,9629,Kaylee Turner,NULL,14/03/2014
26466,NULL,16026,Kevin Turner,NULL,03/11/2013
26835,NULL,16024,Kyle Turner,NULL,11/04/2014
12143,NULL,16006,Logan Turner,NULL,19/08/2013
22948,NULL,4280,Lucas Turner,NULL,01/10/2013
14152,NULL,16034,Luke Turner,NULL,25/12/2013
23845,NULL,9608,Madeline Turner,NULL,18/04/2014
28623,NULL,4670,Marcus Turner,NULL,22/08/2013
14548,NULL,9601,Maria Turner,NULL,03/04/2014
22015,NULL,9611,Mary Turner,NULL,08/12/2013
17687,NULL,4130,Miguel Turner,NULL,07/05/2014
11823,NULL,9584,Morgan Turner,NULL,25/06/2014
17441,NULL,9586,Natalie Turner,NULL,18/04/2014
14743,NULL,16009,Nathan Turner,NULL,06/12/2013
20640,NULL,16015,Noah Turner,NULL,17/01/2014
27699,NULL,9607,Rebecca Turner,NULL,21/05/2014
18965,NULL,4587,Richard Turner,NULL,21/06/2014
29261,NULL,16017,Robert Turner,NULL,15/03/2014
27420,NULL,16011,Samuel Turner,NULL,12/07/2013
23430,NULL,9627,Savannah Turner,NULL,30/11/2013
22732,NULL,16059,Sean Turner,NULL,07/05/2014
14752,NULL,4362,Seth Turner,NULL,20/02/2014
21532,NULL,9618,Sierra Turner,NULL,25/05/2014
26247,NULL,9610,Sophia Turner,NULL,19/01/2014
16215,NULL,16022,Thomas Turner,NULL,24/05/2014
14641,NULL,16060,Timothy Turner,NULL,18/03/2014
20034,NULL,3818,Wyatt Turner,NULL,24/04/2014
14343,NULL,4440,Xavier Turner,NULL,01/10/2013
20308,NULL,9597,Pieter Uittenbogaard,NULL,18/08/2013
16717,NULL,9624,Masaki Umeda,NULL,17/02/2014
28576,NULL,16053,Sunil Uppal,NULL,31/03/2014
22802,NULL,7240,Ann Van,NULL,23/06/2014
12606,NULL,10899,Arthur Van,NULL,27/06/2014
27757,NULL,16000,Bobby Van,NULL,25/08/2013
24890,NULL,15353,Brenda Van,NULL,10/07/2013
26166,NULL,19493,Brett Van,NULL,26/05/2014
13562,NULL,3910,Bryant Van,NULL,05/12/2013
15160,NULL,15399,Candace Van,NULL,30/06/2014
19056,NULL,7526,Carla Van,NULL,21/07/2013
23126,NULL,9934,Carolyn Van,NULL,12/05/2014
13525,NULL,19610,Cassandra Van,NULL,20/10/2013
26983,NULL,3140,Adriana Vance,NULL,29/05/2014
21205,NULL,16234,Denise Vance,NULL,04/01/2014
29378,NULL,8220,Dominic Vance,NULL,13/04/2014
16387,NULL,19411,Douglas Vance,NULL,21/05/2014
20724,NULL,9628,Ebony Vance,NULL,24/12/2013
19351,NULL,8119,Edgar Vance,NULL,22/09/2013
28742,NULL,2962,Erick Vance,NULL,02/03/2014
24861,NULL,3091,Evelyn Vance,NULL,30/03/2014
20972,NULL,16687,Francisco Vance,NULL,18/03/2014
14946,NULL,7857,Frederick Vance,NULL,14/11/2013
12038,NULL,20188,George Vance,NULL,28/06/2014
27841,NULL,11836,Gerald Vance,NULL,19/08/2013
14771,NULL,15246,Heidi Vance,NULL,19/03/2014
27986,NULL,15958,Henry Vance,NULL,11/05/2014
27795,NULL,19575,Holly Vance,NULL,03/12/2013
15230,NULL,15299,Jillian Vance,NULL,16/06/2014
28877,NULL,10992,Joe Vance,NULL,31/07/2013
27766,NULL,20070,Joel Vance,NULL,05/06/2013
11254,NULL,15887,Johnathan Vance,NULL,16/05/2014
29383,NULL,3207,Kaitlin Vance,NULL,01/02/2014
21531,NULL,10479,Kari Vance,NULL,24/06/2014
28338,NULL,10683,Kristi Vance,NULL,05/11/2013
20407,NULL,16093,Kristopher Vance,NULL,14/01/2014
13124,NULL,3854,Marco Vance,NULL,04/06/2014
21012,NULL,10037,Marie Vance,NULL,15/11/2013
25604,NULL,16731,Martin Vance,NULL,19/05/2014
29405,NULL,7192,Meagan Vance,NULL,13/01/2014
20983,NULL,10585,Meredith Vance,NULL,26/09/2013
14551,NULL,10143,Michele Vance,NULL,22/05/2014
13500,NULL,16133,Molly Vance,NULL,22/04/2014
12338,NULL,19538,Monica Vance,NULL,17/01/2014
14193,NULL,15533,Pamela Vance,NULL,23/10/2013
21542,NULL,19659,Patricia Vance,NULL,10/05/2014
11499,NULL,11641,Pedro Vance,NULL,29/11/2013
29308,NULL,20155,Phillip Vance,NULL,07/10/2013
26899,NULL,15493,Rachael Vance,NULL,26/07/2013
14984,NULL,7645,Regina Vance,NULL,30/05/2014
25459,NULL,20114,Ronald Vance,NULL,19/04/2014
19080,NULL,11751,Ross Vance,NULL,10/07/2013
27813,NULL,11095,Roy Vance,NULL,18/01/2014
28374,NULL,11194,Ruben Vance,NULL,08/08/2013
17302,NULL,3262,Ruth Vance,NULL,02/03/2014
26862,NULL,16184,Tina Vance,NULL,18/06/2013
23438,NULL,3322,Toni Vance,NULL,17/02/2014
16575,NULL,18973,Veronica Vance,NULL,02/02/2014
27250,NULL,7586,Virginia Vance,NULL,04/03/2014
17596,NULL,7127,Adrienne Vazquez,NULL,13/01/2014
17576,NULL,14919,Albert Vazquez,NULL,16/01/2014
19620,NULL,2750,Andy Vazquez,NULL,09/11/2013
16027,NULL,14378,Anne Vazquez,NULL,07/05/2014
22571,NULL,6963,Armando Vazquez,NULL,05/11/2013
28480,NULL,10971,Arthur Vazquez,NULL,13/10/2013
14850,NULL,6039,Audrey Vazquez,NULL,17/01/2014
20076,NULL,6098,Beth Vazquez,NULL,23/04/2014
27160,NULL,18490,Brandi Vazquez,NULL,10/03/2014
20417,NULL,10873,Bruce Vazquez,NULL,17/09/2013
11122,NULL,19748,Byron Vazquez,NULL,22/01/2014
23650,NULL,10016,Carolyn Vazquez,NULL,27/10/2013
29419,NULL,17871,Carrie Vazquez,NULL,09/03/2014
13132,NULL,19162,Casey Vazquez,NULL,11/04/2014
17948,NULL,6201,Cheryl Vazquez,NULL,14/01/2014
27831,NULL,14632,Clinton Vazquez,NULL,25/06/2014
28117,NULL,19076,Craig Vazquez,NULL,08/09/2013
25560,NULL,6131,Daisy Vazquez,NULL,20/03/2014
23745,NULL,17828,Dana Vazquez,NULL,30/09/2013
26033,NULL,14769,Danny Vazquez,NULL,02/03/2014
27811,NULL,10239,Darren Vazquez,NULL,20/12/2013
15887,NULL,9813,Deanna Vazquez,NULL,27/05/2014
14966,NULL,19120,Derrick Vazquez,NULL,22/12/2013
22490,NULL,13867,Desiree Vazquez,NULL,11/01/2014
24096,NULL,18667,Diana Vazquez,NULL,23/10/2013
11987,NULL,15645,Diane Vazquez,NULL,12/04/2014
12493,NULL,20577,Dwayne Vazquez,NULL,15/10/2013
19176,NULL,9702,Ebony Vazquez,NULL,29/04/2014
14012,NULL,6697,Eddie Vazquez,NULL,08/05/2014
24124,NULL,19288,Erik Vazquez,NULL,31/05/2014
22974,NULL,18713,Erika Vazquez,NULL,23/08/2013
12223,NULL,14292,Felicia Vazquez,NULL,08/01/2014
17281,NULL,2524,Francis Vazquez,NULL,07/03/2014
14185,NULL,18348,Frank Vazquez,NULL,31/12/2013
11379,NULL,19036,Gary Vazquez,NULL,29/07/2013
26941,NULL,10779,Gerald Vazquez,NULL,19/11/2013
14829,NULL,15063,Gina Vazquez,NULL,13/11/2013
27329,NULL,16543,Gloria Vazquez,NULL,15/11/2013
19772,NULL,14726,Hector Vazquez,NULL,18/10/2013
28960,NULL,6363,Jacquelyn Vazquez,NULL,08/06/2014
22304,NULL,7074,Jaime Vazquez,NULL,22/12/2013
21053,NULL,14666,Jamie Vazquez,NULL,16/11/2013
21973,NULL,6259,Janet Vazquez,NULL,28/04/2014
17652,NULL,13645,Javier Vazquez,NULL,23/09/2013
24036,NULL,10344,Jay Vazquez,NULL,20/02/2014
23116,NULL,7713,Jerome Vazquez,NULL,26/09/2013
13433,NULL,5648,Jessie Vazquez,NULL,10/11/2013
26665,NULL,18392,Jésus Vazquez,NULL,25/10/2013
15664,NULL,15103,Jill Vazquez,NULL,24/04/2014
12348,NULL,15657,Jimmy Vazquez,NULL,12/02/2014
16332,NULL,13676,Joan Vazquez,NULL,25/05/2014
11990,NULL,13991,Joanna Vazquez,NULL,22/01/2014
20418,NULL,11067,Joe Vazquez,NULL,28/07/2013
17906,NULL,14494,Jonathon Vazquez,NULL,06/05/2014
22578,NULL,12621,Juan Vazquez,NULL,17/11/2013
14969,NULL,7015,Julio Vazquez,NULL,04/10/2013
22696,NULL,10562,Kari Vazquez,NULL,17/04/2014
12500,NULL,18582,Kathleen Vazquez,NULL,04/02/2014
29417,NULL,16099,Kellie Vazquez,NULL,10/12/2013
22458,NULL,15161,Kendra Vazquez,NULL,21/11/2013
26164,NULL,14234,Krista Vazquez,NULL,05/12/2013
28349,NULL,9600,Kristi Vazquez,NULL,23/03/2014
17736,NULL,6317,Kristine Vazquez,NULL,26/01/2014
14550,NULL,14338,Kristy Vazquez,NULL,07/02/2014
11376,NULL,14864,Lance Vazquez,NULL,17/03/2014
12655,NULL,18447,Larry Vazquez,NULL,17/11/2013
21952,NULL,6150,Latasha Vazquez,NULL,28/10/2013
19632,NULL,14458,Lawrence Vazquez,NULL,24/07/2013
14843,NULL,14416,Lee Vazquez,NULL,28/04/2014
21085,NULL,18531,Leslie Vazquez,NULL,11/06/2014
17653,NULL,13824,Linda Vazquez,NULL,10/10/2013
18283,NULL,5971,Mallory Vazquez,NULL,02/06/2014
24362,NULL,15710,Marc Vazquez,NULL,02/10/2013
21899,NULL,10120,Marie Vazquez,NULL,11/03/2014
21953,NULL,6918,Marvin Vazquez,NULL,21/09/2013
16555,NULL,14536,Mathew Vazquez,NULL,19/02/2014
15060,NULL,2701,Max Vazquez,NULL,31/05/2014
15047,NULL,18809,Meghan Vazquez,NULL,21/05/2014
22553,NULL,14077,Melinda Vazquez,NULL,06/12/2013
20747,NULL,17028,Melody Vazquez,NULL,06/05/2014
12387,NULL,10654,Meredith Vazquez,NULL,21/02/2014
25258,NULL,14591,Micheal Vazquez,NULL,21/01/2014
16934,NULL,9024,Michele Vazquez,NULL,23/03/2014
23936,NULL,13780,Monique Vazquez,NULL,01/11/2013
23023,NULL,17480,Naomi Vazquez,NULL,25/08/2013
19727,NULL,18760,Natasha Vazquez,NULL,06/07/2013
28719,NULL,6862,Neil Vazquez,NULL,07/07/2013
22076,NULL,19346,Nelson Vazquez,NULL,26/10/2013
11299,NULL,18920,Orlando Vazquez,NULL,27/07/2013
13442,NULL,15159,Paula Vazquez,NULL,20/11/2013
15686,NULL,11718,Pedro Vazquez,NULL,17/04/2014
21186,NULL,14977,Randall Vazquez,NULL,26/09/2013
15784,NULL,9911,Rebekah Vazquez,NULL,14/04/2014
24406,NULL,6584,Reginald Vazquez,NULL,22/05/2014
11245,NULL,15603,Ricky Vazquez,NULL,13/05/2014
16826,NULL,14820,Roberto Vazquez,NULL,23/01/2014
15685,NULL,13741,Robin Vazquez,NULL,22/12/2013
13047,NULL,13694,Rodney Vazquez,NULL,19/02/2014
11148,NULL,11820,Ross Vazquez,NULL,05/05/2014
26029,NULL,11171,Roy Vazquez,NULL,23/03/2014
14301,NULL,11277,Ruben Vazquez,NULL,21/02/2014
26035,NULL,20165,Shannon Vazquez,NULL,19/12/2013
22559,NULL,18620,Stacy Vazquez,NULL,16/07/2013
19821,NULL,10449,Tabitha Vazquez,NULL,24/02/2014
27167,NULL,14036,Tanya Vazquez,NULL,13/10/2013
12750,NULL,15216,Teresa Vazquez,NULL,30/03/2014
16831,NULL,6750,Theodore Vazquez,NULL,19/03/2014
22581,NULL,13911,Theresa Vazquez,NULL,04/11/2013
28710,NULL,6811,Tyrone Vazquez,NULL,02/01/2014
29453,NULL,19247,Victor Vazquez,NULL,03/02/2014
28412,NULL,13607,Walter Vazquez,NULL,26/07/2013
23737,NULL,13950,Elena Velez Amezaga,NULL,12/01/2014
11008,NULL,14673,Rob Verhoff,NULL,02/08/2013
24346,NULL,13171,Giorgio Veronesi,NULL,23/09/2013
11822,NULL,11562,Rohinton Wadia,NULL,26/01/2014
23244,NULL,2782,Alexandra Wagner,NULL,13/10/2013
25405,NULL,6931,Brandon Wagner,NULL,16/11/2013
20922,NULL,12571,Clayton Wagner,NULL,10/04/2014
24030,NULL,11615,Deb Wagner,NULL,26/11/2013
26402,NULL,2439,Jamie Wagner,NULL,17/11/2013
28186,NULL,11431,Jenny Wagner,NULL,05/08/2011
28919,NULL,17351,Krystal Wagner,NULL,02/08/2013
16513,NULL,5559,Ronnie Wagner,NULL,07/01/2014
12523,NULL,6504,Steve Wagner,NULL,27/03/2014
16894,NULL,12073,Abigail Walker,NULL,07/08/2013
13713,NULL,18218,Alexander Walker,NULL,22/05/2014
28861,NULL,10740,Alexandra Walker,NULL,17/03/2014
20291,NULL,12026,Alexis Walker,NULL,23/11/2013
13862,NULL,18906,Andrew Walker,NULL,20/07/2013
25250,NULL,18436,Anthony Walker,NULL,28/01/2014
15961,NULL,12450,Ashley Walker,NULL,14/02/2014
20229,NULL,17605,Austin Walker,NULL,19/01/2014
14456,NULL,17930,Benjamin Walker,NULL,01/12/2013
26291,NULL,4179,Blake Walker,NULL,11/08/2013
15916,NULL,18467,Brandon Walker,NULL,07/05/2014
14006,NULL,11741,Brianna Walker,NULL,02/11/2013
22242,NULL,17554,Cameron Walker,NULL,06/08/2013
11677,NULL,4875,Charles Walker,NULL,02/05/2014
16909,NULL,11024,Chloe Walker,NULL,29/03/2014
11855,NULL,18115,Christian Walker,NULL,11/02/2014
13655,NULL,18266,Christopher Walker,NULL,08/04/2014
28447,NULL,4487,Dalton Walker,NULL,29/10/2013
18661,NULL,18638,Daniel Walker,NULL,09/03/2014
24628,NULL,18148,David Walker,NULL,14/04/2014
16996,NULL,11518,Destiny Walker,NULL,15/11/2013
26634,NULL,4952,Devin Walker,NULL,20/04/2014
14405,NULL,18550,Dylan Walker,NULL,21/02/2014
20784,NULL,5039,Eduardo Walker,NULL,25/06/2014
28090,NULL,4264,Edward Walker,NULL,01/09/2013
27457,NULL,11936,Elizabeth Walker,NULL,29/01/2014
15746,NULL,12262,Emily Walker,NULL,05/05/2014
25209,NULL,11890,Emma Walker,NULL,25/12/2013
18068,NULL,17963,Ethan Walker,NULL,02/04/2014
23302,NULL,3874,Fernando Walker,NULL,18/01/2014
25513,NULL,11332,Grace Walker,NULL,26/08/2013
29002,NULL,12310,Hannah Walker,NULL,19/08/2013
27100,NULL,17254,Hunter Walker,NULL,05/09/2013
16771,NULL,4731,Ian Walker,NULL,21/02/2014
24386,NULL,11247,Isabella Walker,NULL,05/06/2013
29027,NULL,18712,Jacob Walker,NULL,17/05/2014
12108,NULL,17664,James Walker,NULL,08/12/2013
13460,NULL,11426,Jasmine Walker,NULL,05/01/2014
13489,NULL,11111,Jennifer Walker,NULL,24/11/2013
23674,NULL,4015,Jeremiah Walker,NULL,24/05/2014
26075,NULL,12119,Jessica Walker,NULL,09/12/2013
28589,NULL,18371,John Walker,NULL,10/09/2013
19152,NULL,17730,Jonathan Walker,NULL,07/09/2013
22330,NULL,17309,Jose Walker,NULL,30/06/2013
18226,NULL,18969,Joseph Walker,NULL,22/03/2014
20732,NULL,18807,Joshua Walker,NULL,05/08/2013
27217,NULL,11075,Julia Walker,NULL,29/10/2013
21280,NULL,18103,Justin Walker,NULL,12/05/2014
16148,NULL,11161,Karen Walker,NULL,01/03/2014
28151,NULL,10845,Katherine Walker,NULL,28/11/2013
27679,NULL,11987,Kayla Walker,NULL,29/12/2013
11012,NULL,11663,Lauren Walker,NULL,17/03/2014
25170,NULL,17688,Logan Walker,NULL,20/03/2014
23089,NULL,4808,Lucas Walker,NULL,11/08/2013
17105,NULL,12353,Madison Walker,NULL,04/11/2013
20032,NULL,4640,Marcus Walker,NULL,27/10/2013
29371,NULL,18862,Matthew Walker,NULL,02/04/2014
11154,NULL,11703,Megan Walker,NULL,12/06/2013
26636,NULL,4103,Miguel Walker,NULL,26/12/2013
28854,NULL,11203,Morgan Walker,NULL,08/10/2013
12894,NULL,11289,Natalie Walker,NULL,26/02/2014
25383,NULL,17719,Nathan Walker,NULL,10/09/2013
23699,NULL,18524,Nicholas Walker,NULL,02/01/2014
11860,NULL,11474,Nicole Walker,NULL,14/04/2014
20009,NULL,17336,Noah Walker,NULL,07/10/2013
19887,NULL,11789,Olivia Walker,NULL,20/05/2014
20449,NULL,11380,Rachel Walker,NULL,10/12/2013
19640,NULL,4557,Richard Walker,NULL,27/06/2014
18683,NULL,17335,Robert Walker,NULL,07/11/2013
23789,NULL,18024,Ryan Walker,NULL,24/02/2014
18752,NULL,12403,Samantha Walker,NULL,22/08/2013
26002,NULL,17878,Samuel Walker,NULL,05/04/2014
13814,NULL,11898,Sarah Walker,NULL,13/09/2013
27689,NULL,4333,Seth Walker,NULL,13/02/2014
19047,NULL,10794,Sydney Walker,NULL,05/09/2013
21740,NULL,12168,Taylor Walker,NULL,16/06/2014
13071,NULL,17453,Thomas Walker,NULL,02/06/2014
16769,NULL,18646,Tyler Walker,NULL,19/03/2014
15768,NULL,11844,Victoria Walker,NULL,24/02/2014
13092,NULL,18420,William Walker,NULL,26/04/2014
13165,NULL,3786,Wyatt Walker,NULL,12/04/2014
15978,NULL,4410,Xavier Walker,NULL,25/04/2014
23515,NULL,17785,Zachary Walker,NULL,20/02/2014
12163,NULL,5518,Aaron Wang,NULL,04/08/2013
21340,NULL,5260,Adam Wang,NULL,09/10/2013
21011,NULL,5790,Aimee Wang,NULL,18/11/2013
13622,NULL,18333,Alan Wang,NULL,03/04/2014
17310,NULL,12467,Alejandro Wang,NULL,05/11/2013
18164,NULL,11938,Alisha Wang,NULL,27/02/2014
19939,NULL,4298,Alvin Wang,NULL,11/05/2014
27720,NULL,9728,Arturo Wang,NULL,02/08/2013
14632,NULL,6275,Austin Wang,NULL,09/06/2014
13049,NULL,5906,Autumn Wang,NULL,06/04/2014
15652,NULL,11536,Barbara Wang,NULL,26/03/2014
27454,NULL,6736,Benjamin Wang,NULL,14/11/2013
22538,NULL,4767,Bianca Wang,NULL,26/06/2014
20274,NULL,17986,Brent Wang,NULL,02/01/2014
28227,NULL,5574,Caleb Wang,NULL,27/01/2014
23124,NULL,6325,Cameron Wang,NULL,15/06/2014
19288,NULL,17789,Candice Wang,NULL,06/04/2014
21023,NULL,4829,Cara Wang,NULL,16/10/2013
19028,NULL,3146,Cedric Wang,NULL,15/03/2014
27226,NULL,6226,Christian Wang,NULL,07/03/2013
19498,NULL,11327,Christy Wang,NULL,28/11/2013
23631,NULL,13420,Colin Wang,NULL,21/06/2014
11112,NULL,20739,Crystal Wang,NULL,02/02/2014
13108,NULL,18238,Curtis Wang,NULL,16/05/2014
27152,NULL,12150,Dawn Wang,NULL,31/08/2013
25318,NULL,17887,Dennis Wang,NULL,15/03/2014
13229,NULL,6986,Dylan Wang,NULL,03/12/2013
21757,NULL,5918,Elijah Wang,NULL,25/06/2014
14409,NULL,5313,Eric Wang,NULL,01/12/2013
22168,NULL,2471,Erica Wang,NULL,29/10/2013
17038,NULL,6449,Ernest Wang,NULL,04/04/2014
18146,NULL,5443,Eugene Wang,NULL,25/03/2014
29386,NULL,7561,Franklin Wang,NULL,14/08/2013
11163,NULL,5872,Gabriel Wang,NULL,05/01/2014
17220,NULL,5667,Glenn Wang,NULL,26/01/2014
12499,NULL,2627,Heather Wang,NULL,27/01/2014
20699,NULL,6072,Hunter Wang,NULL,04/01/2014
17152,NULL,5215,Jack Wang,NULL,01/01/2014
18977,NULL,5362,Jackson Wang,NULL,08/05/2014
17063,NULL,12899,Jaclyn Wang,NULL,31/08/2013
13329,NULL,5385,Jake Wang,NULL,23/10/2013
14489,NULL,5413,Jason Wang,NULL,29/03/2014
18188,NULL,18034,Jeffery Wang,NULL,08/01/2014
11799,NULL,5506,Jessie Wang,NULL,09/11/2013
26191,NULL,13522,Jon Wang,NULL,16/03/2014
27829,NULL,18284,Jorge Wang,NULL,05/05/2014
15398,NULL,5673,Jose Wang,NULL,13/01/2014
19553,NULL,17390,Karen Wang,NULL,14/11/2013
17939,NULL,12048,Kelli Wang,NULL,05/06/2014
15143,NULL,15988,Kelvin Wang,NULL,10/03/2014
17674,NULL,5822,Kevin Wang,NULL,18/02/2014
20583,NULL,2498,Kristen Wang,NULL,08/11/2013
20599,NULL,5771,Kyle Wang,NULL,13/01/2014
24173,NULL,12355,Lacey Wang,NULL,20/02/2014
26146,NULL,2386,Laura Wang,NULL,14/05/2014
17205,NULL,2413,Lisa Wang,NULL,11/04/2014
12150,NULL,6480,Logan Wang,NULL,04/02/2014
22507,NULL,14144,Louis Wang,NULL,24/11/2013
11175,NULL,5468,Luis Wang,NULL,05/04/2014
28856,NULL,5122,Luke Wang,NULL,12/11/2011
22815,NULL,17694,Margaret Wang,NULL,28/01/2014
11342,NULL,10772,Marshall Wang,NULL,12/12/2013
24272,NULL,4886,Martha Wang,NULL,04/03/2014
14676,NULL,6548,Micah Wang,NULL,15/04/2014
14039,NULL,5975,Nathan Wang,NULL,07/05/2014
15924,NULL,12675,Omar Wang,NULL,31/12/2013
21129,NULL,12784,Rafael Wang,NULL,20/05/2014
25125,NULL,18136,Randy Wang,NULL,25/02/2014
13236,NULL,6176,Robert Wang,NULL,22/03/2014
24605,NULL,13223,Roger Wang,NULL,22/06/2013
11993,NULL,4943,Rosa Wang,NULL,25/05/2014
23454,NULL,6579,Ryan Wang,NULL,06/03/2014
13266,NULL,6023,Samuel Wang,NULL,20/08/2013
24878,NULL,17638,Sandra Wang,NULL,19/10/2013
11017,NULL,2521,Shannon Wang,NULL,16/03/2014
15689,NULL,17586,Stacey Wang,NULL,04/10/2013
15698,NULL,17742,Susan Wang,NULL,13/04/2014
29141,NULL,4999,Suzanne Wang,NULL,08/12/2011
17881,NULL,13007,Tamara Wang,NULL,20/06/2014
21271,NULL,5724,Thomas Wang,NULL,19/03/2014
11384,NULL,2654,Tiffany Wang,NULL,02/01/2014
15676,NULL,18188,Todd Wang,NULL,06/03/2014
17259,NULL,5955,Trisha Wang,NULL,21/03/2014
20217,NULL,17483,Valerie Wang,NULL,04/11/2013
17100,NULL,17937,Vincent Wang,NULL,23/02/2014
21289,NULL,11804,Warren Wang,NULL,14/04/2014
20495,NULL,18083,Wesley Wang,NULL,18/11/2013
29304,NULL,13333,Willie Wang,NULL,02/09/2013
22144,NULL,7044,Zachary Wang,NULL,13/12/2013
14419,NULL,3939,Abigail Ward,NULL,16/12/2013
23787,NULL,14298,Adrian Ward,NULL,25/08/2013
14542,NULL,14894,Alex Ward,NULL,07/03/2014
29330,NULL,8638,Alexa Ward,NULL,09/02/2014
18063,NULL,8661,Alexandria Ward,NULL,26/08/2013
21909,NULL,8631,Allison Ward,NULL,13/08/2013
19268,NULL,20138,Alyssa Ward,NULL,17/06/2014
13714,NULL,3010,Amanda Ward,NULL,09/01/2014
14595,NULL,8633,Andrea Ward,NULL,01/04/2014
16761,NULL,14890,Angel Ward,NULL,21/02/2014
27756,NULL,8662,Angela Ward,NULL,17/12/2013
24636,NULL,3639,Anna Ward,NULL,21/04/2014
24956,NULL,8641,Ariana Ward,NULL,07/12/2013
13536,NULL,8664,Arianna Ward,NULL,23/05/2014
21922,NULL,8611,Bailey Ward,NULL,08/04/2014
24849,NULL,19212,Brianna Ward,NULL,06/04/2014
13007,NULL,8648,Brooke Ward,NULL,22/03/2014
28162,NULL,14907,Bruce Ward,NULL,17/08/2011
13054,NULL,14908,Bryce Ward,NULL,14/05/2014
16445,NULL,8644,Caitlin Ward,NULL,09/04/2014
12900,NULL,14889,Carlos Ward,NULL,21/04/2014
13448,NULL,8634,Catherine Ward,NULL,01/11/2013
22356,NULL,14301,Charles Ward,NULL,28/06/2014
15820,NULL,14913,Chase Ward,NULL,05/07/2013
24425,NULL,20260,Chloe Ward,NULL,06/06/2013
12979,NULL,8640,Christina Ward,NULL,23/07/2013
23166,NULL,14300,Cody Ward,NULL,18/11/2013
21490,NULL,14290,Cole Ward,NULL,25/04/2014
28661,NULL,14317,Dalton Ward,NULL,29/10/2011
15827,NULL,8636,Danielle Ward,NULL,27/08/2013
16128,NULL,20036,Destiny Ward,NULL,15/05/2014
15378,NULL,14304,Devin Ward,NULL,26/03/2014
13916,NULL,14306,Eduardo Ward,NULL,16/05/2014
21796,NULL,19513,Emma Ward,NULL,18/01/2014
14365,NULL,14896,Evan Ward,NULL,27/11/2013
12226,NULL,8669,Faith Ward,NULL,02/10/2013
18229,NULL,8615,Gabriella Ward,NULL,28/03/2014
26633,NULL,3312,Gabrielle Ward,NULL,28/03/2014
26284,NULL,14293,Garrett Ward,NULL,07/03/2014
23356,NULL,19615,Grace Ward,NULL,07/01/2014
11315,NULL,3165,Hailey Ward,NULL,19/05/2014
16631,NULL,3395,Haley Ward,NULL,24/05/2014
12056,NULL,14312,Ian Ward,NULL,05/06/2014
17176,NULL,14901,Isaac Ward,NULL,07/04/2014
14830,NULL,2402,Isabella Ward,NULL,30/10/2013
17842,NULL,14893,Isaiah Ward,NULL,19/08/2013
28168,NULL,8665,Jacqueline Ward,NULL,04/08/2011
14661,NULL,8652,Jade Ward,NULL,04/01/2014
26975,NULL,8620,Janet Ward,NULL,07/12/2013
29475,NULL,14291,Jared Ward,NULL,29/11/2011
14500,NULL,19818,Jasmine Ward,NULL,17/06/2014
24745,NULL,20468,Jennifer Ward,NULL,25/12/2013
24951,NULL,14318,Jeremy Ward,NULL,30/12/2013
23176,NULL,14902,Jesse Ward,NULL,29/11/2013
15587,NULL,3485,Jessica Ward,NULL,21/03/2014
21595,NULL,14914,Juan Ward,NULL,11/10/2013
23815,NULL,20361,Julia Ward,NULL,06/03/2014
25410,NULL,20581,Kaitlyn Ward,NULL,09/11/2013
20258,NULL,8622,Katelyn Ward,NULL,13/12/2013
18381,NULL,2936,Katherine Ward,NULL,11/05/2014
24415,NULL,8630,Kaylee Ward,NULL,13/07/2013
28642,NULL,3713,Lauren Ward,NULL,13/11/2013
18363,NULL,14313,Lucas Ward,NULL,22/05/2014
21130,NULL,8614,Mackenzie Ward,NULL,13/11/2013
12052,NULL,8649,Makayla Ward,NULL,12/07/2013
19511,NULL,14310,Marcus Ward,NULL,14/10/2013
24844,NULL,3240,Maria Ward,NULL,13/05/2014
21580,NULL,8657,Mariah Ward,NULL,11/11/2013
23840,NULL,14899,Mason Ward,NULL,24/04/2014
20573,NULL,19106,Megan Ward,NULL,21/04/2014
21432,NULL,8660,Melanie Ward,NULL,06/08/2013
29406,NULL,8670,Melissa Ward,NULL,01/01/2014
15775,NULL,8647,Michelle Ward,NULL,17/01/2014
15569,NULL,20686,Morgan Ward,NULL,25/02/2014
13241,NULL,2704,Natalie Ward,NULL,04/02/2014
25233,NULL,14912,Nathaniel Ward,NULL,11/12/2013
21272,NULL,19916,Nicole Ward,NULL,30/05/2014
13164,NULL,19319,Olivia Ward,NULL,30/11/2013
16953,NULL,8667,Paige Ward,NULL,05/07/2013
21472,NULL,14906,Patrick Ward,NULL,05/08/2013
22126,NULL,19718,Rachel Ward,NULL,20/01/2014
29140,NULL,14308,Richard Ward,NULL,06/12/2011
25552,NULL,8672,Riley Ward,NULL,08/05/2014
14603,NULL,8616,Sara Ward,NULL,28/12/2013
21692,NULL,8627,Savannah Ward,NULL,12/12/2013
25059,NULL,14903,Sean Ward,NULL,01/10/2013
19244,NULL,14289,Sebastian Ward,NULL,02/10/2013
27233,NULL,14314,Seth Ward,NULL,03/10/2013
26132,NULL,8650,Shelby Ward,NULL,03/07/2013
27429,NULL,3086,Stephanie Ward,NULL,25/03/2013
14272,NULL,2853,Sydney Ward,NULL,13/03/2014
26483,NULL,3561,Taylor Ward,NULL,22/12/2013
28991,NULL,14904,Timothy Ward,NULL,29/08/2013
23725,NULL,14315,Dennis Ware,NULL,10/11/2013
13937,NULL,19403,Victoria Ware,NULL,05/01/2014
24649,NULL,5497,Aaron Washington,NULL,04/11/2013
23661,NULL,3971,Abigail Washington,NULL,11/02/2014
25437,NULL,5245,Adam Washington,NULL,26/05/2014
23444,NULL,12917,Aidan Washington,NULL,08/03/2014
15498,NULL,2816,Alexandra Washington,NULL,24/02/2014
22241,NULL,7625,Alexandria Washington,NULL,13/05/2014
27613,NULL,7114,Alexia Washington,NULL,06/05/2013
19781,NULL,12766,Alexis Washington,NULL,21/10/2013
23735,NULL,3047,Amanda Washington,NULL,02/08/2013
12030,NULL,7451,Ana Washington,NULL,26/12/2013
24498,NULL,7669,Angela Washington,NULL,10/11/2013
20346,NULL,7155,Angelica Washington,NULL,20/09/2013
14817,NULL,3674,Anna Washington,NULL,26/01/2014
11810,NULL,13210,Antonio Washington,NULL,24/11/2013
28009,NULL,7711,Arianna Washington,NULL,11/12/2013
26004,NULL,12195,Arthur Washington,NULL,05/04/2014
14559,NULL,12587,Ashley Washington,NULL,03/11/2013
17425,NULL,6252,Austin Washington,NULL,15/04/2014
19132,NULL,6714,Benjamin Washington,NULL,22/05/2014
19814,NULL,13605,Blake Washington,NULL,03/01/2014
20477,NULL,6909,Brandon Washington,NULL,07/12/2013
26995,NULL,5554,Caleb Washington,NULL,10/06/2013
28813,NULL,6303,Cameron Washington,NULL,13/08/2013
13897,NULL,12961,Carol Washington,NULL,09/11/2013
23114,NULL,6792,Caroline Washington,NULL,12/05/2014
19888,NULL,13256,Carson Washington,NULL,24/12/2013
17701,NULL,6833,Cassidy Washington,NULL,19/02/2014
12076,NULL,20315,Chloe Washington,NULL,15/08/2013
26686,NULL,6765,Christian Washington,NULL,22/03/2014
21327,NULL,5602,Connor Washington,NULL,20/11/2013
19142,NULL,13468,Dalton Washington,NULL,17/10/2013
29060,NULL,6669,David Washington,NULL,20/11/2011
22812,NULL,20091,Destiny Washington,NULL,14/01/2014
20673,NULL,6967,Dylan Washington,NULL,22/11/2013
11518,NULL,13649,Edward Washington,NULL,13/04/2014
25016,NULL,5904,Elijah Washington,NULL,25/12/2013
24254,NULL,13004,Emily Washington,NULL,28/05/2014
19123,NULL,19559,Emma Washington,NULL,29/11/2013
15159,NULL,5293,Eric Washington,NULL,19/04/2014
20849,NULL,7825,Faith Washington,NULL,05/03/2014
18117,NULL,13119,Fernando Washington,NULL,25/05/2014
24814,NULL,5849,Gabriel Washington,NULL,05/04/2014
13429,NULL,3350,Gabrielle Washington,NULL,11/11/2013
28146,NULL,13299,Gavin Washington,NULL,07/12/2013
22048,NULL,19660,Grace Washington,NULL,09/09/2013
25885,NULL,3203,Hailey Washington,NULL,24/01/2014
23904,NULL,3432,Haley Washington,NULL,19/09/2013
29130,NULL,13047,Hannah Washington,NULL,09/07/2013
17695,NULL,6052,Hunter Washington,NULL,02/10/2013
24664,NULL,13884,Ian Washington,NULL,19/01/2014
20880,NULL,2590,Isabella Washington,NULL,15/10/2013
14593,NULL,5195,Jack Washington,NULL,17/11/2013
11978,NULL,5340,Jackson Washington,NULL,15/04/2014
13422,NULL,7749,Jacqueline Washington,NULL,16/10/2013
24127,NULL,6368,James Washington,NULL,17/03/2014
25151,NULL,19862,Jasmine Washington,NULL,04/04/2014
17137,NULL,5398,Jason Washington,NULL,24/07/2013
18139,NULL,20523,Jennifer Washington,NULL,08/02/2014
27610,NULL,13520,Jeremy Washington,NULL,18/10/2013
11528,NULL,7200,Joan Washington,NULL,22/07/2013
17946,NULL,7245,Jocelyn Washington,NULL,19/02/2014
20761,NULL,6414,Jonathan Washington,NULL,17/10/2013
27779,NULL,5152,Jordan Washington,NULL,17/04/2014
17662,NULL,5652,Jose Washington,NULL,04/01/2014
20875,NULL,20414,Julia Washington,NULL,21/10/2013
23330,NULL,13341,Julian Washington,NULL,15/11/2013
11539,NULL,6616,Justin Washington,NULL,25/08/2013
14372,NULL,20631,Kaitlyn Washington,NULL,11/11/2013
26708,NULL,2973,Katherine Washington,NULL,10/02/2014
14655,NULL,12726,Kayla Washington,NULL,10/10/2013
28748,NULL,7556,Kelly Washington,NULL,15/12/2013
11939,NULL,5807,Kevin Washington,NULL,19/11/2013
29255,NULL,5752,Kyle Washington,NULL,11/02/2014
22998,NULL,19053,Lauren Washington,NULL,30/05/2013
18057,NULL,6460,Logan Washington,NULL,02/02/2014
17524,NULL,13928,Lucas Washington,NULL,23/04/2014
12533,NULL,5446,Luis Washington,NULL,13/09/2013
21237,NULL,5105,Luke Washington,NULL,12/01/2014
20059,NULL,12495,Madison Washington,NULL,15/12/2013
28329,NULL,13840,Marcus Washington,NULL,10/02/2014
26343,NULL,8095,Mariah Washington,NULL,20/09/2013
24391,NULL,7075,Marissa Washington,NULL,30/10/2013
25337,NULL,19155,Megan Washington,NULL,03/07/2013
22898,NULL,7581,Melanie Washington,NULL,02/10/2013
12191,NULL,7342,Melissa Washington,NULL,28/02/2014
18778,NULL,13565,Miguel Washington,NULL,22/02/2014
15201,NULL,7284,Miranda Washington,NULL,29/03/2014
23369,NULL,20733,Morgan Washington,NULL,10/02/2014
26093,NULL,19978,Nicole Washington,NULL,22/04/2014
27387,NULL,6103,Noah Washington,NULL,27/08/2013
18409,NULL,19358,Olivia Washington,NULL,01/03/2014
22980,NULL,13387,Oscar Washington,NULL,08/07/2013
14916,NULL,7789,Paige Washington,NULL,15/07/2013
28163,NULL,19771,Rachel Washington,NULL,23/08/2011
22074,NULL,13789,Richard Washington,NULL,28/09/2013
18544,NULL,7378,Riley Washington,NULL,03/06/2013
14906,NULL,6155,Robert Washington,NULL,16/06/2014
28332,NULL,6561,Ryan Washington,NULL,07/11/2013
18510,NULL,6005,Samuel Washington,NULL,01/10/2013
13855,NULL,12635,Sarah Washington,NULL,29/07/2013
25851,NULL,13973,Seth Washington,NULL,06/05/2014
23499,NULL,13157,Spencer Washington,NULL,22/04/2014
25957,NULL,3128,Stephanie Washington,NULL,14/11/2013
28924,NULL,2890,Sydney Washington,NULL,24/05/2014
21266,NULL,3597,Taylor Washington,NULL,30/05/2014
27451,NULL,5702,Thomas Washington,NULL,31/12/2013
26326,NULL,12838,Trevor Washington,NULL,28/01/2014
22341,NULL,12878,Tristan Washington,NULL,29/06/2014
23819,NULL,7410,Vanessa Washington,NULL,12/12/2013
23557,NULL,19456,Victoria Washington,NULL,14/10/2013
26801,NULL,13686,Wyatt Washington,NULL,10/12/2012
28049,NULL,13423,Xavier Washington,NULL,16/07/2013
15509,NULL,7029,Zachary Washington,NULL,15/08/2013
13641,NULL,14089,Adrian Watson,NULL,07/11/2013
25966,NULL,14054,Alex Watson,NULL,07/12/2013
12517,NULL,7862,Alexa Watson,NULL,21/03/2014
25249,NULL,2789,Alexandra Watson,NULL,23/01/2014
28978,NULL,7886,Alexandria Watson,NULL,10/12/2013
21660,NULL,8409,Allison Watson,NULL,23/04/2014
28980,NULL,20156,Alyssa Watson,NULL,21/10/2013
14358,NULL,3018,Amanda Watson,NULL,29/12/2013
24787,NULL,8411,Andrea Watson,NULL,11/02/2014
22391,NULL,7888,Angela Watson,NULL,18/05/2014
20238,NULL,3647,Anna Watson,NULL,23/11/2013
17039,NULL,7865,Ariana Watson,NULL,06/10/2013
19009,NULL,7889,Arianna Watson,NULL,14/06/2014
28870,NULL,14067,Brian Watson,NULL,06/10/2013
28812,NULL,19226,Brianna Watson,NULL,14/01/2014
26261,NULL,7870,Brooke Watson,NULL,20/09/2013
27799,NULL,14069,Bryce Watson,NULL,20/06/2013
19733,NULL,7868,Caitlin Watson,NULL,07/07/2013
23855,NULL,14048,Carlos Watson,NULL,22/04/2014
16086,NULL,14092,Charles Watson,NULL,30/03/2014
27096,NULL,14073,Chase Watson,NULL,27/02/2014
19293,NULL,20270,Chloe Watson,NULL,06/05/2014
25275,NULL,7864,Christina Watson,NULL,15/01/2014
21768,NULL,14078,Cole Watson,NULL,14/09/2013
26201,NULL,14107,Dalton Watson,NULL,07/01/2014
18572,NULL,7858,Danielle Watson,NULL,12/10/2013
24593,NULL,20047,Destiny Watson,NULL,21/06/2014
18875,NULL,14093,Devin Watson,NULL,12/02/2014
23452,NULL,14094,Eduardo Watson,NULL,07/07/2013
17481,NULL,19524,Emma Watson,NULL,03/10/2013
22772,NULL,7879,Erin Watson,NULL,23/08/2013
27452,NULL,14056,Evan Watson,NULL,25/03/2014
22333,NULL,8401,Gabriella Watson,NULL,04/08/2013
21696,NULL,3323,Gabrielle Watson,NULL,31/05/2014
19545,NULL,14084,Garrett Watson,NULL,09/08/2013
15318,NULL,19626,Grace Watson,NULL,03/05/2014
16119,NULL,3172,Hailey Watson,NULL,11/07/2013
26398,NULL,14099,Ian Watson,NULL,30/01/2014
15188,NULL,14061,Isaac Watson,NULL,17/03/2014
20664,NULL,14050,Isaiah Watson,NULL,18/08/2013
19643,NULL,7890,Jacqueline Watson,NULL,20/07/2013
13680,NULL,7881,Jan Watson,NULL,06/01/2014
23208,NULL,8404,Janet Watson,NULL,01/01/2014
22094,NULL,14082,Jared Watson,NULL,08/10/2013
15965,NULL,20479,Jennifer Watson,NULL,16/02/2014
19225,NULL,14108,Jeremy Watson,NULL,02/06/2013
20100,NULL,14062,Jesse Watson,NULL,21/05/2014
23266,NULL,3496,Jessica Watson,NULL,13/12/2013
20532,NULL,7895,Joan Watson,NULL,11/05/2014
15023,NULL,14074,Juan Watson,NULL,26/12/2013
15246,NULL,20592,Kaitlyn Watson,NULL,27/10/2013
21477,NULL,8406,Katelyn Watson,NULL,21/11/2013
15190,NULL,2941,Katherine Watson,NULL,07/05/2014
14380,NULL,8408,Kaylee Watson,NULL,25/11/2013
20188,NULL,7872,Kimberly Watson,NULL,28/03/2014
15198,NULL,19014,Lauren Watson,NULL,10/07/2013
16992,NULL,14104,Lucas Watson,NULL,31/08/2013
18999,NULL,8400,Mackenzie Watson,NULL,14/05/2014
18684,NULL,7873,Makayla Watson,NULL,15/04/2014
22715,NULL,14098,Marcus Watson,NULL,16/10/2013
17229,NULL,3249,Maria Watson,NULL,14/12/2013
28852,NULL,7882,Mariah Watson,NULL,08/11/2011
15293,NULL,14057,Mason Watson,NULL,14/06/2014
23258,NULL,19117,Megan Watson,NULL,22/11/2013
27048,NULL,7883,Melanie Watson,NULL,15/04/2014
26235,NULL,7869,Michelle Watson,NULL,12/03/2013
16779,NULL,20697,Morgan Watson,NULL,26/03/2014
25765,NULL,2713,Natalie Watson,NULL,07/11/2013
25826,NULL,14071,Nathaniel Watson,NULL,16/02/2014
22717,NULL,19934,Nicole Watson,NULL,09/12/2013
13860,NULL,19332,Olivia Watson,NULL,21/06/2014
28081,NULL,7892,Paige Watson,NULL,16/05/2014
18049,NULL,14066,Patrick Watson,NULL,13/02/2014
15943,NULL,14096,Richard Watson,NULL,26/01/2014
26986,NULL,7899,Riley Watson,NULL,13/08/2013
14921,NULL,8403,Sara Watson,NULL,23/07/2013
18981,NULL,8407,Savannah Watson,NULL,06/01/2014
18678,NULL,14063,Sean Watson,NULL,15/11/2013
14944,NULL,14075,Sebastian Watson,NULL,02/11/2013
26720,NULL,14105,Seth Watson,NULL,08/01/2014
14911,NULL,7874,Shelby Watson,NULL,21/03/2014
20748,NULL,3095,Stephanie Watson,NULL,16/09/2013
17942,NULL,14086,Steven Watson,NULL,23/02/2014
28982,NULL,2861,Sydney Watson,NULL,04/10/2013
28155,NULL,3572,Taylor Watson,NULL,06/05/2014
29129,NULL,14064,Timothy Watson,NULL,03/10/2013
28808,NULL,7877,Trinity Watson,NULL,30/11/2013
16125,NULL,19417,Victoria Watson,NULL,05/05/2014
24439,NULL,14106,Xavier Watson,NULL,31/01/2014
26515,NULL,7860,Zoe Watson,NULL,21/01/2014
20909,NULL,3028,Kelly Weadock,NULL,10/09/2013
29191,NULL,18932,Chelsea Weber,NULL,16/09/2013
22448,NULL,7292,Cindy Weber,NULL,24/07/2013
19321,NULL,4074,Clifford Weber,NULL,03/05/2014
16739,NULL,19322,Cory Weber,NULL,28/03/2014
26921,NULL,19726,Cynthia Weber,NULL,11/05/2014
22563,NULL,10167,Darren Weber,NULL,26/02/2014
14855,NULL,9730,Deanna Weber,NULL,09/11/2013
28317,NULL,8174,Ivan Weber,NULL,05/11/2013
14859,NULL,2907,Jarrod Weber,NULL,14/06/2014
25244,NULL,10266,Jay Weber,NULL,03/08/2013
23447,NULL,8008,Jermaine Weber,NULL,09/06/2014
13120,NULL,7904,Levi Weber,NULL,28/05/2014
23926,NULL,3431,Lydia Weber,NULL,29/11/2013
11440,NULL,7806,Sergio Weber,NULL,27/08/2013
12311,NULL,4023,Stanley Weber,NULL,23/05/2014
16578,NULL,7355,Stefanie Weber,NULL,07/04/2014
17998,NULL,7412,Tammy Weber,NULL,07/03/2014
12060,NULL,18889,Andrew Wedge,NULL,25/11/2013
26511,NULL,4857,Charles Weisman,NULL,28/01/2014
17616,NULL,18462,Daniel Weisman,NULL,25/09/2013
11708,NULL,11902,Elizabeth Weisman,NULL,28/10/2013
19734,NULL,11273,Natalie Weisman,NULL,29/03/2014
23219,NULL,20203,Alyssa West,NULL,24/09/2013
24066,NULL,17532,Brittney West,NULL,10/03/2014
18408,NULL,14091,Cody West,NULL,08/04/2014
13128,NULL,12250,Colleen West,NULL,01/04/2014
14544,NULL,5607,Darryl West,NULL,11/10/2013
14206,NULL,13120,Edwin West,NULL,11/06/2014
26604,NULL,12679,Elizabeth West,NULL,16/02/2014
19238,NULL,2457,Isabella West,NULL,13/10/2013
15148,NULL,6386,James West,NULL,07/11/2013
28871,NULL,19827,Jasmine West,NULL,30/09/2013
17523,NULL,5169,Jordan West,NULL,28/05/2014
27554,NULL,6876,Jordyn West,NULL,18/05/2013
17564,NULL,20372,Julia West,NULL,07/12/2013
24370,NULL,5954,Nathan West,NULL,22/01/2014
15866,NULL,12053,Abigail White,NULL,21/04/2014
20487,NULL,18301,Alexander White,NULL,01/10/2013
26169,NULL,10723,Alexandra White,NULL,21/04/2014
23133,NULL,12010,Alexis White,NULL,31/01/2014
15367,NULL,11541,Alyssa White,NULL,06/01/2014
17610,NULL,11598,Anna White,NULL,10/11/2013
18140,NULL,18626,Anthony White,NULL,15/02/2014
21887,NULL,12428,Ashley White,NULL,07/07/2013
12092,NULL,18239,Austin White,NULL,03/11/2013
12792,NULL,4163,Blake White,NULL,08/06/2014
12425,NULL,18300,Brandon White,NULL,19/04/2014
19780,NULL,11724,Brianna White,NULL,28/01/2014
23830,NULL,17469,Cameron White,NULL,20/01/2014
22101,NULL,12289,Carol White,NULL,08/03/2014
12103,NULL,11594,Chloe White,NULL,21/08/2013
24766,NULL,18163,Christian White,NULL,25/12/2013
26049,NULL,18162,Christopher White,NULL,02/12/2012
16765,NULL,4471,Dalton White,NULL,28/12/2013
15636,NULL,18035,David White,NULL,11/11/2013
15471,NULL,11499,Destiny White,NULL,04/05/2014
18893,NULL,4933,Devin White,NULL,16/08/2013
15626,NULL,5019,Eduardo White,NULL,07/12/2013
15847,NULL,4248,Edward White,NULL,22/06/2014
20002,NULL,11921,Elizabeth White,NULL,11/05/2014
15917,NULL,12245,Emily White,NULL,26/05/2014
16090,NULL,11868,Emma White,NULL,17/03/2014
22021,NULL,17943,Ethan White,NULL,04/04/2014
26735,NULL,11313,Grace White,NULL,14/12/2012
17403,NULL,17093,Greg White,NULL,29/01/2014
11649,NULL,4707,Ian White,NULL,23/09/2013
15857,NULL,11232,Isabella White,NULL,25/03/2014
12015,NULL,18696,Jacob White,NULL,22/09/2013
25331,NULL,17621,James White,NULL,06/11/2013
13443,NULL,11402,Jasmine White,NULL,12/11/2013
27027,NULL,11098,Jennifer White,NULL,07/07/2012
26578,NULL,3997,Jeremy White,NULL,30/03/2014
20653,NULL,12101,Jessica White,NULL,02/01/2014
12064,NULL,18352,John White,NULL,30/04/2014
24703,NULL,17693,Jonathan White,NULL,04/09/2013
16337,NULL,17367,Jose White,NULL,28/04/2014
11887,NULL,18936,Joseph White,NULL,27/11/2013
24320,NULL,18786,Joshua White,NULL,10/01/2014
14885,NULL,11055,Judith White,NULL,06/03/2014
20393,NULL,11138,Kaitlyn White,NULL,07/06/2014
27732,NULL,10823,Katherine White,NULL,11/04/2014
26424,NULL,11966,Kayla White,NULL,03/08/2013
19800,NULL,11643,Lauren White,NULL,21/11/2013
11728,NULL,17765,Logan White,NULL,08/04/2014
21755,NULL,4792,Lucas White,NULL,17/03/2014
11876,NULL,12332,Madison White,NULL,24/02/2014
20066,NULL,4622,Marcus White,NULL,09/10/2013
26199,NULL,18840,Matthew White,NULL,03/07/2013
20780,NULL,18737,Michael White,NULL,19/12/2013
13988,NULL,4088,Miguel White,NULL,04/03/2014
22361,NULL,17837,Nathan White,NULL,23/11/2013
26494,NULL,18999,Nicholas White,NULL,07/03/2014
16731,NULL,11453,Nicole White,NULL,16/04/2014
17580,NULL,17270,Noah White,NULL,19/04/2014
18457,NULL,11769,Olivia White,NULL,09/05/2014
27529,NULL,11356,Rachel White,NULL,22/01/2014
23018,NULL,5099,Richard White,NULL,22/01/2014
19690,NULL,17212,Robert White,NULL,04/11/2013
17561,NULL,12381,Samantha White,NULL,23/12/2013
16670,NULL,12476,Sarah White,NULL,23/10/2013
20703,NULL,4315,Seth White,NULL,08/01/2014
16296,NULL,10771,Sydney White,NULL,04/05/2014
25011,NULL,12149,Taylor White,NULL,10/03/2014
14457,NULL,17427,Thomas White,NULL,26/12/2013
14291,NULL,18407,Tyler White,NULL,16/01/2014
15867,NULL,11815,Victoria White,NULL,15/05/2014
12157,NULL,18209,William White,NULL,01/05/2014
16361,NULL,3772,Wyatt White,NULL,11/08/2013
20948,NULL,4393,Xavier White,NULL,24/08/2013
24042,NULL,18562,Zachary White,NULL,07/06/2014
16938,NULL,12035,Abigail Williams,NULL,26/05/2014
12877,NULL,18114,Alexander Williams,NULL,13/11/2013
14674,NULL,11992,Alexis Williams,NULL,19/04/2014
24139,NULL,18868,Andrew Williams,NULL,11/04/2014
17504,NULL,12174,Anna Williams,NULL,06/05/2014
29250,NULL,18566,Anthony Williams,NULL,25/09/2013
21749,NULL,12409,Ashley Williams,NULL,26/04/2014
20354,NULL,18165,Austin Williams,NULL,27/10/2013
29421,NULL,4143,Blake Williams,NULL,04/05/2014
20805,NULL,18431,Brandon Williams,NULL,20/02/2014
25005,NULL,11709,Brianna Williams,NULL,30/08/2013
20325,NULL,4839,Charles Williams,NULL,02/04/2014
28106,NULL,11567,Chloe Williams,NULL,15/09/2013
23863,NULL,17969,Christian Williams,NULL,10/11/2013
17602,NULL,4455,Dalton Williams,NULL,08/01/2014
17517,NULL,18657,Daniel Williams,NULL,25/04/2014
19199,NULL,18125,David Williams,NULL,26/06/2013
15881,NULL,11480,Destiny Williams,NULL,08/08/2013
28667,NULL,4914,Devin Williams,NULL,12/06/2013
25063,NULL,18480,Dylan Williams,NULL,07/05/2014
13062,NULL,5002,Eduardo Williams,NULL,23/03/2014
14274,NULL,4222,Edward Williams,NULL,31/05/2014
16367,NULL,12221,Emily Williams,NULL,30/03/2014
16325,NULL,11850,Emma Williams,NULL,24/04/2014
24309,NULL,17823,Ethan Williams,NULL,07/05/2014
15469,NULL,3836,Fernando Williams,NULL,12/07/2013
28653,NULL,11297,Grace Williams,NULL,02/10/2011
28104,NULL,12270,Hannah Williams,NULL,01/05/2014
17006,NULL,17886,Hunter Williams,NULL,24/04/2014
17558,NULL,4688,Ian Williams,NULL,26/03/2014
23790,NULL,11209,Isabella Williams,NULL,07/12/2013
16725,NULL,18676,Jacob Williams,NULL,11/05/2014
11152,NULL,17585,James Williams,NULL,11/06/2013
22375,NULL,11385,Jasmine Williams,NULL,12/02/2014
19457,NULL,11081,Jennifer Williams,NULL,15/05/2014
13594,NULL,12081,Jessica Williams,NULL,28/12/2013
13238,NULL,18232,John Williams,NULL,28/10/2013
23082,NULL,17684,Jonathan Williams,NULL,07/01/2014
23561,NULL,17224,Jose Williams,NULL,03/12/2013
23714,NULL,18911,Joseph Williams,NULL,06/08/2013
26051,NULL,18762,Joshua Williams,NULL,27/05/2014
23474,NULL,11031,Julia Williams,NULL,08/03/2014
21923,NULL,18031,Justin Williams,NULL,08/05/2014
19221,NULL,11120,Kaitlyn Williams,NULL,20/04/2014
11972,NULL,10801,Katherine Williams,NULL,24/05/2014
29324,NULL,11943,Kayla Williams,NULL,03/09/2013
16368,NULL,11618,Lauren Williams,NULL,03/06/2014
28076,NULL,17590,Logan Williams,NULL,26/05/2014
22997,NULL,4773,Lucas Williams,NULL,18/01/2014
21198,NULL,12315,Madison Williams,NULL,03/03/2014
22298,NULL,4603,Marcus Williams,NULL,24/12/2013
28979,NULL,18817,Matthew Williams,NULL,24/08/2013
12884,NULL,11669,Megan Williams,NULL,16/02/2014
25412,NULL,18717,Michael Williams,NULL,22/11/2013
20789,NULL,4063,Miguel Williams,NULL,12/09/2013
20373,NULL,11166,Morgan Williams,NULL,10/04/2014
20937,NULL,11254,Natalie Williams,NULL,04/02/2014
25200,NULL,17733,Nathan Williams,NULL,27/05/2014
25809,NULL,18977,Nicholas Williams,NULL,27/01/2014
18384,NULL,11432,Nicole Williams,NULL,12/07/2013
25285,NULL,17281,Noah Williams,NULL,14/11/2013
21811,NULL,11748,Olivia Williams,NULL,29/04/2014
18924,NULL,11338,Rachel Williams,NULL,05/11/2013
17993,NULL,5079,Richard Williams,NULL,06/07/2013
22873,NULL,17350,Robert Williams,NULL,21/12/2013
22247,NULL,17977,Ryan Williams,NULL,14/12/2013
13875,NULL,12362,Samantha Williams,NULL,26/06/2014
18424,NULL,17751,Samuel Williams,NULL,08/08/2013
28077,NULL,12459,Sarah Williams,NULL,04/11/2013
11663,NULL,4296,Seth Williams,NULL,18/07/2013
15334,NULL,10748,Sydney Williams,NULL,29/05/2014
13426,NULL,12130,Taylor Williams,NULL,09/10/2013
29246,NULL,17354,Thomas Williams,NULL,02/03/2014
18912,NULL,18494,Tyler Williams,NULL,07/11/2013
21253,NULL,11794,Victoria Williams,NULL,24/02/2014
21163,NULL,18387,William Williams,NULL,30/06/2014
19614,NULL,3754,Wyatt Williams,NULL,09/10/2013
16013,NULL,4378,Xavier Williams,NULL,20/07/2013
27099,NULL,18283,Zachary Williams,NULL,26/10/2012
13227,NULL,18270,Alexander Wilson,NULL,14/09/2013
25195,NULL,10711,Alexandra Wilson,NULL,12/01/2014
29217,NULL,12005,Alexis Wilson,NULL,20/09/2013
12897,NULL,11529,Alyssa Wilson,NULL,05/02/2014
18236,NULL,18878,Andrew Wilson,NULL,20/03/2014
21639,NULL,18607,Anthony Wilson,NULL,11/01/2014
18762,NULL,12043,Arthur Wilson,NULL,19/04/2014
26712,NULL,12417,Ashley Wilson,NULL,31/12/2013
14443,NULL,17981,Benjamin Wilson,NULL,21/08/2013
20195,NULL,4151,Blake Wilson,NULL,02/11/2013
23334,NULL,18444,Brandon Wilson,NULL,31/12/2013
21498,NULL,17650,Cameron Wilson,NULL,16/04/2014
14599,NULL,4848,Charles Wilson,NULL,08/12/2013
11640,NULL,11577,Chloe Wilson,NULL,31/05/2014
27085,NULL,18040,Christian Wilson,NULL,26/10/2012
16014,NULL,18091,Christopher Wilson,NULL,02/01/2014
18543,NULL,4460,Dalton Wilson,NULL,11/03/2014
14281,NULL,18672,Daniel Wilson,NULL,14/02/2014
15908,NULL,17880,David Wilson,NULL,12/12/2013
11021,NULL,11489,Destiny Wilson,NULL,25/06/2013
12528,NULL,4919,Devin Wilson,NULL,28/01/2014
15309,NULL,18311,Dylan Wilson,NULL,02/04/2014
15323,NULL,5013,Eduardo Wilson,NULL,22/04/2014
26562,NULL,4236,Edward Wilson,NULL,17/03/2014
11508,NULL,11912,Elizabeth Wilson,NULL,14/10/2013
17400,NULL,12231,Emily Wilson,NULL,11/02/2014
27575,NULL,11857,Emma Wilson,NULL,02/05/2013
21611,NULL,17909,Ethan Wilson,NULL,27/07/2013
16643,NULL,3845,Fernando Wilson,NULL,13/10/2013
17539,NULL,11306,Grace Wilson,NULL,09/04/2014
24087,NULL,12278,Hannah Wilson,NULL,28/04/2014
27230,NULL,17899,Hunter Wilson,NULL,18/12/2013
28354,NULL,4698,Ian Wilson,NULL,26/01/2012
15078,NULL,18687,Jacob Wilson,NULL,27/05/2014
29199,NULL,17541,James Wilson,NULL,06/02/2014
17329,NULL,11393,Jasmine Wilson,NULL,03/11/2013
14435,NULL,11089,Jennifer Wilson,NULL,12/01/2014
28341,NULL,3988,Jeremy Wilson,NULL,27/01/2014
11318,NULL,12090,Jessica Wilson,NULL,10/04/2014
14290,NULL,17642,Jonathan Wilson,NULL,23/11/2013
25464,NULL,17311,Jose Wilson,NULL,21/05/2014
24520,NULL,18918,Joseph Wilson,NULL,28/11/2013
28606,NULL,18770,Joshua Wilson,NULL,11/08/2013
15396,NULL,11046,Julia Wilson,NULL,26/01/2014
11842,NULL,18055,Justin Wilson,NULL,06/05/2014
11691,NULL,11127,Kaitlyn Wilson,NULL,19/10/2013
17582,NULL,10811,Katherine Wilson,NULL,19/04/2014
28361,NULL,11954,Kayla Wilson,NULL,13/03/2014
14887,NULL,11627,Lauren Wilson,NULL,07/09/2013
12121,NULL,17739,Logan Wilson,NULL,29/12/2013
27622,NULL,4783,Lucas Wilson,NULL,02/02/2014
19828,NULL,12322,Madison Wilson,NULL,19/01/2014
12975,NULL,4612,Marcus Wilson,NULL,14/03/2014
12937,NULL,11677,Megan Wilson,NULL,04/01/2014
22250,NULL,18725,Michael Wilson,NULL,27/11/2013
13414,NULL,4075,Miguel Wilson,NULL,06/10/2013
28493,NULL,11178,Morgan Wilson,NULL,30/12/2013
15394,NULL,11262,Natalie Wilson,NULL,27/01/2014
13936,NULL,17812,Nathan Wilson,NULL,10/04/2014
23490,NULL,18987,Nicholas Wilson,NULL,13/10/2013
27375,NULL,11441,Nicole Wilson,NULL,20/08/2013
29044,NULL,11756,Olivia Wilson,NULL,04/11/2013
14414,NULL,11345,Rachel Wilson,NULL,29/11/2013
23520,NULL,5089,Richard Wilson,NULL,23/02/2014
22035,NULL,17988,Ryan Wilson,NULL,31/08/2013
25947,NULL,17790,Sam Wilson,NULL,16/01/2014
28229,NULL,12373,Samantha Wilson,NULL,21/01/2014
27098,NULL,12465,Sarah Wilson,NULL,18/01/2014
16957,NULL,4306,Seth Wilson,NULL,23/05/2014
17109,NULL,10759,Sydney Wilson,NULL,09/08/2013
23384,NULL,12139,Taylor Wilson,NULL,21/02/2014
15573,NULL,17399,Thomas Wilson,NULL,07/03/2014
15879,NULL,18575,Tyler Wilson,NULL,15/01/2014
27536,NULL,11803,Victoria Wilson,NULL,27/04/2013
15946,NULL,3761,Wyatt Wilson,NULL,22/09/2013
25558,NULL,18380,Zachary Wilson,NULL,03/03/2014
22675,NULL,10700,Alexandra Winston,NULL,15/02/2014
25964,NULL,18666,Christopher Winston,NULL,17/02/2014
13427,NULL,5619,Connor Winston,NULL,21/10/2013
21622,NULL,6523,Ethan Winston,NULL,15/02/2014
14243,NULL,12792,Gregory Winston,NULL,06/09/2013
18577,NULL,7521,Isabelle Winston,NULL,05/08/2013
27539,NULL,17850,Samuel Winston,NULL,26/04/2014
15962,NULL,18171,Benjamin Winter,NULL,25/04/2014
21386,NULL,3953,Abigail Wood,NULL,28/05/2014
14747,NULL,12896,Aidan Wood,NULL,28/02/2014
28797,NULL,2799,Alexandra Wood,NULL,19/10/2011
24824,NULL,7602,Alexandria Wood,NULL,16/06/2012
23252,NULL,7097,Alexia Wood,NULL,20/07/2013
13985,NULL,12745,Alexis Wood,NULL,22/09/2013
25879,NULL,20175,Alyssa Wood,NULL,17/01/2014
28068,NULL,3025,Amanda Wood,NULL,28/04/2014
26102,NULL,7433,Ana Wood,NULL,31/08/2013
25348,NULL,7644,Angela Wood,NULL,04/10/2013
17174,NULL,7130,Angelica Wood,NULL,18/11/2013
26473,NULL,3657,Anna Wood,NULL,05/01/2014
29216,NULL,13184,Antonio Wood,NULL,29/06/2014
19701,NULL,7690,Arianna Wood,NULL,22/08/2013
18861,NULL,12562,Ashley Wood,NULL,12/03/2014
26519,NULL,19238,Brianna Wood,NULL,26/01/2014
28777,NULL,7174,Brittany Wood,NULL,26/04/2014
25203,NULL,6774,Caroline Wood,NULL,13/08/2013
21616,NULL,13236,Carson Wood,NULL,17/09/2013
15547,NULL,6812,Cassidy Wood,NULL,27/05/2014
23878,NULL,20287,Chloe Wood,NULL,09/05/2014
22782,NULL,12941,Dakota Wood,NULL,22/12/2013
13432,NULL,13448,Dalton Wood,NULL,27/08/2013
13824,NULL,20062,Destiny Wood,NULL,22/03/2014
17530,NULL,14284,Devin Wood,NULL,23/12/2013
29138,NULL,13728,Eduardo Wood,NULL,16/11/2013
11210,NULL,13628,Edward Wood,NULL,06/02/2014
26312,NULL,12656,Elizabeth Wood,NULL,08/06/2013
11161,NULL,12985,Emily Wood,NULL,13/04/2014
21524,NULL,7808,Faith Wood,NULL,30/06/2014
24253,NULL,13097,Fernando Wood,NULL,11/03/2014
28787,NULL,3332,Gabrielle Wood,NULL,26/02/2014
16964,NULL,13277,Gavin Wood,NULL,23/11/2013
14241,NULL,19638,Grace Wood,NULL,31/12/2013
19282,NULL,3182,Hailey Wood,NULL,15/05/2014
12027,NULL,3409,Haley Wood,NULL,26/12/2013
12717,NULL,13021,Hannah Wood,NULL,08/04/2014
13359,NULL,13864,Ian Wood,NULL,09/04/2014
17377,NULL,7469,Isabel Wood,NULL,27/02/2014
19697,NULL,2519,Isabella Wood,NULL,26/11/2013
17451,NULL,7503,Isabelle Wood,NULL,27/03/2014
16705,NULL,7730,Jacqueline Wood,NULL,12/04/2014
13881,NULL,19841,Jasmine Wood,NULL,27/01/2014
26274,NULL,20495,Jennifer Wood,NULL,24/10/2013
27277,NULL,13493,Jeremy Wood,NULL,27/04/2013
11863,NULL,3506,Jessica Wood,NULL,04/02/2014
27569,NULL,7219,Jocelyn Wood,NULL,30/04/2014
24521,NULL,6854,Jordyn Wood,NULL,19/07/2013
12356,NULL,20387,Julia Wood,NULL,19/02/2014
18166,NULL,13319,Julian Wood,NULL,13/05/2014
21422,NULL,20605,Karen Wood,NULL,04/04/2014
13477,NULL,2951,Katherine Wood,NULL,27/11/2013
27565,NULL,12703,Kayla Wood,NULL,30/07/2013
28743,NULL,7538,Kelly Wood,NULL,09/03/2014
14267,NULL,19029,Lauren Wood,NULL,14/03/2014
23037,NULL,13909,Lucas Wood,NULL,23/06/2014
14573,NULL,13070,Madison Wood,NULL,26/02/2014
21931,NULL,13815,Marcus Wood,NULL,14/05/2014
12667,NULL,3258,Maria Wood,NULL,16/02/2014
11628,NULL,8075,Mariah Wood,NULL,31/08/2013
14386,NULL,7056,Marissa Wood,NULL,23/11/2013
16671,NULL,19132,Megan Wood,NULL,15/05/2014
23734,NULL,8114,Melanie Wood,NULL,14/12/2013
26594,NULL,7851,Melissa Wood,NULL,07/11/2013
16726,NULL,13541,Miguel Wood,NULL,28/05/2014
15854,NULL,7266,Miranda Wood,NULL,13/11/2013
18760,NULL,20706,Morgan Wood,NULL,30/07/2013
18787,NULL,7302,Mya Wood,NULL,17/02/2014
16010,NULL,19951,Nicole Wood,NULL,29/12/2013
19376,NULL,7773,Paige Wood,NULL,24/04/2014
20322,NULL,19742,Rachel Wood,NULL,27/05/2014
24377,NULL,13769,Richard Wood,NULL,03/04/2014
14705,NULL,7361,Riley Wood,NULL,30/03/2014
19022,NULL,12517,Samantha Wood,NULL,03/03/2014
26621,NULL,12615,Sarah Wood,NULL,03/03/2014
18679,NULL,13952,Seth Wood,NULL,22/04/2014
21722,NULL,13139,Spencer Wood,NULL,12/04/2014
13990,NULL,3102,Stephanie Wood,NULL,26/08/2013
23310,NULL,2869,Sydney Wood,NULL,09/06/2013
23801,NULL,3580,Taylor Wood,NULL,18/07/2013
17456,NULL,12816,Trevor Wood,NULL,12/11/2013
21915,NULL,12857,Tristan Wood,NULL,11/08/2013
16501,NULL,7395,Vanessa Wood,NULL,02/02/2014
12896,NULL,19429,Victoria Wood,NULL,30/08/2013
23732,NULL,13392,Xavier Wood,NULL,05/09/2013
12650,NULL,17137,Aaron Wright,NULL,25/11/2013
17525,NULL,17171,Adam Wright,NULL,18/01/2014
19758,NULL,17191,Alex Wright,NULL,06/08/2013
28995,NULL,10552,Alexandra Wright,NULL,01/11/2013
16084,NULL,10597,Allison Wright,NULL,17/05/2014
26317,NULL,10556,Amanda Wright,NULL,17/07/2013
23924,NULL,10569,Amber Wright,NULL,04/11/2013
15479,NULL,10601,Andrea Wright,NULL,22/04/2014
27845,NULL,17186,Angel Wright,NULL,04/04/2014
25484,NULL,10580,Bailey Wright,NULL,07/05/2014
24970,NULL,4186,Blake Wright,NULL,15/11/2013
15843,NULL,17158,Caleb Wright,NULL,15/02/2014
15515,NULL,17182,Carlos Wright,NULL,02/05/2014
12928,NULL,10582,Carol Wright,NULL,05/04/2014
14420,NULL,10537,Chloe Wright,NULL,01/12/2013
20139,NULL,17160,Connor Wright,NULL,04/10/2013
11953,NULL,10570,Courtney Wright,NULL,16/02/2014
26253,NULL,4495,Dalton Wright,NULL,11/11/2013
18605,NULL,4964,David Wright,NULL,05/04/2014
22744,NULL,3721,Edward Wright,NULL,02/03/2014
25577,NULL,17023,Elijah Wright,NULL,28/05/2014
14507,NULL,17173,Eric Wright,NULL,15/07/2013
13187,NULL,17200,Evan Wright,NULL,30/09/2013
12923,NULL,3883,Fernando Wright,NULL,04/03/2014
24403,NULL,17013,Gabriel Wright,NULL,08/06/2013
24336,NULL,10560,Gabrielle Wright,NULL,20/05/2014
26036,NULL,10561,Haley Wright,NULL,06/04/2014
27477,NULL,17143,Hunter Wright,NULL,30/11/2013
16903,NULL,4741,Ian Wright,NULL,14/04/2014
24770,NULL,17202,Isaac Wright,NULL,02/01/2014
25984,NULL,10548,Isabella Wright,NULL,02/03/2014
11629,NULL,17189,Isaiah Wright,NULL,18/09/2013
29075,NULL,17166,Jack Wright,NULL,02/09/2013
11698,NULL,17175,Jackson Wright,NULL,16/06/2014
16118,NULL,17118,James Wright,NULL,23/03/2014
24323,NULL,10587,Janet Wright,NULL,07/05/2014
11158,NULL,17031,Jason Wright,NULL,21/06/2013
11291,NULL,10573,Jenna Wright,NULL,21/06/2013
26505,NULL,10540,Jennifer Wright,NULL,07/07/2013
27223,NULL,4024,Jeremy Wright,NULL,26/08/2013
27199,NULL,17064,Jesse Wright,NULL,23/03/2014
16336,NULL,17122,Jonathan Wright,NULL,03/03/2014
15485,NULL,10574,Jordan Wright,NULL,12/08/2013
27065,NULL,17163,Jordan Wright,NULL,01/12/2013
12022,NULL,17151,Jose Wright,NULL,02/02/2014
11129,NULL,10538,Julia Wright,NULL,11/06/2013
13434,NULL,10541,Kaitlyn Wright,NULL,15/03/2014
14502,NULL,10590,Katelyn Wright,NULL,01/03/2014
25997,NULL,10554,Katherine Wright,NULL,28/03/2014
24855,NULL,10596,Kaylee Wright,NULL,20/07/2013
26096,NULL,17011,Kevin Wright,NULL,14/01/2014
23716,NULL,16997,Kyle Wright,NULL,16/09/2013
13783,NULL,17123,Logan Wright,NULL,08/02/2014
14271,NULL,4816,Lucas Wright,NULL,08/08/2013
18761,NULL,17114,Luis Wright,NULL,23/01/2014
21596,NULL,17162,Luke Wright,NULL,23/04/2014
12412,NULL,10581,Mackenzie Wright,NULL,13/04/2014
13325,NULL,4648,Marcus Wright,NULL,27/10/2013
16376,NULL,10559,Maria Wright,NULL,04/04/2014
18562,NULL,10568,Mary Wright,NULL,12/03/2014
16752,NULL,17201,Mason Wright,NULL,17/01/2014
25811,NULL,4113,Miguel Wright,NULL,01/07/2013
18828,NULL,10546,Morgan Wright,NULL,15/02/2014
13383,NULL,10549,Natalie Wright,NULL,05/04/2014
15984,NULL,17127,Nathan Wright,NULL,26/02/2014
17401,NULL,17146,Noah Wright,NULL,28/04/2014
28041,NULL,10563,Rebecca Wright,NULL,30/07/2011
24335,NULL,4569,Richard Wright,NULL,06/05/2014
15889,NULL,17147,Robert Wright,NULL,10/05/2014
26117,NULL,17141,Samuel Wright,NULL,23/10/2013
23111,NULL,10584,Sara Wright,NULL,28/10/2013
23108,NULL,10593,Savannah Wright,NULL,14/01/2014
18394,NULL,17069,Sean Wright,NULL,18/05/2014
18614,NULL,4342,Seth Wright,NULL,22/05/2014
19016,NULL,10578,Sierra Wright,NULL,16/05/2014
12189,NULL,10566,Sophia Wright,NULL,17/08/2013
27763,NULL,10557,Stephanie Wright,NULL,07/03/2014
25863,NULL,10553,Sydney Wright,NULL,26/12/2013
14044,NULL,17155,Thomas Wright,NULL,04/11/2013
24928,NULL,17071,Timothy Wright,NULL,13/09/2013
17150,NULL,3796,Wyatt Wright,NULL,18/11/2013
16690,NULL,5798,Aimee Wu,NULL,03/03/2014
18455,NULL,12479,Alejandro Wu,NULL,18/04/2014
23654,NULL,11950,Alisha Wu,NULL,29/12/2013
19790,NULL,20708,Amy Wu,NULL,24/10/2013
28321,NULL,9851,Arturo Wu,NULL,26/11/2013
22568,NULL,5919,Autumn Wu,NULL,17/12/2013
14532,NULL,11547,Barbara Wu,NULL,15/08/2013
28485,NULL,4779,Bianca Wu,NULL,14/10/2013
19075,NULL,17999,Brent Wu,NULL,27/09/2013
23418,NULL,17539,Brittney Wu,NULL,15/08/2013
23142,NULL,4835,Cara Wu,NULL,13/02/2014
21025,NULL,3285,Cedric Wu,NULL,28/03/2014
25568,NULL,11342,Christy Wu,NULL,18/03/2014
13115,NULL,6599,Clarence Wu,NULL,06/04/2014
15920,NULL,13435,Colin Wu,NULL,20/12/2013
19291,NULL,12265,Colleen Wu,NULL,10/08/2013
22672,NULL,20755,Crystal Wu,NULL,01/12/2013
23239,NULL,18248,Curtis Wu,NULL,14/12/2013
11479,NULL,5624,Darryl Wu,NULL,24/10/2013
11493,NULL,12161,Dawn Wu,NULL,12/02/2014
11503,NULL,17896,Dennis Wu,NULL,10/05/2014
18367,NULL,13135,Edwin Wu,NULL,18/06/2014
25452,NULL,2478,Erica Wu,NULL,17/04/2014
11147,NULL,6463,Ernest Wu,NULL,18/03/2014
22414,NULL,5457,Eugene Wu,NULL,10/06/2013
29343,NULL,5681,Glenn Wu,NULL,21/05/2014
19261,NULL,2634,Heather Wu,NULL,11/02/2014
24035,NULL,12915,Jaclyn Wu,NULL,06/09/2013
22446,NULL,5397,Jake Wu,NULL,17/02/2014
27595,NULL,2445,Jamie Wu,NULL,20/05/2014
25757,NULL,18046,Jeffery Wu,NULL,06/09/2013
23944,NULL,11446,Jenny Wu,NULL,02/09/2013
23792,NULL,5517,Jessie Wu,NULL,16/12/2013
26278,NULL,13538,Jon Wu,NULL,06/07/2013
19849,NULL,18294,Jorge Wu,NULL,23/09/2013
21353,NULL,17400,Karen Wu,NULL,14/12/2013
15621,NULL,12059,Kelli Wu,NULL,26/05/2014
24595,NULL,17097,Kelvin Wu,NULL,04/09/2013
23222,NULL,2504,Kristen Wu,NULL,01/03/2014
14536,NULL,17362,Krystal Wu,NULL,03/12/2013
19250,NULL,12366,Lacey Wu,NULL,03/01/2014
20615,NULL,2391,Laura Wu,NULL,03/12/2013
17749,NULL,17451,Leah Wu,NULL,06/01/2014
26158,NULL,2421,Lisa Wu,NULL,02/10/2013
23755,NULL,14157,Louis Wu,NULL,16/01/2014
18309,NULL,5745,Mandy Wu,NULL,01/07/2013
28928,NULL,17705,Margaret Wu,NULL,29/08/2013
15590,NULL,10892,Marshall Wu,NULL,30/03/2014
25469,NULL,4901,Martha Wu,NULL,20/09/2013
17246,NULL,6563,Micah Wu,NULL,22/01/2014
29293,NULL,12583,Nuan Wu,NULL,14/09/2013
12745,NULL,12794,Rafael Wu,NULL,26/05/2014
27955,NULL,6411,Ramon Wu,NULL,20/11/2013
11647,NULL,18152,Randy Wu,NULL,18/07/2013
22630,NULL,13234,Roger Wu,NULL,21/06/2013
26816,NULL,5571,Ronnie Wu,NULL,17/04/2014
16461,NULL,4956,Rosa Wu,NULL,25/04/2014
22624,NULL,17652,Sandra Wu,NULL,04/06/2014
15268,NULL,2529,Shannon Wu,NULL,14/05/2014
20286,NULL,17595,Stacey Wu,NULL,24/09/2013
14949,NULL,6513,Steve Wu,NULL,06/05/2014
16564,NULL,17749,Susan Wu,NULL,25/01/2014
25735,NULL,5008,Suzanne Wu,NULL,02/11/2013
17405,NULL,13025,Tamara Wu,NULL,20/11/2013
26404,NULL,4730,Trisha Wu,NULL,24/05/2014
20297,NULL,17494,Valerie Wu,NULL,12/08/2013
15602,NULL,11903,Warren Wu,NULL,17/05/2014
14205,NULL,18098,Wesley Wu,NULL,19/08/2013
18546,NULL,2662,Pieter Wycoff,NULL,13/09/2013
25781,NULL,12527,Alejandro Xie,NULL,26/12/2013
26427,NULL,19772,Alicia Xie,NULL,22/04/2014
17368,NULL,11996,Alisha Xie,NULL,11/07/2013
20840,NULL,16639,Alison Xie,NULL,24/01/2014
16617,NULL,4878,Alvin Xie,NULL,14/02/2014
24531,NULL,5054,Andres Xie,NULL,19/12/2013
21160,NULL,20529,April Xie,NULL,26/02/2014
26641,NULL,10285,Arturo Xie,NULL,20/02/2014
26943,NULL,8936,Ashlee Xie,NULL,17/03/2014
28505,NULL,11587,Barbara Xie,NULL,22/01/2014
14775,NULL,3675,Bonnie Xie,NULL,05/11/2013
19302,NULL,9376,Brad Xie,NULL,11/05/2014
28476,NULL,20282,Bradley Xie,NULL,06/04/2014
13018,NULL,9324,Brendan Xie,NULL,16/04/2014
22432,NULL,8561,Bridget Xie,NULL,07/06/2013
24858,NULL,9154,Calvin Xie,NULL,12/09/2013
18136,NULL,16939,Carl Xie,NULL,23/04/2014
13253,NULL,4484,Carly Xie,NULL,27/10/2013
21217,NULL,16280,Casey Xie,NULL,15/02/2014
19297,NULL,3792,Cedric Xie,NULL,26/05/2014
26155,NULL,20324,Chad Xie,NULL,25/02/2014
25089,NULL,11386,Christy Xie,NULL,21/02/2014
22402,NULL,7062,Clarence Xie,NULL,27/10/2013
14135,NULL,12630,Clayton Xie,NULL,18/09/2013
22444,NULL,13482,Colin Xie,NULL,03/04/2014
12133,NULL,12306,Colleen Xie,NULL,03/05/2014
24885,NULL,20452,Corey Xie,NULL,13/06/2014
17050,NULL,8720,Cristina Xie,NULL,14/10/2013
20553,NULL,11370,Damien Xie,NULL,26/04/2014
23726,NULL,9552,Darrell Xie,NULL,27/03/2014
21391,NULL,12206,Dawn Xie,NULL,08/07/2013
12713,NULL,8829,Deborah Xie,NULL,27/03/2014
14287,NULL,20234,Derek Xie,NULL,29/01/2014
20099,NULL,4302,Devon Xie,NULL,01/02/2014
12549,NULL,4636,Donna Xie,NULL,23/03/2014
20218,NULL,9203,Drew Xie,NULL,03/10/2013
22204,NULL,2554,Dustin Xie,NULL,15/12/2013
28879,NULL,13180,Edwin Xie,NULL,13/12/2013
17747,NULL,8140,Franklin Xie,NULL,23/09/2013
14831,NULL,9208,Gilbert Xie,NULL,15/04/2014
17770,NULL,9263,Grant Xie,NULL,02/11/2013
13992,NULL,2581,Gregory Xie,NULL,12/09/2013
27123,NULL,12963,Jaclyn Xie,NULL,25/01/2014
25823,NULL,9436,Jaime Xie,NULL,12/01/2014
20081,NULL,16885,Jerry Xie,NULL,17/03/2014
27889,NULL,4689,Jodi Xie,NULL,27/03/2014
21122,NULL,19941,Julie Xie,NULL,11/09/2013
20281,NULL,5124,Karl Xie,NULL,18/11/2013
18201,NULL,3483,Karla Xie,NULL,18/03/2014
26832,NULL,4583,Kate Xie,NULL,30/06/2014
16262,NULL,19905,Kathryn Xie,NULL,15/05/2014
19916,NULL,20604,Katie Xie,NULL,18/04/2014
26897,NULL,16328,Katrina Xie,NULL,22/08/2013
24203,NULL,20490,Keith Xie,NULL,14/01/2014
20452,NULL,12102,Kelli Xie,NULL,11/12/2013
12834,NULL,16497,Kelsey Xie,NULL,04/05/2014
21806,NULL,2382,Kelvin Xie,NULL,11/02/2014
13842,NULL,2609,Kenneth Xie,NULL,21/11/2013
23929,NULL,20570,Kristin Xie,NULL,18/02/2014
14344,NULL,4132,Kurt Xie,NULL,24/05/2014
23226,NULL,5186,Leonard Xie,NULL,15/12/2013
11391,NULL,19816,Lindsay Xie,NULL,28/03/2014
25132,NULL,20650,Lindsey Xie,NULL,17/02/2014
13590,NULL,13076,Louis Xie,NULL,22/12/2013
13687,NULL,16787,Mario Xie,NULL,28/01/2014
19796,NULL,11324,Marshall Xie,NULL,14/06/2014
15882,NULL,9048,Maurice Xie,NULL,15/09/2013
28426,NULL,4360,Melvin Xie,NULL,13/03/2014
15039,NULL,8379,Michele Xie,NULL,21/02/2014
16285,NULL,4537,Mindy Xie,NULL,18/06/2014
13907,NULL,16450,Misty Xie,NULL,03/11/2013
20993,NULL,17126,Mitchell Xie,NULL,24/09/2013
23145,NULL,16587,Nichole Xie,NULL,26/11/2013
22595,NULL,5247,Nicolas Xie,NULL,06/12/2013
12997,NULL,4423,Nina Xie,NULL,10/04/2014
18018,NULL,20408,Peter Xie,NULL,08/02/2014
11326,NULL,12845,Rafael Xie,NULL,23/07/2013
18710,NULL,16991,Ricardo Xie,NULL,17/08/2013
22489,NULL,13284,Roger Xie,NULL,14/05/2014
11024,NULL,16843,Russell Xie,NULL,26/12/2013
20962,NULL,8505,Sharon Xie,NULL,12/09/2013
16476,NULL,20367,Shawn Xie,NULL,15/01/2014
12212,NULL,3553,Shawna Xie,NULL,07/12/2013
18041,NULL,8659,Sheena Xie,NULL,17/12/2013
28384,NULL,11885,Tamara Xie,NULL,07/01/2014
19912,NULL,19980,Tara Xie,NULL,27/04/2014
24696,NULL,8612,Tasha Xie,NULL,01/02/2014
16199,NULL,4243,Terrence Xie,NULL,19/01/2014
20885,NULL,17218,Terry Xie,NULL,21/10/2013
29425,NULL,4190,Tommy Xie,NULL,07/07/2013
28532,NULL,17168,Tony Xie,NULL,03/07/2012
21342,NULL,8448,Tonya Xie,NULL,07/01/2014
13843,NULL,12347,Warren Xie,NULL,11/08/2013
18302,NULL,9098,Wayne Xie,NULL,08/07/2013
12841,NULL,3617,Yolanda Xie,NULL,20/05/2014
16741,NULL,17317,Alan Xu,NULL,20/08/2013
16353,NULL,12530,Alejandro Xu,NULL,09/11/2013
26585,NULL,12493,Alejandro Xu,NULL,20/05/2014
11370,NULL,19778,Alicia Xu,NULL,03/03/2014
28546,NULL,11959,Alisha Xu,NULL,29/11/2013
14100,NULL,11999,Alisha Xu,NULL,08/05/2014
14227,NULL,16642,Alison Xu,NULL,14/05/2014
21249,NULL,4925,Alvin Xu,NULL,28/04/2014
17741,NULL,4567,Alvin Xu,NULL,25/08/2013
13619,NULL,9978,Arturo Xu,NULL,24/04/2014
16399,NULL,10331,Arturo Xu,NULL,16/08/2013
13541,NULL,8946,Ashlee Xu,NULL,30/11/2013
12531,NULL,5930,Autumn Xu,NULL,18/08/2013
29195,NULL,11560,Barbara Xu,NULL,06/09/2013
14074,NULL,11591,Barbara Xu,NULL,27/10/2013
22382,NULL,17269,Bethany Xu,NULL,11/06/2014
14520,NULL,3679,Bonnie Xu,NULL,07/11/2013
26157,NULL,9382,Brad Xu,NULL,27/02/2014
17994,NULL,20284,Bradley Xu,NULL,19/07/2013
14937,NULL,9330,Brendan Xu,NULL,11/04/2014
14967,NULL,8565,Bridget Xu,NULL,25/10/2013
26688,NULL,17555,Brittney Xu,NULL,30/08/2013
27583,NULL,9157,Calvin Xu,NULL,08/01/2014
27324,NULL,17806,Candice Xu,NULL,11/05/2014
23526,NULL,4846,Cara Xu,NULL,27/08/2013
28847,NULL,4489,Carly Xu,NULL,12/09/2013
13580,NULL,19867,Carol Xu,NULL,29/05/2014
13158,NULL,16282,Casey Xu,NULL,23/03/2014
24039,NULL,8882,Cassie Xu,NULL,05/11/2013
18198,NULL,3832,Cedric Xu,NULL,26/03/2014
24278,NULL,3423,Cedric Xu,NULL,01/11/2013
20901,NULL,20327,Chad Xu,NULL,11/05/2014
21877,NULL,7107,Clarence Xu,NULL,22/03/2014
14179,NULL,5871,Claudia Xu,NULL,16/06/2014
18488,NULL,12598,Clayton Xu,NULL,04/08/2013
25001,NULL,12633,Clayton Xu,NULL,07/12/2013
15790,NULL,13449,Colin Xu,NULL,30/07/2013
29461,NULL,13486,Colin Xu,NULL,21/03/2014
28956,NULL,12309,Colleen Xu,NULL,17/12/2013
18325,NULL,12276,Colleen Xu,NULL,20/10/2013
25017,NULL,8726,Cristina Xu,NULL,26/01/2014
15754,NULL,20766,Crystal Xu,NULL,20/04/2014
14766,NULL,18261,Curtis Xu,NULL,27/04/2014
26382,NULL,5306,Dale Xu,NULL,28/06/2013
22419,NULL,11780,Damien Xu,NULL,24/02/2014
19931,NULL,5638,Darryl Xu,NULL,10/04/2014
27873,NULL,12172,Dawn Xu,NULL,30/05/2013
14711,NULL,8839,Deborah Xu,NULL,27/08/2013
21997,NULL,17908,Dennis Xu,NULL,05/04/2014
20824,NULL,20237,Derek Xu,NULL,31/05/2013
20831,NULL,9207,Drew Xu,NULL,18/11/2013
23481,NULL,2555,Dustin Xu,NULL,25/11/2013
18513,NULL,13185,Edwin Xu,NULL,07/05/2014
25272,NULL,13154,Edwin Xu,NULL,05/01/2014
20863,NULL,2485,Erica Xu,NULL,23/01/2014
14827,NULL,6473,Ernest Xu,NULL,13/05/2014
14208,NULL,5469,Eugene Xu,NULL,18/12/2013
19439,NULL,7826,Franklin Xu,NULL,04/05/2014
17103,NULL,8179,Franklin Xu,NULL,27/04/2014
13145,NULL,8892,Gilbert Xu,NULL,06/04/2014
22554,NULL,9257,Gilbert Xu,NULL,11/08/2013
18743,NULL,5698,Glenn Xu,NULL,31/03/2014
19266,NULL,9268,Grant Xu,NULL,25/10/2013
25803,NULL,2583,Gregory Xu,NULL,14/07/2013
26880,NULL,2639,Heather Xu,NULL,23/01/2014
24252,NULL,12929,Jaclyn Xu,NULL,03/03/2014
12685,NULL,12967,Jaclyn Xu,NULL,11/03/2014
17766,NULL,5416,Jake Xu,NULL,26/04/2014
12624,NULL,2453,Jamie Xu,NULL,26/02/2014
28744,NULL,11488,Jenny Xu,NULL,03/04/2014
12222,NULL,11456,Jenny Xu,NULL,09/05/2014
26958,NULL,16887,Jerry Xu,NULL,25/05/2014
27517,NULL,5528,Jessie Xu,NULL,30/12/2013
16460,NULL,4693,Jodi Xu,NULL,25/04/2014
22459,NULL,17042,Johnny Xu,NULL,22/06/2013
16572,NULL,13583,Jon Xu,NULL,18/05/2014
22523,NULL,13552,Jon Xu,NULL,21/05/2014
14955,NULL,18307,Jorge Xu,NULL,16/01/2014
18301,NULL,19944,Julie Xu,NULL,30/06/2013
22212,NULL,16548,Kara Xu,NULL,03/10/2013
17115,NULL,17410,Karen Xu,NULL,11/11/2013
23321,NULL,5129,Karl Xu,NULL,15/12/2013
11583,NULL,3487,Karla Xu,NULL,08/09/2013
28957,NULL,4590,Kate Xu,NULL,29/09/2013
25210,NULL,19907,Kathryn Xu,NULL,08/11/2013
14799,NULL,20608,Katie Xu,NULL,12/10/2013
24668,NULL,16331,Katrina Xu,NULL,30/12/2013
25124,NULL,20493,Keith Xu,NULL,26/10/2013
16597,NULL,12072,Kelli Xu,NULL,02/08/2013
21628,NULL,12106,Kelli Xu,NULL,05/02/2014
28220,NULL,16501,Kelsey Xu,NULL,18/04/2014
18305,NULL,18227,Kelvin Xu,NULL,11/03/2014
21222,NULL,2604,Kelvin Xu,NULL,04/02/2014
12646,NULL,2611,Kenneth Xu,NULL,02/06/2014
15751,NULL,2510,Kristen Xu,NULL,26/04/2014
20925,NULL,20573,Kristin Xu,NULL,06/02/2014
25491,NULL,17372,Krystal Xu,NULL,18/12/2013
16422,NULL,4137,Kurt Xu,NULL,01/12/2013
26736,NULL,12380,Lacey Xu,NULL,18/07/2013
17913,NULL,12416,Lacey Xu,NULL,02/02/2014
11406,NULL,16378,Latoya Xu,NULL,12/07/2013
16287,NULL,2398,Laura Xu,NULL,02/05/2014
17646,NULL,17460,Leah Xu,NULL,19/10/2013
16051,NULL,5190,Leonard Xu,NULL,11/05/2014
21030,NULL,19819,Lindsay Xu,NULL,13/07/2013
15583,NULL,20653,Lindsey Xu,NULL,20/03/2014
24215,NULL,2428,Lisa Xu,NULL,17/05/2014
20104,NULL,13042,Louis Xu,NULL,30/07/2013
27169,NULL,13080,Louis Xu,NULL,05/05/2014
27899,NULL,5759,Mandy Xu,NULL,11/05/2014
22404,NULL,17718,Margaret Xu,NULL,31/10/2013
26411,NULL,16795,Mario Xu,NULL,01/08/2013
26687,NULL,11371,Marshall Xu,NULL,02/12/2013
25747,NULL,11007,Marshall Xu,NULL,14/08/2013
16351,NULL,4916,Martha Xu,NULL,05/05/2014
28894,NULL,9054,Maurice Xu,NULL,27/04/2014
11474,NULL,4368,Melvin Xu,NULL,26/02/2014
15931,NULL,6581,Micah Xu,NULL,10/01/2014
15353,NULL,8387,Michele Xu,NULL,05/05/2014
20246,NULL,4541,Mindy Xu,NULL,30/11/2013
22615,NULL,16454,Misty Xu,NULL,19/11/2013
12218,NULL,17129,Mitchell Xu,NULL,25/09/2013
27826,NULL,5253,Nicolas Xu,NULL,21/09/2013
13291,NULL,4426,Nina Xu,NULL,25/10/2013
22596,NULL,12699,Omar Xu,NULL,03/04/2014
19279,NULL,12734,Omar Xu,NULL,04/02/2014
28204,NULL,20412,Peter Xu,NULL,02/06/2013
12751,NULL,8772,Priscilla Xu,NULL,11/05/2014
21885,NULL,12812,Rafael Xu,NULL,09/03/2014
21195,NULL,12850,Rafael Xu,NULL,29/01/2014
22318,NULL,6427,Ramon Xu,NULL,28/05/2014
11969,NULL,18160,Randy Xu,NULL,16/01/2014
27157,NULL,9501,Raul Xu,NULL,11/11/2013
27968,NULL,13289,Roger Xu,NULL,05/07/2013
16295,NULL,13250,Roger Xu,NULL,17/08/2013
17892,NULL,5580,Ronnie Xu,NULL,28/12/2013
18823,NULL,16849,Russell Xu,NULL,06/11/2013
16976,NULL,17665,Sandra Xu,NULL,31/08/2013
23344,NULL,8509,Sharon Xu,NULL,05/11/2013
27804,NULL,17085,Shaun Xu,NULL,25/02/2014
19328,NULL,20371,Shawn Xu,NULL,14/09/2013
23419,NULL,3557,Shawna Xu,NULL,31/03/2014
21052,NULL,8663,Sheena Xu,NULL,05/05/2014
21513,NULL,17609,Stacey Xu,NULL,20/01/2014
28906,NULL,6526,Steve Xu,NULL,16/03/2014
17108,NULL,17764,Susan Xu,NULL,04/02/2014
17029,NULL,5024,Suzanne Xu,NULL,27/10/2013
24958,NULL,11891,Tamara Xu,NULL,19/04/2014
19592,NULL,19983,Tara Xu,NULL,13/10/2013
11948,NULL,8619,Tasha Xu,NULL,08/03/2014
23743,NULL,4247,Terrence Xu,NULL,27/07/2013
24228,NULL,17223,Terry Xu,NULL,13/04/2014
24125,NULL,2670,Tiffany Xu,NULL,21/03/2014
28456,NULL,18215,Todd Xu,NULL,07/07/2013
22576,NULL,17172,Tony Xu,NULL,11/11/2013
17324,NULL,8450,Tonya Xu,NULL,29/03/2014
17916,NULL,16414,Tracy Xu,NULL,28/02/2014
20282,NULL,4743,Trisha Xu,NULL,05/12/2013
23047,NULL,17507,Valerie Xu,NULL,11/01/2014
24762,NULL,12036,Warren Xu,NULL,15/01/2014
28551,NULL,4876,Warren Xu,NULL,02/10/2013
18014,NULL,9102,Wayne Xu,NULL,06/09/2013
29182,NULL,18107,Wesley Xu,NULL,30/01/2014
13160,NULL,13382,Willie Xu,NULL,22/04/2014
14157,NULL,13355,Willie Xu,NULL,30/03/2014
15893,NULL,3619,Yolanda Xu,NULL,23/11/2013
20215,NULL,16151,Ioannis Xylaras,NULL,07/11/2013
26011,NULL,5802,Daisuke Yanagishima,NULL,29/12/2013
25196,NULL,5522,Aaron Yang,NULL,08/04/2014
15605,NULL,17305,Alan Yang,NULL,25/04/2014
22176,NULL,12477,Alejandro Yang,NULL,05/12/2013
16266,NULL,11947,Alisha Yang,NULL,05/12/2013
28497,NULL,4386,Alvin Yang,NULL,07/12/2013
16941,NULL,20704,Amy Yang,NULL,09/05/2014
27303,NULL,9818,Arturo Yang,NULL,22/12/2013
22992,NULL,6280,Austin Yang,NULL,14/10/2013
27219,NULL,6740,Benjamin Yang,NULL,27/10/2013
28732,NULL,4776,Bianca Yang,NULL,22/02/2014
24351,NULL,6939,Brandon Yang,NULL,06/09/2013
26847,NULL,17994,Brent Yang,NULL,22/03/2014
22269,NULL,5576,Caleb Yang,NULL,23/12/2013
12117,NULL,6332,Cameron Yang,NULL,20/05/2014
15038,NULL,3245,Cedric Yang,NULL,26/01/2014
23139,NULL,6228,Christian Yang,NULL,06/11/2013
25121,NULL,17756,Clarence Yang,NULL,19/11/2013
24556,NULL,5859,Claudia Yang,NULL,23/11/2013
25145,NULL,12580,Clayton Yang,NULL,21/11/2013
20612,NULL,13430,Colin Yang,NULL,06/12/2013
22167,NULL,12258,Colleen Yang,NULL,13/07/2013
17735,NULL,5623,Connor Yang,NULL,08/01/2014
23665,NULL,20751,Crystal Yang,NULL,18/03/2014
11110,NULL,18247,Curtis Yang,NULL,20/01/2014
21571,NULL,5621,Darryl Yang,NULL,02/03/2014
14374,NULL,6685,David Yang,NULL,31/10/2013
22664,NULL,12158,Dawn Yang,NULL,10/03/2014
15003,NULL,17893,Dennis Yang,NULL,19/01/2014
24068,NULL,13127,Edwin Yang,NULL,27/03/2014
14744,NULL,5373,Elijah Yang,NULL,21/02/2014
26840,NULL,5317,Eric Yang,NULL,22/03/2014
25678,NULL,2476,Erica Yang,NULL,21/06/2014
21468,NULL,6528,Ethan Yang,NULL,13/02/2014
17676,NULL,5453,Eugene Yang,NULL,01/11/2013
12139,NULL,7650,Franklin Yang,NULL,22/05/2014
16724,NULL,5877,Gabriel Yang,NULL,04/04/2014
19370,NULL,8725,Gilbert Yang,NULL,23/01/2014
18275,NULL,2631,Heather Yang,NULL,07/07/2013
20237,NULL,6077,Hunter Yang,NULL,04/07/2013
26103,NULL,5219,Jack Yang,NULL,09/06/2014
22570,NULL,4825,Jackson Yang,NULL,03/04/2014
14961,NULL,12908,Jaclyn Yang,NULL,07/09/2013
16547,NULL,5394,Jake Yang,NULL,03/03/2014
12786,NULL,6389,James Yang,NULL,13/04/2014
18465,NULL,2443,Jamie Yang,NULL,20/05/2014
27627,NULL,5418,Jason Yang,NULL,11/01/2014
24225,NULL,18043,Jeffery Yang,NULL,04/01/2014
16842,NULL,11439,Jenny Yang,NULL,27/03/2014
20053,NULL,5511,Jessie Yang,NULL,25/11/2013
11000,NULL,13531,Jon Yang,NULL,03/10/2013
15523,NULL,6435,Jonathan Yang,NULL,28/05/2014
14458,NULL,5173,Jordan Yang,NULL,14/02/2014
20404,NULL,18291,Jorge Yang,NULL,13/06/2014
20329,NULL,5676,Jose Yang,NULL,25/03/2014
15363,NULL,6641,Justin Yang,NULL,20/03/2014
19274,NULL,17396,Karen Yang,NULL,21/04/2014
16048,NULL,12056,Kelli Yang,NULL,16/09/2013
13404,NULL,16710,Kelvin Yang,NULL,27/10/2013
20605,NULL,5826,Kevin Yang,NULL,25/09/2013
22344,NULL,17356,Krystal Yang,NULL,28/10/2013
13242,NULL,5777,Kyle Yang,NULL,11/03/2014
13150,NULL,12361,Lacey Yang,NULL,05/01/2014
15186,NULL,17447,Leah Yang,NULL,07/06/2014
24640,NULL,2419,Lisa Yang,NULL,18/11/2013
15359,NULL,5924,Logan Yang,NULL,12/02/2014
23013,NULL,14152,Louis Yang,NULL,20/11/2013
24294,NULL,5472,Luis Yang,NULL,12/02/2014
28526,NULL,5125,Luke Yang,NULL,23/05/2014
21724,NULL,5738,Mandy Yang,NULL,12/12/2013
12564,NULL,10846,Marshall Yang,NULL,18/04/2014
22210,NULL,4895,Martha Yang,NULL,11/11/2013
23357,NULL,6559,Micah Yang,NULL,15/09/2013
28674,NULL,5980,Nathan Yang,NULL,24/07/2013
26602,NULL,6127,Noah Yang,NULL,31/01/2014
12566,NULL,12682,Omar Yang,NULL,25/02/2014
23900,NULL,12791,Rafael Yang,NULL,22/01/2014
13609,NULL,6400,Ramon Yang,NULL,19/04/2014
24000,NULL,18147,Randy Yang,NULL,17/01/2014
24298,NULL,6181,Robert Yang,NULL,12/08/2013
28108,NULL,13231,Roger Yang,NULL,07/08/2013
23524,NULL,5567,Ronnie Yang,NULL,11/08/2013
18713,NULL,4951,Rosa Yang,NULL,25/05/2014
28723,NULL,6586,Ryan Yang,NULL,04/09/2013
15271,NULL,6026,Samuel Yang,NULL,03/02/2014
23962,NULL,17647,Sandra Yang,NULL,30/06/2013
12001,NULL,2527,Shannon Yang,NULL,14/01/2014
14215,NULL,17592,Stacey Yang,NULL,31/12/2013
16039,NULL,6512,Steve Yang,NULL,21/07/2013
12396,NULL,17746,Susan Yang,NULL,17/03/2014
18628,NULL,5004,Suzanne Yang,NULL,02/11/2013
28159,NULL,13022,Tamara Yang,NULL,26/05/2014
14108,NULL,5728,Thomas Yang,NULL,08/09/2013
21215,NULL,2659,Tiffany Yang,NULL,15/02/2014
19094,NULL,18198,Todd Yang,NULL,03/09/2013
27361,NULL,17489,Valerie Yang,NULL,19/02/2014
17201,NULL,17944,Vincent Yang,NULL,26/05/2014
17908,NULL,11869,Warren Yang,NULL,11/08/2013
15127,NULL,18092,Wesley Yang,NULL,06/05/2014
14726,NULL,7048,Zachary Yang,NULL,21/01/2014
20782,NULL,17313,Alan Ye,NULL,10/02/2014
15029,NULL,12487,Alejandro Ye,NULL,10/11/2013
22008,NULL,11955,Alisha Ye,NULL,11/05/2014
15575,NULL,4511,Alvin Ye,NULL,10/05/2014
11073,NULL,20712,Amy Ye,NULL,21/01/2014
20727,NULL,9919,Arturo Ye,NULL,20/04/2014
27805,NULL,11554,Barbara Ye,NULL,13/04/2014
28922,NULL,18004,Brent Ye,NULL,21/01/2014
21605,NULL,17544,Brittney Ye,NULL,06/04/2014
25049,NULL,17802,Candice Ye,NULL,29/09/2013
26229,NULL,4841,Cara Ye,NULL,28/03/2014
19335,NULL,3365,Cedric Ye,NULL,08/06/2013
14219,NULL,11354,Christy Ye,NULL,27/01/2014
26050,NULL,6666,Clarence Ye,NULL,19/04/2014
19102,NULL,5864,Claudia Ye,NULL,28/09/2013
28007,NULL,12589,Clayton Ye,NULL,15/01/2014
22501,NULL,13441,Colin Ye,NULL,19/11/2013
13620,NULL,7535,Damien Ye,NULL,15/04/2014
17790,NULL,5633,Darryl Ye,NULL,09/10/2013
25488,NULL,12165,Dawn Ye,NULL,08/04/2014
16638,NULL,17904,Dennis Ye,NULL,16/05/2014
18334,NULL,13144,Edwin Ye,NULL,31/03/2014
13010,NULL,2481,Erica Ye,NULL,14/03/2014
22558,NULL,6468,Ernest Ye,NULL,26/10/2013
11609,NULL,5462,Eugene Ye,NULL,25/04/2014
13952,NULL,7753,Franklin Ye,NULL,03/03/2014
29344,NULL,8838,Gilbert Ye,NULL,28/05/2014
17136,NULL,5690,Glenn Ye,NULL,08/04/2014
23928,NULL,12921,Jaclyn Ye,NULL,07/09/2013
16329,NULL,2449,Jamie Ye,NULL,19/02/2014
28572,NULL,18051,Jeffery Ye,NULL,08/10/2013
25036,NULL,11451,Jenny Ye,NULL,06/11/2013
14145,NULL,5524,Jessie Ye,NULL,09/07/2013
14713,NULL,13544,Jon Ye,NULL,06/05/2014
16426,NULL,18297,Jorge Ye,NULL,04/04/2014
25476,NULL,17403,Karen Ye,NULL,04/09/2013
19470,NULL,12065,Kelli Ye,NULL,01/02/2014
12486,NULL,2507,Kristen Ye,NULL,06/12/2013
26923,NULL,17365,Krystal Ye,NULL,18/05/2014
29090,NULL,12372,Lacey Ye,NULL,27/01/2014
12867,NULL,2395,Laura Ye,NULL,21/05/2014
11077,NULL,17455,Leah Ye,NULL,12/11/2013
27855,NULL,2424,Lisa Ye,NULL,04/04/2014
19343,NULL,13033,Louis Ye,NULL,28/07/2013
19475,NULL,5751,Mandy Ye,NULL,19/06/2013
28688,NULL,17714,Margaret Ye,NULL,03/03/2014
26559,NULL,10948,Marshall Ye,NULL,15/10/2013
22200,NULL,4908,Martha Ye,NULL,17/05/2014
20952,NULL,6571,Micah Ye,NULL,16/05/2014
21020,NULL,12691,Omar Ye,NULL,31/10/2013
14242,NULL,12806,Rafael Ye,NULL,03/11/2013
11357,NULL,6416,Ramon Ye,NULL,31/03/2014
29367,NULL,18156,Randy Ye,NULL,23/04/2014
28543,NULL,13241,Roger Ye,NULL,30/08/2013
19940,NULL,4962,Rosa Ye,NULL,28/05/2014
24689,NULL,17659,Sandra Ye,NULL,24/03/2014
12319,NULL,2534,Shannon Ye,NULL,05/05/2014
12568,NULL,17603,Stacey Ye,NULL,17/08/2013
29087,NULL,6520,Steve Ye,NULL,14/01/2014
11673,NULL,17757,Susan Ye,NULL,03/08/2013
27173,NULL,5015,Suzanne Ye,NULL,07/08/2013
20243,NULL,13031,Tamara Ye,NULL,22/10/2013
23326,NULL,2666,Tiffany Ye,NULL,18/01/2014
27166,NULL,4737,Trisha Ye,NULL,19/03/2014
28948,NULL,17500,Valerie Ye,NULL,01/08/2013
13013,NULL,17951,Vincent Ye,NULL,05/04/2014
27614,NULL,11969,Warren Ye,NULL,18/06/2011
22963,NULL,13349,Willie Ye,NULL,23/08/2013
18598,NULL,4882,Norimichi Yonekura,NULL,18/04/2014
26299,NULL,13585,Y. Yong,NULL,14/05/2014
12050,NULL,16923,Aaron Young,NULL,09/07/2013
12984,NULL,16952,Adam Young,NULL,31/03/2014
25359,NULL,16966,Alex Young,NULL,22/10/2013
28452,NULL,10981,Alexandra Young,NULL,15/09/2013
23644,NULL,10414,Allison Young,NULL,07/03/2014
27228,NULL,10987,Amanda Young,NULL,11/03/2013
28005,NULL,11001,Amber Young,NULL,27/08/2013
22092,NULL,10419,Andrea Young,NULL,12/09/2013
15561,NULL,16959,Angel Young,NULL,23/07/2013
24725,NULL,10402,Bailey Young,NULL,05/10/2013
20370,NULL,4184,Blake Young,NULL,08/10/2013
23237,NULL,16928,Caleb Young,NULL,25/07/2013
17805,NULL,16957,Carlos Young,NULL,30/10/2013
11015,NULL,10963,Chloe Young,NULL,20/06/2013
22044,NULL,16933,Connor Young,NULL,11/09/2013
17622,NULL,11002,Courtney Young,NULL,16/02/2014
18954,NULL,4490,Dalton Young,NULL,23/04/2014
16878,NULL,4958,Devin Young,NULL,26/07/2013
24800,NULL,5043,Eduardo Young,NULL,17/03/2014
13399,NULL,4267,Edward Young,NULL,10/04/2014
24838,NULL,16801,Elijah Young,NULL,19/02/2014
29236,NULL,16955,Eric Young,NULL,26/01/2014
12739,NULL,16971,Evan Young,NULL,28/11/2013
25401,NULL,16800,Gabriel Young,NULL,22/11/2013
19305,NULL,10404,Gabriella Young,NULL,14/05/2014
28043,NULL,10995,Gabrielle Young,NULL,24/09/2013
25379,NULL,10989,Hailey Young,NULL,29/09/2013
20934,NULL,10996,Haley Young,NULL,16/05/2014
12403,NULL,16931,Henry Young,NULL,22/04/2014
20336,NULL,4736,Ian Young,NULL,17/05/2014
22340,NULL,16847,Isaac Young,NULL,02/02/2014
11857,NULL,10976,Isabella Young,NULL,07/05/2014
25587,NULL,16964,Isaiah Young,NULL,26/05/2014
28078,NULL,16951,Jack Young,NULL,18/05/2014
29020,NULL,16956,Jackson Young,NULL,27/11/2013
20531,NULL,16917,James Young,NULL,25/04/2014
25466,NULL,10407,Janet Young,NULL,13/11/2013
16441,NULL,16896,Jason Young,NULL,18/07/2013
16365,NULL,11003,Jenna Young,NULL,18/04/2014
27673,NULL,10973,Jennifer Young,NULL,30/06/2011
12437,NULL,4019,Jeremy Young,NULL,18/12/2013
18676,NULL,16863,Jesse Young,NULL,05/10/2013
18920,NULL,16919,Jonathan Young,NULL,20/06/2014
23186,NULL,16948,Jordan Young,NULL,28/02/2014
28267,NULL,10399,Jordan Young,NULL,31/07/2013
13738,NULL,16943,Jose Young,NULL,18/06/2014
27414,NULL,10969,Julia Young,NULL,18/12/2013
25062,NULL,10974,Kaitlyn Young,NULL,12/09/2013
23700,NULL,10409,Katelyn Young,NULL,24/05/2014
26737,NULL,10986,Katherine Young,NULL,31/10/2013
13756,NULL,10413,Kaylee Young,NULL,22/11/2013
19883,NULL,16798,Kevin Young,NULL,25/03/2014
20847,NULL,16797,Kyle Young,NULL,16/02/2014
27391,NULL,16920,Logan Young,NULL,15/12/2013
22655,NULL,4813,Lucas Young,NULL,16/12/2013
13934,NULL,16906,Luis Young,NULL,08/05/2014
26481,NULL,16937,Luke Young,NULL,19/09/2012
27736,NULL,10403,Mackenzie Young,NULL,03/05/2014
18121,NULL,10998,Madeline Young,NULL,16/02/2014
18494,NULL,4643,Marcus Young,NULL,10/08/2013
18052,NULL,10993,Maria Young,NULL,17/02/2014
17689,NULL,11000,Mary Young,NULL,14/12/2013
27427,NULL,16975,Mason Young,NULL,21/03/2014
23796,NULL,4108,Miguel Young,NULL,05/12/2013
12342,NULL,10975,Morgan Young,NULL,23/02/2014
23364,NULL,10978,Natalie Young,NULL,07/09/2013
20635,NULL,16925,Nathan Young,NULL,15/12/2013
13348,NULL,16932,Noah Young,NULL,23/10/2013
14418,NULL,10997,Rebecca Young,NULL,05/11/2013
18115,NULL,4560,Richard Young,NULL,25/04/2014
16882,NULL,16936,Robert Young,NULL,27/03/2014
23470,NULL,16927,Samuel Young,NULL,21/10/2013
19860,NULL,10405,Sara Young,NULL,29/07/2013
25971,NULL,10410,Savannah Young,NULL,16/10/2013
17660,NULL,4338,Seth Young,NULL,07/01/2014
11619,NULL,10400,Sierra Young,NULL,04/05/2014
20409,NULL,10999,Sophia Young,NULL,15/01/2014
27430,NULL,10988,Stephanie Young,NULL,24/12/2013
21006,NULL,10984,Sydney Young,NULL,21/04/2014
28051,NULL,16944,Thomas Young,NULL,28/01/2012
28173,NULL,16980,Timothy Young,NULL,26/01/2012
25087,NULL,3790,Wyatt Young,NULL,24/06/2013
15763,NULL,4416,Xavier Young,NULL,23/08/2013
17547,NULL,12534,Alejandro Yuan,NULL,13/12/2013
25225,NULL,19782,Alicia Yuan,NULL,28/12/2013
27013,NULL,12001,Alisha Yuan,NULL,13/05/2014
24574,NULL,16645,Alison Yuan,NULL,07/01/2014
25651,NULL,4965,Alvin Yuan,NULL,20/02/2014
20968,NULL,10373,Arturo Yuan,NULL,11/12/2013
21515,NULL,11593,Barbara Yuan,NULL,06/11/2013
11030,NULL,17272,Bethany Yuan,NULL,11/04/2014
15048,NULL,3689,Bonnie Yuan,NULL,03/05/2014
22162,NULL,9387,Brad Yuan,NULL,05/11/2013
17920,NULL,20286,Bradley Yuan,NULL,06/03/2014
24744,NULL,9336,Brendan Yuan,NULL,11/03/2014
26211,NULL,8572,Bridget Yuan,NULL,10/09/2013
17905,NULL,9162,Calvin Yuan,NULL,11/04/2014
24160,NULL,16946,Carl Yuan,NULL,14/01/2014
19839,NULL,4493,Carly Yuan,NULL,25/02/2014
11430,NULL,16287,Casey Yuan,NULL,19/08/2013
24453,NULL,8885,Cassie Yuan,NULL,21/03/2014
15449,NULL,3869,Cedric Yuan,NULL,29/05/2014
21173,NULL,20330,Chad Yuan,NULL,07/01/2014
11046,NULL,19870,Christine Yuan,NULL,14/04/2014
24047,NULL,7143,Clarence Yuan,NULL,05/12/2013
11758,NULL,13490,Colin Yuan,NULL,26/04/2014
25548,NULL,12316,Colleen Yuan,NULL,14/04/2014
27334,NULL,20459,Corey Yuan,NULL,01/02/2014
23776,NULL,8728,Cristina Yuan,NULL,17/08/2013
17818,NULL,5312,Dale Yuan,NULL,16/02/2014
29442,NULL,12184,Damien Yuan,NULL,19/09/2013
18271,NULL,9560,Darrell Yuan,NULL,26/05/2014
18801,NULL,12211,Dawn Yuan,NULL,01/04/2014
12021,NULL,8843,Deborah Yuan,NULL,13/10/2013
27589,NULL,20239,Derek Yuan,NULL,03/05/2014
29434,NULL,4647,Donna Yuan,NULL,03/09/2013
21679,NULL,9210,Drew Yuan,NULL,13/12/2013
24089,NULL,2557,Dustin Yuan,NULL,30/10/2013
21664,NULL,13189,Edwin Yuan,NULL,05/04/2014
24594,NULL,8216,Franklin Yuan,NULL,30/07/2013
24909,NULL,9272,Grant Yuan,NULL,25/09/2013
21822,NULL,2585,Gregory Yuan,NULL,27/10/2013
24904,NULL,12971,Jaclyn Yuan,NULL,20/08/2013
17848,NULL,9448,Jaime Yuan,NULL,01/12/2013
12233,NULL,16891,Jerry Yuan,NULL,19/06/2014
28915,NULL,17045,Johnny Yuan,NULL,14/11/2013
25937,NULL,13591,Jon Yuan,NULL,08/04/2014
22959,NULL,19947,Julie Yuan,NULL,27/05/2014
26448,NULL,16551,Kara Yuan,NULL,26/01/2014
12835,NULL,5131,Karl Yuan,NULL,02/11/2013
13629,NULL,3491,Karla Yuan,NULL,21/04/2014
18973,NULL,4595,Kate Yuan,NULL,25/07/2013
23106,NULL,19910,Kathryn Yuan,NULL,17/09/2013
19459,NULL,20611,Katie Yuan,NULL,17/07/2013
26659,NULL,16335,Katrina Yuan,NULL,13/06/2014
22926,NULL,20496,Keith Yuan,NULL,19/05/2014
13034,NULL,16505,Kelsey Yuan,NULL,09/02/2014
25692,NULL,2706,Kelvin Yuan,NULL,09/08/2013
24114,NULL,20576,Kristin Yuan,NULL,31/12/2013
16561,NULL,4141,Kurt Yuan,NULL,23/05/2014
12349,NULL,12420,Lacey Yuan,NULL,01/02/2014
21070,NULL,16380,Latoya Yuan,NULL,18/07/2013
16791,NULL,5199,Leonard Yuan,NULL,23/10/2013
29448,NULL,20657,Lindsey Yuan,NULL,01/10/2011
18193,NULL,13086,Louis Yuan,NULL,02/01/2014
19978,NULL,11411,Marshall Yuan,NULL,10/11/2013
24380,NULL,9059,Maurice Yuan,NULL,07/01/2014
29331,NULL,4371,Melvin Yuan,NULL,19/01/2014
22331,NULL,8393,Michele Yuan,NULL,17/06/2014
12201,NULL,4544,Mindy Yuan,NULL,09/01/2014
17957,NULL,16460,Misty Yuan,NULL,23/02/2014
26744,NULL,17131,Mitchell Yuan,NULL,26/03/2014
25788,NULL,16595,Nichole Yuan,NULL,20/07/2013
19756,NULL,5259,Nicolas Yuan,NULL,14/01/2014
11531,NULL,4431,Nina Yuan,NULL,11/07/2013
19449,NULL,12638,Nuan Yuan,NULL,27/11/2013
12380,NULL,12736,Omar Yuan,NULL,19/11/2013
17107,NULL,8777,Priscilla Yuan,NULL,08/07/2013
20625,NULL,12854,Rafael Yuan,NULL,08/01/2014
16674,NULL,16999,Ricardo Yuan,NULL,29/01/2014
19622,NULL,13293,Roger Yuan,NULL,28/12/2013
12008,NULL,8515,Sharon Yuan,NULL,22/06/2014
27762,NULL,20375,Shawn Yuan,NULL,08/04/2014
16364,NULL,3563,Shawna Yuan,NULL,23/09/2013
21166,NULL,11893,Tamara Yuan,NULL,09/01/2014
22795,NULL,19987,Tara Yuan,NULL,24/07/2013
20565,NULL,8623,Tasha Yuan,NULL,09/12/2013
15463,NULL,4252,Terrence Yuan,NULL,20/03/2014
13646,NULL,17227,Terry Yuan,NULL,07/05/2014
17940,NULL,4198,Tommy Yuan,NULL,06/01/2014
16303,NULL,16416,Tracy Yuan,NULL,28/06/2014
19091,NULL,9255,Warren Yuan,NULL,03/06/2014
17088,NULL,9108,Wayne Yuan,NULL,20/12/2013
23421,NULL,13386,Willie Yuan,NULL,27/12/2013
22154,NULL,3624,Yolanda Yuan,NULL,07/07/2013
19342,NULL,5839,Aimee Zeng,NULL,06/10/2013
22321,NULL,17344,Alan Zeng,NULL,12/01/2014
18171,NULL,12518,Alejandro Zeng,NULL,31/01/2014
15727,NULL,11984,Alisha Zeng,NULL,07/05/2014
11118,NULL,4788,Alvin Zeng,NULL,28/06/2014
24242,NULL,20735,Amy Zeng,NULL,03/02/2014
29396,NULL,10200,Arturo Zeng,NULL,06/10/2013
16082,NULL,5949,Autumn Zeng,NULL,27/11/2013
23102,NULL,11581,Barbara Zeng,NULL,15/12/2013
21110,NULL,18029,Brent Zeng,NULL,17/07/2013
13670,NULL,17582,Brittney Zeng,NULL,04/05/2014
25520,NULL,16775,Candice Zeng,NULL,19/11/2013
20444,NULL,4879,Cara Zeng,NULL,23/12/2013
21650,NULL,3688,Cedric Zeng,NULL,18/07/2013
15441,NULL,11377,Christy Zeng,NULL,02/11/2013
12234,NULL,6977,Clarence Zeng,NULL,26/09/2013
16696,NULL,5898,Claudia Zeng,NULL,07/08/2013
14202,NULL,12622,Clayton Zeng,NULL,28/09/2013
21343,NULL,13474,Colin Zeng,NULL,30/01/2014
28304,NULL,12299,Colleen Zeng,NULL,07/08/2013
12298,NULL,2384,Crystal Zeng,NULL,13/05/2014
26669,NULL,18277,Curtis Zeng,NULL,15/10/2013
20929,NULL,5664,Darryl Zeng,NULL,07/08/2013
29455,NULL,12200,Dawn Zeng,NULL,27/02/2014
13050,NULL,17931,Dennis Zeng,NULL,08/04/2014
26924,NULL,2496,Erica Zeng,NULL,23/05/2014
12992,NULL,6495,Ernest Zeng,NULL,08/01/2014
24025,NULL,5498,Eugene Zeng,NULL,29/01/2014
20914,NULL,9132,Gilbert Zeng,NULL,15/03/2014
25306,NULL,5722,Glenn Zeng,NULL,16/10/2013
18287,NULL,2652,Heather Zeng,NULL,19/08/2013
18086,NULL,12956,Jaclyn Zeng,NULL,11/02/2014
18054,NULL,5435,Jake Zeng,NULL,12/03/2014
12789,NULL,2469,Jamie Zeng,NULL,27/02/2014
14642,NULL,18078,Jeffery Zeng,NULL,26/10/2013
16940,NULL,11476,Jenny Zeng,NULL,28/05/2014
25091,NULL,5551,Jessie Zeng,NULL,07/09/2013
14310,NULL,13574,Jon Zeng,NULL,15/02/2014
26056,NULL,17431,Karen Zeng,NULL,10/12/2013
22825,NULL,12091,Kelli Zeng,NULL,06/02/2014
26207,NULL,20117,Kelvin Zeng,NULL,25/05/2014
17541,NULL,2520,Kristen Zeng,NULL,30/10/2013
25814,NULL,17386,Krystal Zeng,NULL,01/02/2014
12471,NULL,12400,Lacey Zeng,NULL,16/08/2013
27390,NULL,17477,Leah Zeng,NULL,10/05/2014
19480,NULL,2437,Lisa Zeng,NULL,21/11/2013
18903,NULL,13065,Louis Zeng,NULL,13/06/2013
25630,NULL,5783,Mandy Zeng,NULL,02/09/2013
16191,NULL,17737,Margaret Zeng,NULL,31/05/2014
20987,NULL,11228,Marshall Zeng,NULL,15/09/2013
17844,NULL,4936,Martha Zeng,NULL,12/10/2013
25561,NULL,5377,Micah Zeng,NULL,25/03/2014
25427,NULL,12722,Omar Zeng,NULL,08/11/2013
24486,NULL,12834,Rafael Zeng,NULL,04/07/2013
27979,NULL,6443,Ramon Zeng,NULL,02/01/2014
11341,NULL,18181,Randy Zeng,NULL,19/12/2013
22377,NULL,13275,Roger Zeng,NULL,15/03/2014
12806,NULL,5601,Ronnie Zeng,NULL,10/11/2013
16302,NULL,4990,Rosa Zeng,NULL,23/09/2013
25608,NULL,17687,Sandra Zeng,NULL,24/06/2013
24338,NULL,2549,Shannon Zeng,NULL,25/05/2014
17317,NULL,17631,Stacey Zeng,NULL,01/03/2014
25894,NULL,6543,Steve Zeng,NULL,26/12/2013
16825,NULL,17783,Susan Zeng,NULL,19/04/2014
17918,NULL,5048,Suzanne Zeng,NULL,07/02/2014
13652,NULL,11880,Tamara Zeng,NULL,08/10/2013
21890,NULL,20692,Tiffany Zeng,NULL,27/12/2013
12283,NULL,18235,Todd Zeng,NULL,11/10/2013
17977,NULL,17526,Valerie Zeng,NULL,02/04/2014
24477,NULL,12264,Warren Zeng,NULL,05/12/2013
20460,NULL,18127,Wesley Zeng,NULL,13/07/2013
22768,NULL,5516,Aaron Zhang,NULL,19/09/2013
16804,NULL,5258,Adam Zhang,NULL,17/06/2013
26025,NULL,5787,Aimee Zhang,NULL,24/03/2014
22835,NULL,18332,Alan Zhang,NULL,14/08/2013
21992,NULL,12464,Alejandro Zhang,NULL,30/05/2014
28394,NULL,11937,Alisha Zhang,NULL,20/01/2014
19082,NULL,4272,Alvin Zhang,NULL,04/12/2013
18307,NULL,20693,Amy Zhang,NULL,10/07/2013
26891,NULL,9705,Arturo Zhang,NULL,20/01/2014
19395,NULL,6274,Austin Zhang,NULL,27/07/2013
22773,NULL,5903,Autumn Zhang,NULL,31/03/2014
16338,NULL,11534,Barbara Zhang,NULL,30/09/2013
12593,NULL,6734,Benjamin Zhang,NULL,29/01/2014
29144,NULL,6929,Brandon Zhang,NULL,24/12/2011
18173,NULL,17984,Brent Zhang,NULL,07/05/2014
19975,NULL,17531,Brittney Zhang,NULL,29/11/2013
12863,NULL,5572,Caleb Zhang,NULL,01/05/2014
21633,NULL,6324,Cameron Zhang,NULL,23/08/2013
23777,NULL,17788,Candice Zhang,NULL,01/10/2013
12351,NULL,4827,Cara Zhang,NULL,29/06/2014
26966,NULL,3125,Cedric Zhang,NULL,27/12/2013
23375,NULL,6223,Christian Zhang,NULL,25/03/2014
13001,NULL,17661,Clarence Zhang,NULL,11/03/2014
13114,NULL,5847,Claudia Zhang,NULL,25/04/2014
29482,NULL,12570,Clayton Zhang,NULL,18/02/2013
16562,NULL,12247,Colleen Zhang,NULL,24/11/2013
13853,NULL,5618,Connor Zhang,NULL,15/05/2014
21667,NULL,20737,Crystal Zhang,NULL,04/03/2014
26758,NULL,5344,Damien Zhang,NULL,11/08/2013
24875,NULL,5606,Darryl Zhang,NULL,27/11/2013
14222,NULL,12147,Dawn Zhang,NULL,16/05/2014
11231,NULL,17885,Dennis Zhang,NULL,14/04/2014
27321,NULL,6985,Dylan Zhang,NULL,26/07/2013
15785,NULL,13118,Edwin Zhang,NULL,01/04/2014
28789,NULL,5916,Elijah Zhang,NULL,30/06/2014
21410,NULL,5311,Eric Zhang,NULL,16/04/2014
22746,NULL,2470,Erica Zhang,NULL,17/12/2013
14612,NULL,6447,Ernest Zhang,NULL,06/05/2014
11022,NULL,6522,Ethan Zhang,NULL,22/06/2013
27887,NULL,5441,Eugene Zhang,NULL,05/10/2013
12597,NULL,7536,Franklin Zhang,NULL,02/03/2014
18163,NULL,5870,Gabriel Zhang,NULL,21/02/2014
17630,NULL,8618,Gilbert Zhang,NULL,10/07/2013
13967,NULL,5666,Glenn Zhang,NULL,30/05/2014
16654,NULL,2626,Heather Zhang,NULL,07/01/2014
14105,NULL,5361,Jackson Zhang,NULL,11/09/2013
12160,NULL,12898,Jaclyn Zhang,NULL,08/08/2013
22616,NULL,5382,Jake Zhang,NULL,30/04/2014
14684,NULL,6384,James Zhang,NULL,07/06/2014
15481,NULL,2438,Jamie Zhang,NULL,17/01/2014
12796,NULL,5412,Jason Zhang,NULL,04/09/2013
12472,NULL,18032,Jeffery Zhang,NULL,09/01/2014
24609,NULL,11430,Jenny Zhang,NULL,06/07/2013
28111,NULL,13517,Jon Zhang,NULL,27/08/2013
12541,NULL,6428,Jonathan Zhang,NULL,15/11/2013
26874,NULL,18282,Jorge Zhang,NULL,01/10/2013
23905,NULL,5670,Jose Zhang,NULL,20/01/2014
26322,NULL,6633,Justin Zhang,NULL,30/07/2013
18035,NULL,17389,Karen Zhang,NULL,28/05/2014
26072,NULL,12042,Kelli Zhang,NULL,10/05/2014
28689,NULL,15826,Kelvin Zhang,NULL,19/09/2012
20005,NULL,5821,Kevin Zhang,NULL,16/10/2013
27484,NULL,2497,Kristen Zhang,NULL,13/05/2014
20163,NULL,17348,Krystal Zhang,NULL,16/09/2013
11713,NULL,5770,Kyle Zhang,NULL,23/04/2014
14127,NULL,12354,Lacey Zhang,NULL,11/08/2013
25311,NULL,2385,Laura Zhang,NULL,15/02/2014
28540,NULL,17436,Leah Zhang,NULL,19/07/2012
20227,NULL,14141,Louis Zhang,NULL,22/11/2013
16811,NULL,5466,Luis Zhang,NULL,30/07/2013
18862,NULL,5121,Luke Zhang,NULL,06/05/2014
16058,NULL,17692,Margaret Zhang,NULL,08/04/2014
29104,NULL,5973,Nathan Zhang,NULL,08/04/2014
15339,NULL,6123,Noah Zhang,NULL,15/04/2014
13441,NULL,12673,Omar Zhang,NULL,01/05/2014
23441,NULL,12781,Rafael Zhang,NULL,05/11/2013
12352,NULL,6385,Ramon Zhang,NULL,21/04/2014
12601,NULL,18133,Randy Zhang,NULL,16/06/2014
18855,NULL,6171,Robert Zhang,NULL,19/10/2013
12690,NULL,13222,Roger Zhang,NULL,23/06/2014
16656,NULL,5558,Ronnie Zhang,NULL,20/05/2014
14789,NULL,4942,Rosa Zhang,NULL,18/03/2014
11873,NULL,6577,Ryan Zhang,NULL,06/11/2013
21100,NULL,17635,Sandra Zhang,NULL,13/05/2014
18216,NULL,17741,Susan Zhang,NULL,06/04/2014
20316,NULL,4997,Suzanne Zhang,NULL,29/07/2013
12769,NULL,5723,Thomas Zhang,NULL,09/01/2014
17318,NULL,2653,Tiffany Zhang,NULL,26/09/2013
20590,NULL,18186,Todd Zhang,NULL,17/04/2014
18156,NULL,5952,Trisha Zhang,NULL,27/05/2014
17765,NULL,17481,Valerie Zhang,NULL,09/10/2013
27686,NULL,17936,Vincent Zhang,NULL,30/06/2014
25252,NULL,11781,Warren Zhang,NULL,22/01/2014
24356,NULL,18080,Wesley Zhang,NULL,24/05/2014
16023,NULL,13332,Willie Zhang,NULL,09/01/2014
27229,NULL,7043,Zachary Zhang,NULL,25/07/2013
17787,NULL,12488,Alejandro Zhao,NULL,15/12/2013
21988,NULL,11956,Alisha Zhao,NULL,24/04/2014
19347,NULL,4530,Alvin Zhao,NULL,13/06/2014
26416,NULL,20715,Amy Zhao,NULL,09/12/2013
19425,NULL,9935,Arturo Zhao,NULL,08/11/2013
27770,NULL,5927,Autumn Zhao,NULL,25/07/2013
16723,NULL,11556,Barbara Zhao,NULL,23/06/2014
13971,NULL,4789,Bianca Zhao,NULL,26/05/2014
22500,NULL,18005,Brent Zhao,NULL,15/10/2013
25610,NULL,17547,Brittney Zhao,NULL,27/05/2014
25640,NULL,17804,Candice Zhao,NULL,20/07/2013
19826,NULL,6696,Clarence Zhao,NULL,14/07/2013
22633,NULL,5866,Claudia Zhao,NULL,08/10/2013
20586,NULL,12592,Clayton Zhao,NULL,29/10/2013
24241,NULL,13442,Colin Zhao,NULL,30/01/2014
16407,NULL,12271,Colleen Zhao,NULL,18/03/2014
25906,NULL,20762,Crystal Zhao,NULL,15/04/2014
15861,NULL,7752,Damien Zhao,NULL,04/07/2013
15656,NULL,5634,Darryl Zhao,NULL,15/03/2014
24195,NULL,12169,Dawn Zhao,NULL,14/10/2013
20173,NULL,17905,Dennis Zhao,NULL,14/09/2013
14991,NULL,13146,Edwin Zhao,NULL,11/05/2014
24963,NULL,2482,Erica Zhao,NULL,21/09/2013
18700,NULL,6470,Ernest Zhao,NULL,06/07/2013
12328,NULL,5465,Eugene Zhao,NULL,21/08/2013
20134,NULL,7780,Franklin Zhao,NULL,28/06/2014
23119,NULL,8857,Gilbert Zhao,NULL,26/10/2013
14221,NULL,5693,Glenn Zhao,NULL,28/01/2014
24596,NULL,2637,Heather Zhao,NULL,15/05/2014
26167,NULL,12925,Jaclyn Zhao,NULL,29/01/2014
12312,NULL,5407,Jake Zhao,NULL,30/03/2014
16179,NULL,2450,Jamie Zhao,NULL,23/04/2014
17931,NULL,18053,Jeffery Zhao,NULL,27/01/2014
11027,NULL,5526,Jessie Zhao,NULL,26/03/2014
28148,NULL,13547,Jon Zhao,NULL,19/08/2011
16711,NULL,18299,Jorge Zhao,NULL,12/12/2013
25408,NULL,17405,Karen Zhao,NULL,28/10/2013
26386,NULL,12069,Kelli Zhao,NULL,23/01/2014
25135,NULL,17846,Kelvin Zhao,NULL,04/05/2014
16930,NULL,2508,Kristen Zhao,NULL,04/06/2014
27713,NULL,12378,Lacey Zhao,NULL,10/05/2014
24589,NULL,2396,Laura Zhao,NULL,20/08/2013
19859,NULL,2425,Lisa Zhao,NULL,19/10/2013
16806,NULL,13035,Louis Zhao,NULL,09/05/2014
24877,NULL,5756,Mandy Zhao,NULL,04/06/2014
22033,NULL,10967,Marshall Zhao,NULL,16/04/2014
28542,NULL,4911,Martha Zhao,NULL,21/07/2013
18708,NULL,6573,Micah Zhao,NULL,09/08/2013
27927,NULL,12693,Omar Zhao,NULL,26/05/2014
13412,NULL,12810,Rafael Zhao,NULL,22/05/2014
12753,NULL,6420,Ramon Zhao,NULL,18/11/2013
27874,NULL,18157,Randy Zhao,NULL,11/08/2013
22322,NULL,13244,Roger Zhao,NULL,03/10/2013
17955,NULL,5578,Ronnie Zhao,NULL,16/04/2014
19672,NULL,4963,Rosa Zhao,NULL,24/03/2014
22503,NULL,17660,Sandra Zhao,NULL,09/02/2014
19807,NULL,2536,Shannon Zhao,NULL,25/04/2014
28365,NULL,17606,Stacey Zhao,NULL,26/09/2013
25122,NULL,17760,Susan Zhao,NULL,29/04/2014
13565,NULL,2668,Tiffany Zhao,NULL,23/05/2014
23991,NULL,18210,Todd Zhao,NULL,31/03/2014
22710,NULL,4738,Trisha Zhao,NULL,18/09/2013
13493,NULL,17501,Valerie Zhao,NULL,24/09/2013
24823,NULL,17953,Vincent Zhao,NULL,20/06/2014
25635,NULL,11993,Warren Zhao,NULL,31/01/2014
24580,NULL,18104,Wesley Zhao,NULL,23/01/2014
11392,NULL,13350,Willie Zhao,NULL,29/08/2013
24283,NULL,5832,Aimee Zheng,NULL,20/03/2014
11050,NULL,17337,Alan Zheng,NULL,21/04/2014
27961,NULL,12511,Alejandro Zheng,NULL,23/08/2013
22203,NULL,11979,Alisha Zheng,NULL,06/05/2014
25734,NULL,4727,Alvin Zheng,NULL,23/11/2013
27853,NULL,20729,Amy Zheng,NULL,22/02/2014
11467,NULL,10149,Arturo Zheng,NULL,04/06/2014
19041,NULL,5945,Autumn Zheng,NULL,12/03/2014
27493,NULL,11578,Barbara Zheng,NULL,13/05/2014
27662,NULL,4817,Bianca Zheng,NULL,04/04/2014
20043,NULL,18026,Brent Zheng,NULL,27/05/2014
27913,NULL,17575,Brittney Zheng,NULL,11/01/2014
27513,NULL,4867,Cara Zheng,NULL,05/12/2013
18803,NULL,3614,Cedric Zheng,NULL,08/05/2014
17069,NULL,11372,Christy Zheng,NULL,28/11/2013
17638,NULL,6917,Clarence Zheng,NULL,09/05/2014
18691,NULL,5892,Claudia Zheng,NULL,21/08/2013
24539,NULL,13467,Colin Zheng,NULL,21/09/2013
13026,NULL,12291,Colleen Zheng,NULL,08/05/2014
21127,NULL,20776,Crystal Zheng,NULL,14/01/2014
23645,NULL,18272,Curtis Zheng,NULL,25/01/2014
14142,NULL,9918,Damien Zheng,NULL,31/03/2014
18706,NULL,5655,Darryl Zheng,NULL,22/08/2013
19579,NULL,12194,Dawn Zheng,NULL,16/04/2014
25567,NULL,17924,Dennis Zheng,NULL,11/03/2014
14216,NULL,13169,Edwin Zheng,NULL,03/01/2014
23643,NULL,2491,Erica Zheng,NULL,04/10/2013
23960,NULL,5490,Eugene Zheng,NULL,15/01/2014
21044,NULL,7986,Franklin Zheng,NULL,04/11/2013
22689,NULL,9066,Gilbert Zheng,NULL,17/03/2014
26908,NULL,5715,Glenn Zheng,NULL,22/03/2014
12711,NULL,2647,Heather Zheng,NULL,06/04/2014
11910,NULL,12949,Jaclyn Zheng,NULL,03/01/2014
19296,NULL,5429,Jake Zheng,NULL,25/05/2014
22156,NULL,2466,Jamie Zheng,NULL,06/08/2013
15030,NULL,18071,Jeffery Zheng,NULL,16/12/2013
11947,NULL,11470,Jenny Zheng,NULL,29/05/2014
18028,NULL,5544,Jessie Zheng,NULL,02/05/2014
25455,NULL,18325,Jorge Zheng,NULL,15/04/2014
22390,NULL,19627,Kelvin Zheng,NULL,13/12/2013
24463,NULL,2516,Kristen Zheng,NULL,31/03/2014
13803,NULL,17383,Krystal Zheng,NULL,12/01/2014
11417,NULL,12395,Lacey Zheng,NULL,17/05/2014
16701,NULL,2409,Laura Zheng,NULL,20/08/2013
12627,NULL,17474,Leah Zheng,NULL,30/11/2013
13846,NULL,2434,Lisa Zheng,NULL,16/02/2014
23957,NULL,13057,Louis Zheng,NULL,29/03/2014
24721,NULL,5778,Mandy Zheng,NULL,19/02/2014
13823,NULL,17732,Margaret Zheng,NULL,16/04/2014
13796,NULL,4931,Martha Zheng,NULL,03/04/2014
19234,NULL,5371,Micah Zheng,NULL,13/05/2014
13604,NULL,12614,Nuan Zheng,NULL,21/06/2014
14522,NULL,12717,Omar Zheng,NULL,24/02/2014
28393,NULL,6436,Ramon Zheng,NULL,01/01/2014
22574,NULL,18178,Randy Zheng,NULL,03/11/2013
29321,NULL,13264,Roger Zheng,NULL,25/10/2013
16629,NULL,4984,Rosa Zheng,NULL,12/05/2014
15141,NULL,17679,Sandra Zheng,NULL,26/05/2014
14678,NULL,2545,Shannon Zheng,NULL,13/06/2014
19877,NULL,6540,Steve Zheng,NULL,03/02/2014
24719,NULL,17779,Susan Zheng,NULL,22/03/2014
15326,NULL,18229,Todd Zheng,NULL,13/01/2014
22437,NULL,4757,Trisha Zheng,NULL,19/01/2014
19312,NULL,17522,Valerie Zheng,NULL,07/04/2014
18496,NULL,17974,Vincent Zheng,NULL,18/08/2013
12269,NULL,12204,Warren Zheng,NULL,27/11/2013
12230,NULL,18121,Wesley Zheng,NULL,14/11/2013
21102,NULL,13367,Willie Zheng,NULL,03/02/2014
20729,NULL,5799,Aimee Zhou,NULL,20/11/2013
16480,NULL,17310,Alan Zhou,NULL,14/06/2014
12304,NULL,12485,Alejandro Zhou,NULL,30/05/2014
27910,NULL,9895,Arturo Zhou,NULL,16/07/2013
25229,NULL,5922,Autumn Zhou,NULL,16/12/2013
28539,NULL,11550,Barbara Zhou,NULL,12/09/2013
15434,NULL,18002,Brent Zhou,NULL,07/03/2014
24148,NULL,17542,Brittney Zhou,NULL,03/09/2013
26389,NULL,17801,Candice Zhou,NULL,27/09/2013
11350,NULL,4840,Cara Zhou,NULL,08/07/2013
24454,NULL,20757,Carol Zhou,NULL,11/11/2013
17514,NULL,3342,Cedric Zhou,NULL,06/07/2013
12435,NULL,11350,Christy Zhou,NULL,29/12/2013
27301,NULL,6643,Clarence Zhou,NULL,26/03/2014
11247,NULL,5863,Claudia Zhou,NULL,17/01/2014
27348,NULL,12588,Clayton Zhou,NULL,18/11/2013
17962,NULL,13440,Colin Zhou,NULL,19/01/2014
23122,NULL,12268,Colleen Zhou,NULL,30/12/2013
25505,NULL,18254,Curtis Zhou,NULL,15/02/2014
25776,NULL,7307,Damien Zhou,NULL,19/03/2014
22834,NULL,5631,Darryl Zhou,NULL,06/02/2014
22499,NULL,12163,Dawn Zhou,NULL,27/01/2014
17199,NULL,17903,Dennis Zhou,NULL,07/01/2014
14965,NULL,13142,Edwin Zhou,NULL,23/12/2013
19062,NULL,2480,Erica Zhou,NULL,26/12/2013
15792,NULL,6466,Ernest Zhou,NULL,26/08/2013
28749,NULL,7731,Franklin Zhou,NULL,22/11/2012
24475,NULL,8806,Gilbert Zhou,NULL,24/05/2014
12326,NULL,5687,Glenn Zhou,NULL,02/05/2014
24914,NULL,2636,Heather Zhou,NULL,02/10/2013
21179,NULL,12920,Jaclyn Zhou,NULL,10/01/2014
25423,NULL,5404,Jake Zhou,NULL,05/11/2013
17327,NULL,2448,Jamie Zhou,NULL,23/04/2014
24848,NULL,18050,Jeffery Zhou,NULL,15/06/2014
11702,NULL,11449,Jenny Zhou,NULL,16/04/2014
20610,NULL,5521,Jessie Zhou,NULL,23/12/2013
11060,NULL,13542,Jon Zhou,NULL,25/11/2013
22319,NULL,18296,Jorge Zhou,NULL,25/10/2013
25309,NULL,17402,Karen Zhou,NULL,27/04/2014
15000,NULL,12063,Kelli Zhou,NULL,27/07/2013
20231,NULL,17464,Kelvin Zhou,NULL,23/10/2013
23632,NULL,2506,Kristen Zhou,NULL,08/09/2013
23593,NULL,17364,Krystal Zhou,NULL,03/01/2014
28383,NULL,12369,Lacey Zhou,NULL,08/11/2013
12683,NULL,2394,Laura Zhou,NULL,21/02/2014
22309,NULL,17454,Leah Zhou,NULL,13/01/2014
13809,NULL,2423,Lisa Zhou,NULL,18/09/2013
17912,NULL,13032,Louis Zhou,NULL,24/02/2014
29251,NULL,5748,Mandy Zhou,NULL,03/09/2013
12734,NULL,17711,Margaret Zhou,NULL,22/02/2014
14804,NULL,4906,Martha Zhou,NULL,28/12/2013
11306,NULL,6569,Micah Zhou,NULL,07/02/2014
24695,NULL,12688,Omar Zhou,NULL,10/08/2013
24494,NULL,12803,Rafael Zhou,NULL,03/07/2013
20057,NULL,6413,Ramon Zhou,NULL,10/02/2014
21825,NULL,18155,Randy Zhou,NULL,31/05/2014
23950,NULL,13238,Roger Zhou,NULL,20/02/2014
25573,NULL,4960,Rosa Zhou,NULL,05/04/2014
28917,NULL,17656,Sandra Zhou,NULL,03/06/2014
14716,NULL,2531,Shannon Zhou,NULL,11/05/2014
21374,NULL,17601,Stacey Zhou,NULL,11/08/2013
20263,NULL,6517,Steve Zhou,NULL,28/04/2014
15678,NULL,17754,Susan Zhou,NULL,09/03/2014
12130,NULL,5012,Suzanne Zhou,NULL,16/04/2014
24862,NULL,13030,Tamara Zhou,NULL,09/11/2013
22531,NULL,2664,Tiffany Zhou,NULL,04/03/2014
12686,NULL,4734,Trisha Zhou,NULL,03/03/2014
17828,NULL,17497,Valerie Zhou,NULL,03/02/2014
23276,NULL,17949,Vincent Zhou,NULL,11/12/2013
19791,NULL,11949,Warren Zhou,NULL,02/10/2013
24156,NULL,18101,Wesley Zhou,NULL,26/02/2014
17320,NULL,17321,Alan Zhu,NULL,27/04/2014
28912,NULL,12498,Alejandro Zhu,NULL,04/03/2014
18239,NULL,11964,Alisha Zhu,NULL,30/05/2013
28344,NULL,4605,Alvin Zhu,NULL,05/09/2013
26664,NULL,20719,Amy Zhu,NULL,27/08/2013
24575,NULL,10022,Arturo Zhu,NULL,11/05/2014
14840,NULL,5935,Autumn Zhu,NULL,12/02/2014
21005,NULL,11566,Barbara Zhu,NULL,13/01/2014
19519,NULL,4796,Bianca Zhu,NULL,02/11/2013
16508,NULL,18011,Brent Zhu,NULL,23/01/2014
20111,NULL,17560,Brittney Zhu,NULL,03/11/2013
21219,NULL,17813,Candice Zhu,NULL,22/02/2014
20723,NULL,3456,Cedric Zhu,NULL,20/12/2013
11003,NULL,11358,Christy Zhu,NULL,10/10/2013
18462,NULL,6788,Clarence Zhu,NULL,14/05/2014
13501,NULL,12605,Clayton Zhu,NULL,17/10/2013
19973,NULL,13454,Colin Zhu,NULL,06/02/2014
17252,NULL,12279,Colleen Zhu,NULL,28/02/2014
17089,NULL,20769,Crystal Zhu,NULL,08/11/2013
15822,NULL,8617,Damien Zhu,NULL,13/03/2014
26661,NULL,12180,Dawn Zhu,NULL,21/03/2014
12966,NULL,17912,Dennis Zhu,NULL,05/12/2013
27148,NULL,13160,Edwin Zhu,NULL,30/11/2013
25221,NULL,2487,Erica Zhu,NULL,01/01/2014
20159,NULL,6478,Ernest Zhu,NULL,10/07/2013
13060,NULL,5476,Eugene Zhu,NULL,11/07/2013
15259,NULL,7863,Franklin Zhu,NULL,06/06/2014
11921,NULL,8945,Gilbert Zhu,NULL,25/04/2014
22567,NULL,5703,Glenn Zhu,NULL,09/11/2013
22426,NULL,2642,Heather Zhu,NULL,26/11/2013
14985,NULL,12935,Jaclyn Zhu,NULL,14/08/2013
24603,NULL,5419,Jake Zhu,NULL,18/03/2014
13140,NULL,2455,Jamie Zhu,NULL,22/06/2014
28489,NULL,18059,Jeffery Zhu,NULL,30/12/2013
17078,NULL,11459,Jenny Zhu,NULL,19/08/2013
12666,NULL,5530,Jessie Zhu,NULL,31/05/2014
26384,NULL,13556,Jon Zhu,NULL,15/02/2014
26141,NULL,18314,Jorge Zhu,NULL,10/07/2013
18012,NULL,17413,Karen Zhu,NULL,04/04/2014
28418,NULL,12075,Kelli Zhu,NULL,22/02/2014
28666,NULL,18589,Kelvin Zhu,NULL,19/05/2014
21514,NULL,17374,Krystal Zhu,NULL,31/10/2013
24167,NULL,12384,Lacey Zhu,NULL,04/02/2014
29439,NULL,2400,Laura Zhu,NULL,05/12/2013
22474,NULL,17462,Leah Zhu,NULL,09/05/2014
15059,NULL,2429,Lisa Zhu,NULL,22/05/2014
14858,NULL,13045,Louis Zhu,NULL,04/04/2014
19552,NULL,17722,Margaret Zhu,NULL,12/08/2013
28685,NULL,11041,Marshall Zhu,NULL,02/08/2012
11576,NULL,5358,Micah Zhu,NULL,23/08/2013
25033,NULL,12704,Omar Zhu,NULL,05/01/2014
16228,NULL,12817,Rafael Zhu,NULL,13/05/2014
27104,NULL,18167,Randy Zhu,NULL,11/03/2014
28098,NULL,13254,Roger Zhu,NULL,13/04/2014
25316,NULL,5586,Ronnie Zhu,NULL,06/01/2014
15732,NULL,17668,Sandra Zhu,NULL,17/04/2014
21866,NULL,2539,Shannon Zhu,NULL,25/03/2014
22636,NULL,17613,Stacey Zhu,NULL,25/05/2014
14971,NULL,17769,Susan Zhu,NULL,03/11/2013
25112,NULL,5027,Suzanne Zhu,NULL,22/01/2014
12607,NULL,11866,Tamara Zhu,NULL,11/02/2014
26437,NULL,2672,Tiffany Zhu,NULL,30/04/2014
28131,NULL,18219,Todd Zhu,NULL,11/05/2014
13599,NULL,17511,Valerie Zhu,NULL,02/03/2014
24899,NULL,17960,Vincent Zhu,NULL,23/07/2013
19624,NULL,18111,Wesley Zhu,NULL,18/06/2014
12487,NULL,13357,Willie Zhu,NULL,15/01/2014
27214,NULL,4766,Bianca Zimmerman,NULL,01/10/2013
26754,NULL,16768,Candice Zimmerman,NULL,22/04/2014
27825,NULL,11325,Christy Zimmerman,NULL,25/09/2013
14702,NULL,18237,Curtis Zimmerman,NULL,08/03/2014
22192,NULL,6071,Henry Zimmerman,NULL,24/11/2013
28630,NULL,5213,Jack Zimmerman,NULL,02/01/2012
18197,NULL,11493,Jenny Zimmerman,NULL,20/02/2014
17228,NULL,17366,Krystal Zimmerman,NULL,07/04/2014
23325,NULL,20685,Tiffany Zimmerman,NULL,23/12/2013
22058,NULL,12079,Jake Zukowski,NULL,03/05/2014
